timestamp,raw_lat,raw_lon,filt_lat,filt_lon,raw_unc_m,filt_unc_m,altitude_m,alt_unc_m,hdop,speed_kmh,sats_used,sats_in_view,fix_quality,fix_meaning,direction
1770569478.9097552,57.83446783,12.30745617,57.83446792,12.30746258,2.314,3.751,74.10,4.24,1.130,0.77,8,8,1,GPS Fix (SPS),Stopped
1770569479.9158075,57.83446950,12.30745183,57.83446871,12.30745721,2.314,3.149,73.80,4.24,1.130,0.85,8,8,1,GPS Fix (SPS),Reverse
1770569480.9086173,57.83446933,12.30744533,57.83446902,12.30745127,2.314,2.648,74.00,4.24,1.130,1.49,8,8,1,GPS Fix (SPS),Reverse
1770569481.9181395,57.83447133,12.30743150,57.83447018,12.30744139,2.314,2.500,74.10,4.24,1.130,2.21,8,8,1,GPS Fix (SPS),Reverse
1770569482.914141,57.83446850,12.30742633,57.83446934,12.30743386,2.314,2.500,73.70,4.24,1.130,1.96,8,8,1,GPS Fix (SPS),Reverse
1770569483.906975,57.83447067,12.30741517,57.83447000,12.30742451,2.314,2.500,73.80,4.24,1.130,1.77,8,8,1,GPS Fix (SPS),Reverse
1770569484.906345,57.83447283,12.30741050,57.83447142,12.30741751,2.314,2.500,73.70,4.24,1.130,1.42,8,8,1,GPS Fix (SPS),Reverse
1770569485.9080992,57.83447000,12.30740933,57.83447071,12.30741342,2.314,2.500,73.60,4.24,1.130,1.69,8,8,1,GPS Fix (SPS),Reverse
1770569486.9157481,57.83447217,12.30740317,57.83447144,12.30740829,2.314,2.500,73.50,4.24,1.130,1.41,8,8,1,GPS Fix (SPS),Reverse
1770569487.9081333,57.83447517,12.30740517,57.83447330,12.30740673,2.314,2.500,73.50,4.24,1.130,0.55,8,8,1,GPS Fix (SPS),Stopped
1770569488.915964,57.83447733,12.30741083,57.83447532,12.30740878,2.314,2.500,73.60,4.24,1.130,0.50,8,8,1,GPS Fix (SPS),Stopped
1770569489.9143424,57.83447750,12.30742100,57.83447641,12.30741489,2.314,2.500,73.60,4.24,1.130,0.82,8,8,1,GPS Fix (SPS),Forward
1770569490.9094236,57.83447883,12.30742250,57.83447762,12.30741870,2.314,2.500,73.80,4.24,1.130,0.47,8,8,1,GPS Fix (SPS),Forward
1770569491.9062045,57.83448267,12.30741483,57.83448014,12.30741676,2.381,2.500,73.60,4.50,1.200,0.46,7,7,1,GPS Fix (SPS),Stopped
1770569492.9082286,57.83448617,12.30742700,57.83448316,12.30742188,2.381,2.500,73.10,4.50,1.200,0.95,7,7,1,GPS Fix (SPS),Forward
1770569493.9090493,57.83448833,12.30742683,57.83448574,12.30742436,2.381,2.500,73.10,4.50,1.200,0.72,7,7,1,GPS Fix (SPS),Stopped
1770569494.9098423,57.83449050,12.30742417,57.83448812,12.30742426,2.381,2.500,72.60,4.50,1.200,0.47,7,7,1,GPS Fix (SPS),Stopped
1770569495.908629,57.83449267,12.30742600,57.83449039,12.30742513,2.381,2.500,72.10,4.50,1.200,0.76,7,7,1,GPS Fix (SPS),Stopped
1770569496.9087613,57.83449400,12.30742400,57.83449220,12.30742457,2.314,2.500,72.20,4.24,1.130,0.58,8,8,1,GPS Fix (SPS),Stopped
1770569497.915943,57.83449300,12.30742017,57.83449260,12.30742237,2.381,2.500,71.90,4.50,1.200,0.52,7,7,1,GPS Fix (SPS),Stopped
1770569498.9080267,57.83449533,12.30742150,57.83449397,12.30742193,2.314,2.500,72.10,4.24,1.130,0.68,8,8,1,GPS Fix (SPS),Stopped
1770569499.910198,57.83449633,12.30742383,57.83449515,12.30742288,2.314,2.500,72.00,4.24,1.130,0.79,8,8,1,GPS Fix (SPS),Stopped
1770569500.9065588,57.83449800,12.30742067,57.83449657,12.30742177,2.314,2.500,72.20,4.24,1.130,1.29,8,8,1,GPS Fix (SPS),Stopped
1770569501.906831,57.83449833,12.30741750,57.83449745,12.30741964,2.314,2.500,72.50,4.24,1.130,1.36,8,8,1,GPS Fix (SPS),Stopped
1770569502.9159915,57.83449933,12.30740900,57.83449839,12.30741432,2.314,2.500,72.80,4.24,1.130,0.78,8,8,1,GPS Fix (SPS),Reverse
1770569503.9072926,57.83449767,12.30740133,57.83449803,12.30740783,2.486,2.500,72.80,4.91,1.310,0.26,7,7,1,GPS Fix (SPS),Reverse
1770569504.9074085,57.83449500,12.30738667,57.83449652,12.30739725,2.486,2.500,73.10,4.91,1.310,0.49,7,7,1,GPS Fix (SPS),Reverse
1770569505.9125087,57.83449483,12.30738567,57.83449567,12.30739146,2.486,2.500,73.50,4.91,1.310,0.11,7,7,1,GPS Fix (SPS),Reverse
1770569506.9033928,57.83449450,12.30739100,57.83449509,12.30739123,2.486,2.500,73.60,4.91,1.310,0.92,7,7,1,GPS Fix (SPS),Stopped
1770569507.9085388,57.83449183,12.30737967,57.83449346,12.30738545,2.333,2.500,74.00,4.31,1.150,0.03,7,7,1,GPS Fix (SPS),Reverse
1770569508.9078064,57.83448933,12.30736867,57.83449140,12.30737706,2.333,2.500,74.40,4.31,1.150,0.84,7,7,1,GPS Fix (SPS),Reverse
1770569509.9156795,57.83449033,12.30737000,57.83449087,12.30737353,2.438,2.500,74.60,4.73,1.260,0.30,6,6,1,GPS Fix (SPS),Reverse
1770569510.9057062,57.83449433,12.30737233,57.83449260,12.30737293,2.438,2.500,74.80,4.73,1.260,1.26,6,6,1,GPS Fix (SPS),Stopped
1770569511.905908,57.83449450,12.30736817,57.83449355,12.30737055,2.438,2.500,74.70,4.73,1.260,0.98,6,6,1,GPS Fix (SPS),Stopped
1770569512.9025242,57.83449583,12.30736250,57.83449469,12.30736652,2.381,2.500,74.90,4.50,1.200,0.92,7,7,1,GPS Fix (SPS),Reverse
1770569513.9079015,57.83449433,12.30736417,57.83449451,12.30736535,2.381,2.500,74.90,4.50,1.200,0.42,7,7,1,GPS Fix (SPS),Stopped
1770569514.9135296,57.83449000,12.30734700,57.83449226,12.30735617,2.819,2.500,74.90,6.22,1.660,0.30,6,6,1,GPS Fix (SPS),Reverse
1770569515.9194026,57.83448333,12.30733483,57.83448779,12.30734550,2.381,2.500,75.20,4.50,1.200,1.13,7,7,1,GPS Fix (SPS),Reverse
1770569516.9059007,57.83447933,12.30732067,57.83448356,12.30733308,2.314,2.500,75.70,4.24,1.130,1.88,8,8,1,GPS Fix (SPS),Reverse
1770569517.9129398,57.83447667,12.30730317,57.83448012,12.30731813,2.314,2.500,76.10,4.24,1.130,2.24,8,8,1,GPS Fix (SPS),Reverse
1770569518.9167054,57.83447717,12.30730033,57.83447864,12.30730923,2.314,2.500,76.30,4.24,1.130,1.26,8,8,1,GPS Fix (SPS),Reverse
1770569519.9108682,57.83447200,12.30729550,57.83447532,12.30730236,2.314,2.500,76.50,4.24,1.130,1.27,8,8,1,GPS Fix (SPS),Reverse
1770569520.9172506,57.83447600,12.30729067,57.83447566,12.30729652,2.314,2.500,76.70,4.24,1.130,1.14,8,8,1,GPS Fix (SPS),Reverse
1770569521.9030285,57.83447717,12.30729500,57.83447641,12.30729576,2.314,2.500,76.70,4.24,1.130,0.76,8,8,1,GPS Fix (SPS),Stopped
1770569522.911598,57.83448117,12.30729283,57.83447879,12.30729430,2.543,2.500,76.60,5.14,1.370,0.92,6,6,1,GPS Fix (SPS),Stopped
1770569523.9132643,57.83448050,12.30729200,57.83447965,12.30729315,2.333,2.500,76.30,4.31,1.150,0.50,7,7,1,GPS Fix (SPS),Stopped
1770569524.912555,57.83447867,12.30728917,57.83447916,12.30729116,2.333,2.500,76.00,4.31,1.150,0.52,7,7,1,GPS Fix (SPS),Stopped
1770569525.9158585,57.83447433,12.30728300,57.83447674,12.30728708,2.333,2.500,76.10,4.31,1.150,1.35,7,7,1,GPS Fix (SPS),Reverse
1770569526.9134607,57.83447317,12.30728067,57.83447496,12.30728387,2.333,2.500,75.90,4.31,1.150,1.15,7,7,1,GPS Fix (SPS),Stopped
1770569527.9060988,57.83447217,12.30727767,57.83447356,12.30728077,2.333,2.500,75.60,4.31,1.150,0.58,7,7,1,GPS Fix (SPS),Stopped
1770569528.9042034,57.83446950,12.30727567,57.83447153,12.30727822,2.333,2.500,75.50,4.31,1.150,0.82,7,7,1,GPS Fix (SPS),Stopped
1770569529.9039373,57.83446867,12.30727433,57.83447010,12.30727628,2.333,2.500,75.60,4.31,1.150,0.74,7,7,1,GPS Fix (SPS),Stopped
1770569530.9160624,57.83446700,12.30726983,57.83446855,12.30727305,2.486,2.500,75.70,4.91,1.310,0.80,7,7,1,GPS Fix (SPS),Stopped
1770569531.9043956,57.83446650,12.30726983,57.83446752,12.30727144,2.486,2.500,75.90,4.91,1.310,0.20,7,7,1,GPS Fix (SPS),Stopped
1770569532.9147801,57.83446550,12.30726600,57.83446651,12.30726872,2.486,2.500,76.10,4.91,1.310,0.10,7,7,1,GPS Fix (SPS),Stopped
1770569533.9037266,57.83446600,12.30726233,57.83446626,12.30726553,2.486,2.500,76.50,4.91,1.310,0.22,7,7,1,GPS Fix (SPS),Stopped
1770569534.92176,57.83446383,12.30725267,57.83446504,12.30725910,2.486,2.500,76.50,4.91,1.310,1.10,7,7,1,GPS Fix (SPS),Reverse
1770569535.9083688,57.83446317,12.30725083,57.83446411,12.30725497,2.648,2.500,76.80,5.55,1.480,0.75,6,6,1,GPS Fix (SPS),Reverse
1770569536.9053476,57.83446333,12.30725167,57.83446372,12.30725332,2.648,2.500,76.90,5.55,1.480,0.07,6,6,1,GPS Fix (SPS),Stopped
1770569537.9055407,57.83446283,12.30725067,57.83446328,12.30725199,2.648,2.500,76.90,5.55,1.480,0.18,6,6,1,GPS Fix (SPS),Stopped
1770569538.9098647,57.83446250,12.30725033,57.83446289,12.30725116,2.486,2.500,77.00,4.91,1.310,0.47,7,7,1,GPS Fix (SPS),Stopped
1770569539.9005275,57.83445933,12.30724267,57.83446111,12.30724691,2.486,2.500,76.90,4.91,1.310,0.66,7,7,1,GPS Fix (SPS),Reverse
1770569540.9028213,57.83445967,12.30724583,57.83446039,12.30724637,2.314,2.500,77.10,4.24,1.130,0.26,8,8,1,GPS Fix (SPS),Stopped
1770569541.8991244,57.83445850,12.30724083,57.83445944,12.30724360,2.314,2.500,77.10,4.24,1.130,0.24,8,8,1,GPS Fix (SPS),Stopped
1770569542.9018173,57.83445933,12.30724117,57.83445939,12.30724239,2.314,2.500,77.10,4.24,1.130,0.36,8,8,1,GPS Fix (SPS),Stopped
1770569543.9171765,57.83445900,12.30724250,57.83445919,12.30724244,2.314,2.500,77.10,4.24,1.130,0.29,8,8,1,GPS Fix (SPS),Stopped
1770569544.9070454,57.83445967,12.30724817,57.83445943,12.30724530,2.314,2.500,77.30,4.24,1.130,0.68,8,8,1,GPS Fix (SPS),Stopped
1770569545.9002995,57.83446017,12.30724850,57.83445980,12.30724690,2.486,2.500,77.20,4.91,1.310,0.76,7,7,1,GPS Fix (SPS),Stopped
1770569546.908237,57.83445867,12.30724317,57.83445923,12.30724503,2.486,2.500,77.00,4.91,1.310,0.18,7,7,1,GPS Fix (SPS),Stopped
1770569547.9187346,57.83445650,12.30724250,57.83445787,12.30724377,2.486,2.500,77.10,4.91,1.310,0.63,7,7,1,GPS Fix (SPS),Stopped
1770569548.9113808,57.83445617,12.30724217,57.83445702,12.30724297,2.486,2.500,77.00,4.91,1.310,0.59,7,7,1,GPS Fix (SPS),Stopped
1770569549.9003394,57.83445733,12.30725133,57.83445717,12.30724715,2.486,2.500,77.30,4.91,1.310,0.80,7,7,1,GPS Fix (SPS),Forward
1770569550.9171414,57.83446400,12.30726133,57.83446059,12.30725424,2.486,2.500,77.30,4.91,1.310,1.09,7,7,1,GPS Fix (SPS),Forward
1770569551.912615,57.83447150,12.30727467,57.83446604,12.30726445,2.314,2.500,76.40,4.24,1.130,1.35,8,8,1,GPS Fix (SPS),Forward
1770569552.9040031,57.83447167,12.30727883,57.83446886,12.30727164,2.314,2.500,75.50,4.24,1.130,1.05,8,8,1,GPS Fix (SPS),Forward
1770569553.908875,57.83447433,12.30728367,57.83447159,12.30727766,2.486,2.500,75.50,4.91,1.310,1.24,8,8,1,GPS Fix (SPS),Forward
1770569554.9016364,57.83448450,12.30730683,57.83447805,12.30729224,2.486,2.500,75.40,4.91,1.310,2.21,8,8,1,GPS Fix (SPS),Forward
1770569555.9130538,57.83448183,12.30730267,57.83447994,12.30729746,2.314,2.500,74.10,4.24,1.130,1.01,8,8,1,GPS Fix (SPS),Forward
1770569556.9095223,57.83449267,12.30732100,57.83448630,12.30730923,2.486,2.500,74.30,4.91,1.310,1.26,8,8,1,GPS Fix (SPS),Forward
1770569557.9151213,57.83450100,12.30733617,57.83449365,12.30732270,2.314,2.500,72.80,4.24,1.130,1.43,8,8,1,GPS Fix (SPS),Forward
1770569558.91193,57.83450117,12.30733483,57.83449741,12.30732877,2.314,2.500,71.30,4.24,1.130,1.46,8,8,1,GPS Fix (SPS),Forward
1770569559.9038925,57.83451017,12.30734783,57.83450379,12.30733830,2.486,2.500,71.20,4.91,1.310,1.98,7,7,1,GPS Fix (SPS),Forward
1770569560.9132757,57.83451750,12.30735300,57.83451064,12.30734565,2.314,2.500,69.80,4.24,1.130,1.44,8,8,1,GPS Fix (SPS),Forward
1770569561.908201,57.83452633,12.30736417,57.83451849,12.30735491,2.314,2.500,68.50,4.24,1.130,1.77,8,8,1,GPS Fix (SPS),Forward
1770569562.9009445,57.83453133,12.30737750,57.83452491,12.30736620,2.314,2.500,67.20,4.24,1.130,1.70,8,8,1,GPS Fix (SPS),Forward
1770569563.9009135,57.83453633,12.30738283,57.83453062,12.30737452,2.314,2.500,66.30,4.24,1.130,1.41,8,8,1,GPS Fix (SPS),Forward
1770569564.9059854,57.83453667,12.30739600,57.83453364,12.30738526,2.410,2.500,65.30,4.61,1.230,1.54,7,7,1,GPS Fix (SPS),Forward
1770569565.9056642,57.83453417,12.30740183,57.83453391,12.30739355,2.314,2.500,64.80,4.24,1.130,1.26,8,8,1,GPS Fix (SPS),Forward
1770569566.9126008,57.83452683,12.30740250,57.83453037,12.30739802,2.486,2.500,65.00,4.91,1.310,1.29,7,7,1,GPS Fix (SPS),Forward
1770569567.9040606,57.83452450,12.30740567,57.83452743,12.30740184,2.486,2.500,65.20,4.91,1.310,1.18,7,7,1,GPS Fix (SPS),Forward
1770569568.9091475,57.83452267,12.30740717,57.83452505,12.30740451,2.819,2.500,65.10,6.22,1.660,1.09,6,6,1,GPS Fix (SPS),Stopped
1770569569.913,57.83452167,12.30741067,57.83452336,12.30740759,2.952,2.500,64.80,6.75,1.800,0.83,5,5,1,GPS Fix (SPS),Stopped
1770569570.8983095,57.83452550,12.30741033,57.83452443,12.30740896,2.952,2.500,64.80,6.75,1.800,0.22,5,5,1,GPS Fix (SPS),Stopped
1770569571.9041293,57.83452017,12.30741450,57.83452230,12.30741173,2.952,2.500,64.70,6.75,1.800,1.09,5,5,1,GPS Fix (SPS),Stopped
1770569572.9089153,57.83452183,12.30741733,57.83452207,12.30741453,2.952,2.500,64.60,6.75,1.800,1.17,5,5,1,GPS Fix (SPS),Stopped
1770569573.9060712,57.83451983,12.30741883,57.83452095,12.30741668,2.952,2.500,64.70,6.75,1.800,1.06,5,5,1,GPS Fix (SPS),Stopped
1770569574.910933,57.83451533,12.30742383,57.83451814,12.30742026,2.952,2.500,64.70,6.75,1.800,1.01,5,5,1,GPS Fix (SPS),Forward
1770569575.9047108,57.83451517,12.30741567,57.83451665,12.30741796,2.952,2.500,64.90,6.75,1.800,0.56,5,5,1,GPS Fix (SPS),Stopped
1770569576.9087315,57.83451650,12.30740600,57.83451658,12.30741198,2.952,2.500,65.00,6.75,1.800,0.31,5,5,1,GPS Fix (SPS),Reverse
1770569577.9049356,57.83452083,12.30739750,57.83451871,12.30740474,2.952,2.500,64.90,6.75,1.800,0.65,5,5,1,GPS Fix (SPS),Reverse
1770569578.9014134,57.83452500,12.30738700,57.83452185,12.30739587,2.952,2.500,64.80,6.75,1.800,0.98,5,5,1,GPS Fix (SPS),Reverse
1770569579.9073892,57.83452850,12.30738000,57.83452518,12.30738794,2.952,2.500,64.70,6.75,1.800,1.19,5,5,1,GPS Fix (SPS),Reverse
1770569580.9126713,57.83453067,12.30738217,57.83452792,12.30738505,2.952,2.500,64.80,6.75,1.800,0.99,5,5,1,GPS Fix (SPS),Stopped
1770569581.9078507,57.83452533,12.30739250,57.83452663,12.30738878,2.952,2.500,65.00,6.75,1.800,0.38,5,5,1,GPS Fix (SPS),Forward
1770569582.9017026,57.83451917,12.30740633,57.83452290,12.30739755,2.819,2.500,65.10,6.22,1.660,0.75,6,6,1,GPS Fix (SPS),Forward
1770569583.9069417,57.83451950,12.30740367,57.83452120,12.30740061,2.819,2.500,65.30,6.22,1.660,0.25,6,6,1,GPS Fix (SPS),Stopped
1770569584.9035468,57.83451600,12.30740483,57.83451860,12.30740272,2.819,2.500,65.40,6.22,1.660,0.15,6,6,1,GPS Fix (SPS),Stopped
1770569585.9104846,57.83451867,12.30740283,57.83451863,12.30740278,2.819,2.500,65.50,6.22,1.660,0.47,6,6,1,GPS Fix (SPS),Stopped
1770569586.9057987,57.83451867,12.30740417,57.83451865,12.30740347,2.819,2.500,65.60,6.22,1.660,0.87,6,6,1,GPS Fix (SPS),Stopped
1770569587.9067152,57.83451167,12.30738800,57.83451516,12.30739574,2.819,2.500,65.80,6.22,1.660,0.91,6,6,1,GPS Fix (SPS),Reverse
1770569588.9061558,57.83450817,12.30736767,57.83451166,12.30738170,2.486,2.500,66.80,4.91,1.310,1.28,7,7,1,GPS Fix (SPS),Reverse
1770569589.9113805,57.83450233,12.30736450,57.83450700,12.30737310,2.486,2.500,67.60,4.91,1.310,0.77,7,7,1,GPS Fix (SPS),Reverse
1770569590.9050205,57.83449833,12.30736133,57.83450267,12.30736722,2.486,2.500,68.20,4.91,1.310,0.45,7,7,1,GPS Fix (SPS),Reverse
1770569591.9010003,57.83450000,12.30735200,57.83450133,12.30735961,2.486,2.500,68.30,4.91,1.310,1.04,7,7,1,GPS Fix (SPS),Reverse
1770569592.8863816,57.83450100,12.30733617,57.83450117,12.30734789,2.819,2.500,68.50,6.22,1.660,2.02,6,6,1,GPS Fix (SPS),Reverse
1770569593.904028,57.83450067,12.30732783,57.83450092,12.30733786,2.819,2.500,68.60,6.22,1.660,2.06,6,6,1,GPS Fix (SPS),Reverse
1770569594.9043908,57.83449667,12.30732033,57.83449879,12.30732910,2.819,2.500,68.80,6.22,1.660,1.90,6,6,1,GPS Fix (SPS),Reverse
1770569595.9057508,57.83449667,12.30732233,57.83449773,12.30732572,2.819,2.500,68.80,6.22,1.660,1.14,6,6,1,GPS Fix (SPS),Reverse
1770569596.9011507,57.83450133,12.30733000,57.83449953,12.30732786,2.819,2.500,69.00,6.22,1.660,0.40,6,6,1,GPS Fix (SPS),Stopped
1770569597.89969,57.83450200,12.30733017,57.83450077,12.30732901,2.486,2.500,69.10,4.91,1.310,0.24,7,7,1,GPS Fix (SPS),Stopped
1770569598.9075255,57.83449883,12.30732050,57.83449980,12.30732476,2.486,2.500,69.20,4.91,1.310,0.72,7,7,1,GPS Fix (SPS),Reverse
1770569599.9080644,57.83449600,12.30731900,57.83449790,12.30732188,2.486,2.500,69.70,4.91,1.310,0.54,7,7,1,GPS Fix (SPS),Stopped
1770569600.9098291,57.83449650,12.30733133,57.83449720,12.30732661,2.486,2.500,69.90,4.91,1.310,0.74,7,7,1,GPS Fix (SPS),Forward
1770569601.9084935,57.83449117,12.30732817,57.83449418,12.30732739,2.486,2.500,69.90,4.91,1.310,1.01,7,7,1,GPS Fix (SPS),Stopped
1770569602.9043343,57.83448850,12.30732917,57.83449134,12.30732828,2.486,2.500,70.10,4.91,1.310,1.17,7,7,1,GPS Fix (SPS),Stopped
1770569603.9038386,57.83448717,12.30732550,57.83448925,12.30732689,2.486,2.500,70.20,4.91,1.310,0.96,7,7,1,GPS Fix (SPS),Stopped
1770569604.9113636,57.83448817,12.30733017,57.83448871,12.30732853,2.486,2.500,70.70,4.91,1.310,0.42,7,7,1,GPS Fix (SPS),Stopped
1770569605.8995178,57.83449050,12.30733467,57.83448961,12.30733160,2.486,2.500,70.90,4.91,1.310,0.46,7,7,1,GPS Fix (SPS),Stopped
1770569606.9025142,57.83449300,12.30733517,57.83449130,12.30733338,2.486,2.500,70.80,4.91,1.310,0.11,7,7,1,GPS Fix (SPS),Stopped
1770569607.9064505,57.83449500,12.30733617,57.83449315,12.30733477,2.486,2.500,71.00,4.91,1.310,0.08,7,7,1,GPS Fix (SPS),Stopped
1770569608.908126,57.83449317,12.30733467,57.83449316,12.30733472,2.486,2.500,71.10,4.91,1.310,0.21,7,7,1,GPS Fix (SPS),Stopped
1770569609.9025886,57.83449683,12.30734033,57.83449500,12.30733753,2.486,2.500,71.00,4.91,1.310,0.10,7,7,1,GPS Fix (SPS),Stopped
1770569610.9071019,57.83449267,12.30732717,57.83449383,12.30733235,2.486,2.500,71.00,4.91,1.310,1.09,7,7,1,GPS Fix (SPS),Reverse
1770569611.9134567,57.83449483,12.30732250,57.83449433,12.30732742,2.543,2.500,71.10,5.14,1.370,1.11,6,6,1,GPS Fix (SPS),Reverse
1770569612.9127226,57.83449667,12.30731267,57.83449550,12.30732005,2.543,2.500,71.20,5.14,1.370,1.25,6,6,1,GPS Fix (SPS),Reverse
1770569613.9058151,57.83449767,12.30731133,57.83449658,12.30731569,2.543,2.500,71.50,5.14,1.370,0.69,6,6,1,GPS Fix (SPS),Reverse
1770569614.9048955,57.83450033,12.30731567,57.83449846,12.30731568,2.543,2.500,71.90,5.14,1.370,0.12,6,6,1,GPS Fix (SPS),Stopped
1770569615.9066386,57.83450717,12.30731467,57.83450281,12.30731517,2.543,2.500,71.80,5.14,1.370,0.55,6,6,1,GPS Fix (SPS),Stopped
1770569616.901017,57.83450750,12.30731567,57.83450516,12.30731542,2.543,2.500,72.00,5.14,1.370,0.33,6,6,1,GPS Fix (SPS),Stopped
1770569617.9037654,57.83450383,12.30730983,57.83450449,12.30731263,2.543,2.500,72.00,5.14,1.370,0.13,6,6,1,GPS Fix (SPS),Stopped
1770569618.900748,57.83450350,12.30730283,57.83450400,12.30730773,2.543,2.500,71.90,5.14,1.370,0.19,6,6,1,GPS Fix (SPS),Reverse
1770569619.899133,57.83450700,12.30730233,57.83450550,12.30730503,2.543,2.500,71.80,5.14,1.370,0.30,6,6,1,GPS Fix (SPS),Stopped
1770569620.8994806,57.83451433,12.30730783,57.83450992,12.30730643,2.543,2.500,71.90,5.14,1.370,0.25,6,6,1,GPS Fix (SPS),Stopped
1770569621.9012468,57.83451883,12.30731267,57.83451437,12.30730955,2.543,2.500,71.70,5.14,1.370,0.43,6,6,1,GPS Fix (SPS),Stopped
1770569622.902564,57.83452117,12.30731300,57.83451777,12.30731127,2.543,2.500,71.60,5.14,1.370,0.55,6,6,1,GPS Fix (SPS),Stopped
1770569623.9081929,57.83452300,12.30732150,57.83452039,12.30731639,2.543,2.500,71.40,5.14,1.370,0.99,6,6,1,GPS Fix (SPS),Forward
1770569624.9030936,57.83452183,12.30732383,57.83452111,12.30732011,2.543,2.500,71.30,5.14,1.370,0.41,6,6,1,GPS Fix (SPS),Forward
1770569625.9086175,57.83452367,12.30732550,57.83452239,12.30732281,2.543,2.500,71.20,5.14,1.370,0.40,6,6,1,GPS Fix (SPS),Stopped
1770569626.9073834,57.83452200,12.30732817,57.83452219,12.30732549,2.543,2.500,71.00,5.14,1.370,0.77,6,6,1,GPS Fix (SPS),Stopped
1770569627.900474,57.83452733,12.30733850,57.83452476,12.30733199,2.543,2.500,70.80,5.14,1.370,1.59,6,6,1,GPS Fix (SPS),Forward
1770569628.9012544,57.83453083,12.30734517,57.83452780,12.30733858,2.543,2.500,70.30,5.14,1.370,1.18,6,6,1,GPS Fix (SPS),Forward
1770569629.9109926,57.83453233,12.30734800,57.83453007,12.30734329,2.543,2.500,70.00,5.14,1.370,0.97,6,6,1,GPS Fix (SPS),Forward
1770569630.9024549,57.83453550,12.30735350,57.83453278,12.30734839,2.543,2.500,70.10,5.14,1.370,1.16,6,6,1,GPS Fix (SPS),Forward
1770569631.9043121,57.83453183,12.30735050,57.83453231,12.30734945,2.543,2.500,69.80,5.14,1.370,0.51,6,6,1,GPS Fix (SPS),Stopped
1770569632.9012282,57.83451683,12.30733583,57.83452457,12.30734264,2.543,2.500,70.10,5.14,1.370,0.18,6,6,1,GPS Fix (SPS),Reverse
1770569633.9054677,57.83450817,12.30733400,57.83451637,12.30733832,2.333,2.500,71.10,4.31,1.150,0.04,7,7,1,GPS Fix (SPS),Reverse
1770569634.906092,57.83450300,12.30733217,57.83450968,12.30733524,2.333,2.500,71.90,4.31,1.150,0.02,7,7,1,GPS Fix (SPS),Stopped
1770569635.9049518,57.83449833,12.30733150,57.83450401,12.30733337,2.333,2.500,72.10,4.31,1.150,0.83,7,7,1,GPS Fix (SPS),Stopped
1770569636.90976,57.83449517,12.30733283,57.83449959,12.30733310,2.333,2.500,72.60,4.31,1.150,1.28,7,7,1,GPS Fix (SPS),Stopped
1770569637.9034984,57.83449033,12.30732583,57.83449496,12.30732947,2.333,2.500,72.70,4.31,1.150,0.32,7,7,1,GPS Fix (SPS),Reverse
1770569638.9105372,57.83448833,12.30732250,57.83449165,12.30732598,2.333,2.500,73.20,4.31,1.150,0.26,7,7,1,GPS Fix (SPS),Reverse
1770569639.9043174,57.83448333,12.30731767,57.83448749,12.30732183,2.333,2.500,73.20,4.31,1.150,0.35,7,7,1,GPS Fix (SPS),Reverse
1770569640.9017932,57.83447900,12.30731517,57.83448325,12.30731850,2.333,2.500,73.90,4.31,1.150,0.36,7,7,1,GPS Fix (SPS),Stopped
1770569641.9068458,57.83447500,12.30731033,57.83447912,12.30731441,2.333,2.500,74.30,4.31,1.150,0.27,7,7,1,GPS Fix (SPS),Reverse
1770569642.9119754,57.83446900,12.30729550,57.83447406,12.30730496,2.333,2.500,74.60,4.31,1.150,1.31,7,7,1,GPS Fix (SPS),Reverse
1770569643.907079,57.83446133,12.30728733,57.83446770,12.30729615,2.333,2.500,74.90,4.31,1.150,1.58,7,7,1,GPS Fix (SPS),Reverse
1770569644.9141347,57.83445867,12.30728433,57.83446318,12.30729024,2.333,2.500,75.40,4.31,1.150,0.79,8,8,1,GPS Fix (SPS),Reverse
1770569645.9070187,57.83445567,12.30727900,57.83445942,12.30728462,2.333,2.500,75.90,4.31,1.150,0.61,7,7,1,GPS Fix (SPS),Reverse
1770569646.9083982,57.83444900,12.30726900,57.83445421,12.30727681,2.333,2.500,76.30,4.31,1.150,1.16,7,7,1,GPS Fix (SPS),Reverse
1770569647.9017758,57.83443983,12.30727300,57.83444702,12.30727490,2.333,2.500,76.80,4.31,1.150,1.43,7,7,1,GPS Fix (SPS),Stopped
1770569648.9013045,57.83443267,12.30727300,57.83443984,12.30727395,2.333,2.500,77.30,4.31,1.150,1.64,7,7,1,GPS Fix (SPS),Stopped
1770569649.9021642,57.83443917,12.30727617,57.83443951,12.30727506,2.448,2.500,77.90,4.76,1.270,0.36,6,6,1,GPS Fix (SPS),Stopped
1770569650.8980792,57.83443833,12.30726933,57.83443892,12.30727220,2.552,2.500,77.80,5.17,1.380,0.24,6,6,1,GPS Fix (SPS),Stopped
1770569651.9042563,57.83443800,12.30726483,57.83443846,12.30726851,2.552,2.500,77.90,5.17,1.380,0.54,6,6,1,GPS Fix (SPS),Reverse
1770569652.8935342,57.83443883,12.30725683,57.83443865,12.30726267,6.000,2.500,78.00,18.75,5.720,0.81,5,5,1,GPS Fix (SPS),Reverse
1770569653.9068632,57.83443417,12.30725583,57.83443641,12.30725925,6.000,2.500,78.00,18.75,5.720,0.86,5,5,1,GPS Fix (SPS),Reverse
1770569654.9005005,57.83443400,12.30726333,57.83443520,12.30726129,6.000,2.500,78.10,18.75,5.720,0.66,5,5,1,GPS Fix (SPS),Stopped
1770569655.905733,57.83443033,12.30727150,57.83443277,12.30726640,6.000,2.500,78.30,18.75,5.720,1.14,5,5,1,GPS Fix (SPS),Forward
1770569656.9002275,57.83442733,12.30727850,57.83443005,12.30727245,6.000,2.500,78.40,18.75,5.730,1.46,5,5,1,GPS Fix (SPS),Forward
1770569657.9065738,57.83442200,12.30727783,57.83442603,12.30727514,6.000,2.500,78.50,18.75,5.730,1.77,5,5,1,GPS Fix (SPS),Stopped
1770569658.9012868,57.83441550,12.30726900,57.83442076,12.30727207,6.000,2.500,78.60,18.75,5.730,1.64,5,5,1,GPS Fix (SPS),Stopped
1770569659.9072318,57.83441533,12.30728150,57.83441805,12.30727679,6.000,2.500,78.70,18.75,5.730,1.39,5,5,1,GPS Fix (SPS),Forward
1770569660.9076004,57.83441917,12.30730050,57.83441861,12.30728864,2.552,2.500,78.40,5.17,1.380,1.29,6,6,1,GPS Fix (SPS),Forward
1770569661.8971794,57.83442067,12.30731567,57.83441964,12.30730215,2.552,2.500,78.20,5.17,1.380,1.56,6,6,1,GPS Fix (SPS),Forward
1770569662.90396,57.83442767,12.30733367,57.83442365,12.30731791,2.552,2.500,78.10,5.17,1.380,1.61,6,6,1,GPS Fix (SPS),Forward
1770569663.9048133,57.83443167,12.30734517,57.83442766,12.30733154,2.552,2.500,78.00,5.17,1.380,1.57,6,6,1,GPS Fix (SPS),Forward
1770569664.910653,57.83443500,12.30735250,57.83443133,12.30734202,2.552,2.500,77.80,5.17,1.380,1.12,6,6,1,GPS Fix (SPS),Forward
1770569665.905097,57.83443950,12.30736150,57.83443541,12.30735176,2.486,2.500,77.60,4.91,1.310,0.78,7,7,1,GPS Fix (SPS),Forward
1770569666.9135501,57.83444117,12.30736283,57.83443829,12.30735730,2.486,2.500,77.50,4.91,1.310,0.41,7,7,1,GPS Fix (SPS),Forward
1770569667.9065,57.83443983,12.30735700,57.83443906,12.30735715,2.486,2.500,77.40,4.91,1.310,0.69,7,7,1,GPS Fix (SPS),Stopped
1770569668.9037063,57.83443917,12.30735900,57.83443911,12.30735807,2.486,2.500,77.30,4.91,1.310,0.77,7,7,1,GPS Fix (SPS),Stopped
1770569669.9002538,57.83443733,12.30735617,57.83443822,12.30735712,2.305,2.500,77.20,4.20,1.120,0.50,8,8,1,GPS Fix (SPS),Stopped
1770569670.9098456,57.83443750,12.30735717,57.83443786,12.30735714,2.305,2.500,77.40,4.20,1.120,0.50,8,8,1,GPS Fix (SPS),Stopped
1770569671.913653,57.83444117,12.30736667,57.83443951,12.30736191,2.305,2.500,77.30,4.20,1.120,1.31,8,8,1,GPS Fix (SPS),Forward
1770569672.9068315,57.83444550,12.30737083,57.83444251,12.30736637,2.305,2.500,77.10,4.20,1.120,1.61,8,8,1,GPS Fix (SPS),Forward
1770569673.9129255,57.83444367,12.30737483,57.83444309,12.30737060,2.486,2.500,77.00,4.91,1.310,1.36,7,7,1,GPS Fix (SPS),Forward
1770569674.906949,57.83444283,12.30737617,57.83444296,12.30737338,2.305,2.500,77.20,4.20,1.120,1.03,8,8,1,GPS Fix (SPS),Stopped
1770569675.9159472,57.83444450,12.30738400,57.83444373,12.30737869,2.305,2.500,77.30,4.20,1.120,1.68,8,8,1,GPS Fix (SPS),Forward
1770569676.901078,57.83444567,12.30738517,57.83444470,12.30738193,2.305,2.500,76.90,4.20,1.120,1.45,8,8,1,GPS Fix (SPS),Stopped
1770569677.917308,57.83444633,12.30738383,57.83444552,12.30738288,2.305,2.500,76.50,4.20,1.120,1.00,8,8,1,GPS Fix (SPS),Stopped
1770569678.9134638,57.83444400,12.30738133,57.83444476,12.30738211,2.305,2.500,76.20,4.20,1.120,0.22,8,8,1,GPS Fix (SPS),Stopped
1770569679.9082153,57.83444283,12.30738067,57.83444380,12.30738139,2.305,2.500,76.20,4.20,1.120,0.04,8,8,1,GPS Fix (SPS),Stopped
1770569680.9026544,57.83444117,12.30737717,57.83444248,12.30737928,2.305,2.500,75.90,4.20,1.120,0.30,8,8,1,GPS Fix (SPS),Stopped
1770569681.9004066,57.83444100,12.30737233,57.83444174,12.30737581,2.305,2.500,75.80,4.20,1.120,0.22,8,8,1,GPS Fix (SPS),Reverse
1770569682.9021428,57.83444083,12.30736683,57.83444129,12.30737132,2.305,2.500,75.90,4.20,1.120,0.31,8,8,1,GPS Fix (SPS),Reverse
1770569683.9104617,57.83443950,12.30736183,57.83444039,12.30736658,2.305,2.500,76.10,4.20,1.120,0.72,8,8,1,GPS Fix (SPS),Reverse
1770569684.9060385,57.83443983,12.30736050,57.83444011,12.30736354,2.305,2.500,76.40,4.20,1.120,0.14,8,8,1,GPS Fix (SPS),Stopped
1770569685.9137788,57.83443883,12.30736000,57.83443947,12.30736177,2.305,2.500,76.30,4.20,1.120,0.27,8,8,1,GPS Fix (SPS),Stopped
1770569686.9009688,57.83443967,12.30735717,57.83443957,12.30735947,2.305,2.500,76.40,4.20,1.120,0.17,8,8,1,GPS Fix (SPS),Stopped
1770569687.905041,57.83443900,12.30735500,57.83443929,12.30735723,2.305,2.500,76.50,4.20,1.120,0.18,8,8,1,GPS Fix (SPS),Stopped
1770569688.9109917,57.83443850,12.30735333,57.83443889,12.30735528,2.305,2.500,76.80,4.20,1.120,0.23,8,8,1,GPS Fix (SPS),Stopped
1770569689.9158912,57.83444017,12.30735533,57.83443953,12.30735531,2.305,2.500,76.80,4.20,1.120,0.45,8,8,1,GPS Fix (SPS),Stopped
1770569690.8992472,57.83444267,12.30735583,57.83444110,12.30735557,2.305,2.500,76.50,4.20,1.120,0.36,8,8,1,GPS Fix (SPS),Stopped
1770569691.8993225,57.83444400,12.30735650,57.83444255,12.30735604,2.305,2.500,76.10,4.20,1.120,0.06,8,8,1,GPS Fix (SPS),Stopped
1770569692.9003189,57.83444400,12.30735567,57.83444327,12.30735585,2.305,2.500,75.90,4.20,1.120,0.11,8,8,1,GPS Fix (SPS),Stopped
1770569693.9024448,57.83444550,12.30735617,57.83444439,12.30735601,2.305,2.500,75.80,4.20,1.120,0.40,8,8,1,GPS Fix (SPS),Stopped
1770569694.9046295,57.83444483,12.30735667,57.83444461,12.30735634,2.305,2.500,75.50,4.20,1.120,0.34,8,8,1,GPS Fix (SPS),Stopped
1770569695.9061103,57.83444317,12.30735667,57.83444389,12.30735650,2.305,2.500,75.60,4.20,1.120,0.50,8,8,1,GPS Fix (SPS),Stopped
1770569696.915733,57.83444567,12.30735650,57.83444478,12.30735650,2.305,2.500,75.70,4.20,1.120,0.14,8,8,1,GPS Fix (SPS),Stopped
1770569697.9123583,57.83444733,12.30735917,57.83444606,12.30735783,2.305,2.500,75.40,4.20,1.120,0.68,8,8,1,GPS Fix (SPS),Stopped
1770569698.9158032,57.83444950,12.30735983,57.83444778,12.30735883,2.305,2.500,74.90,4.20,1.120,0.55,8,8,1,GPS Fix (SPS),Stopped
1770569699.9059458,57.83445133,12.30736333,57.83444956,12.30736108,2.305,2.500,74.50,4.20,1.120,0.54,8,8,1,GPS Fix (SPS),Stopped
1770569700.9212606,57.83445133,12.30736233,57.83445044,12.30736171,2.305,2.500,74.10,4.20,1.120,0.14,8,8,1,GPS Fix (SPS),Stopped
1770569701.904651,57.83445033,12.30736000,57.83445039,12.30736085,2.486,2.500,74.00,4.91,1.310,0.07,7,7,1,GPS Fix (SPS),Stopped
1770569702.909485,57.83445033,12.30735817,57.83445036,12.30735951,2.486,2.500,74.00,4.91,1.310,0.21,7,7,1,GPS Fix (SPS),Stopped
1770569703.899286,57.83445283,12.30735833,57.83445160,12.30735892,2.486,2.500,73.90,4.91,1.310,0.33,7,7,1,GPS Fix (SPS),Stopped
1770569704.8993556,57.83445300,12.30736000,57.83445230,12.30735946,2.486,2.500,73.70,4.91,1.310,0.15,7,7,1,GPS Fix (SPS),Stopped
1770569705.904667,57.83445450,12.30736000,57.83445340,12.30735973,2.486,2.500,73.60,4.91,1.310,0.23,7,7,1,GPS Fix (SPS),Stopped
1770569706.9074035,57.83445767,12.30735850,57.83445553,12.30735912,2.486,2.500,73.50,4.91,1.310,0.51,7,7,1,GPS Fix (SPS),Stopped
1770569707.9176714,57.83446050,12.30735350,57.83445802,12.30735631,2.495,2.500,73.30,4.95,1.320,0.64,7,7,1,GPS Fix (SPS),Stopped
1770569708.9030528,57.83445633,12.30735150,57.83445717,12.30735390,2.305,2.500,72.90,4.20,1.120,0.65,8,8,1,GPS Fix (SPS),Stopped
1770569709.906646,57.83445417,12.30736200,57.83445567,12.30735795,2.305,2.500,72.90,4.20,1.120,0.90,8,8,1,GPS Fix (SPS),Forward
1770569710.9159243,57.83445350,12.30736150,57.83445459,12.30735973,2.305,2.500,72.90,4.20,1.120,0.83,8,8,1,GPS Fix (SPS),Stopped
1770569711.9103086,57.83444983,12.30735733,57.83445221,12.30735853,2.305,2.500,72.80,4.20,1.120,1.17,8,8,1,GPS Fix (SPS),Stopped
1770569712.9048316,57.83444867,12.30734417,57.83445044,12.30735135,2.305,2.500,72.60,4.20,1.120,1.48,7,7,1,GPS Fix (SPS),Reverse
1770569713.911832,57.83444417,12.30733583,57.83444730,12.30734359,2.305,2.500,72.70,4.20,1.120,1.90,7,7,1,GPS Fix (SPS),Reverse
1770569714.9038272,57.83443283,12.30733083,57.83444007,12.30733721,2.390,2.500,72.70,4.54,1.210,2.50,6,6,1,GPS Fix (SPS),Reverse
1770569715.901698,57.83443150,12.30732900,57.83443578,12.30733311,2.390,2.500,73.00,4.54,1.210,1.62,6,6,1,GPS Fix (SPS),Reverse
1770569716.9068806,57.83443633,12.30732567,57.83443606,12.30732939,2.390,2.500,73.20,4.54,1.210,0.64,6,6,1,GPS Fix (SPS),Reverse
1770569717.9029737,57.83443267,12.30732683,57.83443436,12.30732811,2.390,2.500,73.50,4.54,1.210,0.56,6,6,1,GPS Fix (SPS),Stopped
1770569718.9072068,57.83443367,12.30732167,57.83443401,12.30732489,2.390,2.500,73.70,4.54,1.210,0.30,6,6,1,GPS Fix (SPS),Stopped
1770569719.9035804,57.83442933,12.30731817,57.83443167,12.30732153,2.390,2.500,73.90,4.54,1.210,0.51,6,6,1,GPS Fix (SPS),Stopped
1770569720.9029846,57.83442167,12.30732183,57.83442667,12.30732168,2.390,2.500,74.20,4.54,1.210,1.01,6,6,1,GPS Fix (SPS),Stopped
1770569721.90367,57.83442083,12.30732483,57.83442375,12.30732326,2.390,2.500,74.70,4.54,1.210,0.70,7,7,1,GPS Fix (SPS),Stopped
1770569722.9120793,57.83441650,12.30732933,57.83442013,12.30732630,2.390,2.500,75.20,4.54,1.210,0.93,7,7,1,GPS Fix (SPS),Stopped
1770569723.9062748,57.83441750,12.30732283,57.83441881,12.30732456,2.390,2.500,75.70,4.54,1.210,0.41,7,7,1,GPS Fix (SPS),Stopped
1770569724.9066298,57.83441650,12.30731500,57.83441766,12.30731978,2.390,2.500,76.20,4.54,1.210,0.61,7,7,1,GPS Fix (SPS),Reverse
1770569725.906383,57.83440300,12.30730967,57.83441033,12.30731472,2.390,2.500,76.70,4.54,1.210,1.96,7,7,1,GPS Fix (SPS),Reverse
1770569726.9014726,57.83438833,12.30730550,57.83439933,12.30731011,2.390,2.500,77.30,4.54,1.210,3.00,7,7,1,GPS Fix (SPS),Reverse
1770569727.9050255,57.83437533,12.30728817,57.83438733,12.30729914,2.390,2.500,78.10,4.54,1.210,4.00,7,7,1,GPS Fix (SPS),Reverse
1770569728.9166248,57.83437767,12.30728650,57.83438250,12.30729282,2.390,2.500,78.60,4.54,1.210,2.49,8,8,1,GPS Fix (SPS),Reverse
1770569729.9069264,57.83437417,12.30729417,57.83437833,12.30729349,2.390,2.500,79.30,4.54,1.210,1.88,7,7,1,GPS Fix (SPS),Stopped
1770569730.904276,57.83436450,12.30729167,57.83437142,12.30729258,2.390,2.500,80.10,4.54,1.210,2.69,7,7,1,GPS Fix (SPS),Stopped
1770569731.9034407,57.83436067,12.30729283,57.83436604,12.30729271,2.390,2.500,80.50,4.54,1.210,2.51,7,7,1,GPS Fix (SPS),Stopped
1770569732.9035695,57.83436083,12.30730500,57.83436344,12.30729885,2.390,2.500,80.80,4.54,1.210,2.02,7,7,1,GPS Fix (SPS),Forward
1770569733.9010422,57.83435517,12.30730533,57.83435930,12.30730209,2.390,2.500,81.20,4.54,1.210,2.47,7,7,1,GPS Fix (SPS),Stopped
1770569734.9069295,57.83435733,12.30730700,57.83435832,12.30730455,2.800,2.500,81.50,6.15,1.640,1.75,6,6,1,GPS Fix (SPS),Stopped
1770569735.899628,57.83436300,12.30730800,57.83436066,12.30730627,2.800,2.500,81.70,6.15,1.640,0.81,6,6,1,GPS Fix (SPS),Stopped
1770569736.9016514,57.83436500,12.30731317,57.83436283,12.30730972,2.800,2.500,82.00,6.15,1.640,0.82,6,6,1,GPS Fix (SPS),Forward
1770569737.9038694,57.83436517,12.30731400,57.83436400,12.30731186,2.924,2.500,82.10,6.64,1.770,1.02,5,5,1,GPS Fix (SPS),Stopped
1770569738.9115787,57.83437583,12.30732450,57.83436992,12.30731818,2.924,2.500,82.20,6.64,1.770,0.88,5,5,1,GPS Fix (SPS),Forward
1770569739.9056942,57.83439433,12.30734483,57.83438212,12.30733151,2.924,2.500,82.30,6.64,1.770,1.80,5,5,1,GPS Fix (SPS),Forward
1770569740.9080431,57.83441733,12.30736067,57.83439973,12.30734609,2.390,2.500,81.40,4.54,1.210,2.51,6,6,1,GPS Fix (SPS),Forward
1770569741.904999,57.83442683,12.30737217,57.83441328,12.30735913,2.390,2.500,80.60,4.54,1.210,2.15,6,6,1,GPS Fix (SPS),Forward
1770569742.9120395,57.83443183,12.30740183,57.83442256,12.30738048,2.390,2.500,79.50,4.54,1.210,2.72,6,6,1,GPS Fix (SPS),Forward
1770569743.8995578,57.83444650,12.30742800,57.83443453,12.30740424,2.390,2.500,78.70,4.54,1.210,3.28,6,6,1,GPS Fix (SPS),Forward
1770569744.9021397,57.83445250,12.30742983,57.83444351,12.30741704,2.390,2.500,78.00,4.54,1.210,2.79,7,7,1,GPS Fix (SPS),Forward
1770569745.8996866,57.83445083,12.30742967,57.83444717,12.30742335,2.800,2.500,78.00,6.15,1.640,1.82,6,6,1,GPS Fix (SPS),Forward
1770569746.9029698,57.83445933,12.30743033,57.83445325,12.30742684,2.800,2.500,78.00,6.15,1.640,1.92,6,6,1,GPS Fix (SPS),Forward
1770569747.8994768,57.83447050,12.30742800,57.83446188,12.30742742,2.800,2.500,78.10,6.15,1.640,2.50,6,6,1,GPS Fix (SPS),Stopped
1770569748.9036994,57.83447783,12.30741717,57.83446986,12.30742229,2.800,2.500,78.40,6.15,1.640,2.54,6,6,1,GPS Fix (SPS),Reverse
1770569749.9004881,57.83447467,12.30742050,57.83447226,12.30742140,2.800,2.500,78.50,6.15,1.640,1.36,6,6,1,GPS Fix (SPS),Stopped
1770569750.8921757,57.83448033,12.30740867,57.83447630,12.30741503,2.924,2.500,78.50,6.64,1.770,1.60,5,5,1,GPS Fix (SPS),Reverse
1770569751.9011183,57.83447367,12.30741967,57.83447498,12.30741735,2.924,2.500,78.50,6.64,1.770,0.80,5,5,1,GPS Fix (SPS),Stopped
1770569752.895847,57.83447583,12.30740767,57.83447541,12.30741251,2.924,2.500,78.50,6.64,1.770,0.83,5,5,1,GPS Fix (SPS),Reverse
1770569753.9004073,57.83447167,12.30740167,57.83447354,12.30740709,2.924,2.500,78.70,6.64,1.770,0.22,5,5,1,GPS Fix (SPS),Reverse
1770569754.9061785,57.83447167,12.30738500,57.83447260,12.30739604,2.924,2.500,78.70,6.64,1.770,0.77,5,5,1,GPS Fix (SPS),Reverse
1770569755.8996994,57.83447000,12.30738483,57.83447130,12.30739044,2.924,2.500,78.60,6.64,1.770,0.40,5,5,1,GPS Fix (SPS),Reverse
1770569756.8979104,57.83445983,12.30737950,57.83446557,12.30738497,2.924,2.500,78.40,6.64,1.770,0.73,5,5,1,GPS Fix (SPS),Reverse
1770569757.8993382,57.83445550,12.30736600,57.83446053,12.30737548,2.924,2.500,78.50,6.64,1.770,0.86,5,5,1,GPS Fix (SPS),Reverse
1770569758.907821,57.83444400,12.30735100,57.83445227,12.30736324,2.924,2.500,78.50,6.64,1.770,1.40,5,5,1,GPS Fix (SPS),Reverse
1770569759.9055593,57.83443050,12.30734367,57.83444138,12.30735345,2.505,2.500,79.20,4.99,1.330,1.94,6,6,1,GPS Fix (SPS),Reverse
1770569760.9086428,57.83442650,12.30733083,57.83443394,12.30734214,2.505,2.500,80.10,4.99,1.330,0.85,6,6,1,GPS Fix (SPS),Reverse
1770569761.8994572,57.83441000,12.30730650,57.83442197,12.30732432,2.305,2.500,81.00,4.20,1.120,2.36,7,7,1,GPS Fix (SPS),Reverse
1770569762.911111,57.83440600,12.30730017,57.83441399,12.30731224,2.305,2.500,82.00,4.20,1.120,1.80,7,7,1,GPS Fix (SPS),Reverse
1770569763.9088228,57.83440383,12.30729783,57.83440891,12.30730504,2.305,2.500,82.50,4.20,1.120,1.05,7,7,1,GPS Fix (SPS),Reverse
1770569764.9059894,57.83440383,12.30729833,57.83440637,12.30730169,2.305,2.500,83.30,4.20,1.120,0.36,7,7,1,GPS Fix (SPS),Stopped
1770569765.9000714,57.83439667,12.30729117,57.83440152,12.30729643,2.305,2.500,83.70,4.20,1.120,0.96,7,7,1,GPS Fix (SPS),Reverse
1770569766.899188,57.83439600,12.30728567,57.83439876,12.30729105,2.305,2.500,84.10,4.20,1.120,0.77,7,7,1,GPS Fix (SPS),Reverse
1770569767.903279,57.83439733,12.30728233,57.83439805,12.30728669,2.305,2.500,83.90,4.20,1.120,0.68,7,7,1,GPS Fix (SPS),Reverse
1770569768.9114518,57.83439433,12.30727567,57.83439619,12.30728118,2.305,2.500,84.40,4.20,1.120,1.08,7,7,1,GPS Fix (SPS),Reverse
1770569769.9057722,57.83438567,12.30727067,57.83439093,12.30727592,2.305,2.500,84.70,4.20,1.120,1.43,7,7,1,GPS Fix (SPS),Reverse
1770569770.9046555,57.83437950,12.30725883,57.83438521,12.30726738,2.305,2.500,84.60,4.20,1.120,2.06,7,7,1,GPS Fix (SPS),Reverse
1770569771.9072704,57.83437350,12.30724733,57.83437936,12.30725736,2.305,2.500,84.60,4.20,1.120,2.69,7,7,1,GPS Fix (SPS),Reverse
1770569772.9016545,57.83437267,12.30725000,57.83437601,12.30725368,2.305,2.500,85.00,4.20,1.120,1.65,7,7,1,GPS Fix (SPS),Reverse
1770569773.906512,57.83437650,12.30726000,57.83437626,12.30725684,2.305,2.500,85.10,4.20,1.120,0.49,7,7,1,GPS Fix (SPS),Stopped
1770569774.9023414,57.83437267,12.30725367,57.83437446,12.30725525,2.305,2.500,85.10,4.20,1.120,1.01,7,7,1,GPS Fix (SPS),Stopped
1770569775.9056404,57.83437250,12.30725300,57.83437348,12.30725413,2.305,2.500,85.30,4.20,1.120,0.85,7,7,1,GPS Fix (SPS),Stopped
1770569776.905491,57.83437450,12.30725050,57.83437399,12.30725231,2.305,2.500,85.30,4.20,1.120,0.62,7,7,1,GPS Fix (SPS),Stopped
1770569777.891657,57.83437800,12.30725683,57.83437600,12.30725457,2.305,2.500,85.60,4.20,1.120,0.10,7,7,1,GPS Fix (SPS),Stopped
1770569778.9013934,57.83437433,12.30725833,57.83437516,12.30725645,2.305,2.500,85.60,4.20,1.120,0.71,7,7,1,GPS Fix (SPS),Stopped
1770569779.9064662,57.83437750,12.30725383,57.83437633,12.30725514,2.305,2.500,85.70,4.20,1.120,0.47,7,7,1,GPS Fix (SPS),Stopped
1770569780.8992445,57.83437850,12.30725267,57.83437742,12.30725390,2.305,2.500,85.90,4.20,1.120,0.66,7,7,1,GPS Fix (SPS),Stopped
1770569781.914458,57.83437617,12.30725300,57.83437679,12.30725345,2.305,2.500,86.00,4.20,1.120,0.92,8,8,1,GPS Fix (SPS),Stopped
1770569782.903743,57.83437250,12.30725817,57.83437465,12.30725581,2.305,2.500,85.70,4.20,1.120,1.29,8,8,1,GPS Fix (SPS),Stopped
1770569783.905682,57.83437167,12.30726383,57.83437316,12.30725982,2.305,2.500,85.90,4.20,1.120,1.19,8,8,1,GPS Fix (SPS),Forward
1770569784.9064572,57.83437567,12.30726600,57.83437441,12.30726291,2.305,2.500,85.90,4.20,1.120,0.47,8,8,1,GPS Fix (SPS),Stopped
1770569785.9117072,57.83438000,12.30726900,57.83437721,12.30726596,2.305,2.500,86.10,4.20,1.120,0.19,8,8,1,GPS Fix (SPS),Stopped
1770569786.9065962,57.83438250,12.30727217,57.83437985,12.30726906,2.305,2.500,85.40,4.20,1.120,0.51,8,8,1,GPS Fix (SPS),Stopped
1770569787.9072907,57.83438017,12.30727617,57.83438001,12.30727261,2.305,2.500,85.50,4.20,1.120,0.66,8,8,1,GPS Fix (SPS),Forward
1770569788.8992906,57.83437783,12.30727267,57.83437892,12.30727264,2.305,2.500,85.20,4.20,1.120,0.71,8,8,1,GPS Fix (SPS),Stopped
1770569789.9077582,57.83437400,12.30727500,57.83437646,12.30727382,2.305,2.500,85.10,4.20,1.120,0.95,8,8,1,GPS Fix (SPS),Stopped
1770569790.9085767,57.83436583,12.30726883,57.83437115,12.30727133,2.305,2.500,84.70,4.20,1.120,1.76,8,8,1,GPS Fix (SPS),Stopped
1770569791.9089677,57.83437100,12.30726383,57.83437107,12.30726758,2.305,2.500,84.40,4.20,1.120,0.96,8,8,1,GPS Fix (SPS),Reverse
1770569792.910195,57.83437583,12.30725800,57.83437345,12.30726279,2.305,2.500,83.80,4.20,1.120,0.77,8,8,1,GPS Fix (SPS),Reverse
1770569793.9045591,57.83438283,12.30725833,57.83437814,12.30726056,2.305,2.500,83.60,4.20,1.120,0.93,7,7,1,GPS Fix (SPS),Stopped
1770569794.9072592,57.83438333,12.30725250,57.83438074,12.30725653,2.305,2.500,83.40,4.20,1.120,1.11,7,7,1,GPS Fix (SPS),Reverse
1770569795.8994799,57.83437933,12.30725767,57.83438004,12.30725710,2.419,2.500,83.30,4.65,1.240,0.53,6,6,1,GPS Fix (SPS),Stopped
1770569796.901195,57.83436383,12.30726650,57.83437193,12.30726180,2.419,2.500,82.90,4.65,1.240,1.51,6,6,1,GPS Fix (SPS),Forward
1770569797.9056904,57.83435533,12.30726233,57.83436363,12.30726207,2.419,2.500,82.90,4.65,1.240,2.04,6,6,1,GPS Fix (SPS),Stopped
1770569798.91587,57.83435800,12.30727283,57.83436082,12.30726745,2.305,2.500,83.70,4.20,1.120,0.95,8,8,1,GPS Fix (SPS),Forward
1770569799.9077747,57.83436283,12.30728833,57.83436183,12.30727789,2.305,2.500,84.60,4.20,1.120,1.61,8,8,1,GPS Fix (SPS),Forward
1770569800.9114878,57.83436700,12.30728450,57.83436441,12.30728120,2.305,2.500,84.30,4.20,1.120,1.03,7,7,1,GPS Fix (SPS),Stopped
1770569801.9080417,57.83436917,12.30726517,57.83436679,12.30727318,2.305,2.500,84.60,4.20,1.120,0.55,7,7,1,GPS Fix (SPS),Reverse
1770569802.899318,57.83437367,12.30725967,57.83437023,12.30726642,2.305,2.500,84.80,4.20,1.120,0.64,7,7,1,GPS Fix (SPS),Reverse
1770569803.907361,57.83437717,12.30726333,57.83437370,12.30726488,2.305,2.500,84.80,4.20,1.120,0.46,7,7,1,GPS Fix (SPS),Stopped
1770569804.90337,57.83437083,12.30726133,57.83437227,12.30726311,2.305,2.500,84.90,4.20,1.120,0.82,7,7,1,GPS Fix (SPS),Stopped
1770569805.8991556,57.83437667,12.30726433,57.83437447,12.30726372,2.390,2.500,84.60,4.54,1.210,0.12,6,6,1,GPS Fix (SPS),Stopped
1770569806.9068794,57.83437617,12.30725217,57.83437532,12.30725794,2.305,2.500,84.80,4.20,1.120,1.14,7,7,1,GPS Fix (SPS),Reverse
1770569807.9103765,57.83437250,12.30725167,57.83437391,12.30725480,2.305,2.500,84.70,4.20,1.120,1.22,7,7,1,GPS Fix (SPS),Stopped
1770569808.905814,57.83436433,12.30726183,57.83436912,12.30725832,2.305,2.500,84.80,4.20,1.120,1.59,7,7,1,GPS Fix (SPS),Forward
1770569809.906587,57.83436883,12.30726750,57.83436898,12.30726291,2.305,2.500,85.00,4.20,1.120,1.03,7,7,1,GPS Fix (SPS),Forward
1770569810.8994715,57.83435650,12.30727783,57.83436274,12.30727037,2.305,2.500,85.30,4.20,1.120,2.26,7,7,1,GPS Fix (SPS),Forward
1770569811.9098222,57.83435883,12.30729450,57.83436079,12.30728244,2.305,2.500,85.60,4.20,1.120,2.27,7,7,1,GPS Fix (SPS),Forward
1770569812.8993173,57.83435983,12.30731067,57.83436031,12.30729655,2.305,2.500,85.70,4.20,1.120,2.62,7,7,1,GPS Fix (SPS),Forward
1770569813.9046125,57.83436550,12.30732000,57.83436290,12.30730828,2.305,2.500,85.90,4.20,1.120,2.37,7,7,1,GPS Fix (SPS),Forward
1770569814.9081523,57.83435983,12.30732117,57.83436137,12.30731472,2.305,2.500,85.80,4.20,1.120,1.89,7,7,1,GPS Fix (SPS),Forward
1770569815.8993354,57.83435917,12.30732783,57.83436027,12.30732128,2.305,2.500,85.70,4.20,1.120,1.66,7,7,1,GPS Fix (SPS),Forward
1770569816.9055583,57.83435500,12.30733133,57.83435763,12.30732631,2.524,2.500,85.80,5.06,1.350,1.74,5,5,1,GPS Fix (SPS),Forward
1770569817.8995452,57.83435583,12.30734317,57.83435673,12.30733474,2.524,2.500,85.90,5.06,1.350,1.84,5,5,1,GPS Fix (SPS),Forward
1770569818.896917,57.83435500,12.30735700,57.83435587,12.30734587,2.524,2.500,85.80,5.06,1.350,2.29,5,5,1,GPS Fix (SPS),Forward
1770569819.9071288,57.83434783,12.30737133,57.83435185,12.30735860,2.524,2.500,85.90,5.06,1.350,2.82,5,5,1,GPS Fix (SPS),Forward
1770569820.9104881,57.83435033,12.30737133,57.83435109,12.30736497,2.524,2.500,85.60,5.06,1.350,1.97,5,5,1,GPS Fix (SPS),Forward
1770569821.9046981,57.83435600,12.30736733,57.83435355,12.30736615,2.524,2.500,85.60,5.06,1.350,1.16,5,5,1,GPS Fix (SPS),Stopped
1770569822.890694,57.83436233,12.30737233,57.83435794,12.30736924,2.524,2.500,85.40,5.06,1.350,1.36,5,5,1,GPS Fix (SPS),Stopped
1770569823.902571,57.83436917,12.30737933,57.83436355,12.30737429,2.524,2.500,85.50,5.06,1.350,1.51,5,5,1,GPS Fix (SPS),Forward
1770569824.8973072,57.83436967,12.30738233,57.83436661,12.30737831,2.524,2.500,85.70,5.06,1.350,1.19,5,5,1,GPS Fix (SPS),Forward
1770569825.9023955,57.83436800,12.30737917,57.83436730,12.30737874,2.390,2.500,85.40,4.54,1.210,0.80,6,6,1,GPS Fix (SPS),Stopped
1770569826.9032106,57.83436383,12.30738100,57.83436557,12.30737987,2.390,2.500,85.00,4.54,1.210,1.06,6,6,1,GPS Fix (SPS),Stopped
1770569827.907152,57.83436383,12.30738283,57.83436470,12.30738135,2.524,2.500,84.60,5.06,1.350,1.39,5,5,1,GPS Fix (SPS),Stopped
1770569828.8990438,57.83437267,12.30737750,57.83436868,12.30737943,2.524,2.500,84.20,5.06,1.350,0.69,5,5,1,GPS Fix (SPS),Stopped
1770569829.8993711,57.83436717,12.30739017,57.83436793,12.30738480,2.524,2.500,84.30,5.06,1.350,1.07,5,5,1,GPS Fix (SPS),Forward
1770569830.899028,57.83437150,12.30738033,57.83436971,12.30738256,2.390,2.500,84.30,4.54,1.210,0.02,6,6,1,GPS Fix (SPS),Stopped
1770569831.9041102,57.83436700,12.30737317,57.83436836,12.30737787,2.390,2.500,84.00,4.54,1.210,0.71,6,6,1,GPS Fix (SPS),Reverse
1770569832.8978252,57.83437017,12.30736267,57.83436926,12.30737027,2.914,2.500,83.90,6.60,1.760,0.78,5,5,1,GPS Fix (SPS),Reverse
1770569833.9012237,57.83436267,12.30736483,57.83436596,12.30736755,2.914,2.500,83.90,6.60,1.760,1.15,5,5,1,GPS Fix (SPS),Stopped
1770569834.899158,57.83434583,12.30738650,57.83435590,12.30737702,2.390,2.500,83.80,4.54,1.210,2.40,6,6,1,GPS Fix (SPS),Forward
1770569835.8905194,57.83434300,12.30738267,57.83434945,12.30737985,2.390,2.500,84.20,4.54,1.210,2.23,6,6,1,GPS Fix (SPS),Stopped
1770569836.9009793,57.83434850,12.30737717,57.83434897,12.30737851,2.524,2.500,84.10,5.06,1.350,1.51,5,5,1,GPS Fix (SPS),Stopped
1770569837.8937879,57.83434250,12.30738417,57.83434574,12.30738134,2.524,2.500,84.10,5.06,1.350,2.01,5,5,1,GPS Fix (SPS),Stopped
1770569838.8992841,57.83433517,12.30739017,57.83434045,12.30738575,2.524,2.500,84.10,5.06,1.350,1.96,5,5,1,GPS Fix (SPS),Forward
1770569839.890777,57.83433083,12.30739933,57.83433564,12.30739254,2.390,2.500,84.30,4.54,1.210,1.72,6,6,1,GPS Fix (SPS),Forward
1770569840.8992352,57.83433150,12.30740183,57.83433357,12.30739719,2.933,2.500,84.40,6.67,1.780,1.44,5,5,1,GPS Fix (SPS),Forward
1770569841.9062595,57.83433300,12.30740200,57.83433329,12.30739959,2.933,2.500,84.40,6.67,1.780,1.08,5,5,1,GPS Fix (SPS),Stopped
1770569842.899267,57.83434800,12.30738733,57.83434064,12.30739346,2.390,2.500,84.50,4.54,1.210,0.52,6,6,1,GPS Fix (SPS),Reverse
1770569843.9082108,57.83435500,12.30739150,57.83434782,12.30739248,2.305,2.500,84.70,4.20,1.120,1.19,7,7,1,GPS Fix (SPS),Stopped
1770569844.8992798,57.83436433,12.30739233,57.83435608,12.30739241,2.305,2.500,85.00,4.20,1.120,1.78,7,7,1,GPS Fix (SPS),Stopped
1770569845.9071786,57.83436400,12.30740733,57.83436004,12.30739987,2.933,2.500,85.30,6.67,1.780,1.75,5,5,1,GPS Fix (SPS),Forward
1770569846.9061208,57.83437100,12.30741150,57.83436552,12.30740569,2.390,2.500,85.60,4.54,1.210,1.89,6,6,1,GPS Fix (SPS),Forward
1770569847.8991876,57.83436350,12.30742717,57.83436451,12.30741643,2.390,2.500,85.90,4.54,1.210,1.19,6,6,1,GPS Fix (SPS),Forward
1770569848.9006839,57.83436600,12.30742783,57.83436525,12.30742213,2.390,2.500,86.20,4.54,1.210,0.97,6,6,1,GPS Fix (SPS),Forward
1770569849.9078026,57.83436283,12.30743850,57.83436404,12.30743031,2.390,2.500,86.40,4.54,1.210,1.09,6,6,1,GPS Fix (SPS),Forward
1770569850.9014435,57.83436700,12.30743933,57.83436552,12.30743482,2.390,2.500,86.60,4.54,1.210,0.91,6,6,1,GPS Fix (SPS),Forward
1770569851.9102635,57.83436850,12.30744583,57.83436701,12.30744033,2.390,2.500,86.50,4.54,1.210,0.93,6,6,1,GPS Fix (SPS),Forward
1770569852.899786,57.83436817,12.30744733,57.83436759,12.30744383,2.390,2.500,86.50,4.54,1.210,0.55,6,6,1,GPS Fix (SPS),Forward
1770569853.9090989,57.83437400,12.30744100,57.83437079,12.30744242,2.390,2.500,86.00,4.54,1.210,0.77,6,6,1,GPS Fix (SPS),Stopped
1770569854.8997023,57.83437883,12.30744167,57.83437481,12.30744204,2.305,2.500,86.20,4.20,1.120,1.13,7,7,1,GPS Fix (SPS),Stopped
1770569855.9062996,57.83437517,12.30743767,57.83437499,12.30743985,2.305,2.500,86.40,4.20,1.120,0.33,7,7,1,GPS Fix (SPS),Stopped
1770569856.905956,57.83436983,12.30742950,57.83437241,12.30743468,2.305,2.500,86.60,4.20,1.120,0.76,7,7,1,GPS Fix (SPS),Reverse
1770569857.9008424,57.83434850,12.30743117,57.83436046,12.30743292,2.305,2.500,86.70,4.20,1.120,2.36,7,7,1,GPS Fix (SPS),Stopped
1770569858.89974,57.83433300,12.30742817,57.83434673,12.30743054,2.305,2.500,86.80,4.20,1.120,3.38,7,7,1,GPS Fix (SPS),Stopped
1770569859.9034421,57.83432717,12.30742767,57.83433695,12.30742911,2.305,2.500,87.00,4.20,1.120,3.09,7,7,1,GPS Fix (SPS),Stopped
1770569860.9072,57.83432200,12.30741717,57.83432947,12.30742314,2.305,2.500,87.10,4.20,1.120,2.94,7,7,1,GPS Fix (SPS),Reverse
1770569861.8992622,57.83431433,12.30742800,57.83432190,12.30742557,2.305,2.500,87.00,4.20,1.120,2.76,7,7,1,GPS Fix (SPS),Stopped
1770569862.9085715,57.83430950,12.30742617,57.83431570,12.30742587,2.305,2.500,87.40,4.20,1.120,2.50,7,7,1,GPS Fix (SPS),Stopped
1770569863.9053626,57.83431283,12.30741917,57.83431427,12.30742252,2.305,2.500,87.50,4.20,1.120,1.66,7,7,1,GPS Fix (SPS),Stopped
1770569864.90616,57.83431317,12.30741967,57.83431372,12.30742109,2.305,2.500,87.50,4.20,1.120,1.27,7,7,1,GPS Fix (SPS),Stopped
1770569865.9062977,57.83431450,12.30741250,57.83431411,12.30741680,2.305,2.500,87.50,4.20,1.120,0.78,8,8,1,GPS Fix (SPS),Reverse
1770569866.9064987,57.83431967,12.30740867,57.83431689,12.30741273,2.305,2.500,87.50,4.20,1.120,0.23,8,8,1,GPS Fix (SPS),Reverse
1770569867.9185195,57.83432367,12.30739917,57.83432028,12.30740595,2.305,2.500,87.60,4.20,1.120,0.29,8,8,1,GPS Fix (SPS),Reverse
1770569868.9062576,57.83432733,12.30740100,57.83432381,12.30740347,2.305,2.500,87.50,4.20,1.120,0.31,8,8,1,GPS Fix (SPS),Stopped
1770569869.920445,57.83433333,12.30738767,57.83432857,12.30739557,2.305,2.500,87.70,4.20,1.120,0.69,8,8,1,GPS Fix (SPS),Reverse
1770569870.9146516,57.83433933,12.30738350,57.83433395,12.30738954,2.305,2.500,87.60,4.20,1.120,0.64,8,8,1,GPS Fix (SPS),Reverse
1770569871.9199204,57.83434367,12.30738200,57.83433881,12.30738577,2.305,2.500,87.70,4.20,1.120,0.54,8,8,1,GPS Fix (SPS),Reverse
1770569872.9115038,57.83434767,12.30737200,57.83434324,12.30737888,2.305,2.500,87.70,4.20,1.120,0.44,8,8,1,GPS Fix (SPS),Reverse
1770569873.9100146,57.83435483,12.30736750,57.83434904,12.30737319,2.305,2.500,87.40,4.20,1.120,0.66,8,8,1,GPS Fix (SPS),Reverse
1770569874.9062073,57.83435950,12.30735717,57.83435427,12.30736518,2.305,2.500,87.20,4.20,1.120,1.01,8,8,1,GPS Fix (SPS),Reverse
1770569875.907078,57.83436017,12.30735333,57.83435722,12.30735926,2.305,2.500,87.00,4.20,1.120,0.88,8,8,1,GPS Fix (SPS),Reverse
1770569876.9070945,57.83436250,12.30734583,57.83435986,12.30735254,2.305,2.500,87.10,4.20,1.120,0.68,8,8,1,GPS Fix (SPS),Reverse
1770569877.907553,57.83436717,12.30734217,57.83436351,12.30734736,2.305,2.500,87.30,4.20,1.120,0.58,8,8,1,GPS Fix (SPS),Reverse
1770569878.8993828,57.83436667,12.30733783,57.83436509,12.30734259,2.305,2.500,87.40,4.20,1.120,0.75,8,8,1,GPS Fix (SPS),Reverse
1770569879.9076133,57.83437417,12.30733117,57.83436963,12.30733688,2.305,2.500,87.30,4.20,1.120,1.12,8,8,1,GPS Fix (SPS),Reverse
1770569880.9173162,57.83437583,12.30733583,57.83437273,12.30733636,2.305,2.500,87.20,4.20,1.120,0.68,8,8,1,GPS Fix (SPS),Stopped
1770569881.9143746,57.83437283,12.30734017,57.83437278,12.30733826,2.305,2.500,87.30,4.20,1.120,0.39,8,8,1,GPS Fix (SPS),Stopped
1770569882.9063842,57.83437817,12.30734017,57.83437547,12.30733921,2.305,2.500,87.10,4.20,1.120,0.77,8,8,1,GPS Fix (SPS),Stopped
1770569883.9200468,57.83437267,12.30733483,57.83437407,12.30733702,2.305,2.500,86.80,4.20,1.120,0.33,8,8,1,GPS Fix (SPS),Stopped
1770569884.9057333,57.83437800,12.30734100,57.83437604,12.30733901,2.305,2.500,86.50,4.20,1.120,0.75,8,8,1,GPS Fix (SPS),Stopped
1770569885.9062274,57.83437700,12.30734450,57.83437652,12.30734176,2.305,2.500,86.40,4.20,1.120,0.86,8,8,1,GPS Fix (SPS),Stopped
1770569886.9081566,57.83437800,12.30733417,57.83437726,12.30733796,2.305,2.500,86.20,4.20,1.120,0.54,8,8,1,GPS Fix (SPS),Reverse
1770569887.9138718,57.83437983,12.30733600,57.83437855,12.30733698,2.305,2.500,85.90,4.20,1.120,0.47,8,8,1,GPS Fix (SPS),Stopped
1770569888.91243,57.83438133,12.30733317,57.83437994,12.30733507,2.305,2.500,85.90,4.20,1.120,0.57,8,8,1,GPS Fix (SPS),Stopped
1770569889.9158103,57.83438767,12.30732900,57.83438380,12.30733204,2.305,2.500,85.80,4.20,1.120,0.22,8,8,1,GPS Fix (SPS),Stopped
1770569890.906674,57.83438783,12.30732600,57.83438582,12.30732902,2.305,2.500,85.70,4.20,1.120,0.49,8,8,1,GPS Fix (SPS),Stopped
1770569891.909066,57.83439867,12.30732117,57.83439224,12.30732509,2.305,2.500,85.40,4.20,1.120,0.96,8,8,1,GPS Fix (SPS),Reverse
1770569892.9080162,57.83439683,12.30731600,57.83439454,12.30732055,2.305,2.500,84.90,4.20,1.120,0.77,8,8,1,GPS Fix (SPS),Reverse
1770569893.902522,57.83439600,12.30731533,57.83439527,12.30731794,2.305,2.500,84.70,4.20,1.120,0.54,8,8,1,GPS Fix (SPS),Stopped
1770569894.9074519,57.83439550,12.30731083,57.83439538,12.30731439,2.305,2.500,84.40,4.20,1.120,0.75,8,8,1,GPS Fix (SPS),Reverse
1770569895.899396,57.83439100,12.30731000,57.83439319,12.30731219,2.305,2.500,83.90,4.20,1.120,1.30,8,8,1,GPS Fix (SPS),Stopped
1770569896.9158304,57.83439450,12.30730817,57.83439385,12.30731018,2.305,2.500,84.00,4.20,1.120,0.62,8,8,1,GPS Fix (SPS),Stopped
1770569897.9056191,57.83439283,12.30730167,57.83439334,12.30730592,2.305,2.500,83.90,4.20,1.120,1.08,8,8,1,GPS Fix (SPS),Reverse
1770569898.9059837,57.83439383,12.30729850,57.83439359,12.30730221,2.305,2.500,83.50,4.20,1.120,0.75,8,8,1,GPS Fix (SPS),Reverse
1770569899.9073753,57.83438950,12.30730000,57.83439154,12.30730111,2.305,2.500,83.30,4.20,1.120,1.16,8,8,1,GPS Fix (SPS),Stopped
1770569900.8994117,57.83438650,12.30729950,57.83438902,12.30730030,2.305,2.500,83.20,4.20,1.120,1.36,8,8,1,GPS Fix (SPS),Stopped
1770569901.9077547,57.83438667,12.30729967,57.83438784,12.30729998,2.305,2.500,83.20,4.20,1.120,0.91,8,8,1,GPS Fix (SPS),Stopped
1770569902.8997283,57.83438667,12.30730000,57.83438726,12.30729999,2.495,2.500,83.10,4.95,1.320,0.66,7,7,1,GPS Fix (SPS),Stopped
1770569903.9137673,57.83439017,12.30730317,57.83438871,12.30730158,2.495,2.500,83.10,4.95,1.320,0.39,7,7,1,GPS Fix (SPS),Stopped
1770569904.9058266,57.83438717,12.30729767,57.83438794,12.30729962,2.495,2.500,82.90,4.95,1.320,0.76,7,7,1,GPS Fix (SPS),Stopped
1770569905.906642,57.83438867,12.30729567,57.83438830,12.30729764,2.495,2.500,83.00,4.95,1.320,0.56,7,7,1,GPS Fix (SPS),Stopped
1770569906.8993292,57.83438800,12.30729450,57.83438815,12.30729607,2.495,2.500,82.90,4.95,1.320,0.41,7,7,1,GPS Fix (SPS),Stopped
1770569907.9066153,57.83439033,12.30729517,57.83438924,12.30729562,2.495,2.500,82.90,4.95,1.320,0.35,7,7,1,GPS Fix (SPS),Stopped
1770569908.907796,57.83439450,12.30729867,57.83439187,12.30729714,2.305,2.500,82.70,4.20,1.120,0.45,8,8,1,GPS Fix (SPS),Stopped
1770569909.901196,57.83440150,12.30729950,57.83439669,12.30729832,2.305,2.500,82.10,4.20,1.120,0.82,8,8,1,GPS Fix (SPS),Stopped
1770569910.9105484,57.83440617,12.30730583,57.83440143,12.30730208,2.305,2.500,81.70,4.20,1.120,1.04,8,8,1,GPS Fix (SPS),Forward
1770569911.905724,57.83441117,12.30730467,57.83440630,12.30730337,2.305,2.500,81.70,4.20,1.120,1.01,8,8,1,GPS Fix (SPS),Stopped
1770569912.9069538,57.83441800,12.30730567,57.83441215,12.30730452,2.305,2.500,81.60,4.20,1.120,1.31,8,8,1,GPS Fix (SPS),Stopped
1770569913.9066966,57.83442333,12.30731067,57.83441774,12.30730759,2.305,2.500,81.60,4.20,1.120,1.36,8,8,1,GPS Fix (SPS),Stopped
1770569914.9062362,57.83443083,12.30730917,57.83442429,12.30730838,2.305,2.500,81.40,4.20,1.120,1.62,8,8,1,GPS Fix (SPS),Stopped
1770569915.9040658,57.83443467,12.30731867,57.83442948,12.30731352,2.305,2.500,81.10,4.20,1.120,1.66,8,8,1,GPS Fix (SPS),Forward
1770569916.9153924,57.83443617,12.30732417,57.83443282,12.30731884,2.305,2.500,80.70,4.20,1.120,1.45,8,8,1,GPS Fix (SPS),Forward
1770569917.9074175,57.83444100,12.30732783,57.83443691,12.30732334,2.305,2.500,80.20,4.20,1.120,1.49,8,8,1,GPS Fix (SPS),Forward
1770569918.9117846,57.83444167,12.30733117,57.83443929,12.30732725,2.305,2.500,79.70,4.20,1.120,1.06,8,8,1,GPS Fix (SPS),Forward
1770569919.90684,57.83444050,12.30733183,57.83443989,12.30732954,2.305,2.500,79.40,4.20,1.120,0.74,8,8,1,GPS Fix (SPS),Stopped
1770569920.9018648,57.83444300,12.30733283,57.83444145,12.30733119,2.305,2.500,79.10,4.20,1.120,0.88,8,8,1,GPS Fix (SPS),Stopped
1770569921.9058392,57.83444833,12.30733500,57.83444489,12.30733309,2.305,2.500,78.70,4.20,1.120,1.19,8,8,1,GPS Fix (SPS),Stopped
1770569922.9041538,57.83444750,12.30733483,57.83444620,12.30733396,2.333,2.500,78.00,4.31,1.150,0.50,7,7,1,GPS Fix (SPS),Stopped
1770569923.909867,57.83444733,12.30733783,57.83444676,12.30733590,2.333,2.500,77.80,4.31,1.150,0.55,7,7,1,GPS Fix (SPS),Stopped
1770569924.9144905,57.83444767,12.30734267,57.83444722,12.30733928,2.305,2.500,77.50,4.20,1.120,1.03,8,8,1,GPS Fix (SPS),Forward
1770569925.902351,57.83444950,12.30734567,57.83444836,12.30734247,2.305,2.500,77.20,4.20,1.120,1.05,8,8,1,GPS Fix (SPS),Stopped
1770569926.9046228,57.83444967,12.30734550,57.83444901,12.30734399,2.333,2.500,76.90,4.31,1.150,0.58,7,7,1,GPS Fix (SPS),Stopped
1770569927.9003077,57.83445133,12.30735067,57.83445017,12.30734733,2.333,2.500,76.60,4.31,1.150,0.78,7,7,1,GPS Fix (SPS),Stopped
1770569928.9041467,57.83445067,12.30735500,57.83445042,12.30735116,2.333,2.500,76.40,4.31,1.150,1.04,7,7,1,GPS Fix (SPS),Forward
1770569929.9117208,57.83444283,12.30735617,57.83444663,12.30735367,2.333,2.500,76.10,4.31,1.150,0.92,7,7,1,GPS Fix (SPS),Stopped
1770569930.9103599,57.83443817,12.30735517,57.83444240,12.30735442,2.305,2.500,75.90,4.20,1.120,0.78,8,8,1,GPS Fix (SPS),Stopped
1770569931.9128463,57.83443900,12.30736000,57.83444070,12.30735721,2.305,2.500,75.70,4.20,1.120,0.67,8,8,1,GPS Fix (SPS),Stopped
1770569932.905809,57.83444017,12.30736250,57.83444043,12.30735985,2.733,2.500,75.50,5.89,1.570,0.49,7,7,1,GPS Fix (SPS),Stopped
1770569933.9025195,57.83443667,12.30735967,57.83443855,12.30735976,2.733,2.500,75.50,5.89,1.570,0.59,7,7,1,GPS Fix (SPS),Stopped
1770569934.8991656,57.83443500,12.30736200,57.83443677,12.30736088,2.733,2.500,75.50,5.89,1.570,0.67,7,7,1,GPS Fix (SPS),Stopped
1770569935.900002,57.83442700,12.30735967,57.83443189,12.30736027,2.790,2.500,75.50,6.11,1.630,1.27,6,6,1,GPS Fix (SPS),Stopped
1770569936.9015846,57.83443450,12.30736900,57.83443319,12.30736464,2.790,2.500,75.60,6.11,1.630,0.74,6,6,1,GPS Fix (SPS),Forward
1770569937.9064014,57.83443050,12.30736400,57.83443185,12.30736432,2.790,2.500,75.70,6.11,1.630,0.51,6,6,1,GPS Fix (SPS),Stopped
1770569938.9076872,57.83442783,12.30736600,57.83442984,12.30736516,2.790,2.500,75.90,6.11,1.630,0.90,6,6,1,GPS Fix (SPS),Stopped
1770569939.9062028,57.83442567,12.30736967,57.83442775,12.30736741,2.790,2.500,76.00,6.11,1.630,0.80,6,6,1,GPS Fix (SPS),Stopped
1770569940.9163198,57.83441300,12.30736883,57.83442038,12.30736812,2.790,2.500,75.70,6.11,1.630,1.96,6,6,1,GPS Fix (SPS),Stopped
1770569941.899541,57.83441017,12.30737267,57.83441527,12.30737039,2.790,2.500,75.90,6.11,1.630,1.86,6,6,1,GPS Fix (SPS),Stopped
1770569942.900445,57.83440183,12.30737783,57.83440855,12.30737411,2.790,2.500,75.70,6.11,1.630,2.22,6,6,1,GPS Fix (SPS),Forward
1770569943.898213,57.83440550,12.30737917,57.83440703,12.30737664,2.800,2.500,75.10,6.15,1.640,1.35,5,5,1,GPS Fix (SPS),Stopped
1770569944.8994253,57.83440917,12.30737767,57.83440810,12.30737715,2.800,2.500,74.90,6.15,1.640,0.56,5,5,1,GPS Fix (SPS),Stopped
1770569945.8918006,57.83440533,12.30736817,57.83440671,12.30737266,2.800,2.500,74.50,6.15,1.640,0.88,5,5,1,GPS Fix (SPS),Reverse
1770569946.9012554,57.83440333,12.30735900,57.83440502,12.30736583,2.800,2.500,74.20,6.15,1.640,1.15,5,5,1,GPS Fix (SPS),Reverse
1770569947.9057255,57.83442017,12.30735533,57.83441260,12.30736058,2.800,2.500,73.90,6.15,1.640,0.50,5,5,1,GPS Fix (SPS),Reverse
1770569948.904739,57.83443617,12.30733950,57.83442438,12.30735004,2.343,2.500,74.30,4.35,1.160,1.56,6,6,1,GPS Fix (SPS),Reverse
1770569949.9069595,57.83443933,12.30734867,57.83443186,12.30734935,2.343,2.500,74.80,4.35,1.160,1.14,6,6,1,GPS Fix (SPS),Stopped
1770569950.905806,57.83444483,12.30735233,57.83443835,12.30735084,2.800,2.500,74.70,6.15,1.640,1.33,5,5,1,GPS Fix (SPS),Stopped
1770569951.9062297,57.83444950,12.30735300,57.83444392,12.30735192,2.800,2.500,74.40,6.15,1.640,1.53,5,5,1,GPS Fix (SPS),Stopped
1770569952.9039752,57.83445550,12.30736217,57.83444971,12.30735704,2.800,2.500,74.10,6.15,1.640,2.07,5,5,1,GPS Fix (SPS),Forward
1770569953.907121,57.83444983,12.30737700,57.83444977,12.30736702,2.800,2.500,74.20,6.15,1.640,1.79,6,6,1,GPS Fix (SPS),Forward
1770569954.9085624,57.83444833,12.30739083,57.83444905,12.30737893,2.800,2.500,74.20,6.15,1.640,1.97,6,6,1,GPS Fix (SPS),Forward
1770569955.8992133,57.83445150,12.30739750,57.83445028,12.30738821,2.800,2.500,73.90,6.15,1.640,2.26,5,5,1,GPS Fix (SPS),Forward
1770569956.9045534,57.83445367,12.30739983,57.83445197,12.30739402,2.800,2.500,73.80,6.15,1.640,1.97,5,5,1,GPS Fix (SPS),Forward
1770569957.9002368,57.83445583,12.30739783,57.83445390,12.30739593,2.800,2.500,73.70,6.15,1.640,1.39,5,5,1,GPS Fix (SPS),Stopped
1770569958.9057438,57.83445133,12.30739450,57.83445262,12.30739521,2.800,2.500,73.90,6.15,1.640,0.89,6,6,1,GPS Fix (SPS),Stopped
1770569959.8990815,57.83444633,12.30739550,57.83444948,12.30739536,2.800,2.500,74.00,6.15,1.640,0.85,6,6,1,GPS Fix (SPS),Stopped
1770569960.9056509,57.83444717,12.30739217,57.83444832,12.30739376,2.800,2.500,74.10,6.15,1.640,0.86,6,6,1,GPS Fix (SPS),Stopped
1770569961.9014478,57.83444550,12.30739633,57.83444691,12.30739505,2.800,2.500,74.20,6.15,1.640,1.05,6,6,1,GPS Fix (SPS),Stopped
1770569962.8896914,57.83444867,12.30739767,57.83444779,12.30739636,2.800,2.500,74.20,6.15,1.640,1.03,6,6,1,GPS Fix (SPS),Stopped
1770569963.9061933,57.83445183,12.30739683,57.83444981,12.30739660,2.800,2.500,74.40,6.15,1.640,0.98,6,6,1,GPS Fix (SPS),Stopped
1770569964.9091697,57.83444967,12.30740400,57.83444974,12.30740030,2.800,2.500,74.40,6.15,1.640,1.31,6,6,1,GPS Fix (SPS),Forward
1770569965.9028227,57.83444017,12.30740400,57.83444495,12.30740215,2.800,2.500,74.30,6.15,1.640,1.16,6,6,1,GPS Fix (SPS),Stopped
1770569966.908744,57.83443067,12.30740183,57.83443781,12.30740199,2.800,2.500,74.10,6.15,1.640,1.33,6,6,1,GPS Fix (SPS),Stopped
1770569967.903153,57.83442467,12.30739183,57.83443124,12.30739691,2.800,2.500,73.70,6.15,1.640,1.25,6,6,1,GPS Fix (SPS),Reverse
1770569968.898282,57.83442183,12.30737783,57.83442654,12.30738737,2.800,2.500,73.50,6.15,1.640,1.41,6,6,1,GPS Fix (SPS),Reverse
1770569969.9054122,57.83441300,12.30737467,57.83441977,12.30738102,2.800,2.500,73.20,6.15,1.640,1.66,6,6,1,GPS Fix (SPS),Reverse
1770569970.9091103,57.83440517,12.30737350,57.83441247,12.30737726,2.333,2.500,73.00,4.31,1.150,2.06,7,7,1,GPS Fix (SPS),Reverse
1770569971.9064243,57.83441167,12.30736950,57.83441207,12.30737338,2.333,2.500,72.80,4.31,1.150,0.94,7,7,1,GPS Fix (SPS),Reverse
1770569972.9126198,57.83442033,12.30736667,57.83441620,12.30737002,2.343,2.500,72.50,4.35,1.160,0.34,6,6,1,GPS Fix (SPS),Stopped
1770569973.9013386,57.83442717,12.30736500,57.83442168,12.30736751,2.343,2.500,72.50,4.35,1.160,0.63,6,6,1,GPS Fix (SPS),Stopped
1770569974.9012673,57.83443017,12.30735900,57.83442593,12.30736326,2.343,2.500,72.40,4.35,1.160,0.86,6,6,1,GPS Fix (SPS),Reverse
1770569975.907723,57.83443583,12.30735783,57.83443088,12.30736054,2.343,2.500,72.40,4.35,1.160,1.03,6,6,1,GPS Fix (SPS),Stopped
1770569976.9043834,57.83443300,12.30736017,57.83443194,12.30736036,2.343,2.500,72.40,4.35,1.160,0.32,6,6,1,GPS Fix (SPS),Stopped
1770569977.906774,57.83442250,12.30737033,57.83442722,12.30736534,2.343,2.500,72.00,4.35,1.160,1.18,6,6,1,GPS Fix (SPS),Forward
1770569978.9020123,57.83442533,12.30738533,57.83442628,12.30737534,2.343,2.500,71.80,4.35,1.160,1.54,6,6,1,GPS Fix (SPS),Forward
1770569979.908277,57.83442717,12.30737933,57.83442672,12.30737734,2.343,2.500,71.90,4.35,1.160,0.70,6,6,1,GPS Fix (SPS),Stopped
1770569980.9034317,57.83442300,12.30737567,57.83442486,12.30737650,2.343,2.500,71.80,4.35,1.160,0.83,6,6,1,GPS Fix (SPS),Stopped
1770569981.897944,57.83442717,12.30737633,57.83442601,12.30737642,2.343,2.500,72.00,4.35,1.160,0.46,6,6,1,GPS Fix (SPS),Stopped
1770569982.9033976,57.83442983,12.30738600,57.83442792,12.30738121,2.343,2.500,72.10,4.35,1.160,1.13,6,6,1,GPS Fix (SPS),Forward
1770569983.8993013,57.83443067,12.30739567,57.83442930,12.30738844,2.343,2.500,72.20,4.35,1.160,1.54,6,6,1,GPS Fix (SPS),Forward
1770569984.894092,57.83443983,12.30739583,57.83443456,12.30739214,2.343,2.500,72.30,4.35,1.160,1.46,6,6,1,GPS Fix (SPS),Forward
1770569985.903214,57.83444567,12.30740350,57.83444012,12.30739782,2.343,2.500,72.40,4.35,1.160,1.97,6,6,1,GPS Fix (SPS),Forward
1770569986.8968663,57.83444033,12.30740533,57.83444022,12.30740158,2.343,2.500,72.30,4.35,1.160,1.47,6,6,1,GPS Fix (SPS),Forward
1770569987.899126,57.83444100,12.30741033,57.83444061,12.30740595,2.343,2.500,72.00,4.35,1.160,1.69,6,6,1,GPS Fix (SPS),Forward
1770569988.9068706,57.83444350,12.30740000,57.83444206,12.30740298,2.343,2.500,72.00,4.35,1.160,0.64,6,6,1,GPS Fix (SPS),Stopped
1770569989.9113817,57.83443600,12.30740217,57.83443903,12.30740257,2.343,2.500,71.90,4.35,1.160,1.25,6,6,1,GPS Fix (SPS),Stopped
1770569990.9081924,57.83443900,12.30739950,57.83443901,12.30740104,2.343,2.500,71.80,4.35,1.160,0.69,6,6,1,GPS Fix (SPS),Stopped
1770569991.8992136,57.83443900,12.30739683,57.83443901,12.30739893,2.343,2.500,71.80,4.35,1.160,0.56,6,6,1,GPS Fix (SPS),Stopped
1770569992.9114778,57.83444183,12.30738633,57.83444042,12.30739263,2.343,2.500,71.80,4.35,1.160,0.30,6,6,1,GPS Fix (SPS),Reverse
1770569993.9048896,57.83444050,12.30737333,57.83444046,12.30738298,2.305,2.500,71.80,4.20,1.120,0.86,7,7,1,GPS Fix (SPS),Reverse
1770569994.9061067,57.83443633,12.30738900,57.83443840,12.30738599,2.305,2.500,71.70,4.20,1.120,1.28,7,7,1,GPS Fix (SPS),Stopped
1770569995.9012547,57.83443233,12.30739017,57.83443537,12.30738808,2.305,2.500,71.90,4.20,1.120,1.59,7,7,1,GPS Fix (SPS),Stopped
1770569996.8993115,57.83443183,12.30738417,57.83443360,12.30738612,2.305,2.500,72.40,4.20,1.120,1.12,7,7,1,GPS Fix (SPS),Stopped
1770569997.9069538,57.83443167,12.30738883,57.83443263,12.30738748,2.305,2.500,72.50,4.20,1.120,1.34,7,7,1,GPS Fix (SPS),Stopped
1770569998.9019706,57.83443667,12.30736883,57.83443465,12.30737816,2.305,2.500,72.50,4.20,1.120,0.21,7,7,1,GPS Fix (SPS),Reverse
1770569999.9041092,57.83444233,12.30736633,57.83443849,12.30737224,2.305,2.500,72.40,4.20,1.120,0.67,7,7,1,GPS Fix (SPS),Reverse
1770570000.9087822,57.83444483,12.30734833,57.83444166,12.30736029,2.305,2.500,72.40,4.20,1.120,1.24,7,7,1,GPS Fix (SPS),Reverse
1770570001.9058259,57.83443400,12.30734750,57.83443783,12.30735389,2.305,2.500,72.60,4.20,1.120,1.25,7,7,1,GPS Fix (SPS),Reverse
1770570002.8993196,57.83443283,12.30734117,57.83443533,12.30734753,2.305,2.500,72.70,4.20,1.120,1.04,7,7,1,GPS Fix (SPS),Reverse
1770570003.909137,57.83442817,12.30734133,57.83443175,12.30734443,2.305,2.500,72.80,4.20,1.120,1.19,7,7,1,GPS Fix (SPS),Stopped
1770570004.8991237,57.83442133,12.30734333,57.83442654,12.30734388,2.305,2.500,73.00,4.20,1.120,1.70,7,7,1,GPS Fix (SPS),Stopped
1770570005.9043925,57.83442367,12.30732750,57.83442510,12.30733569,2.305,2.500,73.00,4.20,1.120,1.52,7,7,1,GPS Fix (SPS),Reverse
1770570006.8990896,57.83442550,12.30733533,57.83442530,12.30733551,2.305,2.500,73.10,4.20,1.120,0.44,7,7,1,GPS Fix (SPS),Stopped
1770570007.905947,57.83442600,12.30733367,57.83442565,12.30733459,2.305,2.500,73.10,4.20,1.120,0.32,7,7,1,GPS Fix (SPS),Stopped
1770570008.9015646,57.83442367,12.30734050,57.83442466,12.30733754,2.305,2.500,73.50,4.20,1.120,0.73,7,7,1,GPS Fix (SPS),Stopped
1770570009.8967245,57.83442767,12.30733433,57.83442616,12.30733594,2.305,2.500,73.50,4.20,1.120,0.08,7,7,1,GPS Fix (SPS),Stopped
1770570010.901707,57.83442633,12.30732783,57.83442625,12.30733189,2.610,2.500,73.60,5.40,1.440,0.53,5,5,1,GPS Fix (SPS),Reverse
1770570011.8830776,57.83441867,12.30731750,57.83442246,12.30732469,2.610,2.500,73.80,5.40,1.440,1.65,5,5,1,GPS Fix (SPS),Reverse
1770570012.90179,57.83441883,12.30731033,57.83442065,12.30731751,2.600,2.500,73.90,5.36,1.430,1.59,6,6,1,GPS Fix (SPS),Reverse
1770570013.8981557,57.83441283,12.30730950,57.83441674,12.30731351,2.600,2.500,74.30,5.36,1.430,1.90,6,6,1,GPS Fix (SPS),Reverse
1770570014.9029996,57.83441400,12.30731933,57.83441537,12.30731642,2.600,2.500,75.20,5.36,1.430,0.98,6,6,1,GPS Fix (SPS),Stopped
1770570015.8978488,57.83441533,12.30730917,57.83441535,12.30731279,2.600,2.500,76.10,5.36,1.430,1.02,6,6,1,GPS Fix (SPS),Reverse
1770570016.9030378,57.83442083,12.30731050,57.83441809,12.30731165,2.600,2.500,76.80,5.36,1.430,0.39,6,6,1,GPS Fix (SPS),Stopped
1770570017.883138,57.83442817,12.30732133,57.83442313,12.30731649,2.600,2.500,77.30,5.36,1.430,1.01,6,6,1,GPS Fix (SPS),Forward
1770570018.9031098,57.83442767,12.30732100,57.83442540,12.30731874,2.886,2.500,77.90,6.49,1.730,0.64,5,5,1,GPS Fix (SPS),Stopped
1770570019.897888,57.83442967,12.30732017,57.83442753,12.30731946,2.886,2.500,78.30,6.49,1.730,0.61,5,5,1,GPS Fix (SPS),Stopped
1770570020.905097,57.83443683,12.30731667,57.83443218,12.30731806,2.886,2.500,78.50,6.49,1.730,0.67,5,5,1,GPS Fix (SPS),Stopped
1770570021.900605,57.83444133,12.30731033,57.83443676,12.30731420,2.600,2.500,78.80,5.36,1.430,0.77,6,6,1,GPS Fix (SPS),Reverse
1770570022.9056244,57.83443733,12.30733733,57.83443705,12.30732577,2.600,2.500,79.00,5.36,1.430,1.21,6,6,1,GPS Fix (SPS),Forward
1770570023.9007308,57.83443650,12.30731633,57.83443677,12.30732105,2.600,2.500,79.40,5.36,1.430,0.51,6,6,1,GPS Fix (SPS),Reverse
1770570024.8950381,57.83443633,12.30731033,57.83443655,12.30731569,2.600,2.500,79.90,5.36,1.430,0.75,6,6,1,GPS Fix (SPS),Reverse
1770570025.9007244,57.83443833,12.30730717,57.83443744,12.30731143,2.886,2.500,80.20,6.49,1.730,0.43,5,5,1,GPS Fix (SPS),Reverse
1770570026.9051754,57.83443300,12.30729267,57.83443522,12.30730205,2.886,2.500,80.40,6.49,1.730,1.48,5,5,1,GPS Fix (SPS),Reverse
1770570027.9022582,57.83442383,12.30731067,57.83442953,12.30730636,2.600,2.500,80.20,5.36,1.430,2.04,6,6,1,GPS Fix (SPS),Forward
1770570028.9067173,57.83443717,12.30730550,57.83443335,12.30730593,2.600,2.500,80.30,5.36,1.430,0.42,6,6,1,GPS Fix (SPS),Stopped
1770570029.9027467,57.83444450,12.30729150,57.83443892,12.30729871,2.600,2.500,80.30,5.36,1.430,0.26,6,6,1,GPS Fix (SPS),Reverse
1770570030.9074862,57.83444933,12.30729467,57.83444413,12.30729669,2.600,2.500,80.60,5.36,1.430,0.39,6,6,1,GPS Fix (SPS),Stopped
1770570031.902442,57.83444067,12.30732617,57.83444240,12.30731143,2.600,2.500,80.90,5.36,1.430,1.62,6,6,1,GPS Fix (SPS),Forward
1770570032.897287,57.83444583,12.30730750,57.83444412,12.30730946,2.600,2.500,81.10,5.36,1.430,0.07,6,6,1,GPS Fix (SPS),Stopped
1770570033.9024355,57.83444217,12.30730117,57.83444314,12.30730532,2.600,2.500,81.10,5.36,1.430,0.65,6,6,1,GPS Fix (SPS),Reverse
1770570034.9093072,57.83444850,12.30728883,57.83444582,12.30729707,2.895,2.500,81.10,6.52,1.740,0.98,5,5,1,GPS Fix (SPS),Reverse
1770570035.8940568,57.83444933,12.30728800,57.83444758,12.30729254,2.895,2.500,80.90,6.52,1.740,1.04,5,5,1,GPS Fix (SPS),Reverse
1770570036.8982594,57.83444833,12.30729600,57.83444796,12.30729427,2.895,2.500,81.10,6.52,1.740,0.42,5,5,1,GPS Fix (SPS),Stopped
1770570037.9034154,57.83445033,12.30731183,57.83444914,12.30730305,2.895,2.500,81.00,6.52,1.740,0.57,5,5,1,GPS Fix (SPS),Forward
1770570038.898203,57.83445100,12.30730883,57.83445007,12.30730594,2.895,2.500,81.10,6.52,1.740,0.21,5,5,1,GPS Fix (SPS),Stopped
1770570039.9034307,57.83445733,12.30730483,57.83445370,12.30730539,2.571,2.500,81.10,5.25,1.400,0.66,6,6,1,GPS Fix (SPS),Stopped
1770570040.8992658,57.83446267,12.30730950,57.83445818,12.30730744,2.571,2.500,81.10,5.25,1.400,0.72,6,6,1,GPS Fix (SPS),Stopped
1770570041.9060292,57.83445883,12.30731183,57.83445851,12.30730964,2.571,2.500,81.10,5.25,1.400,0.30,6,6,1,GPS Fix (SPS),Stopped
1770570042.900246,57.83446067,12.30731667,57.83445959,12.30731315,2.571,2.500,81.30,5.25,1.400,0.48,6,6,1,GPS Fix (SPS),Forward
1770570043.9062293,57.83445950,12.30732233,57.83445954,12.30731774,2.571,2.500,81.30,5.25,1.400,0.49,6,6,1,GPS Fix (SPS),Forward
1770570044.9004557,57.83445017,12.30732383,57.83445486,12.30732079,2.571,2.500,81.20,5.25,1.400,0.90,6,6,1,GPS Fix (SPS),Stopped
1770570045.9062066,57.83444550,12.30731583,57.83445018,12.30731831,2.571,2.500,81.50,5.25,1.400,1.40,6,6,1,GPS Fix (SPS),Stopped
1770570046.9005704,57.83443850,12.30733367,57.83444434,12.30732599,2.571,2.500,81.50,5.25,1.400,1.27,6,6,1,GPS Fix (SPS),Forward
1770570047.9055443,57.83445400,12.30734917,57.83444917,12.30733758,2.571,2.500,81.50,5.25,1.400,1.36,6,6,1,GPS Fix (SPS),Forward
1770570048.9023025,57.83446283,12.30735750,57.83445600,12.30734754,2.571,2.500,81.30,5.25,1.400,1.71,6,6,1,GPS Fix (SPS),Forward
1770570049.9072993,57.83445183,12.30734850,57.83445392,12.30734802,2.571,2.500,81.30,5.25,1.400,0.69,6,6,1,GPS Fix (SPS),Stopped
1770570050.9025571,57.83445583,12.30734783,57.83445488,12.30734793,2.571,2.500,81.20,5.25,1.400,0.36,6,6,1,GPS Fix (SPS),Stopped
1770570051.8837094,57.83446817,12.30734417,57.83446152,12.30734605,2.571,2.500,81.20,5.25,1.400,0.40,6,6,1,GPS Fix (SPS),Stopped
1770570052.902326,57.83446783,12.30734800,57.83446468,12.30734702,2.571,2.500,80.90,5.25,1.400,0.14,6,6,1,GPS Fix (SPS),Stopped
1770570053.8979151,57.83446750,12.30734033,57.83446609,12.30734368,2.895,2.500,80.80,6.52,1.740,0.82,5,5,1,GPS Fix (SPS),Stopped
1770570054.902688,57.83447067,12.30733683,57.83446838,12.30734026,2.895,2.500,80.70,6.52,1.740,0.86,5,5,1,GPS Fix (SPS),Reverse
1770570055.9016786,57.83445883,12.30733283,57.83446361,12.30733654,2.895,2.500,80.60,6.52,1.740,1.87,5,5,1,GPS Fix (SPS),Reverse
1770570056.9039726,57.83445750,12.30732100,57.83446055,12.30732877,2.571,2.500,80.40,5.25,1.400,2.23,6,6,1,GPS Fix (SPS),Reverse
1770570057.8993142,57.83445417,12.30731533,57.83445736,12.30732205,2.571,2.500,80.30,5.25,1.400,2.36,6,6,1,GPS Fix (SPS),Reverse
1770570058.9019425,57.83446667,12.30730917,57.83446201,12.30731561,2.571,2.500,80.30,5.25,1.400,1.71,6,6,1,GPS Fix (SPS),Reverse
1770570059.9094317,57.83447733,12.30731133,57.83446967,12.30731347,2.505,2.500,80.80,4.99,1.330,1.08,7,7,1,GPS Fix (SPS),Stopped
1770570060.915736,57.83447367,12.30731233,57.83447167,12.30731290,2.505,2.500,81.10,4.99,1.330,1.07,7,7,1,GPS Fix (SPS),Stopped
1770570061.9066775,57.83447100,12.30730383,57.83447133,12.30730837,2.505,2.500,81.00,4.99,1.330,1.69,7,7,1,GPS Fix (SPS),Reverse
1770570062.9064608,57.83447050,12.30731583,57.83447092,12.30731210,2.505,2.500,81.40,4.99,1.330,1.00,7,7,1,GPS Fix (SPS),Forward
1770570063.911602,57.83448633,12.30732233,57.83447863,12.30731722,2.505,2.500,81.60,4.99,1.330,0.91,7,7,1,GPS Fix (SPS),Forward
1770570064.9061294,57.83448467,12.30731450,57.83448165,12.30731586,2.505,2.500,82.20,4.99,1.330,0.04,7,7,1,GPS Fix (SPS),Stopped
1770570065.906909,57.83448183,12.30731600,57.83448174,12.30731593,2.505,2.500,82.30,4.99,1.330,0.33,7,7,1,GPS Fix (SPS),Stopped
1770570066.9053237,57.83448350,12.30731933,57.83448262,12.30731763,2.505,2.500,82.70,4.99,1.330,0.41,7,7,1,GPS Fix (SPS),Stopped
1770570067.901565,57.83447817,12.30732850,57.83448039,12.30732307,2.505,2.500,82.40,4.99,1.330,0.90,7,7,1,GPS Fix (SPS),Forward
1770570068.9079294,57.83448333,12.30732367,57.83448186,12.30732337,2.505,2.500,82.20,4.99,1.330,0.68,7,7,1,GPS Fix (SPS),Stopped
1770570069.9066768,57.83448450,12.30732200,57.83448318,12.30732268,2.505,2.500,81.90,4.99,1.330,0.62,7,7,1,GPS Fix (SPS),Stopped
1770570070.907263,57.83448683,12.30731767,57.83448501,12.30732017,2.505,2.500,81.60,4.99,1.330,0.85,7,7,1,GPS Fix (SPS),Stopped
1770570071.8994515,57.83448517,12.30730767,57.83448509,12.30731392,2.505,2.500,81.00,4.99,1.330,1.09,7,7,1,GPS Fix (SPS),Reverse
1770570072.9062314,57.83447950,12.30730967,57.83448229,12.30731179,2.505,2.500,80.50,4.99,1.330,0.56,7,7,1,GPS Fix (SPS),Stopped
1770570073.903019,57.83447850,12.30730700,57.83448040,12.30730940,2.505,2.500,79.70,4.99,1.330,0.54,7,7,1,GPS Fix (SPS),Stopped
1770570074.9091122,57.83447433,12.30730350,57.83447737,12.30730645,2.505,2.500,79.20,4.99,1.330,0.91,7,7,1,GPS Fix (SPS),Stopped
1770570075.9054458,57.83446800,12.30730017,57.83447268,12.30730331,2.505,2.500,78.80,4.99,1.330,1.42,7,7,1,GPS Fix (SPS),Stopped
1770570076.9121156,57.83447683,12.30730967,57.83447476,12.30730649,2.505,2.500,78.60,4.99,1.330,0.34,7,7,1,GPS Fix (SPS),Stopped
1770570077.9059012,57.83447783,12.30731433,57.83447630,12.30731041,2.505,2.500,78.10,4.99,1.330,0.52,7,7,1,GPS Fix (SPS),Forward
1770570078.907214,57.83446967,12.30730600,57.83447298,12.30730821,2.505,2.500,77.60,4.99,1.330,1.02,7,7,1,GPS Fix (SPS),Stopped
1770570079.9083538,57.83446467,12.30729400,57.83446882,12.30730110,2.505,2.500,77.40,4.99,1.330,1.69,7,7,1,GPS Fix (SPS),Reverse
1770570080.9010756,57.83446417,12.30728367,57.83446650,12.30729238,2.505,2.500,77.10,4.99,1.330,1.83,7,7,1,GPS Fix (SPS),Reverse
1770570081.906,57.83446183,12.30729033,57.83446416,12.30729136,2.571,2.500,77.00,5.25,1.400,1.15,6,6,1,GPS Fix (SPS),Stopped
1770570082.9039755,57.83447217,12.30728783,57.83446817,12.30728960,2.505,2.500,76.60,4.99,1.330,0.08,7,7,1,GPS Fix (SPS),Stopped
1770570083.9096797,57.83447550,12.30728083,57.83447183,12.30728521,2.505,2.500,76.20,4.99,1.330,0.74,7,7,1,GPS Fix (SPS),Reverse
1770570084.90548,57.83448750,12.30726833,57.83447967,12.30727677,2.505,2.500,75.80,4.99,1.330,1.70,7,7,1,GPS Fix (SPS),Reverse
1770570085.9084501,57.83450000,12.30726950,57.83448983,12.30727314,2.505,2.500,75.30,4.99,1.330,2.64,7,7,1,GPS Fix (SPS),Reverse
1770570086.8991373,57.83450267,12.30727167,57.83449625,12.30727240,2.505,2.500,75.20,4.99,1.330,2.40,7,7,1,GPS Fix (SPS),Stopped
1770570087.9079614,57.83449800,12.30727450,57.83449712,12.30727345,2.505,2.500,74.80,4.99,1.330,1.47,7,7,1,GPS Fix (SPS),Stopped
1770570088.8991783,57.83450050,12.30726600,57.83449881,12.30726973,2.505,2.500,74.40,4.99,1.330,1.26,7,7,1,GPS Fix (SPS),Reverse
1770570089.9013,57.83449450,12.30727067,57.83449666,12.30727020,2.505,2.500,74.20,4.99,1.330,0.79,7,7,1,GPS Fix (SPS),Stopped
1770570090.899225,57.83448983,12.30726933,57.83449324,12.30726976,2.505,2.500,73.70,4.99,1.330,0.55,7,7,1,GPS Fix (SPS),Stopped
1770570091.9039276,57.83449300,12.30726950,57.83449312,12.30726963,2.505,2.500,73.60,4.99,1.330,0.76,7,7,1,GPS Fix (SPS),Stopped
1770570092.8994281,57.83448800,12.30726783,57.83449056,12.30726873,2.505,2.500,73.50,4.99,1.330,0.17,7,7,1,GPS Fix (SPS),Stopped
1770570093.8994815,57.83447400,12.30726417,57.83448228,12.30726645,2.505,2.500,73.70,4.99,1.330,1.32,7,7,1,GPS Fix (SPS),Stopped
1770570094.904114,57.83447583,12.30726733,57.83447906,12.30726689,2.505,2.500,74.00,4.99,1.330,0.63,7,7,1,GPS Fix (SPS),Stopped
1770570095.9022486,57.83445817,12.30729533,57.83446861,12.30728111,2.505,2.500,74.00,4.99,1.330,2.52,7,7,1,GPS Fix (SPS),Forward
1770570096.9032953,57.83446533,12.30729600,57.83446697,12.30728856,2.505,2.500,74.00,4.99,1.330,1.90,7,7,1,GPS Fix (SPS),Forward
1770570097.9110806,57.83446167,12.30730133,57.83446432,12.30729494,2.505,2.500,73.90,4.99,1.330,1.98,7,7,1,GPS Fix (SPS),Forward
1770570098.9065807,57.83445917,12.30729633,57.83446174,12.30729564,2.505,2.500,73.70,4.99,1.330,1.15,7,7,1,GPS Fix (SPS),Stopped
1770570099.9118395,57.83445017,12.30730067,57.83445595,12.30729815,2.305,2.500,74.00,4.20,1.120,1.50,8,8,1,GPS Fix (SPS),Stopped
1770570100.909067,57.83444483,12.30730433,57.83445039,12.30730124,2.305,2.500,74.00,4.20,1.120,1.80,8,8,1,GPS Fix (SPS),Stopped
1770570101.9131136,57.83443967,12.30731217,57.83444503,12.30730670,2.305,2.500,74.20,4.20,1.120,1.95,8,8,1,GPS Fix (SPS),Forward
1770570102.905413,57.83444233,12.30730683,57.83444368,12.30730677,2.305,2.500,74.10,4.20,1.120,0.94,8,8,1,GPS Fix (SPS),Stopped
1770570103.916018,57.83444500,12.30730183,57.83444434,12.30730430,2.305,2.500,74.50,4.20,1.120,0.94,8,8,1,GPS Fix (SPS),Stopped
1770570104.9109194,57.83444317,12.30729433,57.83444375,12.30729932,2.305,2.500,74.70,4.20,1.120,0.38,8,8,1,GPS Fix (SPS),Reverse
1770570105.902205,57.83444150,12.30729050,57.83444263,12.30729491,2.305,2.500,75.00,4.20,1.120,0.36,8,8,1,GPS Fix (SPS),Reverse
1770570106.9110098,57.83443983,12.30728483,57.83444123,12.30728987,2.305,2.500,75.00,4.20,1.120,0.46,8,8,1,GPS Fix (SPS),Reverse
1770570107.9067376,57.83444567,12.30728400,57.83444345,12.30728694,2.305,2.500,75.00,4.20,1.120,1.63,8,8,1,GPS Fix (SPS),Stopped
1770570108.9066117,57.83444383,12.30728067,57.83444364,12.30728380,2.305,2.500,75.50,4.20,1.120,1.04,8,8,1,GPS Fix (SPS),Stopped
1770570109.908252,57.83444050,12.30726950,57.83444207,12.30727665,2.305,2.500,75.80,4.20,1.120,1.21,8,8,1,GPS Fix (SPS),Reverse
1770570110.9097729,57.83443833,12.30726233,57.83444020,12.30726949,2.305,2.500,75.80,4.20,1.120,1.17,8,8,1,GPS Fix (SPS),Reverse
1770570111.9060876,57.83444100,12.30725633,57.83444060,12.30726291,2.305,2.500,75.90,4.20,1.120,1.24,8,8,1,GPS Fix (SPS),Reverse
1770570112.907621,57.83443567,12.30725783,57.83443813,12.30726037,2.305,2.500,76.00,4.20,1.120,0.62,8,8,1,GPS Fix (SPS),Stopped
1770570113.913191,57.83443467,12.30725367,57.83443640,12.30725702,2.524,2.500,75.90,5.06,1.350,0.71,7,7,1,GPS Fix (SPS),Stopped
1770570114.9058995,57.83442567,12.30726883,57.83443103,12.30726293,2.524,2.500,76.10,5.06,1.350,0.92,7,7,1,GPS Fix (SPS),Forward
1770570115.9065313,57.83443033,12.30724867,57.83443068,12.30725580,2.524,2.500,76.20,5.06,1.350,0.74,7,7,1,GPS Fix (SPS),Reverse
1770570116.906025,57.83443100,12.30722900,57.83443084,12.30724240,2.305,2.500,76.40,4.20,1.120,1.48,8,8,1,GPS Fix (SPS),Reverse
1770570117.8993187,57.83443767,12.30720017,57.83443425,12.30722128,2.305,2.500,76.20,4.20,1.120,2.22,8,8,1,GPS Fix (SPS),Reverse
1770570118.9067357,57.83444533,12.30715417,57.83443979,12.30718772,2.305,2.500,75.80,4.20,1.120,4.09,8,8,1,GPS Fix (SPS),Reverse
1770570119.9064295,57.83445283,12.30712800,57.83444631,12.30715786,2.305,2.500,75.20,4.20,1.120,4.32,8,8,1,GPS Fix (SPS),Reverse
1770570120.9160645,57.83446417,12.30708267,57.83445524,12.30712026,2.305,2.500,74.70,4.20,1.120,5.76,8,8,1,GPS Fix (SPS),Reverse
1770570121.8996892,57.83445650,12.30709017,57.83445587,12.30710522,2.305,2.500,74.10,4.20,1.120,4.43,8,8,1,GPS Fix (SPS),Reverse
1770570122.9059684,57.83445417,12.30710633,57.83445502,12.30710577,2.524,2.500,74.10,5.06,1.350,2.74,7,7,1,GPS Fix (SPS),Stopped
1770570123.9078457,57.83445217,12.30711817,57.83445359,12.30711197,2.524,2.500,74.00,5.06,1.350,1.68,7,7,1,GPS Fix (SPS),Forward
1770570124.9093194,57.83445000,12.30712450,57.83445180,12.30711824,2.524,2.500,73.80,5.06,1.350,1.29,7,7,1,GPS Fix (SPS),Forward
1770570125.9070232,57.83444667,12.30713167,57.83444923,12.30712495,2.524,2.500,73.90,5.06,1.350,0.95,7,7,1,GPS Fix (SPS),Forward
1770570126.901821,57.83443667,12.30714133,57.83444295,12.30713314,2.524,2.500,73.80,5.06,1.350,1.36,7,7,1,GPS Fix (SPS),Forward
1770570127.912549,57.83443767,12.30715483,57.83444031,12.30714399,2.524,2.500,73.70,5.06,1.350,0.67,7,7,1,GPS Fix (SPS),Forward
1770570128.9060187,57.83444150,12.30716933,57.83444090,12.30715666,2.524,2.500,73.60,5.06,1.350,0.72,7,7,1,GPS Fix (SPS),Forward
1770570129.9123738,57.83444517,12.30718300,57.83444304,12.30716983,2.524,2.500,73.60,5.06,1.350,1.21,7,7,1,GPS Fix (SPS),Forward
1770570130.908251,57.83444533,12.30719250,57.83444418,12.30718117,2.305,2.500,73.30,4.20,1.120,1.12,8,8,1,GPS Fix (SPS),Forward
1770570131.9112785,57.83444633,12.30720400,57.83444526,12.30719258,2.305,2.500,73.20,4.20,1.120,0.96,8,8,1,GPS Fix (SPS),Forward
1770570132.9066358,57.83444767,12.30721167,57.83444646,12.30720212,2.305,2.500,73.30,4.20,1.120,0.73,8,8,1,GPS Fix (SPS),Forward
1770570133.9061508,57.83445233,12.30722033,57.83444940,12.30721123,2.305,2.500,73.30,4.20,1.120,1.24,8,8,1,GPS Fix (SPS),Forward
1770570134.9074895,57.83445100,12.30723100,57.83445020,12.30722111,2.305,2.500,73.60,4.20,1.120,0.99,8,8,1,GPS Fix (SPS),Forward
1770570135.9092174,57.83445017,12.30722300,57.83445018,12.30722206,2.305,2.500,73.90,4.20,1.120,0.81,8,8,1,GPS Fix (SPS),Stopped
1770570136.906827,57.83444850,12.30723083,57.83444934,12.30722645,2.305,2.500,74.50,4.20,1.120,0.35,8,8,1,GPS Fix (SPS),Forward
1770570137.9063609,57.83444517,12.30723367,57.83444725,12.30723006,2.305,2.500,74.80,4.20,1.120,0.51,8,8,1,GPS Fix (SPS),Forward
1770570138.907053,57.83443717,12.30723500,57.83444221,12.30723253,2.305,2.500,75.00,4.20,1.120,1.37,8,8,1,GPS Fix (SPS),Stopped
1770570139.8993995,57.83443683,12.30723933,57.83443952,12.30723593,2.305,2.500,75.40,4.20,1.120,0.61,8,8,1,GPS Fix (SPS),Forward
1770570140.9070332,57.83443050,12.30724333,57.83443501,12.30723963,2.305,2.500,75.60,4.20,1.120,1.09,8,8,1,GPS Fix (SPS),Forward
1770570141.9072342,57.83442983,12.30725050,57.83443242,12.30724507,2.305,2.500,75.60,4.20,1.120,0.56,8,8,1,GPS Fix (SPS),Forward
1770570142.9059784,57.83442917,12.30725450,57.83443079,12.30724978,2.305,2.500,75.80,4.20,1.120,0.40,8,8,1,GPS Fix (SPS),Forward
1770570143.9158328,57.83442300,12.30725217,57.83442690,12.30725097,2.305,2.500,76.10,4.20,1.120,1.40,8,8,1,GPS Fix (SPS),Stopped
1770570144.907292,57.83442517,12.30725833,57.83442603,12.30725465,2.305,2.500,76.30,4.20,1.120,0.58,8,8,1,GPS Fix (SPS),Forward
1770570145.9139466,57.83442050,12.30726567,57.83442327,12.30726016,2.305,2.500,76.70,4.20,1.120,0.92,8,8,1,GPS Fix (SPS),Forward
1770570146.9073305,57.83441417,12.30726983,57.83441872,12.30726500,2.305,2.500,77.00,4.20,1.120,1.38,8,8,1,GPS Fix (SPS),Forward
1770570147.8993478,57.83441500,12.30727350,57.83441686,12.30726925,2.305,2.500,77.30,4.20,1.120,0.63,8,8,1,GPS Fix (SPS),Forward
1770570148.9052691,57.83440717,12.30727900,57.83441201,12.30727412,2.295,2.500,77.50,4.16,1.110,1.35,8,8,1,GPS Fix (SPS),Forward
1770570149.90214,57.83441400,12.30729050,57.83441301,12.30728231,2.295,2.500,77.70,4.16,1.110,0.80,8,8,1,GPS Fix (SPS),Forward
1770570150.9084833,57.83441017,12.30731167,57.83441159,12.30729699,2.295,2.500,78.20,4.16,1.110,1.86,8,8,1,GPS Fix (SPS),Forward
1770570151.9055965,57.83441167,12.30732833,57.83441163,12.30731266,2.295,2.500,78.70,4.16,1.110,2.24,8,8,1,GPS Fix (SPS),Forward
1770570152.9057949,57.83441433,12.30731450,57.83441298,12.30731358,2.505,2.500,79.00,4.99,1.330,0.27,7,7,1,GPS Fix (SPS),Stopped
1770570153.9080796,57.83442067,12.30732383,57.83441682,12.30731871,2.505,2.500,78.90,4.99,1.330,0.90,7,7,1,GPS Fix (SPS),Forward
1770570154.8990211,57.83442917,12.30733167,57.83442299,12.30732519,2.505,2.500,79.00,4.99,1.330,1.59,7,7,1,GPS Fix (SPS),Forward
1770570155.9085631,57.83443633,12.30732367,57.83442966,12.30732443,2.505,2.500,79.10,4.99,1.330,1.31,7,7,1,GPS Fix (SPS),Stopped
1770570156.9048972,57.83443883,12.30732550,57.83443425,12.30732496,2.505,2.500,79.30,4.99,1.330,1.14,7,7,1,GPS Fix (SPS),Stopped
1770570157.9060557,57.83443767,12.30732550,57.83443596,12.30732523,2.505,2.500,79.50,4.99,1.330,0.32,7,7,1,GPS Fix (SPS),Stopped
1770570158.9050803,57.83444683,12.30733233,57.83444140,12.30732878,2.505,2.500,79.50,4.99,1.330,1.37,7,7,1,GPS Fix (SPS),Forward
1770570159.9084816,57.83445217,12.30733183,57.83444678,12.30733031,2.505,2.500,79.80,4.99,1.330,1.19,7,7,1,GPS Fix (SPS),Stopped
1770570160.9058957,57.83445833,12.30732350,57.83445256,12.30732690,2.505,2.500,79.90,4.99,1.330,1.46,7,7,1,GPS Fix (SPS),Reverse
1770570161.899155,57.83446883,12.30733517,57.83446070,12.30733104,2.505,2.500,80.10,4.99,1.330,2.18,7,7,1,GPS Fix (SPS),Forward
1770570162.8933246,57.83446750,12.30733150,57.83446410,12.30733127,2.505,2.500,80.20,4.99,1.330,1.20,7,7,1,GPS Fix (SPS),Stopped
1770570163.8994555,57.83446517,12.30732133,57.83446463,12.30732630,2.505,2.500,80.10,4.99,1.330,0.95,7,7,1,GPS Fix (SPS),Reverse
1770570164.9084518,57.83446200,12.30732817,57.83446332,12.30732723,2.505,2.500,80.30,4.99,1.330,0.25,7,7,1,GPS Fix (SPS),Stopped
1770570165.907066,57.83445633,12.30733900,57.83445982,12.30733312,2.505,2.500,80.00,4.99,1.330,0.95,7,7,1,GPS Fix (SPS),Forward
1770570166.9073477,57.83445067,12.30734933,57.83445525,12.30734123,2.505,2.500,79.80,4.99,1.330,1.44,7,7,1,GPS Fix (SPS),Forward
1770570167.9063494,57.83444817,12.30736067,57.83445171,12.30735095,2.505,2.500,79.70,4.99,1.330,1.89,7,7,1,GPS Fix (SPS),Forward
1770570168.9128995,57.83444617,12.30736583,57.83444894,12.30735839,2.505,2.500,79.60,4.99,1.330,1.83,7,7,1,GPS Fix (SPS),Forward
1770570169.9080691,57.83444067,12.30735983,57.83444480,12.30735911,2.505,2.500,79.50,4.99,1.330,1.42,7,7,1,GPS Fix (SPS),Stopped
1770570170.9043489,57.83444350,12.30736967,57.83444415,12.30736439,2.505,2.500,79.20,4.99,1.330,1.54,7,7,1,GPS Fix (SPS),Forward
1770570171.8993955,57.83444583,12.30737100,57.83444499,12.30736769,2.505,2.500,79.20,4.99,1.330,1.14,7,7,1,GPS Fix (SPS),Stopped
1770570172.906558,57.83444117,12.30737250,57.83444308,12.30737010,2.505,2.500,79.10,4.99,1.330,0.83,7,7,1,GPS Fix (SPS),Stopped
1770570173.9024334,57.83442767,12.30739383,57.83443537,12.30738197,2.505,2.500,78.80,4.99,1.330,2.42,7,7,1,GPS Fix (SPS),Forward
1770570174.9049208,57.83441383,12.30739700,57.83442460,12.30738948,2.505,2.500,78.60,4.99,1.330,2.69,7,7,1,GPS Fix (SPS),Forward
1770570175.901444,57.83441417,12.30739217,57.83441938,12.30739082,2.505,2.500,78.00,4.99,1.330,1.64,7,7,1,GPS Fix (SPS),Stopped
1770570176.8992481,57.83440433,12.30738900,57.83441186,12.30738991,2.505,2.500,77.60,4.99,1.330,2.02,7,7,1,GPS Fix (SPS),Stopped
1770570177.8993375,57.83439683,12.30736533,57.83440435,12.30737762,2.505,2.500,77.20,4.99,1.330,3.23,7,7,1,GPS Fix (SPS),Reverse
1770570178.9081476,57.83440750,12.30735683,57.83440592,12.30736723,2.505,2.500,77.00,4.99,1.330,1.89,7,7,1,GPS Fix (SPS),Reverse
1770570179.8991334,57.83441100,12.30734117,57.83440846,12.30735420,2.505,2.500,76.60,4.99,1.330,2.29,7,7,1,GPS Fix (SPS),Reverse
1770570180.8999364,57.83441283,12.30733583,57.83441065,12.30734502,2.505,2.500,76.40,4.99,1.330,1.79,7,7,1,GPS Fix (SPS),Reverse
1770570181.901427,57.83441700,12.30734067,57.83441382,12.30734284,2.505,2.500,76.10,4.99,1.330,0.72,7,7,1,GPS Fix (SPS),Stopped
1770570182.898321,57.83442033,12.30734167,57.83441708,12.30734225,2.505,2.500,76.00,4.99,1.330,0.35,7,7,1,GPS Fix (SPS),Stopped
1770570183.9038038,57.83442667,12.30734583,57.83442187,12.30734404,2.505,2.500,75.80,4.99,1.330,0.53,7,7,1,GPS Fix (SPS),Stopped
1770570184.8992364,57.83442900,12.30734433,57.83442544,12.30734419,2.505,2.500,75.30,4.99,1.330,0.44,7,7,1,GPS Fix (SPS),Stopped
1770570185.9059105,57.83443383,12.30734267,57.83442963,12.30734343,2.505,2.500,74.90,4.99,1.330,0.62,7,7,1,GPS Fix (SPS),Stopped
1770570186.9053378,57.83443483,12.30734333,57.83443223,12.30734338,2.505,2.500,74.40,4.99,1.330,0.50,7,7,1,GPS Fix (SPS),Stopped
1770570187.9069107,57.83443233,12.30733733,57.83443228,12.30734036,2.505,2.500,74.30,4.99,1.330,0.68,7,7,1,GPS Fix (SPS),Stopped
1770570188.902087,57.83443967,12.30733567,57.83443598,12.30733801,2.505,2.500,73.90,4.99,1.330,0.79,7,7,1,GPS Fix (SPS),Stopped
1770570189.9071748,57.83444267,12.30732733,57.83443932,12.30733267,2.505,2.500,73.40,4.99,1.330,1.26,7,7,1,GPS Fix (SPS),Reverse
1770570190.9023087,57.83444600,12.30732500,57.83444266,12.30732884,2.505,2.500,73.20,4.99,1.330,1.20,7,7,1,GPS Fix (SPS),Reverse
1770570191.8981943,57.83444183,12.30732317,57.83444225,12.30732600,2.505,2.500,72.90,4.99,1.330,1.14,7,7,1,GPS Fix (SPS),Stopped
1770570192.9050434,57.83444033,12.30732300,57.83444129,12.30732450,2.505,2.500,72.60,4.99,1.330,1.13,7,7,1,GPS Fix (SPS),Stopped
1770570193.9015784,57.83444400,12.30732867,57.83444265,12.30732658,2.505,2.500,72.30,4.99,1.330,0.33,7,7,1,GPS Fix (SPS),Stopped
1770570194.907141,57.83444883,12.30733983,57.83444574,12.30733321,2.505,2.500,72.00,4.99,1.330,0.66,7,7,1,GPS Fix (SPS),Forward
1770570195.900539,57.83444917,12.30733567,57.83444745,12.30733444,2.505,2.500,72.00,4.99,1.330,0.16,7,7,1,GPS Fix (SPS),Stopped
1770570196.9062006,57.83444517,12.30732717,57.83444631,12.30733080,2.505,2.500,72.10,4.99,1.330,1.06,7,7,1,GPS Fix (SPS),Reverse
1770570197.9052632,57.83445133,12.30733183,57.83444882,12.30733132,2.505,2.500,72.10,4.99,1.330,0.14,7,7,1,GPS Fix (SPS),Stopped
1770570198.9062872,57.83446183,12.30731767,57.83445533,12.30732449,2.505,2.500,72.10,4.99,1.330,1.19,7,7,1,GPS Fix (SPS),Reverse
1770570199.899769,57.83446850,12.30732950,57.83446191,12.30732700,2.505,2.500,72.10,4.99,1.330,1.25,7,7,1,GPS Fix (SPS),Stopped
1770570200.9035804,57.83446567,12.30732850,57.83446379,12.30732775,2.505,2.500,72.30,4.99,1.330,0.42,7,7,1,GPS Fix (SPS),Stopped
1770570201.9045472,57.83445950,12.30733467,57.83446165,12.30733121,2.505,2.500,72.60,4.99,1.330,0.79,7,7,1,GPS Fix (SPS),Forward
1770570202.8992872,57.83446150,12.30732283,57.83446157,12.30732702,2.505,2.500,72.60,4.99,1.330,0.50,7,7,1,GPS Fix (SPS),Reverse
1770570203.9040704,57.83446033,12.30732350,57.83446095,12.30732526,2.505,2.500,72.50,4.99,1.330,0.59,7,7,1,GPS Fix (SPS),Stopped
1770570204.910353,57.83446200,12.30733250,57.83446148,12.30732888,2.505,2.500,72.50,4.99,1.330,0.77,7,7,1,GPS Fix (SPS),Forward
1770570205.9049308,57.83447233,12.30731933,57.83446690,12.30732411,2.505,2.500,72.40,4.99,1.330,0.57,7,7,1,GPS Fix (SPS),Reverse
1770570206.899375,57.83447383,12.30730967,57.83447037,12.30731689,2.505,2.500,72.30,4.99,1.330,1.01,7,7,1,GPS Fix (SPS),Reverse
1770570207.9104059,57.83447950,12.30731067,57.83447493,12.30731378,2.505,2.500,72.30,4.99,1.330,0.89,7,7,1,GPS Fix (SPS),Stopped
1770570208.9067721,57.83448100,12.30731050,57.83447797,12.30731214,2.505,2.500,72.20,4.99,1.330,0.63,7,7,1,GPS Fix (SPS),Stopped
1770570209.9056878,57.83448667,12.30731183,57.83448232,12.30731199,2.505,2.500,72.00,4.99,1.330,0.83,7,7,1,GPS Fix (SPS),Stopped
1770570210.9065301,57.83448800,12.30731067,57.83448516,12.30731133,2.505,2.500,71.90,4.99,1.330,0.79,7,7,1,GPS Fix (SPS),Stopped
1770570211.9061637,57.83449067,12.30731717,57.83448791,12.30731425,2.505,2.500,71.80,4.99,1.330,0.33,7,7,1,GPS Fix (SPS),Stopped
1770570212.905647,57.83450400,12.30731383,57.83449596,12.30731404,2.505,2.500,71.50,4.99,1.330,0.97,7,7,1,GPS Fix (SPS),Stopped
1770570213.901623,57.83450867,12.30731850,57.83450231,12.30731627,2.505,2.500,71.00,4.99,1.330,0.80,7,7,1,GPS Fix (SPS),Stopped
1770570214.906175,57.83451317,12.30731933,57.83450774,12.30731780,2.505,2.500,71.00,4.99,1.330,0.80,7,7,1,GPS Fix (SPS),Stopped
1770570215.9077535,57.83452100,12.30732717,57.83451437,12.30732248,2.505,2.500,70.80,4.99,1.330,1.44,7,7,1,GPS Fix (SPS),Forward
1770570216.9086251,57.83451733,12.30732017,57.83451585,12.30732133,2.505,2.500,70.70,4.99,1.330,0.44,7,7,1,GPS Fix (SPS),Stopped
1770570217.8990269,57.83451833,12.30732333,57.83451709,12.30732233,2.505,2.500,70.20,4.99,1.330,0.24,7,7,1,GPS Fix (SPS),Stopped
1770570218.9071012,57.83451367,12.30731783,57.83451538,12.30732008,2.505,2.500,70.10,4.99,1.330,0.70,7,7,1,GPS Fix (SPS),Stopped
1770570219.899103,57.83451317,12.30731950,57.83451427,12.30731979,2.505,2.500,69.80,4.99,1.330,0.54,7,7,1,GPS Fix (SPS),Stopped
1770570220.902431,57.83451067,12.30731633,57.83451247,12.30731806,2.505,2.500,69.70,4.99,1.330,0.98,7,7,1,GPS Fix (SPS),Stopped
1770570221.8996978,57.83450800,12.30730850,57.83451023,12.30731328,2.505,2.500,69.80,4.99,1.330,1.66,7,7,1,GPS Fix (SPS),Reverse
1770570222.899384,57.83451067,12.30730417,57.83451045,12.30730872,2.505,2.500,69.90,4.99,1.330,1.16,7,7,1,GPS Fix (SPS),Reverse
1770570223.9079845,57.83451033,12.30730500,57.83451039,12.30730686,2.505,2.500,70.10,4.99,1.330,0.57,7,7,1,GPS Fix (SPS),Stopped
1770570224.8990676,57.83450900,12.30730367,57.83450970,12.30730526,2.505,2.500,70.40,4.99,1.330,0.49,7,7,1,GPS Fix (SPS),Stopped
1770570225.909079,57.83450683,12.30730300,57.83450826,12.30730413,2.505,2.500,70.50,4.99,1.330,0.60,7,7,1,GPS Fix (SPS),Stopped
1770570226.9057398,57.83450483,12.30730367,57.83450655,12.30730390,2.505,2.500,70.70,4.99,1.330,0.61,7,7,1,GPS Fix (SPS),Stopped
1770570227.90601,57.83450467,12.30730400,57.83450561,12.30730395,2.505,2.500,70.80,4.99,1.330,0.43,7,7,1,GPS Fix (SPS),Stopped
1770570228.9015796,57.83450583,12.30730733,57.83450572,12.30730564,2.505,2.500,70.90,4.99,1.330,0.23,7,7,1,GPS Fix (SPS),Stopped
1770570229.9126296,57.83450750,12.30731150,57.83450661,12.30730857,2.505,2.500,71.00,4.99,1.330,0.36,7,7,1,GPS Fix (SPS),Stopped
1770570230.8996186,57.83450567,12.30731367,57.83450614,12.30731112,2.505,2.500,71.30,4.99,1.330,0.29,7,7,1,GPS Fix (SPS),Stopped
1770570231.9026399,57.83450400,12.30731450,57.83450507,12.30731281,2.505,2.500,71.50,4.99,1.330,0.45,7,7,1,GPS Fix (SPS),Stopped
1770570232.9044533,57.83450017,12.30731083,57.83450262,12.30731182,2.505,2.500,71.90,4.99,1.330,0.64,7,7,1,GPS Fix (SPS),Stopped
1770570233.9022305,57.83449817,12.30731050,57.83450039,12.30731116,2.505,2.500,72.00,4.99,1.330,0.29,7,7,1,GPS Fix (SPS),Stopped
1770570234.905688,57.83449733,12.30731133,57.83449886,12.30731125,2.505,2.500,72.40,4.99,1.330,0.09,7,7,1,GPS Fix (SPS),Stopped
1770570235.9033086,57.83449483,12.30730917,57.83449685,12.30731021,2.505,2.500,72.40,4.99,1.330,0.32,7,7,1,GPS Fix (SPS),Stopped
1770570236.8943834,57.83449133,12.30730700,57.83449409,12.30730860,2.505,2.500,72.50,4.99,1.330,0.52,7,7,1,GPS Fix (SPS),Stopped
1770570237.9035695,57.83449300,12.30731183,57.83449355,12.30731022,2.505,2.500,72.80,4.99,1.330,0.16,7,7,1,GPS Fix (SPS),Stopped
1770570238.8991115,57.83449250,12.30731133,57.83449302,12.30731078,2.505,2.500,73.10,4.99,1.330,0.14,7,7,1,GPS Fix (SPS),Stopped
1770570239.9048421,57.83448867,12.30730683,57.83449084,12.30730880,2.505,2.500,73.40,4.99,1.330,0.76,7,7,1,GPS Fix (SPS),Stopped
1770570240.9123182,57.83448433,12.30730250,57.83448759,12.30730565,2.505,2.500,73.60,4.99,1.330,1.10,7,7,1,GPS Fix (SPS),Stopped
1770570241.9059525,57.83447833,12.30730050,57.83448296,12.30730308,2.505,2.500,73.60,4.99,1.330,1.66,7,7,1,GPS Fix (SPS),Stopped
1770570242.905998,57.83447267,12.30730617,57.83447781,12.30730462,2.505,2.500,73.60,4.99,1.330,1.72,7,7,1,GPS Fix (SPS),Stopped
1770570243.9092023,57.83447283,12.30730867,57.83447532,12.30730664,2.505,2.500,73.80,4.99,1.330,1.11,7,7,1,GPS Fix (SPS),Stopped
1770570244.902162,57.83447483,12.30730467,57.83447508,12.30730566,2.505,2.500,73.70,4.99,1.330,0.81,7,7,1,GPS Fix (SPS),Stopped
1770570245.8992338,57.83446983,12.30731133,57.83447246,12.30730849,2.505,2.500,73.60,4.99,1.330,1.06,7,7,1,GPS Fix (SPS),Stopped
1770570246.8990915,57.83447100,12.30731467,57.83447173,12.30731158,2.505,2.500,73.60,4.99,1.330,0.76,7,7,1,GPS Fix (SPS),Stopped
1770570247.8991823,57.83446783,12.30731250,57.83446978,12.30731204,2.505,2.500,73.80,4.99,1.330,0.83,7,7,1,GPS Fix (SPS),Stopped
1770570248.9030907,57.83447167,12.30730933,57.83447072,12.30731069,2.505,2.500,74.20,4.99,1.330,0.11,7,7,1,GPS Fix (SPS),Stopped
1770570249.9026413,57.83446983,12.30731083,57.83447028,12.30731076,2.505,2.500,74.10,4.99,1.330,0.19,7,7,1,GPS Fix (SPS),Stopped
1770570250.905599,57.83446983,12.30731400,57.83447006,12.30731238,2.505,2.500,74.20,4.99,1.330,0.07,7,7,1,GPS Fix (SPS),Stopped
1770570251.90668,57.83447017,12.30731217,57.83447011,12.30731227,2.505,2.500,74.20,4.99,1.330,0.53,7,7,1,GPS Fix (SPS),Stopped
1770570252.8995285,57.83447533,12.30731433,57.83447272,12.30731330,2.505,2.500,74.50,4.99,1.330,0.59,7,7,1,GPS Fix (SPS),Stopped
1770570253.899218,57.83448417,12.30732067,57.83447844,12.30731699,2.505,2.500,74.50,4.99,1.330,1.18,7,7,1,GPS Fix (SPS),Forward
1770570254.9093223,57.83448883,12.30731683,57.83448364,12.30731691,2.505,2.500,74.80,4.99,1.330,1.40,7,7,1,GPS Fix (SPS),Stopped
1770570255.9016132,57.83448500,12.30731950,57.83448432,12.30731820,2.505,2.500,75.10,4.99,1.330,0.53,7,7,1,GPS Fix (SPS),Stopped
1770570256.9086075,57.83448117,12.30732150,57.83448274,12.30731985,2.505,2.500,75.50,4.99,1.330,0.51,7,7,1,GPS Fix (SPS),Stopped
1770570257.9026725,57.83448083,12.30732667,57.83448179,12.30732326,2.505,2.500,75.70,4.99,1.330,0.87,7,7,1,GPS Fix (SPS),Forward
1770570258.908303,57.83448567,12.30733183,57.83448373,12.30732755,2.505,2.500,76.00,4.99,1.330,0.75,7,7,1,GPS Fix (SPS),Forward
1770570259.904754,57.83447067,12.30732600,57.83447720,12.30732677,2.505,2.500,75.90,4.99,1.330,0.70,7,7,1,GPS Fix (SPS),Stopped
1770570260.9022472,57.83446183,12.30732567,57.83446952,12.30732622,2.295,2.500,77.10,4.16,1.110,0.83,8,8,1,GPS Fix (SPS),Stopped
1770570261.9060385,57.83445633,12.30732300,57.83446292,12.30732461,2.295,2.500,77.90,4.16,1.110,0.48,8,8,1,GPS Fix (SPS),Stopped
1770570262.8994665,57.83445267,12.30732433,57.83445780,12.30732447,2.295,2.500,78.70,4.16,1.110,0.23,8,8,1,GPS Fix (SPS),Stopped
1770570263.9072921,57.83445450,12.30732217,57.83445615,12.30732332,2.295,2.500,79.40,4.16,1.110,0.40,8,8,1,GPS Fix (SPS),Stopped
1770570264.9053726,57.83444833,12.30733367,57.83445224,12.30732849,2.295,2.500,79.90,4.16,1.110,1.12,8,8,1,GPS Fix (SPS),Forward
1770570265.9115446,57.83445000,12.30732733,57.83445112,12.30732791,2.295,2.500,80.40,4.16,1.110,0.19,8,8,1,GPS Fix (SPS),Stopped
1770570266.9063895,57.83444850,12.30732583,57.83444981,12.30732687,2.295,2.500,80.50,4.16,1.110,0.16,8,8,1,GPS Fix (SPS),Stopped
1770570267.8991826,57.83445333,12.30732933,57.83445157,12.30732810,2.295,2.500,80.70,4.16,1.110,0.64,8,8,1,GPS Fix (SPS),Stopped
1770570268.9063494,57.83445317,12.30733417,57.83445237,12.30733113,2.295,2.500,80.60,4.16,1.110,0.72,8,8,1,GPS Fix (SPS),Stopped
1770570269.8990655,57.83445250,12.30734317,57.83445243,12.30733715,2.295,2.500,80.70,4.16,1.110,1.08,8,8,1,GPS Fix (SPS),Forward
1770570270.9056559,57.83445000,12.30734500,57.83445122,12.30734108,2.295,2.500,81.00,4.16,1.110,0.61,8,8,1,GPS Fix (SPS),Forward
1770570271.8992717,57.83444700,12.30735400,57.83444911,12.30734754,2.295,2.500,81.10,4.16,1.110,0.91,8,8,1,GPS Fix (SPS),Forward
1770570272.9098723,57.83444667,12.30735233,57.83444789,12.30734994,2.295,2.500,81.20,4.16,1.110,0.43,8,8,1,GPS Fix (SPS),Stopped
1770570273.9022455,57.83443950,12.30735200,57.83444369,12.30735097,2.295,2.500,81.20,4.16,1.110,0.86,8,8,1,GPS Fix (SPS),Stopped
1770570274.8991904,57.83444150,12.30735883,57.83444260,12.30735490,2.295,2.500,81.40,4.16,1.110,0.66,8,8,1,GPS Fix (SPS),Forward
1770570275.9077258,57.83443850,12.30736167,57.83444055,12.30735828,2.514,2.500,81.30,5.03,1.340,1.01,8,8,1,GPS Fix (SPS),Forward
1770570276.9026356,57.83444033,12.30735467,57.83444044,12.30735648,2.514,2.500,81.40,5.03,1.340,1.13,8,8,1,GPS Fix (SPS),Stopped
1770570277.908263,57.83444583,12.30735567,57.83444314,12.30735607,2.514,2.500,81.40,5.03,1.340,0.52,8,8,1,GPS Fix (SPS),Stopped
1770570278.9030783,57.83444033,12.30735533,57.83444174,12.30735570,2.514,2.500,81.40,5.03,1.340,0.71,8,8,1,GPS Fix (SPS),Stopped
1770570279.9084024,57.83444067,12.30736717,57.83444120,12.30736143,2.295,2.500,81.90,4.16,1.110,0.55,8,8,1,GPS Fix (SPS),Forward
1770570280.9054842,57.83444400,12.30737417,57.83444260,12.30736780,2.514,2.500,82.00,5.03,1.340,0.55,7,7,1,GPS Fix (SPS),Forward
1770570281.907413,57.83445217,12.30737300,57.83444738,12.30737040,2.514,2.500,82.00,5.03,1.340,0.22,7,7,1,GPS Fix (SPS),Stopped
1770570282.9057052,57.83446050,12.30738550,57.83445394,12.30737795,2.514,2.500,82.00,5.03,1.340,1.02,7,7,1,GPS Fix (SPS),Forward
1770570283.9124749,57.83446983,12.30739233,57.83446189,12.30738514,2.514,2.500,82.00,5.03,1.340,1.49,7,7,1,GPS Fix (SPS),Forward
1770570284.9067364,57.83447900,12.30739733,57.83447044,12.30739124,2.514,2.500,81.70,5.03,1.340,1.64,7,7,1,GPS Fix (SPS),Forward
1770570285.9133835,57.83446783,12.30740200,57.83446914,12.30739662,2.514,2.500,81.50,5.03,1.340,0.73,7,7,1,GPS Fix (SPS),Forward
1770570286.9108143,57.83445683,12.30741033,57.83446299,12.30740348,2.295,2.500,81.80,4.16,1.110,1.02,8,8,1,GPS Fix (SPS),Forward
1770570287.8994272,57.83446217,12.30741133,57.83446258,12.30740740,2.295,2.500,82.10,4.16,1.110,0.72,8,8,1,GPS Fix (SPS),Forward
1770570288.9075391,57.83446700,12.30740900,57.83446479,12.30740820,2.514,2.500,81.90,5.03,1.340,0.41,8,8,1,GPS Fix (SPS),Stopped
1770570289.912261,57.83447283,12.30740400,57.83446881,12.30740610,2.514,2.500,81.60,5.03,1.340,0.70,8,8,1,GPS Fix (SPS),Stopped
1770570290.9124103,57.83446117,12.30741000,57.83446499,12.30740805,2.514,2.500,81.60,5.03,1.340,0.48,8,8,1,GPS Fix (SPS),Stopped
1770570291.90589,57.83445767,12.30741050,57.83446133,12.30740928,2.295,2.500,81.90,4.16,1.110,0.62,8,8,1,GPS Fix (SPS),Stopped
1770570292.8991818,57.83445117,12.30741383,57.83445625,12.30741155,2.295,2.500,82.00,4.16,1.110,0.57,8,8,1,GPS Fix (SPS),Stopped
1770570293.9063137,57.83444950,12.30742400,57.83445287,12.30741778,2.390,2.500,82.30,4.54,1.210,0.75,7,7,1,GPS Fix (SPS),Forward
1770570294.9157422,57.83445000,12.30742183,57.83445144,12.30741981,2.295,2.500,82.50,4.16,1.110,0.75,8,8,1,GPS Fix (SPS),Stopped
1770570295.9082642,57.83445100,12.30742633,57.83445122,12.30742307,2.295,2.500,82.80,4.16,1.110,1.29,8,8,1,GPS Fix (SPS),Stopped
1770570296.9049168,57.83445517,12.30742867,57.83445319,12.30742587,2.295,2.500,82.80,4.16,1.110,1.63,8,8,1,GPS Fix (SPS),Stopped
1770570297.9062297,57.83445333,12.30743900,57.83445326,12.30743243,2.295,2.500,82.70,4.16,1.110,1.70,8,8,1,GPS Fix (SPS),Forward
1770570298.9022136,57.83445250,12.30744367,57.83445288,12.30743805,2.295,2.500,82.70,4.16,1.110,1.38,8,8,1,GPS Fix (SPS),Forward
1770570299.9034834,57.83444683,12.30744983,57.83444986,12.30744394,2.295,2.500,82.70,4.16,1.110,1.12,8,8,1,GPS Fix (SPS),Forward
1770570300.9061155,57.83444217,12.30744900,57.83444601,12.30744647,2.295,2.500,83.00,4.16,1.110,0.88,8,8,1,GPS Fix (SPS),Stopped
1770570301.9036617,57.83443950,12.30744650,57.83444276,12.30744649,2.295,2.500,83.40,4.16,1.110,0.75,8,8,1,GPS Fix (SPS),Stopped
1770570302.9069426,57.83443783,12.30743417,57.83444029,12.30744033,2.371,2.500,83.80,4.46,1.190,0.94,7,7,1,GPS Fix (SPS),Reverse
1770570303.9020894,57.83443983,12.30742533,57.83444006,12.30743283,2.371,2.500,84.20,4.46,1.190,0.84,7,7,1,GPS Fix (SPS),Reverse
1770570304.905874,57.83443417,12.30742433,57.83443712,12.30742858,2.295,2.500,84.40,4.16,1.110,0.83,8,8,1,GPS Fix (SPS),Reverse
1770570305.9066193,57.83442433,12.30742783,57.83443072,12.30742821,2.295,2.500,84.80,4.16,1.110,1.46,8,8,1,GPS Fix (SPS),Stopped
1770570306.9126797,57.83442267,12.30742267,57.83442670,12.30742544,2.295,2.500,85.30,4.16,1.110,1.28,8,8,1,GPS Fix (SPS),Stopped
1770570307.8991513,57.83442217,12.30742117,57.83442443,12.30742330,2.295,2.500,85.70,4.16,1.110,1.13,8,8,1,GPS Fix (SPS),Stopped
1770570308.8992715,57.83441567,12.30742683,57.83442005,12.30742507,2.295,2.500,86.10,4.16,1.110,1.41,8,8,1,GPS Fix (SPS),Stopped
1770570309.9110053,57.83441867,12.30742183,57.83441936,12.30742345,2.295,2.500,86.50,4.16,1.110,0.60,8,8,1,GPS Fix (SPS),Stopped
1770570310.9035063,57.83441950,12.30742200,57.83441943,12.30742273,2.295,2.500,86.80,4.16,1.110,0.30,8,8,1,GPS Fix (SPS),Stopped
1770570311.9012718,57.83441550,12.30742267,57.83441746,12.30742270,2.295,2.500,87.00,4.16,1.110,0.61,8,8,1,GPS Fix (SPS),Stopped
1770570312.9075894,57.83443983,12.30741400,57.83442865,12.30741835,2.295,2.500,87.30,4.16,1.110,2.49,8,8,1,GPS Fix (SPS),Reverse
1770570313.910198,57.83444567,12.30741833,57.83443716,12.30741834,2.295,2.500,87.50,4.16,1.110,2.57,8,8,1,GPS Fix (SPS),Stopped
1770570314.9067464,57.83445250,12.30742483,57.83444483,12.30742159,2.295,2.500,87.80,4.16,1.110,2.92,8,8,1,GPS Fix (SPS),Stopped
1770570315.9065795,57.83445550,12.30742817,57.83445016,12.30742488,2.295,2.500,88.00,4.16,1.110,2.40,8,8,1,GPS Fix (SPS),Stopped
1770570316.902962,57.83445117,12.30743033,57.83445067,12.30742761,2.295,2.500,88.30,4.16,1.110,1.14,8,8,1,GPS Fix (SPS),Stopped
1770570317.9034855,57.83444917,12.30743500,57.83444992,12.30743130,2.295,2.500,88.40,4.16,1.110,0.83,8,8,1,GPS Fix (SPS),Forward
1770570318.9002118,57.83445333,12.30743250,57.83445162,12.30743190,2.295,2.500,88.30,4.16,1.110,0.79,8,8,1,GPS Fix (SPS),Stopped
1770570319.9059658,57.83445167,12.30743200,57.83445165,12.30743195,2.295,2.500,88.40,4.16,1.110,0.71,8,8,1,GPS Fix (SPS),Stopped
1770570320.9110963,57.83445200,12.30742850,57.83445182,12.30743023,2.295,2.500,88.40,4.16,1.110,1.12,8,8,1,GPS Fix (SPS),Stopped
1770570321.9100475,57.83445067,12.30742650,57.83445124,12.30742836,2.295,2.500,88.20,4.16,1.110,0.62,8,8,1,GPS Fix (SPS),Stopped
1770570322.9037282,57.83444983,12.30742200,57.83445054,12.30742518,2.295,2.500,87.90,4.16,1.110,0.86,8,8,1,GPS Fix (SPS),Stopped
1770570323.9107833,57.83444783,12.30742167,57.83444919,12.30742342,2.295,2.500,87.90,4.16,1.110,1.01,8,8,1,GPS Fix (SPS),Stopped
1770570324.9058769,57.83444733,12.30741333,57.83444826,12.30741838,2.295,2.500,87.80,4.16,1.110,1.71,8,8,1,GPS Fix (SPS),Reverse
1770570325.912413,57.83444533,12.30741167,57.83444680,12.30741502,2.371,2.500,87.80,4.46,1.190,1.40,7,7,1,GPS Fix (SPS),Stopped
1770570326.9069664,57.83444200,12.30740883,57.83444440,12.30741193,2.371,2.500,87.90,4.46,1.190,1.32,7,7,1,GPS Fix (SPS),Stopped
1770570327.9120781,57.83443683,12.30741200,57.83444062,12.30741196,2.295,2.500,88.00,4.16,1.110,1.08,8,8,1,GPS Fix (SPS),Stopped
1770570328.9101388,57.83443483,12.30741217,57.83443772,12.30741207,2.295,2.500,88.10,4.16,1.110,1.46,8,8,1,GPS Fix (SPS),Stopped
1770570329.9064765,57.83443467,12.30741033,57.83443620,12.30741120,2.295,2.500,88.10,4.16,1.110,1.07,8,8,1,GPS Fix (SPS),Stopped
1770570330.911695,57.83443350,12.30740833,57.83443485,12.30740977,2.295,2.500,88.20,4.16,1.110,0.82,8,8,1,GPS Fix (SPS),Stopped
1770570331.904753,57.83443267,12.30741167,57.83443376,12.30741072,2.295,2.500,88.10,4.16,1.110,0.38,8,8,1,GPS Fix (SPS),Stopped
1770570332.9073093,57.83443433,12.30740783,57.83443405,12.30740927,2.295,2.500,88.00,4.16,1.110,0.80,8,8,1,GPS Fix (SPS),Stopped
1770570333.9095428,57.83444000,12.30739983,57.83443702,12.30740455,2.295,2.500,88.00,4.16,1.110,1.19,8,8,1,GPS Fix (SPS),Reverse
1770570334.9063976,57.83443683,12.30739600,57.83443693,12.30740028,2.295,2.500,87.80,4.16,1.110,0.88,8,8,1,GPS Fix (SPS),Reverse
1770570335.9086838,57.83443950,12.30739983,57.83443821,12.30740006,2.295,2.500,87.80,4.16,1.110,0.06,8,8,1,GPS Fix (SPS),Stopped
1770570336.9057367,57.83444117,12.30740817,57.83443969,12.30740411,2.295,2.500,87.50,4.16,1.110,0.42,8,8,1,GPS Fix (SPS),Forward
1770570337.9058115,57.83444317,12.30740883,57.83444143,12.30740647,2.295,2.500,87.30,4.16,1.110,0.42,8,8,1,GPS Fix (SPS),Stopped
1770570338.9060483,57.83444317,12.30741067,57.83444230,12.30740857,2.295,2.500,87.20,4.16,1.110,0.41,8,8,1,GPS Fix (SPS),Stopped
1770570339.909149,57.83444100,12.30740900,57.83444165,12.30740878,2.295,2.500,86.90,4.16,1.110,0.76,8,8,1,GPS Fix (SPS),Stopped
1770570340.9079838,57.83443883,12.30741250,57.83444024,12.30741064,2.295,2.500,86.80,4.16,1.110,0.84,8,8,1,GPS Fix (SPS),Stopped
1770570341.905895,57.83444267,12.30741300,57.83444145,12.30741182,2.305,2.500,86.90,4.20,1.120,0.15,7,7,1,GPS Fix (SPS),Stopped
1770570342.905973,57.83444733,12.30741350,57.83444439,12.30741266,2.305,2.500,86.80,4.20,1.120,0.84,7,7,1,GPS Fix (SPS),Stopped
1770570343.9060683,57.83444700,12.30741317,57.83444570,12.30741291,2.305,2.500,86.60,4.20,1.120,0.52,7,7,1,GPS Fix (SPS),Stopped
1770570344.908612,57.83444533,12.30742300,57.83444552,12.30741796,2.305,2.500,86.60,4.20,1.120,1.30,7,7,1,GPS Fix (SPS),Forward
1770570345.906583,57.83445083,12.30742550,57.83444817,12.30742173,2.295,2.500,86.30,4.16,1.110,1.39,8,8,1,GPS Fix (SPS),Forward
1770570346.910071,57.83444867,12.30742367,57.83444842,12.30742270,2.295,2.500,86.00,4.16,1.110,0.72,8,8,1,GPS Fix (SPS),Stopped
1770570347.9064753,57.83444850,12.30741467,57.83444846,12.30741868,2.295,2.500,85.80,4.16,1.110,0.29,8,8,1,GPS Fix (SPS),Reverse
1770570348.9144387,57.83444867,12.30740117,57.83444856,12.30740992,2.295,2.500,85.40,4.16,1.110,1.05,8,8,1,GPS Fix (SPS),Reverse
1770570349.9116948,57.83443950,12.30739917,57.83444403,12.30740455,2.295,2.500,85.10,4.16,1.110,1.69,8,8,1,GPS Fix (SPS),Reverse
1770570350.9034345,57.83443883,12.30739450,57.83444143,12.30739952,2.333,2.500,85.20,4.31,1.150,1.42,7,7,1,GPS Fix (SPS),Reverse
1770570351.899231,57.83443867,12.30737750,57.83444005,12.30738851,2.333,2.500,85.00,4.31,1.150,1.60,7,7,1,GPS Fix (SPS),Reverse
1770570352.8902323,57.83443633,12.30737517,57.83443819,12.30738184,2.333,2.500,85.20,4.31,1.150,1.23,7,7,1,GPS Fix (SPS),Reverse
1770570353.8995368,57.83443617,12.30736617,57.83443718,12.30737400,2.343,2.500,85.20,4.35,1.160,1.11,6,6,1,GPS Fix (SPS),Reverse
1770570354.900125,57.83444133,12.30736567,57.83443926,12.30736983,2.343,2.500,85.40,4.35,1.160,0.82,6,6,1,GPS Fix (SPS),Reverse
1770570355.905504,57.83444533,12.30737067,57.83444229,12.30737025,2.343,2.500,85.50,4.35,1.160,0.63,6,6,1,GPS Fix (SPS),Stopped
1770570356.9062793,57.83445433,12.30738567,57.83444831,12.30737796,2.333,2.500,85.50,4.31,1.150,1.71,7,7,1,GPS Fix (SPS),Forward
1770570357.9018908,57.83443533,12.30740367,57.83444182,12.30739081,2.333,2.500,85.20,4.31,1.150,1.83,7,7,1,GPS Fix (SPS),Forward
1770570358.8994365,57.83443350,12.30740850,57.83443766,12.30739966,2.457,2.500,85.20,4.80,1.280,1.49,6,6,1,GPS Fix (SPS),Forward
1770570359.9064076,57.83442417,12.30741483,57.83443091,12.30740724,2.457,2.500,84.90,4.80,1.280,2.20,6,6,1,GPS Fix (SPS),Forward
1770570360.9015505,57.83442467,12.30742467,57.83442779,12.30741596,2.457,2.500,85.00,4.80,1.280,2.01,6,6,1,GPS Fix (SPS),Forward
1770570361.9069536,57.83443117,12.30743017,57.83442948,12.30742306,2.638,2.500,84.90,5.51,1.470,1.79,5,5,1,GPS Fix (SPS),Forward
1770570362.890243,57.83443433,12.30742517,57.83443191,12.30742411,2.638,2.500,84.80,5.51,1.470,1.26,5,5,1,GPS Fix (SPS),Stopped
1770570363.890696,57.83443717,12.30743583,57.83443454,12.30742997,2.638,2.500,84.60,5.51,1.470,1.82,5,5,1,GPS Fix (SPS),Forward
1770570364.9023998,57.83442717,12.30743067,57.83443085,12.30743032,2.638,2.500,84.50,5.51,1.470,1.37,5,5,1,GPS Fix (SPS),Stopped
1770570365.8905666,57.83443667,12.30744817,57.83443376,12.30743924,2.638,2.500,84.50,5.51,1.470,1.96,5,5,1,GPS Fix (SPS),Forward
1770570366.9061496,57.83444517,12.30746733,57.83443946,12.30745329,2.638,2.500,84.60,5.51,1.470,3.18,5,5,1,GPS Fix (SPS),Forward
1770570367.8907776,57.83444683,12.30746817,57.83444315,12.30746073,2.638,2.500,84.40,5.51,1.470,2.92,5,5,1,GPS Fix (SPS),Forward
1770570368.8916736,57.83444767,12.30747350,57.83444541,12.30746711,2.638,2.500,84.40,5.51,1.470,2.90,5,5,1,GPS Fix (SPS),Forward
1770570369.89916,57.83445650,12.30746233,57.83445095,12.30746472,2.638,2.500,84.50,5.51,1.470,2.62,5,5,1,GPS Fix (SPS),Stopped
1770570370.8956666,57.83445383,12.30746033,57.83445239,12.30746253,2.638,2.500,84.50,5.51,1.470,1.78,5,5,1,GPS Fix (SPS),Stopped
1770570371.900917,57.83445467,12.30744300,57.83445353,12.30745276,2.638,2.500,84.50,5.51,1.470,0.67,5,5,1,GPS Fix (SPS),Reverse
1770570372.8902426,57.83445900,12.30743033,57.83445627,12.30744155,2.638,2.500,84.30,5.51,1.470,0.73,5,5,1,GPS Fix (SPS),Reverse
1770570373.8993092,57.83446117,12.30741600,57.83445872,12.30742877,2.638,2.500,84.20,5.51,1.470,0.66,5,5,1,GPS Fix (SPS),Reverse
1770570374.894026,57.83446600,12.30739717,57.83446236,12.30741297,2.638,2.500,84.20,5.51,1.470,1.23,5,5,1,GPS Fix (SPS),Reverse
1770570375.9012036,57.83446700,12.30738783,57.83446468,12.30740040,2.638,2.500,84.10,5.51,1.470,0.93,5,5,1,GPS Fix (SPS),Reverse
1770570376.8978574,57.83446617,12.30737333,57.83446542,12.30738687,2.638,2.500,84.10,5.51,1.470,1.06,5,5,1,GPS Fix (SPS),Reverse
1770570377.9068289,57.83446633,12.30736400,57.83446588,12.30737543,2.638,2.500,83.90,5.51,1.470,1.34,5,5,1,GPS Fix (SPS),Reverse
1770570378.9058008,57.83446850,12.30736517,57.83446719,12.30737030,2.638,2.500,83.60,5.51,1.470,0.69,5,5,1,GPS Fix (SPS),Reverse
1770570379.9058158,57.83446767,12.30737250,57.83446743,12.30737140,2.638,2.500,83.50,5.51,1.470,0.78,5,5,1,GPS Fix (SPS),Stopped
1770570380.8917084,57.83446917,12.30736267,57.83446830,12.30736703,2.390,2.500,82.90,4.54,1.210,1.06,7,7,1,GPS Fix (SPS),Reverse
1770570381.9092321,57.83447700,12.30736283,57.83447265,12.30736493,2.390,2.500,82.60,4.54,1.210,1.74,7,7,1,GPS Fix (SPS),Stopped
1770570382.9101872,57.83447583,12.30735500,57.83447424,12.30735997,2.390,2.500,82.30,4.54,1.210,0.64,7,7,1,GPS Fix (SPS),Reverse
1770570383.9068222,57.83448267,12.30735833,57.83447845,12.30735915,2.362,2.500,82.00,4.42,1.180,1.25,7,7,1,GPS Fix (SPS),Stopped
1770570384.9068277,57.83448450,12.30736867,57.83448148,12.30736391,2.362,2.500,81.60,4.42,1.180,1.42,7,7,1,GPS Fix (SPS),Forward
1770570385.9021082,57.83448717,12.30737100,57.83448432,12.30736745,2.362,2.500,81.40,4.42,1.180,1.47,7,7,1,GPS Fix (SPS),Forward
1770570386.8998802,57.83447400,12.30739383,57.83447916,12.30738064,2.390,2.500,81.10,4.54,1.210,1.68,7,7,1,GPS Fix (SPS),Forward
1770570387.891285,57.83447233,12.30738667,57.83447575,12.30738366,2.295,2.500,80.80,4.16,1.110,0.97,8,8,1,GPS Fix (SPS),Stopped
1770570388.8995273,57.83447067,12.30738850,57.83447321,12.30738608,2.390,2.500,80.60,4.54,1.210,1.04,7,7,1,GPS Fix (SPS),Stopped
1770570389.8981023,57.83446633,12.30738583,57.83446977,12.30738596,2.390,2.500,80.50,4.54,1.210,1.16,7,7,1,GPS Fix (SPS),Stopped
1770570390.9061496,57.83445733,12.30740633,57.83446355,12.30739614,2.457,2.500,80.60,4.80,1.280,2.16,6,6,1,GPS Fix (SPS),Forward
1770570391.8990834,57.83445300,12.30741983,57.83445828,12.30740799,2.638,2.500,80.60,5.51,1.470,2.23,5,5,1,GPS Fix (SPS),Forward
1770570392.9003072,57.83445783,12.30743450,57.83445805,12.30742124,2.486,2.500,80.50,4.91,1.310,1.86,6,6,1,GPS Fix (SPS),Forward
1770570393.8992572,57.83445500,12.30742167,57.83445653,12.30742146,2.486,2.500,80.50,4.91,1.310,0.94,6,6,1,GPS Fix (SPS),Stopped
1770570394.9041598,57.83445183,12.30741817,57.83445418,12.30741981,2.457,2.500,79.90,4.80,1.280,0.87,6,6,1,GPS Fix (SPS),Stopped
1770570395.902582,57.83445700,12.30740450,57.83445559,12.30741216,2.457,2.500,79.60,4.80,1.280,0.36,6,6,1,GPS Fix (SPS),Reverse
1770570396.908035,57.83445483,12.30740833,57.83445521,12.30741024,2.457,2.500,79.20,4.80,1.280,0.29,6,6,1,GPS Fix (SPS),Stopped
1770570397.8990922,57.83445383,12.30741383,57.83445452,12.30741204,2.457,2.500,78.80,4.80,1.280,0.72,6,6,1,GPS Fix (SPS),Stopped
1770570398.891848,57.83444950,12.30739800,57.83445201,12.30740502,2.457,2.500,78.80,4.80,1.280,0.46,6,6,1,GPS Fix (SPS),Reverse
1770570399.8994865,57.83444750,12.30740183,57.83444976,12.30740343,2.457,2.500,78.60,4.80,1.280,0.77,6,6,1,GPS Fix (SPS),Stopped
1770570400.8994782,57.83444333,12.30740317,57.83444654,12.30740330,2.457,2.500,78.40,4.80,1.280,1.27,6,6,1,GPS Fix (SPS),Stopped
1770570401.8990946,57.83444233,12.30739400,57.83444444,12.30739865,2.457,2.500,78.30,4.80,1.280,1.09,6,6,1,GPS Fix (SPS),Reverse
1770570402.890513,57.83443733,12.30737417,57.83444089,12.30738641,2.457,2.500,78.00,4.80,1.280,1.78,6,6,1,GPS Fix (SPS),Reverse
1770570403.8990383,57.83443533,12.30736917,57.83443811,12.30737779,2.457,2.500,77.80,4.80,1.280,1.45,6,6,1,GPS Fix (SPS),Reverse
1770570404.8993523,57.83443050,12.30736900,57.83443430,12.30737339,2.457,2.500,77.70,4.80,1.280,1.65,6,6,1,GPS Fix (SPS),Reverse
1770570405.8957708,57.83442767,12.30736683,57.83443099,12.30737011,2.457,2.500,77.60,4.80,1.280,1.48,6,6,1,GPS Fix (SPS),Stopped
1770570406.898997,57.83442167,12.30738067,57.83442633,12.30737539,2.457,2.500,77.20,4.80,1.280,2.05,6,6,1,GPS Fix (SPS),Forward
1770570407.8911824,57.83443350,12.30734917,57.83442991,12.30736228,2.457,2.500,77.10,4.80,1.280,0.74,6,6,1,GPS Fix (SPS),Reverse
1770570408.9010475,57.83443433,12.30734583,57.83443212,12.30735406,2.457,2.500,77.10,4.80,1.280,0.51,6,6,1,GPS Fix (SPS),Reverse
1770570409.8978214,57.83443717,12.30735683,57.83443464,12.30735544,2.457,2.500,77.30,4.80,1.280,0.69,6,6,1,GPS Fix (SPS),Stopped
1770570410.8993938,57.83443267,12.30735733,57.83443366,12.30735639,2.457,2.500,77.30,4.80,1.280,0.53,6,6,1,GPS Fix (SPS),Stopped
1770570411.8962336,57.83443117,12.30736700,57.83443241,12.30736169,2.457,2.500,77.50,4.80,1.280,1.15,6,6,1,GPS Fix (SPS),Forward
1770570412.8908947,57.83443200,12.30736467,57.83443221,12.30736318,2.476,2.500,77.40,4.88,1.300,0.95,5,5,1,GPS Fix (SPS),Stopped
1770570413.8987837,57.83442167,12.30738317,57.83442694,12.30737317,2.476,2.500,77.30,4.88,1.300,2.33,5,5,1,GPS Fix (SPS),Forward
1770570414.9082468,57.83442683,12.30737917,57.83442688,12.30737617,2.476,2.500,77.40,4.88,1.300,1.41,5,5,1,GPS Fix (SPS),Stopped
1770570415.9016056,57.83443733,12.30736167,57.83443211,12.30736892,2.476,2.500,77.40,4.88,1.300,0.56,5,5,1,GPS Fix (SPS),Reverse
1770570416.8963063,57.83443433,12.30735567,57.83443322,12.30736229,2.476,2.500,77.40,4.88,1.300,0.22,5,5,1,GPS Fix (SPS),Reverse
1770570417.8922675,57.83443767,12.30733333,57.83443544,12.30734781,2.476,2.500,77.20,4.88,1.300,1.26,5,5,1,GPS Fix (SPS),Reverse
1770570418.8991988,57.83442983,12.30731300,57.83443264,12.30733041,2.476,2.500,77.40,4.88,1.300,1.97,5,5,1,GPS Fix (SPS),Reverse
1770570419.8914754,57.83442683,12.30728750,57.83442974,12.30730895,2.476,2.500,77.20,4.88,1.300,2.67,5,5,1,GPS Fix (SPS),Reverse
1770570420.89653,57.83441817,12.30728883,57.83442395,12.30729889,2.476,2.500,77.00,4.88,1.300,2.32,5,5,1,GPS Fix (SPS),Reverse
1770570421.9012363,57.83442200,12.30729333,57.83442298,12.30729611,2.476,2.500,76.80,4.88,1.300,0.72,5,5,1,GPS Fix (SPS),Stopped
1770570422.8960023,57.83442417,12.30727367,57.83442357,12.30728489,2.476,2.500,77.10,4.88,1.300,1.23,5,5,1,GPS Fix (SPS),Reverse
1770570423.9017327,57.83443033,12.30726217,57.83442695,12.30727353,2.476,2.500,77.00,4.88,1.300,1.32,5,5,1,GPS Fix (SPS),Reverse
1770570424.8980951,57.83442550,12.30726850,57.83442623,12.30727101,2.476,2.500,77.40,4.88,1.300,0.65,5,5,1,GPS Fix (SPS),Stopped
1770570425.89517,57.83442717,12.30725683,57.83442670,12.30726392,2.476,2.500,77.20,4.88,1.300,1.03,5,5,1,GPS Fix (SPS),Reverse
1770570426.8989935,57.83442300,12.30728250,57.83442485,12.30727321,2.476,2.500,77.20,4.88,1.300,1.30,5,5,1,GPS Fix (SPS),Forward
1770570427.8833625,57.83442033,12.30730283,57.83442259,12.30728802,2.476,2.500,77.40,4.88,1.300,2.37,5,5,1,GPS Fix (SPS),Forward
1770570428.901592,57.83441783,12.30729867,57.83442021,12.30729334,2.476,2.500,77.60,4.88,1.300,2.17,5,5,1,GPS Fix (SPS),Forward
1770570429.899119,57.83442183,12.30728667,57.83442102,12.30729001,2.476,2.500,77.70,4.88,1.300,1.29,5,5,1,GPS Fix (SPS),Stopped
1770570430.8991,57.83442333,12.30730300,57.83442218,12.30729650,2.476,2.500,77.80,4.88,1.300,1.80,5,5,1,GPS Fix (SPS),Forward
1770570431.896118,57.83442350,12.30729533,57.83442284,12.30729592,2.476,2.500,77.90,4.88,1.300,1.33,5,5,1,GPS Fix (SPS),Stopped
1770570432.8907046,57.83441983,12.30728717,57.83442134,12.30729154,2.476,2.500,77.80,4.88,1.300,1.22,5,5,1,GPS Fix (SPS),Reverse
1770570433.8910875,57.83442867,12.30729433,57.83442500,12.30729294,2.476,2.500,77.80,4.88,1.300,1.24,5,5,1,GPS Fix (SPS),Stopped
1770570434.8990364,57.83443850,12.30728050,57.83443175,12.30728672,2.476,2.500,78.00,4.88,1.300,1.02,5,5,1,GPS Fix (SPS),Reverse
1770570435.895979,57.83444217,12.30728200,57.83443696,12.30728436,2.476,2.500,78.10,4.88,1.300,1.04,5,5,1,GPS Fix (SPS),Stopped
1770570436.9019737,57.83443317,12.30728150,57.83443506,12.30728293,2.476,2.500,78.20,4.88,1.300,0.71,5,5,1,GPS Fix (SPS),Stopped
1770570437.894028,57.83444017,12.30727933,57.83443761,12.30728113,2.476,2.500,78.50,4.88,1.300,0.19,5,5,1,GPS Fix (SPS),Stopped
1770570438.8938425,57.83444433,12.30727567,57.83444097,12.30727840,2.476,2.500,78.80,4.88,1.300,0.22,5,5,1,GPS Fix (SPS),Stopped
1770570439.9000301,57.83444733,12.30728733,57.83444415,12.30728287,2.476,2.500,78.90,4.88,1.300,0.94,5,5,1,GPS Fix (SPS),Forward
1770570440.896839,57.83445700,12.30729267,57.83445058,12.30728777,2.476,2.500,79.00,4.88,1.300,2.04,5,5,1,GPS Fix (SPS),Forward
1770570441.9002886,57.83445883,12.30729650,57.83445471,12.30729213,2.476,2.500,79.10,4.88,1.300,1.93,5,5,1,GPS Fix (SPS),Forward
1770570442.8956962,57.83446300,12.30729033,57.83445885,12.30729123,2.476,2.500,79.50,4.88,1.300,1.64,5,5,1,GPS Fix (SPS),Stopped
1770570443.9017286,57.83446217,12.30729117,57.83446051,12.30729120,2.476,2.500,79.40,4.88,1.300,1.14,5,5,1,GPS Fix (SPS),Stopped
1770570444.8975508,57.83445717,12.30732633,57.83445884,12.30730877,2.476,2.500,79.50,4.88,1.300,1.65,5,5,1,GPS Fix (SPS),Forward
1770570445.9080963,57.83445783,12.30733983,57.83445834,12.30732430,2.343,2.500,79.00,4.35,1.160,1.14,6,6,1,GPS Fix (SPS),Forward
1770570446.8826888,57.83445617,12.30733783,57.83445725,12.30733107,2.343,2.500,78.70,4.35,1.160,0.51,6,6,1,GPS Fix (SPS),Forward
1770570447.90439,57.83445417,12.30734167,57.83445571,12.30733637,2.343,2.500,77.80,4.35,1.160,0.91,6,6,1,GPS Fix (SPS),Forward
1770570448.8898811,57.83446250,12.30735317,57.83445910,12.30734477,2.343,2.500,77.20,4.35,1.160,0.30,6,6,1,GPS Fix (SPS),Forward
1770570449.8910203,57.83446750,12.30736300,57.83446330,12.30735388,2.343,2.500,76.50,4.35,1.160,0.76,6,6,1,GPS Fix (SPS),Forward
1770570450.899328,57.83447300,12.30736167,57.83446815,12.30735777,2.343,2.500,76.00,4.35,1.160,1.01,6,6,1,GPS Fix (SPS),Forward
1770570451.903452,57.83446817,12.30736783,57.83446816,12.30736280,2.343,2.500,75.60,4.35,1.160,0.40,6,6,1,GPS Fix (SPS),Forward
1770570452.9033551,57.83446850,12.30736500,57.83446833,12.30736390,2.343,2.500,75.30,4.35,1.160,0.87,6,6,1,GPS Fix (SPS),Stopped
1770570453.8991508,57.83446733,12.30736883,57.83446783,12.30736637,2.343,2.500,75.20,4.35,1.160,0.63,6,6,1,GPS Fix (SPS),Stopped
1770570454.9012783,57.83446400,12.30737383,57.83446592,12.30737010,2.343,2.500,75.10,4.35,1.160,0.67,6,6,1,GPS Fix (SPS),Forward
1770570455.902223,57.83446667,12.30738617,57.83446629,12.30737813,2.343,2.500,75.20,4.35,1.160,0.39,6,6,1,GPS Fix (SPS),Forward
1770570456.9011798,57.83446100,12.30739467,57.83446365,12.30738640,2.343,2.500,75.00,4.35,1.160,0.55,6,6,1,GPS Fix (SPS),Forward
1770570457.9067945,57.83445850,12.30740017,57.83446107,12.30739328,2.343,2.500,75.30,4.35,1.160,0.68,6,6,1,GPS Fix (SPS),Forward
1770570458.9040203,57.83444900,12.30741067,57.83445504,12.30740198,2.343,2.500,75.20,4.35,1.160,1.72,6,6,1,GPS Fix (SPS),Forward
1770570459.909172,57.83444750,12.30742133,57.83445127,12.30741165,2.343,2.500,75.10,4.35,1.160,1.83,6,6,1,GPS Fix (SPS),Forward
1770570460.904083,57.83444767,12.30742150,57.83444947,12.30741658,2.343,2.500,74.90,4.35,1.160,1.49,6,6,1,GPS Fix (SPS),Forward
1770570461.9035316,57.83445450,12.30741150,57.83445198,12.30741404,2.343,2.500,74.70,4.35,1.160,0.98,6,6,1,GPS Fix (SPS),Stopped
1770570462.8984098,57.83444567,12.30740367,57.83444883,12.30740885,2.324,2.500,72.90,4.28,1.140,1.63,7,7,1,GPS Fix (SPS),Reverse
1770570463.9009018,57.83444900,12.30738600,57.83444891,12.30739743,2.476,2.500,72.70,4.88,1.300,0.69,5,5,1,GPS Fix (SPS),Reverse
1770570464.9049048,57.83444700,12.30738900,57.83444796,12.30739321,2.476,2.500,72.40,4.88,1.300,0.81,5,5,1,GPS Fix (SPS),Reverse
1770570465.9027922,57.83445067,12.30741467,57.83444931,12.30740394,2.476,2.500,72.40,4.88,1.300,0.55,5,5,1,GPS Fix (SPS),Forward
1770570466.8979635,57.83445433,12.30744450,57.83445182,12.30742422,2.390,2.500,73.60,4.54,1.210,0.90,6,6,1,GPS Fix (SPS),Forward
1770570467.894064,57.83445767,12.30747083,57.83445474,12.30744753,2.390,2.500,74.70,4.54,1.210,1.09,6,6,1,GPS Fix (SPS),Forward
1770570468.8980577,57.83446017,12.30749167,57.83445746,12.30746960,2.390,2.500,76.20,4.54,1.210,1.04,6,6,1,GPS Fix (SPS),Forward
1770570469.9034312,57.83446317,12.30750450,57.83446031,12.30748705,2.390,2.500,77.40,4.54,1.210,0.39,6,6,1,GPS Fix (SPS),Forward
1770570470.898078,57.83446533,12.30752767,57.83446282,12.30750736,2.390,2.500,78.70,4.54,1.210,0.67,6,6,1,GPS Fix (SPS),Forward
1770570471.8939583,57.83446733,12.30755900,57.83446508,12.30753318,2.390,2.500,80.00,4.54,1.210,1.15,6,6,1,GPS Fix (SPS),Forward
1770570472.9008708,57.83446317,12.30757700,57.83446412,12.30755509,2.390,2.500,81.40,4.54,1.210,0.59,6,6,1,GPS Fix (SPS),Forward
1770570473.8966062,57.83446933,12.30760617,57.83446673,12.30758063,2.390,2.500,82.60,4.54,1.210,1.11,6,6,1,GPS Fix (SPS),Forward
1770570474.901202,57.83447383,12.30761917,57.83447028,12.30759990,2.714,2.500,83.60,5.81,1.550,1.01,5,5,1,GPS Fix (SPS),Forward
1770570475.9063382,57.83447950,12.30762700,57.83447489,12.30761345,2.543,2.500,84.70,5.14,1.370,2.28,6,6,1,GPS Fix (SPS),Forward
1770570476.903741,57.83447617,12.30761567,57.83447553,12.30761456,2.619,2.500,85.00,5.44,1.450,1.33,5,5,1,GPS Fix (SPS),Stopped
1770570477.8980205,57.83447033,12.30757417,57.83447293,12.30759436,2.619,2.500,85.10,5.44,1.450,1.40,5,5,1,GPS Fix (SPS),Reverse
1770570478.89268,57.83446483,12.30756950,57.83446888,12.30758193,2.619,2.500,85.30,5.44,1.450,1.05,5,5,1,GPS Fix (SPS),Reverse
1770570479.8990977,57.83446333,12.30756133,57.83446611,12.30757163,2.600,2.500,84.90,5.36,1.430,0.68,6,6,1,GPS Fix (SPS),Reverse
1770570480.9050457,57.83445783,12.30754533,57.83446197,12.30755848,2.619,2.500,84.80,5.44,1.450,1.25,5,5,1,GPS Fix (SPS),Reverse
1770570481.899378,57.83445750,12.30752300,57.83445974,12.30754074,2.619,2.500,84.90,5.44,1.450,1.61,5,5,1,GPS Fix (SPS),Reverse
1770570482.8954608,57.83445417,12.30751050,57.83445695,12.30752562,2.619,2.500,84.90,5.44,1.450,1.71,5,5,1,GPS Fix (SPS),Reverse
1770570483.9004254,57.83445783,12.30751217,57.83445739,12.30751889,2.619,2.500,84.60,5.44,1.450,1.96,5,5,1,GPS Fix (SPS),Reverse
1770570484.905617,57.83445200,12.30755383,57.83445470,12.30753636,2.543,2.500,85.30,5.14,1.370,0.82,6,6,1,GPS Fix (SPS),Forward
1770570485.9004412,57.83445183,12.30757200,57.83445326,12.30755418,2.543,2.500,86.50,5.14,1.370,0.75,6,6,1,GPS Fix (SPS),Forward
1770570486.897799,57.83444933,12.30760133,57.83445130,12.30757776,2.543,2.500,87.60,5.14,1.370,1.11,6,6,1,GPS Fix (SPS),Forward
1770570487.9032388,57.83444600,12.30761650,57.83444865,12.30759713,2.543,2.500,88.30,5.14,1.370,1.41,6,6,1,GPS Fix (SPS),Forward
1770570488.898435,57.83445650,12.30759950,57.83445257,12.30759831,2.543,2.500,89.30,5.14,1.370,0.95,6,6,1,GPS Fix (SPS),Stopped
1770570489.8938158,57.83446267,12.30760883,57.83445762,12.30760357,2.305,2.500,90.30,4.20,1.120,1.05,7,7,1,GPS Fix (SPS),Forward
1770570490.8996265,57.83447217,12.30761167,57.83446489,12.30760762,2.514,2.500,90.90,5.03,1.340,1.14,7,7,1,GPS Fix (SPS),Forward
1770570491.9045389,57.83448400,12.30762117,57.83447445,12.30761439,2.514,2.500,91.30,5.03,1.340,0.66,7,7,1,GPS Fix (SPS),Forward
1770570492.9013638,57.83449067,12.30763783,57.83448256,12.30762611,2.514,2.500,91.70,5.03,1.340,0.28,7,7,1,GPS Fix (SPS),Forward
1770570493.906979,57.83449017,12.30763300,57.83448636,12.30762956,2.514,2.500,92.20,5.03,1.340,0.61,7,7,1,GPS Fix (SPS),Forward
1770570494.9025328,57.83448933,12.30763417,57.83448785,12.30763186,2.295,2.500,92.90,4.16,1.110,0.98,8,8,1,GPS Fix (SPS),Stopped
1770570495.9083931,57.83449600,12.30762800,57.83449192,12.30762993,2.295,2.500,93.30,4.16,1.110,0.30,8,8,1,GPS Fix (SPS),Stopped
1770570496.9042122,57.83449917,12.30761767,57.83449555,12.30762380,2.295,2.500,93.80,4.16,1.110,0.91,8,8,1,GPS Fix (SPS),Reverse
1770570497.9097917,57.83450200,12.30760833,57.83449877,12.30761607,2.295,2.500,93.80,4.16,1.110,1.07,8,8,1,GPS Fix (SPS),Reverse
1770570498.9045224,57.83449800,12.30760667,57.83449839,12.30761137,2.295,2.500,94.10,4.16,1.110,1.37,8,8,1,GPS Fix (SPS),Reverse
1770570499.901195,57.83449900,12.30760483,57.83449869,12.30760810,2.295,2.500,94.50,4.16,1.110,1.15,8,8,1,GPS Fix (SPS),Stopped
1770570500.9058187,57.83450283,12.30761200,57.83450076,12.30761005,2.295,2.500,94.90,4.16,1.110,0.47,8,8,1,GPS Fix (SPS),Stopped
1770570501.9016821,57.83450717,12.30761250,57.83450396,12.30761127,2.295,2.500,95.30,4.16,1.110,0.23,8,8,1,GPS Fix (SPS),Stopped
1770570502.9072,57.83451100,12.30761083,57.83450748,12.30761105,2.305,2.500,95.80,4.20,1.120,0.14,7,7,1,GPS Fix (SPS),Stopped
1770570503.9042237,57.83451633,12.30760983,57.83451191,12.30761044,2.305,2.500,96.40,4.20,1.120,0.50,7,7,1,GPS Fix (SPS),Stopped
1770570504.9084144,57.83452550,12.30760683,57.83451870,12.30760864,2.305,2.500,97.00,4.20,1.120,1.28,7,7,1,GPS Fix (SPS),Stopped
1770570505.9041584,57.83452933,12.30760233,57.83452402,12.30760549,2.305,2.500,97.30,4.20,1.120,1.15,7,7,1,GPS Fix (SPS),Stopped
1770570506.9011705,57.83453283,12.30759833,57.83452843,12.30760191,2.305,2.500,97.60,4.20,1.120,0.87,7,7,1,GPS Fix (SPS),Reverse
1770570507.8991706,57.83453633,12.30759750,57.83453238,12.30759970,2.305,2.500,97.80,4.20,1.120,0.86,7,7,1,GPS Fix (SPS),Stopped
1770570508.8992612,57.83453950,12.30758150,57.83453594,12.30759060,2.295,2.500,98.00,4.16,1.110,1.25,8,8,1,GPS Fix (SPS),Reverse
1770570509.90551,57.83454500,12.30757700,57.83454047,12.30758380,2.295,2.500,98.20,4.16,1.110,1.35,8,8,1,GPS Fix (SPS),Reverse
1770570510.9003625,57.83454217,12.30757267,57.83454132,12.30757823,2.295,2.500,98.40,4.16,1.110,0.48,8,8,1,GPS Fix (SPS),Reverse
1770570511.910527,57.83454317,12.30757683,57.83454224,12.30757753,2.295,2.500,98.50,4.16,1.110,0.32,8,8,1,GPS Fix (SPS),Stopped
1770570512.8994355,57.83455100,12.30758267,57.83454662,12.30758010,2.295,2.500,98.80,4.16,1.110,1.39,8,8,1,GPS Fix (SPS),Stopped
1770570513.9054482,57.83454950,12.30758417,57.83454806,12.30758213,2.295,2.500,99.20,4.16,1.110,0.88,8,8,1,GPS Fix (SPS),Stopped
1770570514.9043717,57.83454983,12.30758600,57.83454895,12.30758407,2.295,2.500,99.40,4.16,1.110,0.75,8,8,1,GPS Fix (SPS),Stopped
1770570515.8991346,57.83455367,12.30758417,57.83455131,12.30758412,2.295,2.500,99.70,4.16,1.110,0.49,8,8,1,GPS Fix (SPS),Stopped
1770570516.9036982,57.83456083,12.30759317,57.83455607,12.30758864,2.295,2.500,100.20,4.16,1.110,1.43,8,8,1,GPS Fix (SPS),Forward
1770570517.9032483,57.83455917,12.30758150,57.83455762,12.30758507,2.295,2.500,100.70,4.16,1.110,1.01,8,8,1,GPS Fix (SPS),Reverse
1770570518.891593,57.83455617,12.30758133,57.83455689,12.30758320,2.324,2.500,100.30,4.28,1.140,1.31,7,7,1,GPS Fix (SPS),Stopped
1770570519.8993661,57.83455533,12.30757033,57.83455611,12.30757677,2.324,2.500,99.90,4.28,1.140,1.06,7,7,1,GPS Fix (SPS),Reverse
1770570520.8912916,57.83455633,12.30755600,57.83455622,12.30756638,2.324,2.500,99.50,4.28,1.140,0.91,7,7,1,GPS Fix (SPS),Reverse
1770570521.9019244,57.83455350,12.30754100,57.83455486,12.30755369,2.324,2.500,99.10,4.28,1.140,0.53,7,7,1,GPS Fix (SPS),Reverse
1770570522.9028978,57.83455300,12.30752783,57.83455393,12.30754076,2.324,2.500,98.60,4.28,1.140,0.67,7,7,1,GPS Fix (SPS),Reverse
1770570523.904224,57.83455450,12.30751983,57.83455422,12.30753030,2.324,2.500,98.10,4.28,1.140,0.81,7,7,1,GPS Fix (SPS),Reverse
1770570524.9019642,57.83454650,12.30750883,57.83455036,12.30751957,2.324,2.500,97.40,4.28,1.140,0.41,7,7,1,GPS Fix (SPS),Reverse
1770570525.8911622,57.83455267,12.30752067,57.83455151,12.30752012,2.324,2.500,96.70,4.28,1.140,0.37,7,7,1,GPS Fix (SPS),Stopped
1770570526.9061558,57.83454967,12.30753200,57.83455059,12.30752606,2.295,2.500,97.10,4.16,1.110,0.49,8,8,1,GPS Fix (SPS),Forward
1770570527.9095135,57.83455167,12.30754317,57.83455113,12.30753461,2.295,2.500,97.60,4.16,1.110,0.63,8,8,1,GPS Fix (SPS),Forward
1770570528.899304,57.83455433,12.30755200,57.83455273,12.30754331,2.295,2.500,97.90,4.16,1.110,0.90,8,8,1,GPS Fix (SPS),Forward
1770570529.9099257,57.83455400,12.30755117,57.83455337,12.30754724,2.295,2.500,98.00,4.16,1.110,0.39,8,8,1,GPS Fix (SPS),Forward
1770570530.903253,57.83455783,12.30755117,57.83455560,12.30754920,2.295,2.500,98.00,4.16,1.110,0.34,8,8,1,GPS Fix (SPS),Stopped
1770570531.9070418,57.83456633,12.30755950,57.83456097,12.30755435,2.295,2.500,98.10,4.16,1.110,1.34,8,8,1,GPS Fix (SPS),Forward
1770570532.9011674,57.83457467,12.30756800,57.83456782,12.30756118,2.295,2.500,98.10,4.16,1.110,1.84,8,8,1,GPS Fix (SPS),Forward
1770570533.9003255,57.83457517,12.30757183,57.83457149,12.30756650,2.295,2.500,98.30,4.16,1.110,1.11,8,8,1,GPS Fix (SPS),Forward
1770570534.9084814,57.83457350,12.30757200,57.83457250,12.30756925,2.295,2.500,98.50,4.16,1.110,0.30,8,8,1,GPS Fix (SPS),Stopped
1770570535.9040103,57.83457550,12.30758067,57.83457400,12.30757496,2.295,2.500,98.70,4.16,1.110,0.34,8,8,1,GPS Fix (SPS),Forward
1770570536.9000916,57.83457783,12.30758167,57.83457592,12.30757831,2.295,2.500,98.90,4.16,1.110,0.10,8,8,1,GPS Fix (SPS),Stopped
1770570537.9065394,57.83457900,12.30759683,57.83457746,12.30758757,2.295,2.500,99.20,4.16,1.110,0.84,8,8,1,GPS Fix (SPS),Forward
1770570538.9089901,57.83457800,12.30759983,57.83457773,12.30759370,2.295,2.500,99.50,4.16,1.110,0.46,8,8,1,GPS Fix (SPS),Forward
1770570539.8994741,57.83457617,12.30760150,57.83457695,12.30759760,2.295,2.500,99.90,4.16,1.110,0.53,8,8,1,GPS Fix (SPS),Forward
1770570540.911305,57.83457550,12.30760767,57.83457622,12.30760263,2.295,2.500,100.10,4.16,1.110,0.62,8,8,1,GPS Fix (SPS),Forward
1770570541.9068658,57.83457467,12.30760850,57.83457545,12.30760557,2.295,2.500,100.60,4.16,1.110,0.53,8,8,1,GPS Fix (SPS),Stopped
1770570542.8990047,57.83457467,12.30761750,57.83457506,12.30761153,2.295,2.500,100.80,4.16,1.110,0.69,8,8,1,GPS Fix (SPS),Forward
1770570543.9076207,57.83457650,12.30762650,57.83457578,12.30761902,2.295,2.500,101.30,4.16,1.110,1.21,8,8,1,GPS Fix (SPS),Forward
1770570544.9062135,57.83458133,12.30763433,57.83457856,12.30762668,2.295,2.500,101.70,4.16,1.110,1.29,8,8,1,GPS Fix (SPS),Forward
1770570545.8984659,57.83458467,12.30763700,57.83458161,12.30763184,2.295,2.500,102.30,4.16,1.110,0.89,8,8,1,GPS Fix (SPS),Forward
1770570546.9036238,57.83458267,12.30764333,57.83458214,12.30763759,2.295,2.500,103.00,4.16,1.110,0.77,8,8,1,GPS Fix (SPS),Forward
1770570547.9007134,57.83458033,12.30764900,57.83458124,12.30764329,2.295,2.500,103.50,4.16,1.110,1.08,8,8,1,GPS Fix (SPS),Forward
1770570548.9030259,57.83458117,12.30764617,57.83458120,12.30764473,2.295,2.500,104.00,4.16,1.110,0.56,8,8,1,GPS Fix (SPS),Stopped
1770570549.9021459,57.83458350,12.30764450,57.83458235,12.30764461,2.295,2.500,104.60,4.16,1.110,0.08,8,8,1,GPS Fix (SPS),Stopped
1770570550.906181,57.83458733,12.30765267,57.83458484,12.30764864,2.295,2.500,104.90,4.16,1.110,0.42,8,8,1,GPS Fix (SPS),Forward
1770570551.902206,57.83459133,12.30765500,57.83458809,12.30765182,2.295,2.500,105.50,4.16,1.110,0.72,8,8,1,GPS Fix (SPS),Stopped
1770570552.9083667,57.83458600,12.30764950,57.83458704,12.30765066,2.295,2.500,105.80,4.16,1.110,0.85,8,8,1,GPS Fix (SPS),Stopped
1770570553.8994024,57.83458583,12.30765233,57.83458644,12.30765150,2.295,2.500,105.90,4.16,1.110,0.28,8,8,1,GPS Fix (SPS),Stopped
1770570554.9015062,57.83458250,12.30765633,57.83458447,12.30765392,2.295,2.500,106.10,4.16,1.110,0.59,8,8,1,GPS Fix (SPS),Stopped
1770570555.896874,57.83457433,12.30765717,57.83457940,12.30765554,2.295,2.500,106.10,4.16,1.110,1.56,8,8,1,GPS Fix (SPS),Stopped
1770570556.9021244,57.83457083,12.30765350,57.83457512,12.30765452,2.390,2.500,105.70,4.54,1.210,1.55,7,7,1,GPS Fix (SPS),Stopped
1770570557.907557,57.83457317,12.30765950,57.83457414,12.30765701,2.390,2.500,105.60,4.54,1.210,0.64,7,7,1,GPS Fix (SPS),Stopped
1770570558.9037771,57.83458367,12.30766283,57.83457890,12.30765992,2.390,2.500,105.50,4.54,1.210,1.06,7,7,1,GPS Fix (SPS),Stopped
1770570559.9129248,57.83458567,12.30765533,57.83458229,12.30765763,2.390,2.500,105.00,4.54,1.210,1.05,7,7,1,GPS Fix (SPS),Stopped
1770570560.907103,57.83459017,12.30764783,57.83458623,12.30765273,2.295,2.500,104.70,4.16,1.110,1.41,8,8,1,GPS Fix (SPS),Reverse
1770570561.9011676,57.83458867,12.30763067,57.83458745,12.30764170,2.295,2.500,104.30,4.16,1.110,1.37,8,8,1,GPS Fix (SPS),Reverse
1770570562.8993661,57.83458583,12.30762350,57.83458664,12.30763260,2.295,2.500,104.00,4.16,1.110,1.24,8,8,1,GPS Fix (SPS),Reverse
1770570563.8991933,57.83458250,12.30761183,57.83458457,12.30762222,2.295,2.500,103.60,4.16,1.110,1.74,8,8,1,GPS Fix (SPS),Reverse
1770570564.9082966,57.83457967,12.30759950,57.83458212,12.30761086,2.295,2.500,103.40,4.16,1.110,2.15,8,8,1,GPS Fix (SPS),Reverse
1770570565.9002423,57.83458967,12.30759717,57.83458589,12.30760401,2.295,2.500,102.90,4.16,1.110,1.40,8,8,1,GPS Fix (SPS),Reverse
1770570566.9000325,57.83458850,12.30758183,57.83458720,12.30759292,2.295,2.500,102.50,4.16,1.110,1.85,8,8,1,GPS Fix (SPS),Reverse
1770570567.9088187,57.83458950,12.30757417,57.83458835,12.30758354,2.295,2.500,102.00,4.16,1.110,1.74,8,8,1,GPS Fix (SPS),Reverse
1770570568.9030068,57.83458217,12.30755017,57.83458526,12.30756686,2.295,2.500,101.50,4.16,1.110,2.75,8,8,1,GPS Fix (SPS),Reverse
1770570569.908737,57.83457917,12.30752450,57.83458221,12.30754568,2.295,2.500,101.00,4.16,1.110,3.52,8,8,1,GPS Fix (SPS),Reverse
1770570570.9041548,57.83457600,12.30751633,57.83457911,12.30753101,2.295,2.500,100.50,4.16,1.110,2.69,8,8,1,GPS Fix (SPS),Reverse
1770570571.911182,57.83457783,12.30750467,57.83457847,12.30751784,2.295,2.500,100.20,4.16,1.110,2.50,8,8,1,GPS Fix (SPS),Reverse
1770570572.907185,57.83457417,12.30748850,57.83457632,12.30750317,2.295,2.500,99.70,4.16,1.110,3.33,8,8,1,GPS Fix (SPS),Reverse
1770570573.8997197,57.83458517,12.30747717,57.83458074,12.30749017,2.295,2.500,99.50,4.16,1.110,3.04,8,8,1,GPS Fix (SPS),Reverse
1770570574.9009628,57.83458233,12.30747117,57.83458154,12.30748067,2.295,2.500,99.50,4.16,1.110,1.94,8,8,1,GPS Fix (SPS),Reverse
1770570575.9073234,57.83457550,12.30746650,57.83457852,12.30747358,2.295,2.500,99.40,4.16,1.110,1.56,8,8,1,GPS Fix (SPS),Reverse
1770570576.8991163,57.83458017,12.30746350,57.83457934,12.30746854,2.295,2.500,99.30,4.16,1.110,1.18,8,8,1,GPS Fix (SPS),Reverse
1770570577.9076357,57.83458000,12.30746117,57.83457967,12.30746485,2.295,2.500,99.30,4.16,1.110,1.40,8,8,1,GPS Fix (SPS),Reverse
1770570578.9032507,57.83457933,12.30745567,57.83457950,12.30746026,2.295,2.500,99.50,4.16,1.110,1.64,8,8,1,GPS Fix (SPS),Reverse
1770570579.9075823,57.83457917,12.30745700,57.83457933,12.30745863,2.295,2.500,99.80,4.16,1.110,1.25,8,8,1,GPS Fix (SPS),Stopped
1770570580.9077392,57.83458550,12.30745683,57.83458242,12.30745773,2.295,2.500,99.70,4.16,1.110,1.39,8,8,1,GPS Fix (SPS),Stopped
1770570581.9056287,57.83459550,12.30746183,57.83458896,12.30745978,2.295,2.500,99.60,4.16,1.110,2.08,8,8,1,GPS Fix (SPS),Stopped
1770570582.9105816,57.83460450,12.30746467,57.83459673,12.30746222,2.295,2.500,99.60,4.16,1.110,2.43,8,8,1,GPS Fix (SPS),Stopped
1770570583.904135,57.83459467,12.30746817,57.83459570,12.30746520,2.524,2.500,99.40,5.06,1.350,0.66,7,7,1,GPS Fix (SPS),Stopped
1770570584.9023144,57.83459667,12.30747350,57.83459618,12.30746935,2.524,2.500,98.60,5.06,1.350,1.25,7,7,1,GPS Fix (SPS),Forward
1770570585.9077394,57.83460117,12.30747817,57.83459867,12.30747376,2.524,2.500,97.90,5.06,1.350,1.44,7,7,1,GPS Fix (SPS),Forward
1770570586.9044368,57.83459617,12.30748250,57.83459742,12.30747813,2.524,2.500,97.40,5.06,1.350,0.75,7,7,1,GPS Fix (SPS),Forward
1770570587.8994625,57.83459150,12.30748500,57.83459446,12.30748156,2.524,2.500,96.90,5.06,1.350,0.80,7,7,1,GPS Fix (SPS),Forward
1770570588.9083183,57.83459350,12.30748600,57.83459398,12.30748378,2.295,2.500,96.00,4.16,1.110,0.87,8,8,1,GPS Fix (SPS),Stopped
1770570589.9088552,57.83461050,12.30747483,57.83460224,12.30747931,2.295,2.500,95.50,4.16,1.110,1.18,8,8,1,GPS Fix (SPS),Reverse
1770570590.913155,57.83461800,12.30746333,57.83461012,12.30747132,2.295,2.500,94.90,4.16,1.110,1.80,8,8,1,GPS Fix (SPS),Reverse
1770570591.9052777,57.83462250,12.30744017,57.83461631,12.30745574,2.295,2.500,94.30,4.16,1.110,2.19,8,8,1,GPS Fix (SPS),Reverse
1770570592.9067008,57.83463083,12.30742067,57.83462357,12.30743821,2.324,2.500,93.40,4.28,1.140,2.43,7,7,1,GPS Fix (SPS),Reverse
1770570593.9079454,57.83463317,12.30740917,57.83462837,12.30742369,2.324,2.500,92.80,4.28,1.140,1.84,7,7,1,GPS Fix (SPS),Reverse
1770570594.8991232,57.83462350,12.30740717,57.83462593,12.30741543,2.324,2.500,92.20,4.28,1.140,0.49,7,7,1,GPS Fix (SPS),Reverse
1770570595.8994393,57.83461433,12.30740133,57.83462013,12.30740838,2.324,2.500,91.50,4.28,1.140,0.75,7,7,1,GPS Fix (SPS),Reverse
1770570596.899504,57.83460483,12.30739500,57.83461248,12.30740169,2.324,2.500,90.90,4.28,1.140,1.29,7,7,1,GPS Fix (SPS),Reverse
1770570597.9035077,57.83460233,12.30739500,57.83460741,12.30739834,2.324,2.500,90.30,4.28,1.140,0.96,7,7,1,GPS Fix (SPS),Stopped
1770570598.9070692,57.83459900,12.30739817,57.83460320,12.30739826,2.295,2.500,89.90,4.16,1.110,1.16,8,8,1,GPS Fix (SPS),Stopped
1770570599.9026005,57.83458917,12.30739417,57.83459619,12.30739621,2.295,2.500,89.70,4.16,1.110,1.90,8,8,1,GPS Fix (SPS),Stopped
1770570600.908804,57.83458883,12.30739617,57.83459251,12.30739619,2.295,2.500,89.10,4.16,1.110,1.46,8,8,1,GPS Fix (SPS),Stopped
1770570601.9036255,57.83458550,12.30739583,57.83458900,12.30739601,2.390,2.500,88.60,4.54,1.210,1.44,7,7,1,GPS Fix (SPS),Stopped
1770570602.9048545,57.83458250,12.30739400,57.83458575,12.30739501,2.390,2.500,87.90,4.54,1.210,1.33,7,7,1,GPS Fix (SPS),Stopped
1770570603.9066958,57.83457950,12.30739233,57.83458263,12.30739367,2.390,2.500,87.20,4.54,1.210,1.01,7,7,1,GPS Fix (SPS),Stopped
1770570604.9054449,57.83458550,12.30738883,57.83458406,12.30739125,6.000,2.500,86.60,18.75,6.080,0.40,5,5,1,GPS Fix (SPS),Stopped
1770570605.89919,57.83457500,12.30738133,57.83457953,12.30738629,6.000,2.500,86.10,18.75,6.080,0.97,5,5,1,GPS Fix (SPS),Reverse
1770570606.8827314,57.83456617,12.30737883,57.83457285,12.30738256,6.000,2.500,85.40,18.75,6.080,1.18,5,5,1,GPS Fix (SPS),Reverse
1770570607.9014468,57.83455233,12.30738050,57.83456259,12.30738153,6.000,2.500,84.90,18.75,6.080,2.01,5,5,1,GPS Fix (SPS),Stopped
1770570608.8972306,57.83453933,12.30737783,57.83455096,12.30737968,6.000,2.500,84.30,18.75,6.080,2.64,5,5,1,GPS Fix (SPS),Stopped
1770570609.899065,57.83454250,12.30738000,57.83454673,12.30737984,6.000,2.500,83.80,18.75,6.080,1.97,5,5,1,GPS Fix (SPS),Stopped
1770570610.898278,57.83453950,12.30738000,57.83454312,12.30737992,2.724,2.500,83.30,5.85,1.560,2.16,6,6,1,GPS Fix (SPS),Stopped
1770570611.9087038,57.83453050,12.30738700,57.83453681,12.30738346,2.724,2.500,82.90,5.85,1.560,2.41,6,6,1,GPS Fix (SPS),Forward
1770570612.8994045,57.83453317,12.30739533,57.83453499,12.30738940,2.724,2.500,82.30,5.85,1.560,1.60,6,6,1,GPS Fix (SPS),Forward
1770570613.8990576,57.83454317,12.30739617,57.83453908,12.30739278,6.000,2.500,81.80,18.75,6.070,0.17,5,5,1,GPS Fix (SPS),Forward
1770570614.9075766,57.83455167,12.30740283,57.83454537,12.30739781,6.000,2.500,81.40,18.75,6.070,0.87,5,5,1,GPS Fix (SPS),Forward
1770570615.8979893,57.83453367,12.30740883,57.83453952,12.30740332,6.000,2.500,80.90,18.75,6.070,0.95,5,5,1,GPS Fix (SPS),Forward
1770570616.8949435,57.83452500,12.30741250,57.83453226,12.30740791,3.610,2.500,85.70,9.34,2.490,1.63,4,4,1,GPS Fix (SPS),Forward
1770570617.90003,57.83452583,12.30741483,57.83452905,12.30741137,3.610,2.500,82.90,9.34,2.490,1.13,4,4,1,GPS Fix (SPS),Forward
1770570618.8914907,57.83452233,12.30741300,57.83452569,12.30741219,3.610,2.500,81.80,9.34,2.490,0.56,4,4,1,GPS Fix (SPS),Stopped
1770570619.8990476,57.83451500,12.30741400,57.83452034,12.30741309,3.610,2.500,80.70,9.34,2.490,0.88,4,4,1,GPS Fix (SPS),Stopped
1770570620.899321,57.83450183,12.30738933,57.83451109,12.30740121,3.610,2.500,79.90,9.34,2.490,1.35,4,4,1,GPS Fix (SPS),Reverse
1770570621.8966138,57.83450217,12.30736067,57.83450663,12.30738094,2.848,2.500,81.10,6.34,1.690,0.76,5,5,1,GPS Fix (SPS),Reverse
1770570622.901532,57.83449950,12.30735867,57.83450306,12.30736980,2.848,2.500,81.50,6.34,1.690,1.24,5,5,1,GPS Fix (SPS),Reverse
1770570623.899499,57.83449600,12.30733050,57.83449953,12.30735015,2.657,2.500,81.10,5.59,1.490,2.18,6,6,1,GPS Fix (SPS),Reverse
1770570624.911,57.83449200,12.30734583,57.83449577,12.30734799,2.524,2.500,81.60,5.06,1.350,1.23,7,7,1,GPS Fix (SPS),Stopped
1770570625.9071617,57.83448833,12.30734033,57.83449205,12.30734416,2.524,2.500,81.20,5.06,1.350,1.06,7,7,1,GPS Fix (SPS),Reverse
1770570626.9012368,57.83449833,12.30734450,57.83449519,12.30734433,2.524,2.500,81.10,5.06,1.350,0.55,7,7,1,GPS Fix (SPS),Stopped
1770570627.9001954,57.83449533,12.30733383,57.83449526,12.30733908,2.524,2.500,81.10,5.06,1.350,0.68,7,7,1,GPS Fix (SPS),Reverse
1770570628.9055035,57.83450083,12.30732767,57.83449805,12.30733337,2.524,2.500,81.10,5.06,1.350,1.18,7,7,1,GPS Fix (SPS),Reverse
1770570629.8993788,57.83450233,12.30732800,57.83450019,12.30733069,2.524,2.500,80.90,5.06,1.350,0.69,7,7,1,GPS Fix (SPS),Stopped
1770570630.907403,57.83449933,12.30732367,57.83449976,12.30732718,2.524,2.500,80.80,5.06,1.350,0.23,7,7,1,GPS Fix (SPS),Reverse
1770570631.90458,57.83450233,12.30734250,57.83450105,12.30733484,2.524,2.500,80.70,5.06,1.350,1.63,7,7,1,GPS Fix (SPS),Forward
1770570632.9129918,57.83450883,12.30734700,57.83450494,12.30734092,2.524,2.500,80.50,5.06,1.350,1.63,7,7,1,GPS Fix (SPS),Forward
1770570633.9081933,57.83449783,12.30734167,57.83450139,12.30734129,2.524,2.500,80.40,5.06,1.350,0.30,7,7,1,GPS Fix (SPS),Stopped
1770570634.9059072,57.83450200,12.30734867,57.83450169,12.30734498,2.524,2.500,80.20,5.06,1.350,1.18,7,7,1,GPS Fix (SPS),Forward
1770570635.90781,57.83450517,12.30735517,57.83450343,12.30735007,2.524,2.500,80.10,5.06,1.350,1.48,7,7,1,GPS Fix (SPS),Forward
1770570636.9017558,57.83450350,12.30734817,57.83450347,12.30734912,2.524,2.500,80.10,5.06,1.350,1.09,7,7,1,GPS Fix (SPS),Stopped
1770570637.9031339,57.83449283,12.30735383,57.83449815,12.30735148,2.295,2.500,80.00,4.16,1.110,0.54,8,8,1,GPS Fix (SPS),Stopped
1770570638.906574,57.83448850,12.30736167,57.83449332,12.30735657,2.295,2.500,79.90,4.16,1.110,1.07,8,8,1,GPS Fix (SPS),Forward
1770570639.904139,57.83448467,12.30736067,57.83448900,12.30735862,2.286,2.500,79.70,4.12,1.100,0.64,8,8,1,GPS Fix (SPS),Stopped
1770570640.9082277,57.83448033,12.30734850,57.83448466,12.30735356,2.524,2.500,79.70,5.06,1.350,0.53,7,7,1,GPS Fix (SPS),Reverse
1770570641.906006,57.83447400,12.30733683,57.83447933,12.30734520,2.524,2.500,79.60,5.06,1.350,1.29,7,7,1,GPS Fix (SPS),Reverse
1770570642.905043,57.83447033,12.30733100,57.83447483,12.30733810,2.524,2.500,79.40,5.06,1.350,1.10,7,7,1,GPS Fix (SPS),Reverse
1770570643.8979235,57.83446150,12.30732133,57.83446817,12.30732972,2.581,2.500,79.30,5.29,1.410,1.41,6,6,1,GPS Fix (SPS),Reverse
1770570644.9028099,57.83445567,12.30730867,57.83446192,12.30731919,2.581,2.500,79.30,5.29,1.410,1.54,6,6,1,GPS Fix (SPS),Reverse
1770570645.8976245,57.83444867,12.30731000,57.83445529,12.30731460,2.581,2.500,79.20,5.29,1.410,1.46,6,6,1,GPS Fix (SPS),Reverse
1770570646.8955834,57.83444133,12.30730517,57.83444831,12.30730988,2.581,2.500,79.20,5.29,1.410,1.74,6,6,1,GPS Fix (SPS),Reverse
1770570647.9031813,57.83443167,12.30730050,57.83443999,12.30730519,2.581,2.500,79.20,5.29,1.410,2.17,6,6,1,GPS Fix (SPS),Reverse
1770570648.899068,57.83441900,12.30730717,57.83442949,12.30730618,2.581,2.500,78.90,5.29,1.410,2.67,6,6,1,GPS Fix (SPS),Stopped
1770570649.9039345,57.83442000,12.30730767,57.83442475,12.30730692,2.581,2.500,78.90,5.29,1.410,1.64,6,6,1,GPS Fix (SPS),Stopped
1770570650.899275,57.83441750,12.30729700,57.83442112,12.30730196,2.581,2.500,78.90,5.29,1.410,2.06,6,6,1,GPS Fix (SPS),Reverse
1770570651.8942144,57.83441267,12.30728317,57.83441690,12.30729256,3.000,2.500,78.90,6.94,1.850,2.55,5,5,1,GPS Fix (SPS),Reverse
1770570652.9020143,57.83441083,12.30729733,57.83441386,12.30729495,3.000,2.500,78.90,6.94,1.850,1.29,5,5,1,GPS Fix (SPS),Stopped
1770570653.8979554,57.83440683,12.30729983,57.83441035,12.30729739,2.581,2.500,78.80,5.29,1.410,1.57,6,6,1,GPS Fix (SPS),Stopped
1770570654.906293,57.83440633,12.30730617,57.83440834,12.30730178,2.581,2.500,78.80,5.29,1.410,1.65,6,6,1,GPS Fix (SPS),Forward
1770570655.8997588,57.83440517,12.30730150,57.83440675,12.30730164,2.581,2.500,78.70,5.29,1.410,1.35,6,6,1,GPS Fix (SPS),Stopped
1770570656.8910594,57.83440167,12.30728800,57.83440421,12.30729482,2.581,2.500,78.60,5.29,1.410,1.77,6,6,1,GPS Fix (SPS),Reverse
1770570657.9013193,57.83440367,12.30728817,57.83440394,12.30729149,2.581,2.500,78.50,5.29,1.410,1.29,6,6,1,GPS Fix (SPS),Stopped
1770570658.891829,57.83440333,12.30726833,57.83440364,12.30727991,3.000,2.500,78.40,6.94,1.850,1.94,5,5,1,GPS Fix (SPS),Reverse
1770570659.894022,57.83441200,12.30726567,57.83440782,12.30727279,3.010,2.500,78.20,6.97,1.860,1.19,5,5,1,GPS Fix (SPS),Reverse
1770570660.899083,57.83440133,12.30726233,57.83440458,12.30726756,3.010,2.500,78.20,6.97,1.860,2.12,5,5,1,GPS Fix (SPS),Reverse
1770570661.8967936,57.83440933,12.30726183,57.83440695,12.30726470,3.010,2.500,78.10,6.97,1.860,1.15,5,5,1,GPS Fix (SPS),Stopped
1770570662.8951337,57.83440783,12.30726450,57.83440739,12.30726460,3.010,2.500,77.90,6.97,1.860,1.39,5,5,1,GPS Fix (SPS),Stopped
1770570663.8964102,57.83441450,12.30727183,57.83441095,12.30726822,3.010,2.500,77.70,6.97,1.860,1.13,5,5,1,GPS Fix (SPS),Forward
1770570664.8914778,57.83441600,12.30728117,57.83441347,12.30727469,3.010,2.500,77.50,6.97,1.860,1.26,5,5,1,GPS Fix (SPS),Forward
1770570665.9013844,57.83441950,12.30728517,57.83441649,12.30727993,3.010,2.500,77.40,6.97,1.860,1.13,5,5,1,GPS Fix (SPS),Forward
1770570666.8966668,57.83444383,12.30729617,57.83443016,12.30728805,3.010,2.500,77.30,6.97,1.860,2.06,5,5,1,GPS Fix (SPS),Forward
1770570668.8993764,57.83446017,12.30729617,57.83444516,12.30729211,6.000,2.500,77.20,18.75,34.050,1.52,4,4,1,GPS Fix (SPS),Forward
1770570669.8828359,57.83445650,12.30729050,57.83445083,12.30729130,3.010,2.500,77.00,6.97,1.860,0.68,5,5,1,GPS Fix (SPS),Stopped
1770570670.8903413,57.83445317,12.30728867,57.83445200,12.30728999,3.457,2.500,77.00,8.74,2.330,0.23,4,4,1,GPS Fix (SPS),Stopped
1770570671.8994925,57.83444300,12.30729267,57.83444750,12.30729133,3.552,2.500,77.20,9.11,2.430,0.79,4,4,1,GPS Fix (SPS),Stopped
1770570672.897997,57.83443533,12.30730683,57.83444142,12.30729908,2.848,2.500,77.40,6.34,1.690,1.55,5,5,1,GPS Fix (SPS),Forward
1770570673.8910434,57.83441783,12.30733117,57.83442962,12.30731512,3.552,2.500,77.50,9.11,2.430,2.87,4,4,1,GPS Fix (SPS),Forward
1770570674.8910582,57.83442300,12.30732033,57.83442631,12.30731773,3.552,2.500,77.70,9.11,2.430,1.73,4,4,1,GPS Fix (SPS),Stopped
1770570675.8960204,57.83442717,12.30731450,57.83442674,12.30731611,5.152,2.500,77.70,15.41,4.110,1.41,4,4,1,GPS Fix (SPS),Stopped
1770570676.8920307,57.83442983,12.30730500,57.83442829,12.30731056,5.152,2.500,77.80,15.41,4.110,1.00,4,4,1,GPS Fix (SPS),Reverse
1770570677.8981512,57.83444383,12.30728867,57.83443606,12.30729961,5.162,2.500,77.90,15.45,4.120,1.30,4,4,1,GPS Fix (SPS),Reverse
1770570678.8935006,57.83444700,12.30729417,57.83444153,12.30729689,5.162,2.500,77.90,15.45,4.120,0.65,4,4,1,GPS Fix (SPS),Stopped
1770570679.8999522,57.83444033,12.30730783,57.83444093,12.30730236,5.162,2.500,77.90,15.45,4.120,0.76,4,4,1,GPS Fix (SPS),Forward
1770570680.9052763,57.83444500,12.30731617,57.83444297,12.30730926,2.657,2.500,78.10,5.59,1.490,1.52,6,6,1,GPS Fix (SPS),Forward
1770570681.907134,57.83443267,12.30734683,57.83443782,12.30732805,2.657,2.500,78.20,5.59,1.490,2.98,6,6,1,GPS Fix (SPS),Forward
1770570682.8978143,57.83443000,12.30736550,57.83443391,12.30734677,2.657,2.500,78.50,5.59,1.490,2.80,6,6,1,GPS Fix (SPS),Forward
1770570683.9049213,57.83442600,12.30738767,57.83442995,12.30736722,2.657,2.500,78.90,5.59,1.490,2.87,6,6,1,GPS Fix (SPS),Forward
1770570684.8990235,57.83441583,12.30741067,57.83442289,12.30738894,2.657,2.500,79.40,5.59,1.490,3.60,6,6,1,GPS Fix (SPS),Forward
1770570685.8911219,57.83439950,12.30742617,57.83441120,12.30740756,2.657,2.500,79.60,5.59,1.490,3.69,6,6,1,GPS Fix (SPS),Forward
1770570686.900875,57.83439200,12.30742400,57.83440160,12.30741578,2.657,2.500,80.00,5.59,1.490,2.67,6,6,1,GPS Fix (SPS),Forward
1770570687.8980587,57.83438000,12.30743233,57.83439080,12.30742406,2.657,2.500,80.50,5.59,1.490,2.89,6,6,1,GPS Fix (SPS),Forward
1770570688.90165,57.83436583,12.30745517,57.83437832,12.30743961,2.657,2.500,81.00,5.59,1.490,3.57,6,6,1,GPS Fix (SPS),Forward
1770570689.897492,57.83434767,12.30747350,57.83436299,12.30745656,2.657,2.500,81.70,5.59,1.490,4.24,6,6,1,GPS Fix (SPS),Forward
1770570690.9031632,57.83433133,12.30748283,57.83434716,12.30746969,2.657,2.500,82.40,5.59,1.490,4.34,6,6,1,GPS Fix (SPS),Forward
1770570691.899137,57.83432500,12.30748383,57.83433608,12.30747676,2.657,2.500,83.00,5.59,1.490,4.03,6,6,1,GPS Fix (SPS),Forward
1770570692.8968987,57.83432100,12.30750350,57.83432854,12.30749013,3.019,2.500,83.20,7.01,1.870,3.98,5,5,1,GPS Fix (SPS),Forward
1770570693.9058955,57.83432017,12.30750433,57.83432435,12.30749723,3.019,2.500,83.30,7.01,1.870,3.84,5,5,1,GPS Fix (SPS),Forward
1770570694.8900023,57.83431900,12.30751350,57.83432168,12.30750537,2.429,2.500,83.30,4.69,1.250,4.19,6,6,1,GPS Fix (SPS),Forward
1770570695.8962874,57.83431683,12.30751417,57.83431926,12.30750977,2.429,2.500,83.20,4.69,1.250,3.60,6,6,1,GPS Fix (SPS),Forward
1770570696.8895218,57.83432183,12.30751600,57.83432054,12.30751288,3.019,2.500,83.30,7.01,1.870,3.01,5,5,1,GPS Fix (SPS),Stopped
1770570697.8946958,57.83433133,12.30750633,57.83432594,12.30750961,3.019,2.500,83.30,7.01,1.870,1.79,5,5,1,GPS Fix (SPS),Stopped
1770570698.9014935,57.83434083,12.30749150,57.83433339,12.30750055,3.019,2.500,83.40,7.01,1.870,0.90,5,5,1,GPS Fix (SPS),Reverse
1770570699.909023,57.83434800,12.30749267,57.83434069,12.30749661,3.019,2.500,83.40,7.01,1.870,0.88,5,5,1,GPS Fix (SPS),Reverse
1770570700.903939,57.83436617,12.30748267,57.83435343,12.30748964,3.019,2.500,83.50,7.01,1.870,1.11,5,5,1,GPS Fix (SPS),Reverse
1770570701.8997464,57.83439083,12.30747783,57.83437213,12.30748374,2.429,2.500,83.40,4.69,1.250,2.59,6,6,1,GPS Fix (SPS),Reverse
1770570702.8953152,57.83442083,12.30743967,57.83439648,12.30746170,2.429,2.500,83.20,4.69,1.250,2.57,6,6,1,GPS Fix (SPS),Reverse
1770570703.8913429,57.83443200,12.30743200,57.83441424,12.30744685,2.305,2.500,81.80,4.20,1.120,2.50,7,7,1,GPS Fix (SPS),Reverse
1770570704.8974874,57.83445267,12.30742567,57.83443345,12.30743626,2.429,2.500,81.30,4.69,1.250,2.81,6,6,1,GPS Fix (SPS),Reverse
1770570705.9033227,57.83446417,12.30742650,57.83444881,12.30743138,2.305,2.500,80.40,4.20,1.120,3.04,7,7,1,GPS Fix (SPS),Reverse
1770570706.9017618,57.83447333,12.30742367,57.83446107,12.30742752,2.429,2.500,80.20,4.69,1.250,2.84,6,6,1,GPS Fix (SPS),Reverse
1770570707.8970845,57.83447683,12.30740883,57.83446895,12.30741818,2.429,2.500,80.00,4.69,1.250,1.96,6,6,1,GPS Fix (SPS),Reverse
1770570708.9023774,57.83448717,12.30740400,57.83447806,12.30741109,2.429,2.500,79.30,4.69,1.250,1.99,6,6,1,GPS Fix (SPS),Reverse
1770570709.9013884,57.83449950,12.30739550,57.83448878,12.30740329,3.105,2.500,79.20,7.35,1.960,2.22,5,5,1,GPS Fix (SPS),Reverse
1770570710.9017038,57.83450867,12.30737650,57.83449872,12.30738990,3.105,2.500,79.00,7.35,1.960,2.28,5,5,1,GPS Fix (SPS),Reverse
1770570711.8992078,57.83452700,12.30736400,57.83451286,12.30737695,3.105,2.500,78.60,7.35,1.960,2.78,5,5,1,GPS Fix (SPS),Reverse
1770570712.8905065,57.83453567,12.30734967,57.83452426,12.30736331,3.105,2.500,78.30,7.35,1.960,2.35,5,5,1,GPS Fix (SPS),Reverse
1770570713.9062057,57.83454667,12.30733367,57.83453547,12.30734849,3.105,2.500,77.90,7.35,1.960,2.80,5,5,1,GPS Fix (SPS),Reverse
1770570714.900309,57.83456467,12.30732383,57.83455007,12.30733616,3.105,2.500,77.20,7.35,1.960,3.80,5,5,1,GPS Fix (SPS),Reverse
1770570715.9064505,57.83456483,12.30732917,57.83455745,12.30733266,2.429,2.500,77.00,4.69,1.250,3.51,6,6,1,GPS Fix (SPS),Reverse
1770570716.8989885,57.83457083,12.30732067,57.83456414,12.30732667,2.429,2.500,76.50,4.69,1.250,3.35,6,6,1,GPS Fix (SPS),Reverse
1770570719.9046125,57.83458600,12.30731267,57.83457507,12.30731967,6.000,2.500,76.00,18.75,26.910,3.42,4,4,1,GPS Fix (SPS),Reverse
1770570720.9101565,57.83458583,12.30730933,57.83458045,12.30731450,3.029,2.500,75.50,7.05,1.880,3.38,5,5,1,GPS Fix (SPS),Reverse
1770570721.8908248,57.83457483,12.30731250,57.83457764,12.30731350,3.029,2.500,75.50,7.05,1.880,2.13,5,5,1,GPS Fix (SPS),Stopped
1770570722.9017818,57.83456833,12.30731950,57.83457299,12.30731650,3.029,2.500,74.90,7.05,1.880,1.84,5,5,1,GPS Fix (SPS),Stopped
1770570724.8994083,57.83457500,12.30731083,57.83457399,12.30731367,6.000,2.500,74.80,18.75,26.370,1.89,4,4,1,GPS Fix (SPS),Stopped
1770570725.8962061,57.83456550,12.30731067,57.83456975,12.30731217,3.105,2.500,75.10,7.35,1.960,1.36,5,5,1,GPS Fix (SPS),Stopped
1770570726.8945508,57.83454817,12.30730833,57.83455896,12.30731025,3.105,2.500,75.40,7.35,1.960,0.71,5,5,1,GPS Fix (SPS),Stopped
1770570727.8994036,57.83452167,12.30731033,57.83454031,12.30731029,3.105,2.500,75.80,7.35,1.960,1.28,5,5,1,GPS Fix (SPS),Stopped
1770570728.895151,57.83451250,12.30730217,57.83452641,12.30730623,3.105,2.500,76.70,7.35,1.960,1.67,5,5,1,GPS Fix (SPS),Reverse
1770570729.9027424,57.83448517,12.30730700,57.83450579,12.30730661,3.105,2.500,77.20,7.35,1.960,1.84,5,5,1,GPS Fix (SPS),Stopped
1770570730.8862183,57.83447183,12.30732217,57.83448881,12.30731439,2.429,2.500,77.40,4.69,1.250,0.86,6,6,1,GPS Fix (SPS),Forward
1770570731.9020033,57.83445567,12.30732117,57.83447224,12.30731778,2.429,2.500,77.80,4.69,1.250,1.25,6,6,1,GPS Fix (SPS),Forward
1770570732.8984056,57.83444600,12.30734083,57.83445912,12.30732931,2.429,2.500,78.00,4.69,1.250,1.30,6,6,1,GPS Fix (SPS),Forward
1770570733.8917007,57.83444217,12.30734150,57.83445064,12.30733540,2.429,2.500,78.30,4.69,1.250,0.86,6,6,1,GPS Fix (SPS),Forward
1770570734.9019072,57.83443800,12.30734467,57.83444432,12.30734003,2.429,2.500,78.60,4.69,1.250,0.91,6,6,1,GPS Fix (SPS),Forward
1770570735.8971457,57.83443867,12.30734833,57.83444149,12.30734418,2.429,2.500,78.90,4.69,1.250,0.96,6,6,1,GPS Fix (SPS),Forward
1770570736.8917246,57.83444350,12.30734283,57.83444250,12.30734351,3.105,2.500,79.20,7.35,1.960,0.20,5,5,1,GPS Fix (SPS),Stopped
1770570737.8905354,57.83442850,12.30735367,57.83443550,12.30734859,3.105,2.500,79.80,7.35,1.960,0.92,5,5,1,GPS Fix (SPS),Forward
1770570738.8951867,57.83441783,12.30735867,57.83442667,12.30735363,3.105,2.500,80.20,7.35,1.960,1.33,5,5,1,GPS Fix (SPS),Forward
1770570739.893174,57.83440717,12.30735333,57.83441692,12.30735348,3.105,2.500,80.80,7.35,1.960,1.73,5,5,1,GPS Fix (SPS),Stopped
1770570740.8989818,57.83440117,12.30735600,57.83440904,12.30735474,3.105,2.500,80.90,7.35,1.960,1.53,5,5,1,GPS Fix (SPS),Stopped
1770570741.8927517,57.83437850,12.30736667,57.83439377,12.30736070,3.105,2.500,81.30,7.35,1.960,2.52,5,5,1,GPS Fix (SPS),Forward
1770570742.8990705,57.83439683,12.30736850,57.83439530,12.30736460,3.105,2.500,81.60,7.35,1.960,1.48,5,5,1,GPS Fix (SPS),Forward
1770570743.8938887,57.83439333,12.30737833,57.83439432,12.30737147,3.029,2.500,81.90,7.05,1.880,2.01,5,5,1,GPS Fix (SPS),Forward
1770570744.899619,57.83439783,12.30737650,57.83439608,12.30737398,3.029,2.500,82.10,7.05,1.880,1.51,5,5,1,GPS Fix (SPS),Stopped
1770570745.8960087,57.83439083,12.30736850,57.83439345,12.30737124,3.029,2.500,82.20,7.05,1.880,1.87,5,5,1,GPS Fix (SPS),Stopped
1770570746.8891835,57.83438750,12.30736733,57.83439048,12.30736929,2.429,2.500,82.30,4.69,1.250,2.00,6,6,1,GPS Fix (SPS),Stopped
1770570747.899181,57.83439083,12.30736967,57.83439066,12.30736948,2.429,2.500,82.50,4.69,1.250,1.50,6,6,1,GPS Fix (SPS),Stopped
1770570748.9043763,57.83439333,12.30736517,57.83439199,12.30736732,2.429,2.500,82.80,4.69,1.250,1.19,6,6,1,GPS Fix (SPS),Stopped
1770570749.9018857,57.83439683,12.30736017,57.83439441,12.30736374,2.429,2.500,83.10,4.69,1.250,0.97,6,6,1,GPS Fix (SPS),Reverse
1770570750.892021,57.83440817,12.30734400,57.83440129,12.30735387,2.429,2.500,83.40,4.69,1.250,1.31,6,6,1,GPS Fix (SPS),Reverse
1770570751.9044118,57.83441550,12.30735300,57.83440840,12.30735344,2.429,2.500,83.70,4.69,1.250,0.59,6,6,1,GPS Fix (SPS),Stopped
1770570752.9018722,57.83442917,12.30734433,57.83441878,12.30734888,2.429,2.500,83.80,4.69,1.250,1.45,6,6,1,GPS Fix (SPS),Reverse
1770570753.8949454,57.83443383,12.30734683,57.83442631,12.30734786,2.429,2.500,83.90,4.69,1.250,1.47,6,6,1,GPS Fix (SPS),Stopped
1770570754.890376,57.83443983,12.30735083,57.83443307,12.30734935,3.038,2.500,83.70,7.09,1.890,1.72,5,5,1,GPS Fix (SPS),Stopped
1770570755.8982122,57.83445167,12.30734700,57.83444237,12.30734817,3.038,2.500,83.60,7.09,1.890,2.21,5,5,1,GPS Fix (SPS),Stopped
1770570756.906394,57.83445400,12.30733983,57.83444818,12.30734400,3.038,2.500,83.60,7.09,1.890,1.87,5,5,1,GPS Fix (SPS),Reverse
1770570757.8993392,57.83445433,12.30734733,57.83445126,12.30734567,3.038,2.500,83.60,7.09,1.890,1.64,5,5,1,GPS Fix (SPS),Stopped
1770570758.8992457,57.83445250,12.30734383,57.83445188,12.30734475,3.038,2.500,83.60,7.09,1.890,1.08,5,5,1,GPS Fix (SPS),Stopped
1770570759.8992453,57.83445017,12.30733883,57.83445102,12.30734179,3.038,2.500,83.50,7.09,1.890,1.02,5,5,1,GPS Fix (SPS),Stopped
1770570760.8961852,57.83444717,12.30734617,57.83444909,12.30734398,3.038,2.500,83.40,7.09,1.890,0.51,5,5,1,GPS Fix (SPS),Stopped
1770570761.8992882,57.83445483,12.30733050,57.83445196,12.30733724,3.038,2.500,83.20,7.09,1.890,0.91,5,5,1,GPS Fix (SPS),Reverse
1770570762.8990724,57.83445183,12.30733883,57.83445190,12.30733804,2.590,2.500,82.50,5.32,1.420,0.33,6,6,1,GPS Fix (SPS),Stopped
1770570763.903909,57.83446050,12.30733400,57.83445620,12.30733602,2.590,2.500,82.10,5.32,1.420,0.59,6,6,1,GPS Fix (SPS),Stopped
1770570764.8991995,57.83446133,12.30734533,57.83445877,12.30734068,2.590,2.500,81.60,5.32,1.420,1.32,6,6,1,GPS Fix (SPS),Forward
1770570765.891429,57.83444567,12.30735517,57.83445222,12.30734792,3.038,2.500,81.60,7.09,1.890,1.24,5,5,1,GPS Fix (SPS),Forward
1770570766.900681,57.83443317,12.30735150,57.83444269,12.30734971,2.305,2.500,81.80,4.20,1.120,1.48,7,7,1,GPS Fix (SPS),Stopped
1770570767.9004574,57.83441850,12.30735450,57.83443060,12.30735211,2.305,2.500,82.40,4.20,1.120,2.39,7,7,1,GPS Fix (SPS),Stopped
1770570768.90772,57.83441067,12.30735933,57.83442063,12.30735572,2.305,2.500,83.00,4.20,1.120,2.54,7,7,1,GPS Fix (SPS),Forward
1770570769.9000506,57.83440400,12.30736150,57.83441232,12.30735861,2.305,2.500,83.40,4.20,1.120,2.53,7,7,1,GPS Fix (SPS),Stopped
1770570770.89621,57.83438950,12.30736400,57.83440091,12.30736130,2.305,2.500,83.80,4.20,1.120,3.08,7,7,1,GPS Fix (SPS),Stopped
1770570771.9013245,57.83439683,12.30735283,57.83439887,12.30735707,2.305,2.500,84.50,4.20,1.120,2.12,7,7,1,GPS Fix (SPS),Reverse
1770570772.8992248,57.83440033,12.30734950,57.83439960,12.30735328,2.590,2.500,84.10,5.32,1.420,1.95,6,6,1,GPS Fix (SPS),Reverse
1770570773.8904123,57.83441650,12.30734350,57.83440805,12.30734839,2.590,2.500,83.70,5.32,1.420,0.59,6,6,1,GPS Fix (SPS),Reverse
1770570774.9033215,57.83441650,12.30733933,57.83441228,12.30734386,2.590,2.500,83.50,5.32,1.420,1.10,6,6,1,GPS Fix (SPS),Reverse
1770570775.8954268,57.83441350,12.30733317,57.83441289,12.30733851,2.590,2.500,83.10,5.32,1.420,1.82,6,6,1,GPS Fix (SPS),Reverse
1770570776.9014864,57.83441767,12.30733133,57.83441528,12.30733492,2.590,2.500,82.70,5.32,1.420,1.38,6,6,1,GPS Fix (SPS),Reverse
1770570777.8974705,57.83442000,12.30733633,57.83441764,12.30733563,2.590,2.500,82.50,5.32,1.420,1.42,6,6,1,GPS Fix (SPS),Stopped
1770570778.90271,57.83442800,12.30732900,57.83442282,12.30733231,2.590,2.500,82.20,5.32,1.420,0.51,6,6,1,GPS Fix (SPS),Stopped
1770570779.9004705,57.83444167,12.30733517,57.83443224,12.30733374,2.590,2.500,82.00,5.32,1.420,1.31,6,6,1,GPS Fix (SPS),Stopped
1770570780.9062755,57.83444117,12.30733283,57.83443670,12.30733329,2.590,2.500,81.80,5.32,1.420,0.59,6,6,1,GPS Fix (SPS),Stopped
1770570781.9018157,57.83444783,12.30732533,57.83444227,12.30732931,2.590,2.500,81.30,5.32,1.420,0.70,6,6,1,GPS Fix (SPS),Reverse
1770570782.8978035,57.83444933,12.30732900,57.83444580,12.30732916,2.590,2.500,81.10,5.32,1.420,0.61,6,6,1,GPS Fix (SPS),Stopped
1770570783.8926413,57.83444200,12.30734850,57.83444390,12.30733883,2.600,2.500,81.00,5.36,1.430,1.62,6,6,1,GPS Fix (SPS),Forward
1770570784.8983762,57.83443667,12.30734017,57.83444028,12.30733950,2.600,2.500,81.10,5.36,1.430,1.19,6,6,1,GPS Fix (SPS),Stopped
1770570785.8964608,57.83443867,12.30733433,57.83443948,12.30733692,3.114,2.500,80.80,7.39,1.970,1.04,5,5,1,GPS Fix (SPS),Stopped
1770570786.8918881,57.83443333,12.30734417,57.83443640,12.30734054,3.114,2.500,80.60,7.39,1.970,1.69,5,5,1,GPS Fix (SPS),Forward
1770570787.900875,57.83443750,12.30735083,57.83443695,12.30734569,3.114,2.500,80.50,7.39,1.970,1.71,5,5,1,GPS Fix (SPS),Forward
1770570788.8954666,57.83442950,12.30735550,57.83443323,12.30735059,3.114,2.500,80.40,7.39,1.970,2.11,5,5,1,GPS Fix (SPS),Forward
1770570789.9040418,57.83443750,12.30735283,57.83443536,12.30735171,3.114,2.500,80.60,7.39,1.970,1.27,5,5,1,GPS Fix (SPS),Stopped
1770570790.8961482,57.83442450,12.30735433,57.83442993,12.30735302,3.124,2.500,80.60,7.42,1.980,1.78,5,5,1,GPS Fix (SPS),Stopped
1770570791.9002075,57.83441750,12.30735550,57.83442372,12.30735426,3.124,2.500,80.20,7.42,1.980,1.92,5,5,1,GPS Fix (SPS),Stopped
1770570792.906767,57.83441983,12.30735967,57.83442177,12.30735696,3.124,2.500,80.30,7.42,1.980,2.04,5,5,1,GPS Fix (SPS),Stopped
1770570793.8920171,57.83442583,12.30734900,57.83442380,12.30735298,2.600,2.500,79.90,5.36,1.430,1.36,6,6,1,GPS Fix (SPS),Reverse
1770570794.899083,57.83442500,12.30733150,57.83442440,12.30734224,2.600,2.500,79.40,5.36,1.430,1.13,6,6,1,GPS Fix (SPS),Reverse
1770570795.9041595,57.83442983,12.30733433,57.83442712,12.30733829,2.600,2.500,79.00,5.36,1.430,0.55,6,6,1,GPS Fix (SPS),Reverse
1770570796.9001741,57.83443333,12.30731500,57.83443023,12.30732664,2.600,2.500,78.70,5.36,1.430,0.82,6,6,1,GPS Fix (SPS),Reverse
1770570797.9061067,57.83443900,12.30729967,57.83443461,12.30731316,2.600,2.500,78.30,5.36,1.430,1.56,6,6,1,GPS Fix (SPS),Reverse
1770570798.9018147,57.83443450,12.30729417,57.83443456,12.30730366,2.524,2.500,78.10,5.06,1.350,1.61,7,7,1,GPS Fix (SPS),Reverse
1770570799.899076,57.83442933,12.30728617,57.83443194,12.30729491,2.524,2.500,78.20,5.06,1.350,1.68,7,7,1,GPS Fix (SPS),Reverse
1770570800.9052489,57.83443033,12.30728100,57.83443114,12.30728796,2.524,2.500,78.00,5.06,1.350,1.60,7,7,1,GPS Fix (SPS),Reverse
1770570801.9008157,57.83443950,12.30728000,57.83443532,12.30728398,2.524,2.500,78.30,5.06,1.350,1.20,7,7,1,GPS Fix (SPS),Reverse
1770570802.8967123,57.83445450,12.30728617,57.83444491,12.30728507,2.524,2.500,78.10,5.06,1.350,2.51,7,7,1,GPS Fix (SPS),Stopped
1770570803.9026203,57.83445217,12.30728433,57.83444854,12.30728470,2.533,2.500,78.30,5.10,1.360,1.91,7,7,1,GPS Fix (SPS),Stopped
1770570804.897876,57.83445250,12.30728900,57.83445052,12.30728685,2.533,2.500,78.70,5.10,1.360,1.69,7,7,1,GPS Fix (SPS),Stopped
1770570805.8958302,57.83445017,12.30728967,57.83445034,12.30728826,2.533,2.500,79.10,5.10,1.360,1.39,7,7,1,GPS Fix (SPS),Stopped
1770570806.9010036,57.83444667,12.30729133,57.83444850,12.30728980,2.533,2.500,79.50,5.10,1.360,0.85,7,7,1,GPS Fix (SPS),Stopped
1770570807.89715,57.83444117,12.30730267,57.83444484,12.30729623,2.533,2.500,79.30,5.10,1.360,0.07,7,7,1,GPS Fix (SPS),Forward
1770570808.9033868,57.83443233,12.30731517,57.83443858,12.30730570,2.533,2.500,79.60,5.10,1.360,0.69,7,7,1,GPS Fix (SPS),Forward
1770570809.8991392,57.83443300,12.30732000,57.83443579,12.30731285,2.533,2.500,80.00,5.10,1.360,0.49,7,7,1,GPS Fix (SPS),Forward
1770570810.899292,57.83443250,12.30732500,57.83443415,12.30731892,2.533,2.500,80.00,5.10,1.360,0.67,7,7,1,GPS Fix (SPS),Forward
1770570811.9001937,57.83443017,12.30732500,57.83443216,12.30732196,2.533,2.500,80.10,5.10,1.360,0.75,7,7,1,GPS Fix (SPS),Stopped
1770570812.8979287,57.83442300,12.30733833,57.83442758,12.30733015,2.533,2.500,80.10,5.10,1.360,1.68,8,8,1,GPS Fix (SPS),Forward
1770570813.904763,57.83443350,12.30733867,57.83443054,12.30733441,2.533,2.500,80.20,5.10,1.360,0.66,8,8,1,GPS Fix (SPS),Forward
1770570814.9005604,57.83444300,12.30733983,57.83443677,12.30733712,2.533,2.500,80.40,5.10,1.360,1.08,8,8,1,GPS Fix (SPS),Stopped
1770570815.8959246,57.83444300,12.30735700,57.83443988,12.30734706,2.533,2.500,80.50,5.10,1.360,1.99,8,8,1,GPS Fix (SPS),Forward
1770570816.9021652,57.83443533,12.30736667,57.83443761,12.30735686,2.533,2.500,80.40,5.10,1.360,1.83,7,7,1,GPS Fix (SPS),Forward
1770570817.898039,57.83443867,12.30735567,57.83443814,12.30735627,2.533,2.500,80.80,5.10,1.360,0.24,7,7,1,GPS Fix (SPS),Stopped
1770570818.9049828,57.83444233,12.30735367,57.83444024,12.30735497,2.533,2.500,80.80,5.10,1.360,0.29,7,7,1,GPS Fix (SPS),Stopped
1770570819.9004695,57.83443867,12.30734667,57.83443945,12.30735082,2.533,2.500,80.90,5.10,1.360,0.84,7,7,1,GPS Fix (SPS),Reverse
1770570820.8898764,57.83443083,12.30734233,57.83443514,12.30734657,2.533,2.500,80.80,5.10,1.360,1.50,7,7,1,GPS Fix (SPS),Reverse
1770570821.9025664,57.83442700,12.30733933,57.83443107,12.30734295,2.533,2.500,80.60,5.10,1.360,1.64,7,7,1,GPS Fix (SPS),Reverse
1770570822.9009497,57.83442317,12.30732883,57.83442712,12.30733589,2.533,2.500,80.70,5.10,1.360,1.96,7,7,1,GPS Fix (SPS),Reverse
1770570823.9057033,57.83442717,12.30732300,57.83442714,12.30732945,3.019,2.500,80.60,7.01,1.870,1.24,6,6,1,GPS Fix (SPS),Reverse
1770570824.8994465,57.83442717,12.30732567,57.83442715,12.30732756,2.533,2.500,80.50,5.10,1.360,0.37,7,7,1,GPS Fix (SPS),Stopped
1770570825.8993115,57.83442150,12.30732233,57.83442433,12.30732495,2.533,2.500,80.10,5.10,1.360,0.91,7,7,1,GPS Fix (SPS),Stopped
1770570826.8991308,57.83441900,12.30731450,57.83442166,12.30731972,2.533,2.500,79.80,5.10,1.360,1.19,7,7,1,GPS Fix (SPS),Reverse
1770570827.9023297,57.83441800,12.30731600,57.83441983,12.30731786,2.533,2.500,79.40,5.10,1.360,0.93,7,7,1,GPS Fix (SPS),Stopped
1770570828.8994899,57.83441300,12.30731083,57.83441642,12.30731435,2.533,2.500,79.10,5.10,1.360,1.84,7,7,1,GPS Fix (SPS),Reverse
1770570829.9034731,57.83441417,12.30731683,57.83441529,12.30731559,2.533,2.500,79.10,5.10,1.360,0.94,7,7,1,GPS Fix (SPS),Stopped
1770570830.8911254,57.83441367,12.30732050,57.83441448,12.30731805,2.533,2.500,79.00,5.10,1.360,0.63,7,7,1,GPS Fix (SPS),Stopped
1770570831.8992546,57.83441050,12.30731833,57.83441249,12.30731819,2.533,2.500,79.00,5.10,1.360,0.79,7,7,1,GPS Fix (SPS),Stopped
1770570832.8997905,57.83441217,12.30732150,57.83441233,12.30731984,2.533,2.500,79.00,5.10,1.360,0.22,7,7,1,GPS Fix (SPS),Stopped
1770570833.8913586,57.83440733,12.30732683,57.83440983,12.30732334,2.533,2.500,79.10,5.10,1.360,0.79,7,7,1,GPS Fix (SPS),Forward
1770570834.9041798,57.83440733,12.30733033,57.83440858,12.30732684,2.533,2.500,78.70,5.10,1.360,0.62,7,7,1,GPS Fix (SPS),Forward
1770570835.8986716,57.83440667,12.30733117,57.83440762,12.30732900,2.533,2.500,78.30,5.10,1.360,0.54,7,7,1,GPS Fix (SPS),Stopped
1770570836.9057631,57.83440933,12.30733133,57.83440848,12.30733017,2.533,2.500,78.40,5.10,1.360,0.15,7,7,1,GPS Fix (SPS),Stopped
1770570837.8995714,57.83440450,12.30733200,57.83440649,12.30733108,2.533,2.500,78.30,5.10,1.360,0.96,7,7,1,GPS Fix (SPS),Stopped
1770570838.8919127,57.83440900,12.30733117,57.83440774,12.30733113,2.533,2.500,78.40,5.10,1.360,0.14,7,7,1,GPS Fix (SPS),Stopped
1770570839.8994055,57.83440800,12.30732833,57.83440787,12.30732973,2.533,2.500,78.20,5.10,1.360,0.54,7,7,1,GPS Fix (SPS),Stopped
1770570840.9075956,57.83440917,12.30732900,57.83440852,12.30732936,2.533,2.500,77.90,5.10,1.360,0.28,7,7,1,GPS Fix (SPS),Stopped
1770570841.8937387,57.83440900,12.30732817,57.83440876,12.30732877,2.533,2.500,77.60,5.10,1.360,0.51,7,7,1,GPS Fix (SPS),Stopped
1770570842.899026,57.83441133,12.30732850,57.83441005,12.30732863,2.533,2.500,77.30,5.10,1.360,0.51,7,7,1,GPS Fix (SPS),Stopped
1770570843.8827937,57.83440933,12.30732533,57.83440969,12.30732698,2.533,2.500,76.80,5.10,1.360,1.02,7,7,1,GPS Fix (SPS),Stopped
1770570844.899432,57.83440783,12.30732317,57.83440876,12.30732507,2.533,2.500,76.70,5.10,1.360,0.91,7,7,1,GPS Fix (SPS),Stopped
1770570845.898239,57.83441283,12.30732633,57.83441080,12.30732570,2.533,2.500,76.50,5.10,1.360,0.46,7,7,1,GPS Fix (SPS),Stopped
1770570846.904095,57.83441517,12.30732683,57.83441298,12.30732627,2.286,2.500,76.20,4.12,1.100,0.46,8,8,1,GPS Fix (SPS),Stopped
1770570847.9005613,57.83441833,12.30732750,57.83441566,12.30732688,2.286,2.500,75.70,4.12,1.100,0.26,8,8,1,GPS Fix (SPS),Stopped
1770570848.90702,57.83441717,12.30732800,57.83441641,12.30732744,2.286,2.500,75.30,4.12,1.100,0.46,8,8,1,GPS Fix (SPS),Stopped
1770570849.9055176,57.83441967,12.30733083,57.83441804,12.30732914,2.286,2.500,75.30,4.12,1.100,0.18,8,8,1,GPS Fix (SPS),Stopped
1770570850.8917606,57.83442333,12.30733233,57.83442069,12.30733074,2.286,2.500,75.30,4.12,1.100,0.65,8,8,1,GPS Fix (SPS),Stopped
1770570851.8950016,57.83442517,12.30733217,57.83442293,12.30733145,2.543,2.500,74.80,5.14,1.370,0.37,7,7,1,GPS Fix (SPS),Stopped
1770570852.8914986,57.83442667,12.30733133,57.83442480,12.30733139,2.543,2.500,74.50,5.14,1.370,0.41,7,7,1,GPS Fix (SPS),Stopped
1770570853.8969805,57.83443167,12.30733283,57.83442823,12.30733211,2.543,2.500,74.70,5.14,1.370,1.13,7,7,1,GPS Fix (SPS),Stopped
1770570854.9028163,57.83443100,12.30732867,57.83442962,12.30733039,2.543,2.500,74.30,5.14,1.370,0.70,7,7,1,GPS Fix (SPS),Stopped
1770570855.899405,57.83442883,12.30732367,57.83442922,12.30732703,2.543,2.500,74.00,5.14,1.370,0.25,7,7,1,GPS Fix (SPS),Stopped
1770570856.8924546,57.83443567,12.30731517,57.83443245,12.30732110,3.029,2.500,73.80,7.05,1.880,1.04,6,6,1,GPS Fix (SPS),Reverse
1770570857.8827846,57.83442817,12.30731133,57.83443031,12.30731622,3.029,2.500,73.80,7.05,1.880,0.80,6,6,1,GPS Fix (SPS),Reverse
1770570858.8975444,57.83442867,12.30731300,57.83442949,12.30731461,3.162,2.500,73.50,7.58,2.020,0.30,5,5,1,GPS Fix (SPS),Stopped
1770570859.8913915,57.83441683,12.30732933,57.83442316,12.30732197,3.162,2.500,73.60,7.58,2.020,1.81,5,5,1,GPS Fix (SPS),Forward
1770570860.882779,57.83441367,12.30733617,57.83441841,12.30732907,3.162,2.500,73.90,7.58,2.020,1.87,5,5,1,GPS Fix (SPS),Forward
1770570861.8918943,57.83441333,12.30733783,57.83441587,12.30733345,3.581,2.500,73.70,9.22,2.460,1.46,4,4,1,GPS Fix (SPS),Forward
1770570862.8828063,57.83441483,12.30734183,57.83441535,12.30733764,3.581,2.500,73.60,9.22,2.460,1.19,4,4,1,GPS Fix (SPS),Forward
1770570863.8910317,57.83440617,12.30733550,57.83441076,12.30733657,3.581,2.500,73.60,9.22,2.460,1.42,4,4,1,GPS Fix (SPS),Stopped
1770570864.8989873,57.83440333,12.30732367,57.83440705,12.30733012,3.581,2.500,73.50,9.22,2.460,0.89,4,4,1,GPS Fix (SPS),Reverse
1770570865.8987918,57.83439367,12.30730867,57.83440036,12.30731939,3.581,2.500,73.40,9.22,2.460,1.46,4,4,1,GPS Fix (SPS),Reverse
1770570866.901237,57.83438617,12.30730667,57.83439326,12.30731303,3.581,2.500,73.40,9.22,2.460,1.70,4,4,1,GPS Fix (SPS),Reverse
1770570867.8996806,57.83439717,12.30732100,57.83439521,12.30731701,3.590,2.500,73.30,9.26,2.470,0.69,4,4,1,GPS Fix (SPS),Forward
1770570868.886819,57.83438750,12.30731317,57.83439136,12.30731509,3.590,2.500,73.20,9.26,2.470,0.91,4,4,1,GPS Fix (SPS),Stopped
1770570869.90067,57.83437650,12.30728883,57.83438393,12.30730196,3.162,2.500,73.10,7.58,2.020,2.11,5,5,1,GPS Fix (SPS),Reverse
1770570870.882974,57.83436800,12.30728017,57.83437596,12.30729106,3.162,2.500,72.90,7.58,2.020,2.59,5,5,1,GPS Fix (SPS),Reverse
1770570871.8939195,57.83436450,12.30728750,57.83437023,12.30728928,6.000,2.500,72.80,18.75,6.610,2.22,4,4,1,GPS Fix (SPS),Stopped
1770570872.899686,57.83436683,12.30727933,57.83436853,12.30728431,6.000,2.500,72.80,18.75,6.610,1.69,4,4,1,GPS Fix (SPS),Reverse
1770570873.8835135,57.83437050,12.30728800,57.83436952,12.30728615,3.105,2.500,72.40,7.35,1.960,1.22,5,5,1,GPS Fix (SPS),Stopped
1770570874.8909676,57.83437100,12.30726350,57.83437026,12.30727483,3.105,2.500,71.80,7.35,1.960,1.83,5,5,1,GPS Fix (SPS),Reverse
1770570875.8965373,57.83437500,12.30726600,57.83437263,12.30727041,3.105,2.500,71.50,7.35,1.960,1.46,5,5,1,GPS Fix (SPS),Reverse
1770570876.8966796,57.83437750,12.30726600,57.83437506,12.30726821,3.524,2.500,71.20,9.00,2.400,1.16,4,4,1,GPS Fix (SPS),Stopped
1770570877.8904958,57.83438100,12.30724967,57.83437803,12.30725894,3.524,2.500,71.20,9.00,2.400,1.36,4,4,1,GPS Fix (SPS),Reverse
1770570878.8944883,57.83438417,12.30722233,57.83438110,12.30724064,3.105,2.500,70.80,7.35,1.960,2.20,5,5,1,GPS Fix (SPS),Reverse
1770570879.9005089,57.83440283,12.30723083,57.83439197,12.30723573,3.105,2.500,70.10,7.35,1.960,1.90,5,5,1,GPS Fix (SPS),Reverse
1770570880.8959522,57.83441317,12.30724933,57.83440257,12.30724253,3.524,2.500,70.10,9.00,2.400,1.81,4,4,1,GPS Fix (SPS),Forward
1770570881.8918638,57.83441883,12.30725900,57.83441070,12.30725077,3.524,2.500,69.90,9.00,2.400,2.19,4,4,1,GPS Fix (SPS),Forward
1770570882.8969588,57.83442817,12.30726683,57.83441943,12.30725880,3.524,2.500,70.00,9.00,2.400,2.47,4,4,1,GPS Fix (SPS),Forward
1770570883.8924026,57.83442883,12.30727950,57.83442413,12.30726915,3.524,2.500,70.10,9.00,2.400,1.57,4,4,1,GPS Fix (SPS),Forward
1770570884.8984926,57.83442150,12.30727750,57.83442282,12.30727333,3.467,2.500,70.10,8.77,2.340,0.28,5,5,1,GPS Fix (SPS),Forward
1770570885.898251,57.83442167,12.30727933,57.83442224,12.30727633,3.467,2.500,70.00,8.77,2.340,0.11,5,5,1,GPS Fix (SPS),Stopped
1770570886.893265,57.83441683,12.30728317,57.83441954,12.30727975,3.038,2.500,70.10,7.09,1.890,0.48,6,6,1,GPS Fix (SPS),Forward
1770570887.8906846,57.83441717,12.30729583,57.83441835,12.30728779,3.038,2.500,70.30,7.09,1.890,0.72,6,6,1,GPS Fix (SPS),Forward
1770570888.8994944,57.83441333,12.30729383,57.83441584,12.30729081,3.038,2.500,71.00,7.09,1.890,0.82,6,6,1,GPS Fix (SPS),Stopped
1770570889.8923974,57.83439950,12.30731017,57.83440767,12.30730049,3.038,2.500,71.30,7.09,1.890,2.09,6,6,1,GPS Fix (SPS),Forward
1770570890.8845887,57.83439950,12.30731533,57.83440359,12.30730791,3.038,2.500,71.50,7.09,1.890,1.78,6,6,1,GPS Fix (SPS),Forward
1770570891.8992753,57.83438817,12.30731183,57.83439588,12.30730987,3.038,2.500,72.10,7.09,1.890,2.54,6,6,1,GPS Fix (SPS),Stopped
1770570892.900276,57.83438767,12.30731283,57.83439177,12.30731135,3.038,2.500,72.60,7.09,1.890,2.35,6,6,1,GPS Fix (SPS),Stopped
1770570893.8963792,57.83437600,12.30732717,57.83438389,12.30731926,3.038,2.500,72.90,7.09,1.890,2.98,6,6,1,GPS Fix (SPS),Forward
1770570894.899585,57.83437550,12.30733250,57.83437969,12.30732588,3.038,2.500,73.20,7.09,1.890,2.75,6,6,1,GPS Fix (SPS),Forward
1770570895.883436,57.83436750,12.30733400,57.83437360,12.30732994,3.038,2.500,73.10,7.09,1.890,2.99,6,6,1,GPS Fix (SPS),Forward
1770570896.8999925,57.83436383,12.30731717,57.83436871,12.30732355,3.038,2.500,73.10,7.09,1.890,3.14,6,6,1,GPS Fix (SPS),Reverse
1770570897.8979406,57.83435500,12.30730733,57.83436186,12.30731544,3.038,2.500,73.10,7.09,1.890,3.63,6,6,1,GPS Fix (SPS),Reverse
1770570898.8918872,57.83434433,12.30728233,57.83435310,12.30729889,3.038,2.500,73.20,7.09,1.890,4.36,6,6,1,GPS Fix (SPS),Reverse
1770570899.885574,57.83434033,12.30725183,57.83434671,12.30727536,3.114,2.500,73.40,7.39,1.970,4.70,5,5,1,GPS Fix (SPS),Reverse
1770570900.8949342,57.83433633,12.30723550,57.83434152,12.30725543,3.114,2.500,73.80,7.39,1.970,4.43,5,5,1,GPS Fix (SPS),Reverse
1770570901.8993142,57.83433650,12.30723817,57.83433901,12.30724680,3.114,2.500,74.20,7.39,1.970,3.45,5,5,1,GPS Fix (SPS),Reverse
1770570902.9020085,57.83434217,12.30723867,57.83434059,12.30724273,3.038,2.500,74.30,7.09,1.890,2.52,6,6,1,GPS Fix (SPS),Reverse
1770570903.891132,57.83435117,12.30723000,57.83434588,12.30723637,3.038,2.500,74.30,7.09,1.890,2.12,6,6,1,GPS Fix (SPS),Reverse
1770570904.8994312,57.83435467,12.30722583,57.83435027,12.30723110,3.038,2.500,74.30,7.09,1.890,2.12,6,6,1,GPS Fix (SPS),Reverse
1770570905.891104,57.83436533,12.30722167,57.83435780,12.30722638,3.038,2.500,74.40,7.09,1.890,1.90,6,6,1,GPS Fix (SPS),Reverse
1770570906.8905928,57.83439100,12.30722100,57.83437440,12.30722369,3.038,2.500,74.60,7.09,1.890,1.54,6,6,1,GPS Fix (SPS),Stopped
1770570907.896665,57.83441167,12.30723150,57.83439303,12.30722760,3.038,2.500,74.90,7.09,1.890,1.79,6,6,1,GPS Fix (SPS),Forward
1770570908.8920677,57.83442067,12.30723033,57.83440685,12.30722896,3.038,2.500,74.80,7.09,1.890,1.68,6,6,1,GPS Fix (SPS),Stopped
1770570909.891689,57.83442733,12.30723033,57.83441709,12.30722965,3.038,2.500,74.70,7.09,1.890,1.60,6,6,1,GPS Fix (SPS),Stopped
1770570910.8935618,57.83443633,12.30723567,57.83442671,12.30723266,3.038,2.500,74.80,7.09,1.890,1.09,6,6,1,GPS Fix (SPS),Stopped
1770570911.9012778,57.83444667,12.30725000,57.83443669,12.30724133,3.038,2.500,74.80,7.09,1.890,0.93,6,6,1,GPS Fix (SPS),Forward
1770570912.8980498,57.83445167,12.30726033,57.83444418,12.30725083,3.048,2.500,74.70,7.12,1.900,0.83,6,6,1,GPS Fix (SPS),Forward
1770570913.8936422,57.83446367,12.30726917,57.83445392,12.30726000,3.476,2.500,74.60,8.81,2.350,1.59,5,5,1,GPS Fix (SPS),Forward
1770570914.887597,57.83446833,12.30726517,57.83446113,12.30726258,3.476,2.500,74.60,8.81,2.350,1.24,5,5,1,GPS Fix (SPS),Stopped
1770570915.8929856,57.83447017,12.30727067,57.83446565,12.30726662,3.476,2.500,74.60,8.81,2.350,0.69,5,5,1,GPS Fix (SPS),Forward
1770570916.8888364,57.83446267,12.30727217,57.83446416,12.30726940,3.476,2.500,74.50,8.81,2.350,0.86,5,5,1,GPS Fix (SPS),Stopped
1770570917.8937602,57.83446050,12.30727533,57.83446233,12.30727236,3.476,2.500,74.00,8.81,2.350,0.98,5,5,1,GPS Fix (SPS),Stopped
1770570918.8908424,57.83446817,12.30728567,57.83446525,12.30727902,3.476,2.500,73.90,8.81,2.350,0.93,5,5,1,GPS Fix (SPS),Forward
1770570919.8969285,57.83446483,12.30727417,57.83446504,12.30727659,3.476,2.500,73.60,8.81,2.350,1.26,5,5,1,GPS Fix (SPS),Stopped
1770570920.8867717,57.83446817,12.30727050,57.83446660,12.30727355,3.476,2.500,73.40,8.81,2.350,0.80,5,5,1,GPS Fix (SPS),Stopped
1770570921.8866394,57.83447733,12.30726733,57.83447197,12.30727044,3.476,2.500,73.30,8.81,2.350,0.85,5,5,1,GPS Fix (SPS),Stopped
1770570922.894884,57.83448233,12.30726950,57.83447715,12.30726997,3.476,2.500,72.70,8.81,2.350,1.39,5,5,1,GPS Fix (SPS),Stopped
1770570923.9001536,57.83448933,12.30727867,57.83448324,12.30727432,3.476,2.500,72.70,8.81,2.350,1.96,5,5,1,GPS Fix (SPS),Forward
1770570924.8947809,57.83449417,12.30728600,57.83448870,12.30728016,3.476,2.500,72.50,8.81,2.350,2.00,5,5,1,GPS Fix (SPS),Forward
1770570925.8923936,57.83449500,12.30728767,57.83449185,12.30728391,3.048,2.500,72.30,7.12,1.900,1.67,6,6,1,GPS Fix (SPS),Forward
1770570926.901023,57.83450267,12.30729900,57.83449726,12.30729146,3.476,2.500,72.00,8.81,2.350,2.70,5,5,1,GPS Fix (SPS),Forward
1770570927.8950546,57.83450617,12.30727400,57.83450171,12.30728273,3.476,2.500,72.20,8.81,2.350,1.50,5,5,1,GPS Fix (SPS),Reverse
1770570928.9002106,57.83450867,12.30724750,57.83450519,12.30726511,2.657,2.500,71.00,5.59,1.490,0.32,6,6,1,GPS Fix (SPS),Reverse
1770570929.8909798,57.83451450,12.30722150,57.83450984,12.30724331,2.657,2.500,69.80,5.59,1.490,0.48,6,6,1,GPS Fix (SPS),Reverse
1770570930.895594,57.83450800,12.30721183,57.83450892,12.30722757,2.657,2.500,68.10,5.59,1.490,0.65,6,6,1,GPS Fix (SPS),Reverse
1770570931.8997493,57.83450767,12.30721117,57.83450829,12.30721937,3.486,2.500,68.20,8.85,2.360,0.31,5,5,1,GPS Fix (SPS),Reverse
1770570932.8952758,57.83450067,12.30720350,57.83450448,12.30721143,3.048,2.500,68.50,7.12,1.900,0.84,6,6,1,GPS Fix (SPS),Reverse
1770570933.9042945,57.83449483,12.30719667,57.83449966,12.30720405,3.048,2.500,68.60,7.12,1.900,1.63,6,6,1,GPS Fix (SPS),Reverse
1770570934.8958588,57.83449983,12.30720183,57.83449975,12.30720294,3.048,2.500,69.00,7.12,1.900,0.44,6,6,1,GPS Fix (SPS),Stopped
1770570935.8913255,57.83450317,12.30720233,57.83450146,12.30720264,3.048,2.500,69.60,7.12,1.900,0.47,6,6,1,GPS Fix (SPS),Stopped
1770570936.8858309,57.83449983,12.30720067,57.83450064,12.30720165,3.486,2.500,69.60,8.85,2.360,0.15,5,5,1,GPS Fix (SPS),Stopped
1770570937.8936226,57.83449367,12.30719133,57.83449716,12.30719649,3.486,2.500,69.80,8.85,2.360,1.37,5,5,1,GPS Fix (SPS),Reverse
1770570938.9011059,57.83449500,12.30719500,57.83449608,12.30719575,2.657,2.500,70.00,5.59,1.490,0.71,6,6,1,GPS Fix (SPS),Stopped
1770570939.8902447,57.83449150,12.30719450,57.83449379,12.30719512,2.657,2.500,70.90,5.59,1.490,0.82,6,6,1,GPS Fix (SPS),Stopped
1770570940.9057448,57.83448900,12.30719000,57.83449139,12.30719256,3.352,2.500,71.20,8.32,2.220,0.94,6,6,1,GPS Fix (SPS),Stopped
1770570941.9003978,57.83448317,12.30718833,57.83448728,12.30719045,3.352,2.500,71.40,8.32,2.220,1.15,6,6,1,GPS Fix (SPS),Stopped
1770570942.8935106,57.83448567,12.30719783,57.83448647,12.30719414,3.695,2.500,72.00,9.68,2.580,0.88,6,6,1,GPS Fix (SPS),Forward
1770570943.898991,57.83448633,12.30720383,57.83448640,12.30719899,3.695,2.500,72.50,9.68,2.580,0.83,5,5,1,GPS Fix (SPS),Forward
1770570944.8967094,57.83448150,12.30719200,57.83448395,12.30719549,2.657,2.500,73.70,5.59,1.490,1.49,6,6,1,GPS Fix (SPS),Reverse
1770570945.9030063,57.83447650,12.30720000,57.83448023,12.30719775,2.657,2.500,74.30,5.59,1.490,0.91,6,6,1,GPS Fix (SPS),Stopped
1770570946.8987863,57.83446400,12.30719133,57.83447211,12.30719454,2.657,2.500,75.00,5.59,1.490,1.88,6,6,1,GPS Fix (SPS),Stopped
1770570947.9045684,57.83446333,12.30719933,57.83446772,12.30719694,2.286,2.500,75.60,4.12,1.100,0.88,8,8,1,GPS Fix (SPS),Stopped
1770570948.9007692,57.83445950,12.30720700,57.83446361,12.30720197,2.286,2.500,76.20,4.12,1.100,0.37,8,8,1,GPS Fix (SPS),Forward
1770570949.9061913,57.83445450,12.30721017,57.83445906,12.30720607,2.286,2.500,76.90,4.12,1.100,0.54,8,8,1,GPS Fix (SPS),Forward
1770570950.8916996,57.83445467,12.30722467,57.83445686,12.30721537,2.286,2.500,77.50,4.12,1.100,0.48,8,8,1,GPS Fix (SPS),Forward
1770570951.899557,57.83444900,12.30723183,57.83445293,12.30722360,2.324,2.500,78.10,4.28,1.140,0.65,7,7,1,GPS Fix (SPS),Forward
1770570952.9055429,57.83444750,12.30723783,57.83445022,12.30723072,2.324,2.500,79.10,4.28,1.140,0.27,7,7,1,GPS Fix (SPS),Forward
1770570953.9018185,57.83444000,12.30723517,57.83444511,12.30723294,2.324,2.500,79.70,4.28,1.140,0.72,7,7,1,GPS Fix (SPS),Stopped
1770570954.9072883,57.83443700,12.30723817,57.83444105,12.30723555,2.324,2.500,80.10,4.28,1.140,0.39,7,7,1,GPS Fix (SPS),Stopped
1770570955.9048405,57.83443067,12.30723617,57.83443586,12.30723586,2.324,2.500,80.70,4.28,1.140,1.24,7,7,1,GPS Fix (SPS),Stopped
1770570956.9004195,57.83442667,12.30724217,57.83443126,12.30723901,2.324,2.500,81.20,4.28,1.140,1.26,7,7,1,GPS Fix (SPS),Stopped
1770570957.9107082,57.83442483,12.30724050,57.83442805,12.30723976,2.286,2.500,81.70,4.12,1.100,1.47,8,8,1,GPS Fix (SPS),Stopped
1770570958.9041893,57.83442283,12.30724400,57.83442544,12.30724188,2.286,2.500,81.90,4.12,1.100,1.14,8,8,1,GPS Fix (SPS),Stopped
1770570959.9092176,57.83442033,12.30724500,57.83442289,12.30724344,2.286,2.500,82.10,4.12,1.100,1.33,8,8,1,GPS Fix (SPS),Stopped
1770570960.91511,57.83442000,12.30724983,57.83442144,12.30724664,2.286,2.500,82.60,4.12,1.100,1.10,8,8,1,GPS Fix (SPS),Stopped
1770570961.900407,57.83441750,12.30724867,57.83441947,12.30724765,2.286,2.500,82.80,4.12,1.100,1.05,8,8,1,GPS Fix (SPS),Stopped
1770570962.8967037,57.83441983,12.30725283,57.83441965,12.30725024,2.286,2.500,82.90,4.12,1.100,0.14,8,8,1,GPS Fix (SPS),Stopped
1770570963.9019668,57.83441583,12.30725400,57.83441774,12.30725212,2.286,2.500,83.00,4.12,1.100,0.50,8,8,1,GPS Fix (SPS),Stopped
1770570964.9000845,57.83441300,12.30725417,57.83441537,12.30725314,2.286,2.500,83.00,4.12,1.100,0.74,8,8,1,GPS Fix (SPS),Stopped
1770570965.906551,57.83441233,12.30725650,57.83441385,12.30725482,2.286,2.500,83.30,4.12,1.100,0.84,8,8,1,GPS Fix (SPS),Stopped
1770570966.9030414,57.83441233,12.30725783,57.83441309,12.30725633,2.286,2.500,83.30,4.12,1.100,0.98,8,8,1,GPS Fix (SPS),Stopped
1770570967.9007459,57.83439883,12.30724933,57.83440596,12.30725283,2.286,2.500,83.60,4.12,1.100,2.90,8,8,1,GPS Fix (SPS),Reverse
1770570968.8981495,57.83439817,12.30725633,57.83440206,12.30725458,2.286,2.500,83.60,4.12,1.100,1.99,8,8,1,GPS Fix (SPS),Stopped
1770570969.902906,57.83439083,12.30725983,57.83439645,12.30725721,2.638,2.500,84.00,5.51,1.470,2.56,6,6,1,GPS Fix (SPS),Stopped
1770570970.9073553,57.83438750,12.30727700,57.83439197,12.30726710,2.533,2.500,84.20,5.10,1.360,2.60,7,7,1,GPS Fix (SPS),Forward
1770570971.903845,57.83438967,12.30728883,57.83439082,12.30727797,2.533,2.500,84.30,5.10,1.360,1.89,7,7,1,GPS Fix (SPS),Forward
1770570972.8993797,57.83439200,12.30728767,57.83439141,12.30728282,2.533,2.500,84.60,5.10,1.360,0.69,7,7,1,GPS Fix (SPS),Forward
1770570973.8905468,57.83439267,12.30729067,57.83439204,12.30728674,2.638,2.500,85.00,5.51,1.470,0.49,6,6,1,GPS Fix (SPS),Forward
1770570974.9006166,57.83438967,12.30727817,57.83439085,12.30728245,2.638,2.500,85.20,5.51,1.470,1.27,6,6,1,GPS Fix (SPS),Reverse
1770570975.896085,57.83439250,12.30728750,57.83439168,12.30728498,2.638,2.500,85.50,5.51,1.470,0.61,6,6,1,GPS Fix (SPS),Stopped
1770570976.891901,57.83439650,12.30729483,57.83439409,12.30728991,2.638,2.500,85.70,5.51,1.470,0.12,6,6,1,GPS Fix (SPS),Forward
1770570977.8994217,57.83439783,12.30728650,57.83439596,12.30728820,2.638,2.500,86.00,5.51,1.470,0.63,6,6,1,GPS Fix (SPS),Stopped
1770570978.8956716,57.83439400,12.30728750,57.83439498,12.30728785,2.638,2.500,86.40,5.51,1.470,0.78,6,6,1,GPS Fix (SPS),Stopped
1770570979.8910172,57.83439733,12.30729383,57.83439616,12.30729084,6.000,2.500,86.70,18.75,5.660,0.47,5,5,1,GPS Fix (SPS),Stopped
1770570980.8844666,57.83439383,12.30729167,57.83439500,12.30729125,6.000,2.500,87.10,18.75,5.660,0.88,5,5,1,GPS Fix (SPS),Stopped
1770570981.8929048,57.83439217,12.30729267,57.83439358,12.30729196,6.000,2.500,87.40,18.75,5.660,0.81,5,5,1,GPS Fix (SPS),Stopped
1770570982.897775,57.83438783,12.30729550,57.83439071,12.30729373,6.000,2.500,87.70,18.75,5.660,1.10,5,5,1,GPS Fix (SPS),Stopped
1770570983.8937392,57.83438533,12.30729300,57.83438802,12.30729337,6.000,2.500,88.00,18.75,5.660,1.48,5,5,1,GPS Fix (SPS),Stopped
1770570984.8918486,57.83438550,12.30729767,57.83438676,12.30729552,6.000,2.500,88.30,18.75,5.660,1.18,5,5,1,GPS Fix (SPS),Stopped
1770570985.8975255,57.83438800,12.30729933,57.83438738,12.30729742,6.000,2.500,88.60,18.75,5.660,0.50,5,5,1,GPS Fix (SPS),Stopped
1770570986.893685,57.83439583,12.30730533,57.83439161,12.30730138,2.638,2.500,88.90,5.51,1.470,0.64,6,6,1,GPS Fix (SPS),Forward
1770570987.9012568,57.83439517,12.30731433,57.83439339,12.30730786,2.638,2.500,89.30,5.51,1.470,0.92,6,6,1,GPS Fix (SPS),Forward
1770570988.8948014,57.83439300,12.30732150,57.83439319,12.30731468,2.638,2.500,89.60,5.51,1.470,0.99,6,6,1,GPS Fix (SPS),Forward
1770570989.8993473,57.83440167,12.30733383,57.83439743,12.30732426,2.638,2.500,89.80,5.51,1.470,0.98,6,6,1,GPS Fix (SPS),Forward
1770570990.9009895,57.83439450,12.30733350,57.83439597,12.30732888,2.638,2.500,89.90,5.51,1.470,1.05,6,6,1,GPS Fix (SPS),Forward
1770570991.9093893,57.83439017,12.30733267,57.83439307,12.30733077,2.638,2.500,90.00,5.51,1.470,0.92,6,6,1,GPS Fix (SPS),Stopped
1770570992.899403,57.83438800,12.30732917,57.83439053,12.30732997,2.638,2.500,90.20,5.51,1.470,0.76,6,6,1,GPS Fix (SPS),Stopped
1770570993.899224,57.83439033,12.30733733,57.83439043,12.30733365,2.638,2.500,90.20,5.51,1.470,0.60,6,6,1,GPS Fix (SPS),Forward
1770570994.9005582,57.83439300,12.30734217,57.83439172,12.30733791,2.638,2.500,90.40,5.51,1.470,1.12,6,6,1,GPS Fix (SPS),Forward
1770570995.8970623,57.83439933,12.30735100,57.83439552,12.30734445,2.638,2.500,90.30,5.51,1.470,1.60,6,6,1,GPS Fix (SPS),Forward
