timestamp,raw_lat,raw_lon,filt_lat,filt_lon,raw_unc_m,filt_unc_m,altitude_m,alt_unc_m,hdop,speed_kmh,sats_used,sats_in_view,fix_quality,fix_meaning,direction
1770574702.1493511,57.83442200,12.30731067,57.83442308,12.30730833,2.352,3.751,69.00,4.39,1.170,0.58,7,7,1,GPS Fix (SPS),Stopped
1770574702.9569168,57.83442417,12.30729650,57.83442362,12.30730242,2.352,3.149,68.90,4.39,1.170,1.25,7,7,1,GPS Fix (SPS),Reverse
1770574703.988661,57.83443217,12.30728417,57.83442790,12.30729329,2.352,2.648,68.80,4.39,1.170,2.21,7,7,1,GPS Fix (SPS),Reverse
1770574704.9663596,57.83443283,12.30729600,57.83443036,12.30729465,2.352,2.500,68.60,4.39,1.170,1.51,7,7,1,GPS Fix (SPS),Stopped
1770574705.9843352,57.83443250,12.30729000,57.83443143,12.30729232,2.352,2.500,68.50,4.39,1.170,1.24,7,7,1,GPS Fix (SPS),Stopped
1770574706.9746492,57.83443517,12.30728817,57.83443330,12.30729024,2.429,2.500,68.40,4.69,1.250,1.41,6,6,1,GPS Fix (SPS),Stopped
1770574707.9872792,57.83443317,12.30729233,57.83443323,12.30729129,2.429,2.500,68.40,4.69,1.250,0.85,6,6,1,GPS Fix (SPS),Stopped
1770574708.9730973,57.83443167,12.30728933,57.83443245,12.30729031,2.429,2.500,68.40,4.69,1.250,0.75,6,6,1,GPS Fix (SPS),Stopped
1770574709.972326,57.83443100,12.30729233,57.83443172,12.30729132,2.429,2.500,68.30,4.69,1.250,0.45,6,6,1,GPS Fix (SPS),Stopped
1770574710.990177,57.83443200,12.30729433,57.83443186,12.30729283,2.429,2.500,68.80,4.69,1.250,0.71,6,6,1,GPS Fix (SPS),Stopped
1770574712.0139172,57.83443500,12.30729383,57.83443343,12.30729333,2.429,2.500,69.10,4.69,1.250,1.06,6,6,1,GPS Fix (SPS),Stopped
1770574712.9687011,57.83442683,12.30729867,57.83443013,12.30729600,2.429,2.500,69.30,4.69,1.250,0.51,6,6,1,GPS Fix (SPS),Stopped
1770574713.989217,57.83441817,12.30730150,57.83442415,12.30729875,2.429,2.500,69.60,4.69,1.250,0.92,6,6,1,GPS Fix (SPS),Stopped
1770574714.9861138,57.83441483,12.30730583,57.83441949,12.30730229,2.352,2.500,69.70,4.39,1.170,0.80,7,7,1,GPS Fix (SPS),Forward
1770574715.9734,57.83441283,12.30730750,57.83441616,12.30730490,2.352,2.500,69.80,4.39,1.170,0.84,7,7,1,GPS Fix (SPS),Stopped
1770574716.9668248,57.83441217,12.30729950,57.83441416,12.30730220,2.352,2.500,70.40,4.39,1.170,0.81,7,7,1,GPS Fix (SPS),Stopped
1770574717.973674,57.83441067,12.30729633,57.83441242,12.30729927,2.352,2.500,70.50,4.39,1.170,0.90,7,7,1,GPS Fix (SPS),Stopped
1770574719.0009794,57.83440917,12.30728983,57.83441079,12.30729455,2.352,2.500,70.70,4.39,1.170,1.38,7,7,1,GPS Fix (SPS),Reverse
1770574719.9948363,57.83441067,12.30729483,57.83441073,12.30729469,2.352,2.500,71.00,4.39,1.170,0.46,7,7,1,GPS Fix (SPS),Stopped
1770574720.9596226,57.83441533,12.30728267,57.83441303,12.30728868,2.352,2.500,70.90,4.39,1.170,1.67,7,7,1,GPS Fix (SPS),Reverse
1770574721.9880557,57.83441700,12.30729817,57.83441502,12.30729342,2.352,2.500,70.90,4.39,1.170,0.96,7,7,1,GPS Fix (SPS),Forward
1770574723.0028155,57.83441267,12.30729750,57.83441384,12.30729546,2.352,2.500,70.70,4.39,1.170,0.29,7,7,1,GPS Fix (SPS),Stopped
1770574723.9738617,57.83440967,12.30729417,57.83441175,12.30729481,2.352,2.500,70.50,4.39,1.170,0.65,7,7,1,GPS Fix (SPS),Stopped
1770574724.973087,57.83440850,12.30729800,57.83441013,12.30729641,2.352,2.500,70.60,4.39,1.170,0.31,7,7,1,GPS Fix (SPS),Stopped
1770574726.036196,57.83440217,12.30729300,57.83440615,12.30729470,2.352,2.500,70.50,4.39,1.170,1.03,7,7,1,GPS Fix (SPS),Stopped
1770574726.958639,57.83440617,12.30729083,57.83440616,12.30729277,2.352,2.500,70.30,4.39,1.170,0.50,7,7,1,GPS Fix (SPS),Stopped
1770574728.0426896,57.83440150,12.30728367,57.83440383,12.30728822,2.352,2.500,70.40,4.39,1.170,1.11,7,7,1,GPS Fix (SPS),Reverse
1770574729.037308,57.83439833,12.30728033,57.83440108,12.30728428,2.352,2.500,70.40,4.39,1.170,1.11,7,7,1,GPS Fix (SPS),Reverse
1770574730.0047572,57.83439750,12.30727300,57.83439929,12.30727864,2.352,2.500,70.40,4.39,1.170,1.34,7,7,1,GPS Fix (SPS),Reverse
1770574730.9901721,57.83438950,12.30728200,57.83439440,12.30728032,2.352,2.500,70.50,4.39,1.170,1.13,7,7,1,GPS Fix (SPS),Stopped
1770574731.9996717,57.83439150,12.30728233,57.83439295,12.30728133,2.429,2.500,70.70,4.69,1.250,0.62,6,6,1,GPS Fix (SPS),Stopped
1770574733.0570574,57.83439383,12.30727867,57.83439339,12.30728000,2.352,2.500,71.10,4.39,1.170,0.33,7,7,1,GPS Fix (SPS),Stopped
1770574734.0046852,57.83440200,12.30728300,57.83439770,12.30728150,2.352,2.500,71.20,4.39,1.170,0.93,7,7,1,GPS Fix (SPS),Stopped
1770574734.989632,57.83439667,12.30728067,57.83439718,12.30728108,2.352,2.500,71.40,4.39,1.170,0.17,7,7,1,GPS Fix (SPS),Stopped
1770574736.0468912,57.83439750,12.30728317,57.83439734,12.30728212,2.352,2.500,71.80,4.39,1.170,0.06,7,7,1,GPS Fix (SPS),Stopped
1770574737.011232,57.83439733,12.30728800,57.83439734,12.30728506,2.352,2.500,72.40,4.39,1.170,0.35,7,7,1,GPS Fix (SPS),Stopped
1770574737.9876437,57.83440017,12.30729783,57.83439875,12.30729145,2.352,2.500,72.80,4.39,1.170,0.95,7,7,1,GPS Fix (SPS),Forward
1770574738.9414504,57.83440667,12.30730200,57.83440271,12.30729672,2.352,2.500,72.90,4.39,1.170,1.19,7,7,1,GPS Fix (SPS),Forward
1770574739.954425,57.83441433,12.30730167,57.83440852,12.30729920,2.352,2.500,73.10,4.39,1.170,1.26,7,7,1,GPS Fix (SPS),Stopped
1770574741.021797,57.83441667,12.30729917,57.83441259,12.30729918,2.352,2.500,73.80,4.39,1.170,0.93,7,7,1,GPS Fix (SPS),Stopped
1770574742.0316567,57.83441283,12.30730083,57.83441271,12.30730001,2.352,2.500,74.10,4.39,1.170,0.14,7,7,1,GPS Fix (SPS),Stopped
1770574742.9767432,57.83441717,12.30730367,57.83441494,12.30730184,2.352,2.500,74.30,4.39,1.170,0.34,7,7,1,GPS Fix (SPS),Stopped
1770574744.071368,57.83441767,12.30730567,57.83441630,12.30730375,2.352,2.500,74.70,4.39,1.170,0.22,7,7,1,GPS Fix (SPS),Stopped
1770574745.0169792,57.83442133,12.30731000,57.83441882,12.30730688,2.352,2.500,75.20,4.39,1.170,0.67,7,7,1,GPS Fix (SPS),Stopped
1770574745.9751027,57.83442000,12.30731417,57.83441941,12.30731052,2.352,2.500,75.60,4.39,1.170,0.69,7,7,1,GPS Fix (SPS),Forward
1770574747.0237365,57.83442117,12.30731533,57.83442029,12.30731293,2.352,2.500,75.60,4.39,1.170,0.41,7,7,1,GPS Fix (SPS),Stopped
1770574747.975723,57.83442483,12.30731850,57.83442256,12.30731571,2.352,2.500,76.10,4.39,1.170,0.73,7,7,1,GPS Fix (SPS),Stopped
1770574748.9765983,57.83442583,12.30732200,57.83442420,12.30731886,2.352,2.500,76.40,4.39,1.170,0.67,7,7,1,GPS Fix (SPS),Stopped
1770574749.998483,57.83442700,12.30732600,57.83442560,12.30732243,2.352,2.500,76.80,4.39,1.170,0.71,7,7,1,GPS Fix (SPS),Forward
1770574750.9501693,57.83442750,12.30732100,57.83442655,12.30732171,2.352,2.500,77.40,4.39,1.170,0.20,7,7,1,GPS Fix (SPS),Stopped
1770574752.0063066,57.83442600,12.30732983,57.83442627,12.30732577,2.352,2.500,77.60,4.39,1.170,0.94,7,7,1,GPS Fix (SPS),Forward
1770574752.9819765,57.83442850,12.30732167,57.83442739,12.30732372,2.352,2.500,77.80,4.39,1.170,0.26,7,7,1,GPS Fix (SPS),Stopped
1770574753.9753244,57.83442500,12.30733583,57.83442619,12.30732978,2.352,2.500,78.20,4.39,1.170,0.98,7,7,1,GPS Fix (SPS),Forward
1770574754.9932444,57.83442450,12.30734150,57.83442535,12.30733564,2.352,2.500,78.40,4.39,1.170,1.22,7,7,1,GPS Fix (SPS),Forward
1770574755.974046,57.83442333,12.30734683,57.83442434,12.30734124,2.352,2.500,78.80,4.39,1.170,1.32,7,7,1,GPS Fix (SPS),Forward
1770574756.962506,57.83442467,12.30734917,57.83442450,12.30734520,2.429,2.500,79.10,4.69,1.250,1.23,6,6,1,GPS Fix (SPS),Forward
1770574758.0632343,57.83442467,12.30735433,57.83442459,12.30734977,2.429,2.500,79.40,4.69,1.250,1.20,6,6,1,GPS Fix (SPS),Forward
1770574758.9771304,57.83442483,12.30735733,57.83442471,12.30735355,2.429,2.500,79.80,4.69,1.250,1.12,6,6,1,GPS Fix (SPS),Forward
1770574759.958255,57.83442583,12.30734717,57.83442527,12.30735036,2.429,2.500,80.00,4.69,1.250,0.48,6,6,1,GPS Fix (SPS),Stopped
1770574760.9923549,57.83442617,12.30734133,57.83442572,12.30734585,2.429,2.500,80.20,4.69,1.250,0.17,6,6,1,GPS Fix (SPS),Reverse
1770574761.9920914,57.83442583,12.30733867,57.83442578,12.30734226,2.429,2.500,80.60,4.69,1.250,0.34,6,6,1,GPS Fix (SPS),Reverse
1770574762.9671192,57.83442333,12.30734267,57.83442455,12.30734246,2.429,2.500,80.60,4.69,1.250,0.40,6,6,1,GPS Fix (SPS),Stopped
1770574764.002921,57.83442417,12.30733950,57.83442436,12.30734098,2.429,2.500,80.60,4.69,1.250,0.44,6,6,1,GPS Fix (SPS),Stopped
1770574765.122919,57.83442483,12.30733683,57.83442460,12.30733891,2.429,2.500,80.80,4.69,1.250,0.20,6,6,1,GPS Fix (SPS),Stopped
1770574765.9684365,57.83442700,12.30732583,57.83442580,12.30733237,2.429,2.500,81.00,4.69,1.250,0.78,6,6,1,GPS Fix (SPS),Reverse
1770574766.963339,57.83442650,12.30732683,57.83442615,12.30732960,2.352,2.500,81.30,4.39,1.170,0.64,7,7,1,GPS Fix (SPS),Stopped
1770574768.1064608,57.83442783,12.30732233,57.83442699,12.30732597,2.352,2.500,81.60,4.39,1.170,0.54,7,7,1,GPS Fix (SPS),Reverse
1770574768.9637375,57.83442850,12.30732067,57.83442775,12.30732332,2.429,2.500,81.70,4.69,1.250,0.07,6,6,1,GPS Fix (SPS),Stopped
1770574769.9737108,57.83443050,12.30731350,57.83442912,12.30731841,2.429,2.500,81.80,4.69,1.250,0.40,6,6,1,GPS Fix (SPS),Reverse
1770574771.014177,57.83443200,12.30730967,57.83443056,12.30731404,2.429,2.500,81.90,4.69,1.250,0.82,6,6,1,GPS Fix (SPS),Reverse
1770574771.9566655,57.83443117,12.30731133,57.83443086,12.30731269,2.429,2.500,81.80,4.69,1.250,0.36,6,6,1,GPS Fix (SPS),Stopped
1770574772.9881763,57.83443100,12.30730433,57.83443093,12.30730851,2.429,2.500,81.60,4.69,1.250,0.54,6,6,1,GPS Fix (SPS),Reverse
1770574773.9934595,57.83442983,12.30731017,57.83443038,12.30730934,2.429,2.500,81.30,4.69,1.250,0.22,6,6,1,GPS Fix (SPS),Stopped
1770574774.9927175,57.83442783,12.30731200,57.83442911,12.30731067,2.352,2.500,81.20,4.39,1.170,0.29,7,7,1,GPS Fix (SPS),Stopped
1770574776.010745,57.83442700,12.30731400,57.83442805,12.30731233,2.352,2.500,80.80,4.39,1.170,0.52,7,7,1,GPS Fix (SPS),Stopped
1770574777.0405898,57.83442533,12.30731317,57.83442669,12.30731275,2.352,2.500,81.00,4.39,1.170,0.59,7,7,1,GPS Fix (SPS),Stopped
1770574777.96442,57.83442367,12.30731733,57.83442518,12.30731504,2.352,2.500,80.60,4.39,1.170,0.13,7,7,1,GPS Fix (SPS),Stopped
1770574779.0315423,57.83442267,12.30732367,57.83442392,12.30731935,2.352,2.500,80.60,4.39,1.170,0.42,7,7,1,GPS Fix (SPS),Forward
1770574779.973887,57.83442250,12.30732133,57.83442321,12.30732034,2.352,2.500,80.80,4.39,1.170,0.08,7,7,1,GPS Fix (SPS),Stopped
1770574781.0101397,57.83442300,12.30731883,57.83442311,12.30731959,2.352,2.500,80.80,4.39,1.170,0.22,7,7,1,GPS Fix (SPS),Stopped
1770574781.9879448,57.83442450,12.30730783,57.83442380,12.30731371,2.352,2.500,81.00,4.39,1.170,0.74,7,7,1,GPS Fix (SPS),Reverse
1770574782.9792173,57.83442467,12.30730483,57.83442423,12.30730927,2.352,2.500,81.00,4.39,1.170,0.54,7,7,1,GPS Fix (SPS),Reverse
1770574783.9893458,57.83442483,12.30730767,57.83442453,12.30730847,2.352,2.500,81.00,4.39,1.170,0.36,7,7,1,GPS Fix (SPS),Stopped
1770574785.0331328,57.83442367,12.30731800,57.83442410,12.30731323,2.352,2.500,81.40,4.39,1.170,0.67,7,7,1,GPS Fix (SPS),Forward
1770574786.0269537,57.83442483,12.30731633,57.83442447,12.30731478,2.352,2.500,81.30,4.39,1.170,0.36,7,7,1,GPS Fix (SPS),Stopped
1770574787.0153728,57.83442650,12.30731733,57.83442548,12.30731606,2.429,2.500,81.60,4.69,1.250,0.40,6,6,1,GPS Fix (SPS),Stopped
1770574788.0757074,57.83442750,12.30731750,57.83442649,12.30731678,2.429,2.500,82.10,4.69,1.250,0.26,6,6,1,GPS Fix (SPS),Stopped
1770574789.043271,57.83442717,12.30732317,57.83442683,12.30731997,2.429,2.500,82.40,4.69,1.250,0.38,6,6,1,GPS Fix (SPS),Stopped
1770574789.9749477,57.83442750,12.30732500,57.83442716,12.30732249,2.429,2.500,82.60,4.69,1.250,0.27,6,6,1,GPS Fix (SPS),Stopped
1770574790.9775014,57.83442717,12.30733117,57.83442717,12.30732683,2.429,2.500,82.80,4.69,1.250,0.75,6,6,1,GPS Fix (SPS),Forward
1770574792.0157692,57.83442883,12.30733067,57.83442800,12.30732875,2.429,2.500,83.10,4.69,1.250,0.51,6,6,1,GPS Fix (SPS),Stopped
1770574792.960497,57.83443133,12.30732400,57.83442967,12.30732637,2.352,2.500,83.40,4.39,1.170,0.52,7,7,1,GPS Fix (SPS),Stopped
1770574794.0303922,57.83443233,12.30731417,57.83443100,12.30732027,2.352,2.500,83.90,4.39,1.170,1.06,7,7,1,GPS Fix (SPS),Reverse
1770574794.9763653,57.83443283,12.30730533,57.83443192,12.30731280,2.352,2.500,83.90,4.39,1.170,1.17,7,7,1,GPS Fix (SPS),Reverse
1770574795.963097,57.83443233,12.30730217,57.83443212,12.30730748,2.352,2.500,84.10,4.39,1.170,1.39,7,7,1,GPS Fix (SPS),Reverse
1770574796.980603,57.83443200,12.30730683,57.83443206,12.30730716,2.352,2.500,84.10,4.39,1.170,1.17,7,7,1,GPS Fix (SPS),Stopped
1770574797.9964788,57.83443250,12.30730033,57.83443228,12.30730375,2.352,2.500,83.90,4.39,1.170,1.16,7,7,1,GPS Fix (SPS),Reverse
1770574798.9922233,57.83443217,12.30729683,57.83443222,12.30730029,2.352,2.500,83.80,4.39,1.170,0.73,7,7,1,GPS Fix (SPS),Reverse
1770574799.9912653,57.83443150,12.30729450,57.83443186,12.30729739,2.352,2.500,83.60,4.39,1.170,0.35,7,7,1,GPS Fix (SPS),Stopped
1770574801.0408792,57.83442950,12.30729700,57.83443068,12.30729720,2.352,2.500,83.30,4.39,1.170,0.54,7,7,1,GPS Fix (SPS),Stopped
1770574802.0409095,57.83442783,12.30730100,57.83442926,12.30729910,2.352,2.500,83.00,4.39,1.170,0.60,7,7,1,GPS Fix (SPS),Stopped
1770574802.996343,57.83442167,12.30730400,57.83442546,12.30730155,2.352,2.500,82.70,4.39,1.170,1.25,7,7,1,GPS Fix (SPS),Stopped
1770574804.0565393,57.83441900,12.30730483,57.83442223,12.30730319,2.352,2.500,82.40,4.39,1.170,1.42,7,7,1,GPS Fix (SPS),Stopped
1770574804.9925752,57.83441883,12.30731033,57.83442053,12.30730676,2.352,2.500,82.30,4.39,1.170,1.29,7,7,1,GPS Fix (SPS),Forward
1770574805.969597,57.83441617,12.30731333,57.83441835,12.30731005,2.352,2.500,82.20,4.39,1.170,1.38,7,7,1,GPS Fix (SPS),Stopped
1770574806.975001,57.83441900,12.30732383,57.83441867,12.30731694,2.352,2.500,82.00,4.39,1.170,1.86,7,7,1,GPS Fix (SPS),Forward
1770574807.9827747,57.83442183,12.30731750,57.83442025,12.30731722,2.352,2.500,81.80,4.39,1.170,1.10,7,7,1,GPS Fix (SPS),Stopped
1770574809.0114908,57.83442033,12.30731900,57.83442029,12.30731811,2.352,2.500,81.60,4.39,1.170,0.94,7,7,1,GPS Fix (SPS),Stopped
1770574809.9657211,57.83441633,12.30731333,57.83441831,12.30731572,2.352,2.500,81.20,4.39,1.170,0.50,7,7,1,GPS Fix (SPS),Stopped
1770574810.9702425,57.83440917,12.30730783,57.83441374,12.30731178,2.352,2.500,80.60,4.39,1.170,0.99,7,7,1,GPS Fix (SPS),Reverse
1770574811.994039,57.83441300,12.30731650,57.83441337,12.30731414,2.352,2.500,80.00,4.39,1.170,0.73,7,7,1,GPS Fix (SPS),Stopped
1770574813.0214703,57.83441183,12.30732983,57.83441260,12.30732199,2.352,2.500,79.60,4.39,1.170,1.67,7,7,1,GPS Fix (SPS),Forward
1770574813.9691515,57.83440783,12.30732083,57.83441022,12.30732141,2.352,2.500,79.30,4.39,1.170,0.84,7,7,1,GPS Fix (SPS),Stopped
1770574815.0899076,57.83441217,12.30732783,57.83441119,12.30732462,2.352,2.500,78.80,4.39,1.170,0.95,7,7,1,GPS Fix (SPS),Stopped
1770574816.0177388,57.83441450,12.30733567,57.83441285,12.30733014,2.352,2.500,78.10,4.39,1.170,1.19,7,7,1,GPS Fix (SPS),Forward
1770574817.0028439,57.83441250,12.30734133,57.83441267,12.30733574,2.352,2.500,77.50,4.39,1.170,1.01,7,7,1,GPS Fix (SPS),Forward
1770574817.9604442,57.83440650,12.30734700,57.83440959,12.30734137,2.352,2.500,76.90,4.39,1.170,1.39,7,7,1,GPS Fix (SPS),Forward
1770574818.960594,57.83440417,12.30734867,57.83440688,12.30734502,2.352,2.500,76.40,4.39,1.170,1.16,7,7,1,GPS Fix (SPS),Forward
1770574819.9680061,57.83440500,12.30734783,57.83440594,12.30734643,2.352,2.500,75.40,4.39,1.170,0.87,7,7,1,GPS Fix (SPS),Stopped
1770574820.9609332,57.83440383,12.30734350,57.83440489,12.30734496,2.352,2.500,74.90,4.39,1.170,0.56,7,7,1,GPS Fix (SPS),Stopped
1770574822.1027794,57.83440567,12.30734567,57.83440528,12.30734531,2.352,2.500,74.40,4.39,1.170,0.69,7,7,1,GPS Fix (SPS),Stopped
1770574822.972692,57.83440950,12.30734133,57.83440739,12.30734332,2.429,2.500,74.30,4.69,1.250,0.44,6,6,1,GPS Fix (SPS),Stopped
1770574823.977637,57.83441150,12.30734583,57.83440944,12.30734458,2.429,2.500,73.90,4.69,1.250,0.77,6,6,1,GPS Fix (SPS),Stopped
1770574824.9786644,57.83441233,12.30734683,57.83441089,12.30734571,2.429,2.500,73.60,4.69,1.250,0.72,6,6,1,GPS Fix (SPS),Stopped
1770574825.968235,57.83441150,12.30735133,57.83441119,12.30734852,2.429,2.500,73.50,4.69,1.250,0.83,6,6,1,GPS Fix (SPS),Stopped
1770574826.9779952,57.83441400,12.30735133,57.83441260,12.30734993,2.429,2.500,73.20,4.69,1.250,1.02,6,6,1,GPS Fix (SPS),Stopped
1770574828.0120013,57.83441433,12.30735517,57.83441347,12.30735255,2.429,2.500,73.00,4.69,1.250,1.14,6,6,1,GPS Fix (SPS),Stopped
1770574828.98172,57.83440800,12.30735333,57.83441073,12.30735294,2.352,2.500,72.30,4.39,1.170,0.68,7,7,1,GPS Fix (SPS),Stopped
1770574830.1881485,57.83440200,12.30734333,57.83440637,12.30734814,2.352,2.500,71.80,4.39,1.170,1.08,7,7,1,GPS Fix (SPS),Reverse
1770574831.0085282,57.83440533,12.30733817,57.83440585,12.30734315,2.352,2.500,71.00,4.39,1.170,0.36,7,7,1,GPS Fix (SPS),Reverse
1770574831.9957964,57.83440750,12.30733300,57.83440667,12.30733808,2.352,2.500,70.60,4.39,1.170,0.51,7,7,1,GPS Fix (SPS),Reverse
1770574832.9824262,57.83441233,12.30733083,57.83440950,12.30733445,2.352,2.500,70.40,4.39,1.170,0.96,7,7,1,GPS Fix (SPS),Reverse
1770574834.0260398,57.83441600,12.30732483,57.83441275,12.30732964,2.352,2.500,70.20,4.39,1.170,1.07,7,7,1,GPS Fix (SPS),Reverse
1770574834.9821844,57.83441700,12.30732333,57.83441488,12.30732649,2.352,2.500,69.80,4.39,1.170,0.84,7,7,1,GPS Fix (SPS),Stopped
1770574836.0143328,57.83441533,12.30732950,57.83441510,12.30732799,2.352,2.500,69.60,4.39,1.170,0.70,7,7,1,GPS Fix (SPS),Stopped
1770574836.9850295,57.83441717,12.30732267,57.83441614,12.30732533,2.352,2.500,69.50,4.39,1.170,0.82,7,7,1,GPS Fix (SPS),Stopped
1770574837.984688,57.83442033,12.30730733,57.83441823,12.30731633,2.352,2.500,69.40,4.39,1.170,1.54,7,7,1,GPS Fix (SPS),Reverse
1770574839.0212264,57.83442050,12.30731100,57.83441937,12.30731367,2.352,2.500,69.50,4.39,1.170,0.74,7,7,1,GPS Fix (SPS),Stopped
1770574839.9981203,57.83442467,12.30731550,57.83442202,12.30731458,2.352,2.500,69.50,4.39,1.170,0.83,7,7,1,GPS Fix (SPS),Stopped
1770574840.998231,57.83442567,12.30732033,57.83442384,12.30731746,2.352,2.500,69.60,4.39,1.170,0.84,7,7,1,GPS Fix (SPS),Stopped
1770574841.9912927,57.83442433,12.30732350,57.83442409,12.30732048,2.352,2.500,69.80,4.39,1.170,0.48,7,7,1,GPS Fix (SPS),Stopped
1770574842.991183,57.83442100,12.30732233,57.83442254,12.30732141,2.352,2.500,70.00,4.39,1.170,0.14,7,7,1,GPS Fix (SPS),Stopped
1770574843.9829996,57.83442317,12.30732000,57.83442286,12.30732070,2.352,2.500,70.00,4.39,1.170,0.10,7,7,1,GPS Fix (SPS),Stopped
1770574844.9846153,57.83442367,12.30731100,57.83442326,12.30731585,2.352,2.500,70.00,4.39,1.170,0.58,7,7,1,GPS Fix (SPS),Reverse
1770574845.9849675,57.83442717,12.30731467,57.83442521,12.30731526,2.352,2.500,69.90,4.39,1.170,0.78,7,7,1,GPS Fix (SPS),Stopped
1770574846.9992278,57.83442983,12.30730550,57.83442752,12.30731038,2.352,2.500,69.90,4.39,1.170,1.07,7,7,1,GPS Fix (SPS),Reverse
1770574848.0154598,57.83443500,12.30730650,57.83443126,12.30730844,2.352,2.500,69.70,4.39,1.170,1.02,7,7,1,GPS Fix (SPS),Stopped
1770574848.9808335,57.83443450,12.30730750,57.83443288,12.30730797,2.352,2.500,69.70,4.39,1.170,0.74,7,7,1,GPS Fix (SPS),Stopped
1770574849.9812117,57.83443483,12.30731533,57.83443386,12.30731165,2.352,2.500,69.60,4.39,1.170,0.97,7,7,1,GPS Fix (SPS),Forward
1770574850.9945433,57.83443417,12.30731817,57.83443401,12.30731491,2.352,2.500,69.90,4.39,1.170,0.93,7,7,1,GPS Fix (SPS),Stopped
1770574852.0239599,57.83443450,12.30732433,57.83443426,12.30731962,2.352,2.500,70.00,4.39,1.170,1.22,7,7,1,GPS Fix (SPS),Forward
1770574853.004813,57.83442983,12.30733067,57.83443204,12.30732514,2.429,2.500,70.10,4.69,1.250,1.28,6,6,1,GPS Fix (SPS),Forward
1770574854.0211096,57.83442950,12.30732217,57.83443077,12.30732366,3.629,2.500,70.20,9.41,2.510,0.30,5,5,1,GPS Fix (SPS),Stopped
1770574855.007404,57.83442450,12.30732667,57.83442764,12.30732516,3.629,2.500,70.30,9.41,2.510,0.67,5,5,1,GPS Fix (SPS),Stopped
1770574855.983201,57.83442417,12.30730233,57.83442590,12.30731375,3.629,2.500,70.40,9.41,2.510,0.80,5,5,1,GPS Fix (SPS),Reverse
1770574856.9774995,57.83442550,12.30727167,57.83442570,12.30729271,2.429,2.500,70.10,4.69,1.250,1.55,6,6,1,GPS Fix (SPS),Reverse
1770574858.0210974,57.83443583,12.30721450,57.83443077,12.30725360,2.429,2.500,69.60,4.69,1.250,2.97,6,6,1,GPS Fix (SPS),Reverse
1770574859.022673,57.83444433,12.30714367,57.83443755,12.30719864,2.352,2.500,68.80,4.39,1.170,5.29,7,7,1,GPS Fix (SPS),Reverse
1770574860.089966,57.83445633,12.30707617,57.83444694,12.30713740,2.352,2.500,67.80,4.39,1.170,6.55,7,7,1,GPS Fix (SPS),Reverse
1770574861.125277,57.83445833,12.30702083,57.83445264,12.30707912,2.352,2.500,66.70,4.39,1.170,7.44,7,7,1,GPS Fix (SPS),Reverse
1770574862.0164087,57.83446450,12.30696750,57.83445857,12.30702331,2.352,2.500,65.60,4.39,1.170,7.53,7,7,1,GPS Fix (SPS),Reverse
1770574863.0026648,57.83447300,12.30691967,57.83446578,12.30697149,2.429,2.500,64.50,4.69,1.250,7.46,6,6,1,GPS Fix (SPS),Reverse
1770574863.9946904,57.83447533,12.30689383,57.83447056,12.30693266,2.429,2.500,63.10,4.69,1.250,7.15,6,6,1,GPS Fix (SPS),Reverse
1770574865.0860212,57.83448267,12.30687900,57.83447661,12.30690583,3.629,2.500,62.80,9.41,2.510,6.12,5,5,1,GPS Fix (SPS),Reverse
1770574865.9749403,57.83448817,12.30687050,57.83448239,12.30688817,3.629,2.500,62.70,9.41,2.510,5.31,5,5,1,GPS Fix (SPS),Reverse
1770574866.9847634,57.83449250,12.30686200,57.83448744,12.30687508,3.629,2.500,62.60,9.41,2.510,5.05,5,5,1,GPS Fix (SPS),Reverse
1770574867.983351,57.83449283,12.30685633,57.83449014,12.30686571,3.629,2.500,62.40,9.41,2.510,4.85,5,5,1,GPS Fix (SPS),Reverse
1770574869.0076435,57.83449417,12.30687267,57.83449215,12.30686919,3.629,2.500,62.20,9.41,2.510,3.82,5,5,1,GPS Fix (SPS),Forward
1770574870.0152462,57.83449550,12.30687117,57.83449383,12.30687018,3.629,2.500,62.30,9.41,2.510,3.13,5,5,1,GPS Fix (SPS),Stopped
1770574870.9951084,57.83449967,12.30684583,57.83449675,12.30685801,3.629,2.500,62.30,9.41,2.510,3.81,5,5,1,GPS Fix (SPS),Reverse
1770574871.9814491,57.83450567,12.30684067,57.83450121,12.30684934,3.629,2.500,62.20,9.41,2.510,3.72,5,5,1,GPS Fix (SPS),Reverse
1770574873.211658,57.83451083,12.30682483,57.83450602,12.30683708,3.629,2.500,62.10,9.41,2.510,3.72,5,5,1,GPS Fix (SPS),Reverse
1770574873.957985,57.83451067,12.30681133,57.83450834,12.30682421,3.629,2.500,62.10,9.41,2.510,3.74,5,5,1,GPS Fix (SPS),Reverse
1770574874.9962692,57.83451283,12.30683233,57.83451059,12.30682827,3.629,2.500,62.20,9.41,2.510,2.53,5,5,1,GPS Fix (SPS),Forward
1770574875.990544,57.83451900,12.30681900,57.83451479,12.30682364,3.629,2.500,62.30,9.41,2.510,2.89,5,5,1,GPS Fix (SPS),Reverse
1770574876.9829683,57.83452133,12.30680150,57.83451806,12.30681257,3.629,2.500,62.40,9.41,2.510,3.51,5,5,1,GPS Fix (SPS),Reverse
1770574877.9823158,57.83451800,12.30681017,57.83451803,12.30681137,3.629,2.500,62.60,9.41,2.510,2.80,5,5,1,GPS Fix (SPS),Stopped
1770574878.975177,57.83451750,12.30680800,57.83451777,12.30680968,3.629,2.500,62.80,9.41,2.510,2.52,5,5,1,GPS Fix (SPS),Stopped
1770574880.022769,57.83451250,12.30683800,57.83451513,12.30682384,3.629,2.500,63.00,9.41,2.510,0.98,5,5,1,GPS Fix (SPS),Forward
1770574881.0118835,57.83451233,12.30685350,57.83451373,12.30683867,3.629,2.500,63.00,9.41,2.510,0.78,5,5,1,GPS Fix (SPS),Forward
1770574882.0177786,57.83451050,12.30686017,57.83451212,12.30684942,3.629,2.500,62.90,9.41,2.510,0.64,5,5,1,GPS Fix (SPS),Forward
1770574882.9827774,57.83451133,12.30686133,57.83451172,12.30685538,3.629,2.500,62.80,9.41,2.510,0.46,5,5,1,GPS Fix (SPS),Forward
1770574883.988737,57.83450850,12.30687167,57.83451011,12.30686352,3.629,2.500,62.70,9.41,2.510,0.11,5,5,1,GPS Fix (SPS),Forward
1770574885.0427606,57.83450633,12.30688817,57.83450822,12.30687584,3.629,2.500,62.70,9.41,2.510,0.52,5,5,1,GPS Fix (SPS),Forward
1770574886.011357,57.83450883,12.30686883,57.83450853,12.30687234,3.629,2.500,63.00,9.41,2.510,0.46,5,5,1,GPS Fix (SPS),Reverse
1770574887.0371735,57.83450283,12.30689767,57.83450568,12.30688500,3.629,2.500,63.00,9.41,2.510,0.32,5,5,1,GPS Fix (SPS),Forward
1770574888.0094743,57.83450000,12.30690083,57.83450284,12.30689292,3.629,2.500,63.30,9.41,2.510,0.22,5,5,1,GPS Fix (SPS),Forward
1770574889.0147321,57.83450317,12.30688550,57.83450300,12.30688921,3.629,2.500,63.00,9.41,2.510,0.86,5,5,1,GPS Fix (SPS),Reverse
1770574890.1117618,57.83450083,12.30690100,57.83450192,12.30689510,3.629,2.500,63.10,9.41,2.510,0.50,5,5,1,GPS Fix (SPS),Forward
1770574891.0040581,57.83450167,12.30688617,57.83450179,12.30689064,3.629,2.500,63.30,9.41,2.510,0.99,5,5,1,GPS Fix (SPS),Reverse
1770574892.0499263,57.83450117,12.30688250,57.83450148,12.30688657,3.629,2.500,63.20,9.41,2.510,1.22,5,5,1,GPS Fix (SPS),Reverse
1770574892.9899752,57.83449267,12.30691983,57.83449707,12.30690320,3.629,2.500,63.20,9.41,2.510,1.31,5,5,1,GPS Fix (SPS),Forward
1770574894.0707636,57.83449583,12.30690617,57.83449645,12.30690468,2.914,2.500,63.60,6.60,1.760,1.94,6,6,1,GPS Fix (SPS),Stopped
1770574895.0360532,57.83449317,12.30691067,57.83449481,12.30690768,3.619,2.500,63.80,9.38,2.500,1.73,5,5,1,GPS Fix (SPS),Stopped
1770574895.9723532,57.83449250,12.30691267,57.83449365,12.30691017,3.619,2.500,63.80,9.38,2.500,1.50,5,5,1,GPS Fix (SPS),Stopped
1770574897.1022382,57.83448867,12.30694333,57.83449116,12.30692675,3.619,2.500,63.90,9.38,2.500,0.42,5,5,1,GPS Fix (SPS),Forward
1770574897.9739294,57.83448533,12.30696217,57.83448825,12.30694446,3.619,2.500,64.30,9.38,2.500,0.22,5,5,1,GPS Fix (SPS),Forward
1770574899.0075228,57.83447700,12.30700317,57.83448262,12.30697381,3.619,2.500,64.70,9.38,2.500,1.24,5,5,1,GPS Fix (SPS),Forward
1770574899.9745116,57.83447283,12.30701633,57.83447773,12.30699507,3.619,2.500,65.00,9.38,2.500,1.12,5,5,1,GPS Fix (SPS),Forward
1770574900.9798994,57.83447100,12.30703200,57.83447436,12.30701354,3.619,2.500,65.00,9.38,2.500,1.10,5,5,1,GPS Fix (SPS),Forward
1770574901.985998,57.83447083,12.30703750,57.83447260,12.30702552,3.619,2.500,65.20,9.38,2.500,0.73,5,5,1,GPS Fix (SPS),Forward
1770574903.004142,57.83446883,12.30705083,57.83447072,12.30703818,3.619,2.500,65.20,9.38,2.500,0.36,5,5,1,GPS Fix (SPS),Forward
1770574903.9673526,57.83446800,12.30705267,57.83446936,12.30704542,3.619,2.500,65.10,9.38,2.500,0.30,5,5,1,GPS Fix (SPS),Forward
1770574904.9859374,57.83446550,12.30705617,57.83446743,12.30705079,3.619,2.500,64.90,9.38,2.500,0.41,5,5,1,GPS Fix (SPS),Forward
1770574905.9841473,57.83446300,12.30706800,57.83446521,12.30705940,3.619,2.500,64.60,9.38,2.500,0.30,5,5,1,GPS Fix (SPS),Forward
1770574906.9566743,57.83446083,12.30708050,57.83446302,12.30706995,3.619,2.500,64.60,9.38,2.500,0.05,5,5,1,GPS Fix (SPS),Forward
1770574907.9867635,57.83446183,12.30708400,57.83446243,12.30707697,3.619,2.500,64.80,9.38,2.500,0.21,5,5,1,GPS Fix (SPS),Forward
1770574909.0011764,57.83445983,12.30709200,57.83446113,12.30708449,3.619,2.500,65.00,9.38,2.500,0.50,5,5,1,GPS Fix (SPS),Forward
1770574909.9757824,57.83445500,12.30711633,57.83445807,12.30710041,3.619,2.500,64.90,9.38,2.500,0.94,5,5,1,GPS Fix (SPS),Forward
1770574910.983896,57.83444583,12.30716950,57.83445195,12.30713496,3.619,2.500,65.00,9.38,2.500,0.88,5,5,1,GPS Fix (SPS),Forward
1770574911.952606,57.83444500,12.30716617,57.83444847,12.30715056,2.429,2.500,66.30,4.69,1.250,0.22,6,6,1,GPS Fix (SPS),Forward
1770574913.0086167,57.83444217,12.30718767,57.83444532,12.30716911,2.429,2.500,66.10,4.69,1.250,0.60,6,6,1,GPS Fix (SPS),Forward
1770574913.9693043,57.83444267,12.30718483,57.83444399,12.30717697,2.429,2.500,66.70,4.69,1.250,0.68,6,6,1,GPS Fix (SPS),Forward
1770574914.9871767,57.83444233,12.30718600,57.83444316,12.30718149,2.429,2.500,67.00,4.69,1.250,0.96,6,6,1,GPS Fix (SPS),Forward
1770574916.0053773,57.83444300,12.30719100,57.83444308,12.30718624,2.429,2.500,67.40,4.69,1.250,1.21,6,6,1,GPS Fix (SPS),Forward
1770574916.9854777,57.83443867,12.30721217,57.83444087,12.30719921,2.429,2.500,68.10,4.69,1.250,0.30,6,6,1,GPS Fix (SPS),Forward
1770574917.9777527,57.83443667,12.30722833,57.83443877,12.30721377,2.429,2.500,68.30,4.69,1.250,0.34,6,6,1,GPS Fix (SPS),Forward
1770574919.0336442,57.83443567,12.30723567,57.83443722,12.30722472,2.429,2.500,69.00,4.69,1.250,0.24,6,6,1,GPS Fix (SPS),Forward
1770574919.9769757,57.83443583,12.30724833,57.83443653,12.30723653,2.429,2.500,69.40,4.69,1.250,0.70,6,6,1,GPS Fix (SPS),Forward
1770574920.970566,57.83443467,12.30725617,57.83443560,12.30724635,2.429,2.500,70.20,4.69,1.250,0.55,6,6,1,GPS Fix (SPS),Forward
1770574921.9762046,57.83443283,12.30726400,57.83443421,12.30725517,2.429,2.500,70.70,4.69,1.250,0.12,6,6,1,GPS Fix (SPS),Forward
1770574923.002319,57.83443033,12.30726350,57.83443227,12.30725934,2.429,2.500,71.20,4.69,1.250,0.53,6,6,1,GPS Fix (SPS),Forward
1770574923.9817002,57.83443033,12.30726783,57.83443130,12.30726358,2.429,2.500,70.80,4.69,1.250,0.19,6,6,1,GPS Fix (SPS),Forward
1770574924.9844995,57.83442767,12.30728183,57.83442949,12.30727271,2.352,2.500,71.20,4.39,1.170,0.85,7,7,1,GPS Fix (SPS),Forward
1770574925.989012,57.83442533,12.30728650,57.83442741,12.30727960,2.352,2.500,71.90,4.39,1.170,0.70,7,7,1,GPS Fix (SPS),Forward
1770574926.9665422,57.83443133,12.30728917,57.83442937,12.30728439,2.352,2.500,72.10,4.39,1.170,0.86,7,7,1,GPS Fix (SPS),Forward
1770574927.9800127,57.83442983,12.30729483,57.83442960,12.30728961,2.352,2.500,72.00,4.39,1.170,0.63,7,7,1,GPS Fix (SPS),Forward
1770574928.9808066,57.83442917,12.30730033,57.83442938,12.30729497,2.352,2.500,72.20,4.39,1.170,0.55,7,7,1,GPS Fix (SPS),Forward
1770574930.0187712,57.83443283,12.30729833,57.83443111,12.30729665,2.352,2.500,72.70,4.39,1.170,0.55,7,7,1,GPS Fix (SPS),Stopped
1770574930.9785008,57.83442983,12.30730667,57.83443047,12.30730166,2.352,2.500,73.10,4.39,1.170,0.13,7,7,1,GPS Fix (SPS),Forward
1770574932.02689,57.83443217,12.30731100,57.83443132,12.30730633,2.352,2.500,74.00,4.39,1.170,0.29,7,7,1,GPS Fix (SPS),Forward
1770574933.0033689,57.83442767,12.30731850,57.83442949,12.30731241,2.352,2.500,74.40,4.39,1.170,0.52,7,7,1,GPS Fix (SPS),Forward
1770574933.9532447,57.83442833,12.30731483,57.83442891,12.30731362,2.352,2.500,74.90,4.39,1.170,0.46,7,7,1,GPS Fix (SPS),Stopped
1770574935.0002944,57.83442550,12.30732467,57.83442721,12.30731915,2.352,2.500,75.10,4.39,1.170,0.70,7,7,1,GPS Fix (SPS),Forward
1770574935.9747117,57.83442117,12.30732017,57.83442419,12.30731966,2.352,2.500,75.50,4.39,1.170,1.14,7,7,1,GPS Fix (SPS),Stopped
1770574936.9998302,57.83442517,12.30731750,57.83442468,12.30731858,2.352,2.500,75.80,4.39,1.170,0.65,7,7,1,GPS Fix (SPS),Stopped
1770574938.0875292,57.83443250,12.30732617,57.83442859,12.30732237,2.352,2.500,76.30,4.39,1.170,0.86,7,7,1,GPS Fix (SPS),Forward
1770574938.9799383,57.83442467,12.30734033,57.83442663,12.30733135,2.352,2.500,77.00,4.39,1.170,1.16,7,7,1,GPS Fix (SPS),Forward
1770574939.9606204,57.83442833,12.30734300,57.83442748,12.30733718,2.352,2.500,77.40,4.39,1.170,0.69,7,7,1,GPS Fix (SPS),Forward
1770574941.0189223,57.83442750,12.30735050,57.83442749,12.30734384,2.352,2.500,77.90,4.39,1.170,0.79,7,7,1,GPS Fix (SPS),Forward
1770574941.9879298,57.83442850,12.30734783,57.83442800,12.30734584,2.352,2.500,78.30,4.39,1.170,0.26,7,7,1,GPS Fix (SPS),Stopped
1770574942.9938862,57.83442883,12.30734583,57.83442841,12.30734583,2.495,2.500,78.40,4.95,1.320,0.35,6,6,1,GPS Fix (SPS),Stopped
1770574943.9913356,57.83443167,12.30734467,57.83443004,12.30734525,2.352,2.500,78.50,4.39,1.170,0.08,7,7,1,GPS Fix (SPS),Stopped
1770574944.9914153,57.83443083,12.30734250,57.83443044,12.30734388,2.352,2.500,79.10,4.39,1.170,0.26,7,7,1,GPS Fix (SPS),Stopped
1770574946.1020794,57.83443033,12.30734150,57.83443039,12.30734269,2.638,2.500,79.20,5.51,1.470,0.24,5,5,1,GPS Fix (SPS),Stopped
1770574947.0591328,57.83443133,12.30733533,57.83443086,12.30733901,2.352,2.500,79.40,4.39,1.170,0.65,7,7,1,GPS Fix (SPS),Reverse
1770574947.9792917,57.83442983,12.30733933,57.83443035,12.30733917,2.352,2.500,79.50,4.39,1.170,0.10,7,7,1,GPS Fix (SPS),Stopped
1770574948.9794233,57.83442983,12.30734217,57.83443009,12.30734067,2.733,2.500,80.00,5.89,1.570,0.27,5,5,1,GPS Fix (SPS),Stopped
1770574950.0286572,57.83442900,12.30734967,57.83442954,12.30734517,2.733,2.500,80.40,5.89,1.570,0.72,5,5,1,GPS Fix (SPS),Forward
1770574951.0102868,57.83442817,12.30735483,57.83442886,12.30735000,2.733,2.500,80.80,5.89,1.570,0.81,5,5,1,GPS Fix (SPS),Forward
1770574951.9712615,57.83443017,12.30735583,57.83442951,12.30735292,2.733,2.500,81.20,5.89,1.570,0.79,5,5,1,GPS Fix (SPS),Stopped
1770574952.9721973,57.83442617,12.30736683,57.83442784,12.30735988,2.429,2.500,81.70,4.69,1.250,1.44,6,6,1,GPS Fix (SPS),Forward
1770574953.989221,57.83442583,12.30736583,57.83442684,12.30736285,2.429,2.500,81.50,4.69,1.250,0.78,6,6,1,GPS Fix (SPS),Stopped
1770574954.9629087,57.83442717,12.30735283,57.83442700,12.30735784,2.429,2.500,81.40,4.69,1.250,0.31,6,6,1,GPS Fix (SPS),Reverse
1770574956.0552268,57.83442900,12.30734383,57.83442800,12.30735084,2.429,2.500,81.40,4.69,1.250,0.56,6,6,1,GPS Fix (SPS),Reverse
1770574956.9717405,57.83442917,12.30733717,57.83442858,12.30734400,2.429,2.500,81.10,4.69,1.250,0.57,6,6,1,GPS Fix (SPS),Reverse
1770574958.0002937,57.83442783,12.30733617,57.83442821,12.30734008,2.429,2.500,80.80,4.69,1.250,0.35,6,6,1,GPS Fix (SPS),Reverse
1770574958.9894888,57.83442650,12.30733300,57.83442735,12.30733654,2.429,2.500,80.60,4.69,1.250,0.53,6,6,1,GPS Fix (SPS),Reverse
1770574960.0280244,57.83442833,12.30732500,57.83442784,12.30733077,2.429,2.500,80.30,4.69,1.250,0.69,6,6,1,GPS Fix (SPS),Reverse
1770574960.989822,57.83442700,12.30732750,57.83442742,12.30732914,2.429,2.500,80.20,4.69,1.250,0.30,6,6,1,GPS Fix (SPS),Stopped
1770574961.9897165,57.83442583,12.30732750,57.83442663,12.30732832,2.352,2.500,79.60,4.39,1.170,0.07,7,7,1,GPS Fix (SPS),Stopped
1770574962.9926844,57.83442433,12.30732750,57.83442548,12.30732791,2.352,2.500,79.30,4.39,1.170,0.04,7,7,1,GPS Fix (SPS),Stopped
1770574964.0555413,57.83442300,12.30732083,57.83442424,12.30732437,2.352,2.500,79.00,4.39,1.170,0.46,7,7,1,GPS Fix (SPS),Reverse
1770574964.9995117,57.83442133,12.30731917,57.83442279,12.30732177,2.352,2.500,78.60,4.39,1.170,0.48,7,7,1,GPS Fix (SPS),Stopped
1770574965.9747446,57.83442133,12.30731417,57.83442206,12.30731797,2.352,2.500,78.30,4.39,1.170,0.16,7,7,1,GPS Fix (SPS),Reverse
1770574966.9901884,57.83442133,12.30730783,57.83442170,12.30731290,2.352,2.500,77.90,4.39,1.170,0.53,7,7,1,GPS Fix (SPS),Reverse
1770574967.9711525,57.83442150,12.30730417,57.83442160,12.30730853,2.352,2.500,77.60,4.39,1.170,1.00,7,7,1,GPS Fix (SPS),Reverse
1770574968.9938664,57.83442117,12.30730250,57.83442138,12.30730552,2.352,2.500,77.50,4.39,1.170,0.96,7,7,1,GPS Fix (SPS),Stopped
1770574969.992475,57.83442267,12.30729117,57.83442202,12.30729834,2.352,2.500,77.30,4.39,1.170,1.48,7,7,1,GPS Fix (SPS),Reverse
1770574970.9903686,57.83442367,12.30728433,57.83442285,12.30729134,2.352,2.500,77.00,4.39,1.170,1.26,7,7,1,GPS Fix (SPS),Reverse
1770574971.9804997,57.83442483,12.30727117,57.83442384,12.30728125,2.352,2.500,76.90,4.39,1.170,1.62,7,7,1,GPS Fix (SPS),Reverse
1770574972.983047,57.83442483,12.30726217,57.83442434,12.30727171,2.352,2.500,76.60,4.39,1.170,1.47,7,7,1,GPS Fix (SPS),Reverse
1770574974.0154226,57.83442383,12.30726850,57.83442408,12.30727010,2.352,2.500,76.30,4.39,1.170,0.21,7,7,1,GPS Fix (SPS),Stopped
1770574975.0342445,57.83442567,12.30726183,57.83442488,12.30726597,2.352,2.500,76.30,4.39,1.170,0.40,7,7,1,GPS Fix (SPS),Reverse
1770574976.0566514,57.83442500,12.30726033,57.83442494,12.30726315,2.352,2.500,76.00,4.39,1.170,0.64,7,7,1,GPS Fix (SPS),Stopped
1770574976.9955716,57.83442583,12.30725533,57.83442539,12.30725924,2.352,2.500,75.60,4.39,1.170,0.82,7,7,1,GPS Fix (SPS),Reverse
1770574978.0204797,57.83442450,12.30726150,57.83442494,12.30726037,2.352,2.500,75.40,4.39,1.170,0.22,7,7,1,GPS Fix (SPS),Stopped
1770574978.9960868,57.83442517,12.30726267,57.83442505,12.30726152,2.419,2.500,75.20,4.65,1.240,0.43,6,6,1,GPS Fix (SPS),Stopped
1770574980.0236592,57.83442517,12.30726700,57.83442511,12.30726426,2.419,2.500,75.30,4.65,1.240,0.60,6,6,1,GPS Fix (SPS),Stopped
1770574981.0664203,57.83442250,12.30727017,57.83442381,12.30726721,2.419,2.500,75.30,4.65,1.240,0.54,6,6,1,GPS Fix (SPS),Stopped
1770574982.000904,57.83442383,12.30728150,57.83442382,12.30727436,2.419,2.500,75.00,4.65,1.240,1.44,6,6,1,GPS Fix (SPS),Forward
1770574983.2648785,57.83442367,12.30728200,57.83442374,12.30727818,2.419,2.500,75.10,4.65,1.240,1.01,6,6,1,GPS Fix (SPS),Forward
1770574984.1465375,57.83441850,12.30729400,57.83442112,12.30728609,2.419,2.500,74.90,4.65,1.240,1.43,6,6,1,GPS Fix (SPS),Forward
1770574984.9964166,57.83441650,12.30729967,57.83441881,12.30729288,2.352,2.500,74.60,4.39,1.170,0.98,7,7,1,GPS Fix (SPS),Forward
1770574985.982672,57.83441300,12.30730683,57.83441591,12.30729986,2.352,2.500,74.50,4.39,1.170,0.93,7,7,1,GPS Fix (SPS),Forward
1770574986.9812684,57.83440733,12.30731683,57.83441162,12.30730834,2.352,2.500,74.30,4.39,1.170,1.46,7,7,1,GPS Fix (SPS),Forward
1770574987.9894774,57.83441050,12.30731200,57.83441106,12.30731017,2.352,2.500,74.00,4.39,1.170,0.53,7,7,1,GPS Fix (SPS),Stopped
1770574989.0347025,57.83441000,12.30731050,57.83441053,12.30731034,2.352,2.500,73.90,4.39,1.170,0.12,7,7,1,GPS Fix (SPS),Stopped
1770574989.981879,57.83440583,12.30731250,57.83440818,12.30731142,2.352,2.500,73.60,4.39,1.170,0.46,7,7,1,GPS Fix (SPS),Stopped
1770574990.997406,57.83440517,12.30731067,57.83440667,12.30731104,2.352,2.500,73.20,4.39,1.170,0.47,7,7,1,GPS Fix (SPS),Stopped
1770574991.9851196,57.83440700,12.30730417,57.83440684,12.30730760,2.352,2.500,73.20,4.39,1.170,0.52,7,7,1,GPS Fix (SPS),Reverse
1770574993.0149686,57.83440600,12.30730733,57.83440642,12.30730747,2.352,2.500,73.00,4.39,1.170,0.12,7,7,1,GPS Fix (SPS),Stopped
1770574994.082242,57.83440117,12.30731867,57.83440379,12.30731307,2.352,2.500,72.90,4.39,1.170,0.97,7,7,1,GPS Fix (SPS),Forward
1770574995.0102086,57.83440033,12.30732833,57.83440206,12.30732070,2.352,2.500,73.00,4.39,1.170,1.40,7,7,1,GPS Fix (SPS),Forward
1770574996.001482,57.83440450,12.30733200,57.83440328,12.30732635,2.352,2.500,73.20,4.39,1.170,1.13,7,7,1,GPS Fix (SPS),Forward
1770574996.9921937,57.83440617,12.30733683,57.83440472,12.30733159,2.352,2.500,73.50,4.39,1.170,1.18,7,7,1,GPS Fix (SPS),Forward
1770574997.9769034,57.83440100,12.30733817,57.83440286,12.30733488,2.352,2.500,73.50,4.39,1.170,0.89,7,7,1,GPS Fix (SPS),Stopped
1770574998.9921532,57.83439800,12.30734717,57.83440043,12.30734102,2.352,2.500,73.60,4.39,1.170,1.46,7,7,1,GPS Fix (SPS),Forward
1770574999.9919515,57.83439217,12.30734750,57.83439630,12.30734426,2.352,2.500,73.60,4.39,1.170,1.41,7,7,1,GPS Fix (SPS),Stopped
1770575000.9926894,57.83438583,12.30734933,57.83439107,12.30734680,2.610,2.500,73.60,5.40,1.440,1.83,6,6,1,GPS Fix (SPS),Stopped
1770575001.982522,57.83438183,12.30734567,57.83438645,12.30734623,2.610,2.500,73.40,5.40,1.440,1.76,6,6,1,GPS Fix (SPS),Stopped
1770575002.978252,57.83439250,12.30730867,57.83438947,12.30732745,2.352,2.500,72.70,4.39,1.170,1.56,7,7,1,GPS Fix (SPS),Reverse
1770575003.983086,57.83439600,12.30730817,57.83439274,12.30731781,2.352,2.500,71.50,4.39,1.170,1.12,7,7,1,GPS Fix (SPS),Reverse
1770575004.9971569,57.83440500,12.30729617,57.83439887,12.30730699,2.924,2.500,71.60,6.64,1.770,2.20,6,6,1,GPS Fix (SPS),Reverse
1770575006.0169606,57.83441383,12.30728550,57.83440635,12.30729624,2.924,2.500,71.40,6.64,1.770,2.49,6,6,1,GPS Fix (SPS),Reverse
1770575006.959159,57.83441900,12.30726317,57.83441268,12.30727971,2.352,2.500,71.00,4.39,1.170,2.59,7,7,1,GPS Fix (SPS),Reverse
1770575008.0110612,57.83442967,12.30724033,57.83442117,12.30726002,2.352,2.500,70.20,4.39,1.170,3.07,7,7,1,GPS Fix (SPS),Reverse
1770575009.0592217,57.83443417,12.30721800,57.83442767,12.30723901,2.619,2.500,69.50,5.44,1.450,3.23,6,6,1,GPS Fix (SPS),Reverse
1770575009.9834187,57.83443567,12.30721333,57.83443167,12.30722617,2.619,2.500,68.70,5.44,1.450,2.34,6,6,1,GPS Fix (SPS),Reverse
1770575011.2551599,57.83443267,12.30720500,57.83443217,12.30721559,2.619,2.500,68.00,5.44,1.450,1.66,6,6,1,GPS Fix (SPS),Reverse
1770575011.9974637,57.83442950,12.30720650,57.83443083,12.30721104,2.619,2.500,67.10,5.44,1.450,0.84,6,6,1,GPS Fix (SPS),Reverse
1770575013.018298,57.83442917,12.30719883,57.83443000,12.30720494,2.619,2.500,66.70,5.44,1.450,0.85,6,6,1,GPS Fix (SPS),Reverse
1770575013.9726303,57.83442567,12.30718500,57.83442783,12.30719497,2.352,2.500,65.90,4.39,1.170,1.26,7,7,1,GPS Fix (SPS),Reverse
1770575014.99645,57.83442733,12.30716883,57.83442758,12.30718190,2.352,2.500,65.10,4.39,1.170,1.61,7,7,1,GPS Fix (SPS),Reverse
1770575016.032217,57.83442083,12.30715950,57.83442421,12.30717070,2.352,2.500,64.40,4.39,1.170,2.12,7,7,1,GPS Fix (SPS),Reverse
1770575016.9953768,57.83441617,12.30715967,57.83442019,12.30716518,2.924,2.500,64.10,6.64,1.770,1.70,6,6,1,GPS Fix (SPS),Reverse
1770575018.008272,57.83441850,12.30716633,57.83441934,12.30716576,2.924,2.500,63.90,6.64,1.770,0.50,6,6,1,GPS Fix (SPS),Stopped
1770575018.9749358,57.83442050,12.30716300,57.83441992,12.30716438,2.924,2.500,63.80,6.64,1.770,0.31,6,6,1,GPS Fix (SPS),Stopped
1770575019.9858396,57.83442017,12.30716050,57.83442004,12.30716244,2.924,2.500,63.80,6.64,1.770,0.26,6,6,1,GPS Fix (SPS),Stopped
1770575020.9856064,57.83442200,12.30716017,57.83442102,12.30716130,2.924,2.500,63.50,6.64,1.770,0.14,6,6,1,GPS Fix (SPS),Stopped
1770575021.9841413,57.83442467,12.30717217,57.83442284,12.30716673,2.924,2.500,63.60,6.64,1.770,1.33,6,6,1,GPS Fix (SPS),Forward
1770575022.9884596,57.83442367,12.30718017,57.83442326,12.30717345,2.924,2.500,63.60,6.64,1.770,1.03,6,6,1,GPS Fix (SPS),Forward
1770575023.9859478,57.83442633,12.30718933,57.83442479,12.30718139,2.924,2.500,63.40,6.64,1.770,1.50,6,6,1,GPS Fix (SPS),Forward
1770575024.9905832,57.83442983,12.30719033,57.83442731,12.30718586,2.924,2.500,63.20,6.64,1.770,1.36,6,6,1,GPS Fix (SPS),Forward
1770575026.0358818,57.83443800,12.30716017,57.83443266,12.30717301,2.924,2.500,63.00,6.64,1.770,1.75,6,6,1,GPS Fix (SPS),Reverse
1770575026.9838061,57.83443850,12.30713167,57.83443558,12.30715234,2.352,2.500,60.90,4.39,1.170,0.87,7,7,1,GPS Fix (SPS),Reverse
1770575027.9799733,57.83444150,12.30712183,57.83443854,12.30713709,2.352,2.500,59.00,4.39,1.170,1.71,7,7,1,GPS Fix (SPS),Reverse
1770575028.982962,57.83444383,12.30710217,57.83444119,12.30711963,2.352,2.500,57.30,4.39,1.170,1.54,7,7,1,GPS Fix (SPS),Reverse
1770575029.991902,57.83444683,12.30709800,57.83444401,12.30710881,2.352,2.500,55.70,4.39,1.170,2.19,7,7,1,GPS Fix (SPS),Reverse
1770575031.001901,57.83445233,12.30710133,57.83444817,12.30710507,2.352,2.500,54.40,4.39,1.170,3.11,7,7,1,GPS Fix (SPS),Reverse
1770575031.9906428,57.83445467,12.30709367,57.83445142,12.30709937,2.352,2.500,53.50,4.39,1.170,2.56,7,7,1,GPS Fix (SPS),Reverse
1770575033.01259,57.83445367,12.30708367,57.83445254,12.30709152,2.352,2.500,52.60,4.39,1.170,1.48,7,7,1,GPS Fix (SPS),Reverse
1770575033.9956248,57.83445283,12.30709417,57.83445269,12.30709284,2.352,2.500,52.10,4.39,1.170,1.45,7,7,1,GPS Fix (SPS),Stopped
1770575035.0304713,57.83444817,12.30709083,57.83445043,12.30709184,2.924,2.500,52.10,6.64,1.770,1.03,6,6,1,GPS Fix (SPS),Stopped
1770575036.0569108,57.83444800,12.30708350,57.83444921,12.30708767,2.352,2.500,51.70,4.39,1.170,1.07,7,7,1,GPS Fix (SPS),Reverse
1770575037.008325,57.83444583,12.30707233,57.83444752,12.30708000,2.352,2.500,50.90,4.39,1.170,1.19,7,7,1,GPS Fix (SPS),Reverse
1770575038.0419457,57.83444550,12.30706983,57.83444651,12.30707492,2.352,2.500,50.30,4.39,1.170,1.19,7,7,1,GPS Fix (SPS),Reverse
1770575039.0156622,57.83444833,12.30706883,57.83444742,12.30707188,2.352,2.500,50.40,4.39,1.170,0.77,7,7,1,GPS Fix (SPS),Stopped
1770575040.0317898,57.83445117,12.30706650,57.83444929,12.30706919,2.419,2.500,50.30,4.65,1.240,0.30,6,6,1,GPS Fix (SPS),Stopped
1770575041.0272355,57.83445083,12.30707150,57.83445006,12.30707034,2.419,2.500,50.10,4.65,1.240,0.59,6,6,1,GPS Fix (SPS),Stopped
1770575041.9858923,57.83445200,12.30706750,57.83445103,12.30706892,2.419,2.500,50.30,4.65,1.240,0.61,6,6,1,GPS Fix (SPS),Stopped
1770575043.086737,57.83445067,12.30707650,57.83445085,12.30707271,2.352,2.500,50.70,4.39,1.170,0.19,7,7,1,GPS Fix (SPS),Forward
1770575044.0437987,57.83445283,12.30708750,57.83445184,12.30708011,2.352,2.500,50.90,4.39,1.170,0.82,7,7,1,GPS Fix (SPS),Forward
1770575045.0144691,57.83445550,12.30709183,57.83445367,12.30708597,2.352,2.500,51.30,4.39,1.170,1.30,7,7,1,GPS Fix (SPS),Forward
1770575045.99632,57.83445417,12.30709567,57.83445392,12.30709082,2.352,2.500,51.30,4.39,1.170,0.61,7,7,1,GPS Fix (SPS),Forward
1770575047.0475323,57.83445500,12.30710267,57.83445446,12.30709674,2.352,2.500,51.30,4.39,1.170,0.57,7,7,1,GPS Fix (SPS),Forward
1770575047.9961064,57.83445383,12.30711083,57.83445415,12.30710379,2.514,2.500,51.60,5.03,1.340,0.60,5,5,1,GPS Fix (SPS),Forward
1770575049.0139098,57.83445717,12.30711617,57.83445566,12.30710998,2.352,2.500,52.00,4.39,1.170,1.21,7,7,1,GPS Fix (SPS),Forward
1770575050.034831,57.83445500,12.30711383,57.83445533,12.30711191,2.352,2.500,52.30,4.39,1.170,0.41,7,7,1,GPS Fix (SPS),Stopped
1770575051.0463226,57.83445533,12.30710817,57.83445533,12.30711004,2.352,2.500,52.60,4.39,1.170,0.65,7,7,1,GPS Fix (SPS),Stopped
1770575052.0314102,57.83445383,12.30710350,57.83445458,12.30710677,2.352,2.500,52.90,4.39,1.170,0.76,7,7,1,GPS Fix (SPS),Stopped
1770575053.0014827,57.83445150,12.30710683,57.83445304,12.30710680,2.924,2.500,53.00,6.64,1.770,0.47,6,6,1,GPS Fix (SPS),Stopped
1770575054.0369549,57.83444767,12.30711367,57.83445035,12.30711023,2.924,2.500,53.10,6.64,1.770,0.82,6,6,1,GPS Fix (SPS),Forward
1770575055.0296984,57.83443850,12.30711900,57.83444443,12.30711462,2.352,2.500,53.20,4.39,1.170,2.14,7,7,1,GPS Fix (SPS),Forward
1770575055.9963653,57.83443217,12.30712883,57.83443830,12.30712173,2.352,2.500,53.50,4.39,1.170,2.23,7,7,1,GPS Fix (SPS),Forward
1770575057.037172,57.83442800,12.30714017,57.83443315,12.30713095,2.419,2.500,53.60,4.65,1.240,2.17,6,6,1,GPS Fix (SPS),Forward
1770575057.9873443,57.83442017,12.30715967,57.83442666,12.30714531,2.419,2.500,54.20,4.65,1.240,2.62,6,6,1,GPS Fix (SPS),Forward
1770575059.0005436,57.83441617,12.30716517,57.83442141,12.30715524,2.419,2.500,54.40,4.65,1.240,2.09,6,6,1,GPS Fix (SPS),Forward
1770575060.0153637,57.83441133,12.30717750,57.83441637,12.30716637,2.419,2.500,54.90,4.65,1.240,1.86,6,6,1,GPS Fix (SPS),Forward
1770575061.0670154,57.83440267,12.30720000,57.83440952,12.30718318,2.419,2.500,55.30,4.65,1.240,2.42,6,6,1,GPS Fix (SPS),Forward
1770575062.048031,57.83439417,12.30720633,57.83440184,12.30719476,2.419,2.500,55.40,4.65,1.240,2.57,6,6,1,GPS Fix (SPS),Forward
1770575063.101213,57.83438950,12.30721417,57.83439567,12.30720446,2.419,2.500,55.70,4.65,1.240,2.33,6,6,1,GPS Fix (SPS),Forward
1770575063.991716,57.83439000,12.30722017,57.83439284,12.30721231,2.419,2.500,55.90,4.65,1.240,1.64,6,6,1,GPS Fix (SPS),Forward
1770575064.9984355,57.83438783,12.30722200,57.83439033,12.30721716,2.610,2.500,56.50,5.40,1.440,1.24,5,5,1,GPS Fix (SPS),Forward
1770575066.0487242,57.83438967,12.30723300,57.83439000,12.30722508,2.419,2.500,57.00,4.65,1.240,0.62,6,6,1,GPS Fix (SPS),Forward
1770575067.0158525,57.83438767,12.30724200,57.83438883,12.30723354,2.352,2.500,57.60,4.39,1.170,1.27,7,7,1,GPS Fix (SPS),Forward
1770575068.0198112,57.83439150,12.30723983,57.83439017,12.30723669,2.352,2.500,57.80,4.39,1.170,0.73,7,7,1,GPS Fix (SPS),Stopped
1770575069.0057006,57.83439283,12.30724300,57.83439150,12.30723984,2.352,2.500,58.30,4.39,1.170,0.51,7,7,1,GPS Fix (SPS),Stopped
1770575070.0092356,57.83438900,12.30724900,57.83439025,12.30724442,2.352,2.500,58.80,4.39,1.170,0.74,7,7,1,GPS Fix (SPS),Forward
1770575071.2056222,57.83439100,12.30725750,57.83439063,12.30725096,2.352,2.500,59.00,4.39,1.170,0.71,7,7,1,GPS Fix (SPS),Forward
1770575072.1631367,57.83439550,12.30726283,57.83439306,12.30725690,2.352,2.500,59.30,4.39,1.170,0.36,7,7,1,GPS Fix (SPS),Forward
1770575073.050993,57.83439750,12.30726850,57.83439528,12.30726270,2.352,2.500,59.90,4.39,1.170,0.54,7,7,1,GPS Fix (SPS),Forward
1770575074.0244107,57.83439383,12.30727033,57.83439456,12.30726652,2.352,2.500,60.40,4.39,1.170,0.61,7,7,1,GPS Fix (SPS),Forward
1770575075.1346898,57.83439633,12.30727050,57.83439545,12.30726851,2.352,2.500,60.70,4.39,1.170,0.42,7,7,1,GPS Fix (SPS),Stopped
1770575076.075184,57.83440500,12.30727933,57.83440022,12.30727392,2.352,2.500,61.20,4.39,1.170,0.92,7,7,1,GPS Fix (SPS),Forward
1770575077.0028224,57.83440233,12.30728350,57.83440128,12.30727871,2.352,2.500,62.10,4.39,1.170,0.57,7,7,1,GPS Fix (SPS),Forward
1770575078.04102,57.83440383,12.30728033,57.83440256,12.30727952,2.352,2.500,62.70,4.39,1.170,0.30,7,7,1,GPS Fix (SPS),Stopped
1770575079.0239077,57.83440533,12.30727067,57.83440394,12.30727509,2.352,2.500,63.00,4.39,1.170,1.11,7,7,1,GPS Fix (SPS),Reverse
1770575080.0220044,57.83440333,12.30727083,57.83440364,12.30727296,2.352,2.500,63.40,4.39,1.170,0.76,7,7,1,GPS Fix (SPS),Stopped
1770575081.1014345,57.83441117,12.30726183,57.83440740,12.30726740,2.419,2.500,63.80,4.65,1.240,1.21,6,6,1,GPS Fix (SPS),Reverse
1770575082.0253909,57.83441467,12.30726050,57.83441103,12.30726395,2.419,2.500,64.50,4.65,1.240,1.05,6,6,1,GPS Fix (SPS),Reverse
1770575083.0005627,57.83442350,12.30725183,57.83441727,12.30725789,2.419,2.500,65.30,4.65,1.240,1.81,6,6,1,GPS Fix (SPS),Reverse
1770575084.1122837,57.83442533,12.30725633,57.83442130,12.30725711,2.419,2.500,65.70,4.65,1.240,1.19,6,6,1,GPS Fix (SPS),Stopped
1770575085.0693934,57.83442417,12.30725517,57.83442273,12.30725614,2.419,2.500,66.30,4.65,1.240,0.81,6,6,1,GPS Fix (SPS),Stopped
1770575086.0549486,57.83442950,12.30724350,57.83442612,12.30724982,2.419,2.500,66.60,4.65,1.240,1.79,6,6,1,GPS Fix (SPS),Reverse
1770575086.9896338,57.83442950,12.30724433,57.83442781,12.30724708,2.352,2.500,67.10,4.39,1.170,1.45,7,7,1,GPS Fix (SPS),Stopped
1770575088.0434713,57.83442883,12.30724517,57.83442832,12.30724612,2.352,2.500,67.70,4.39,1.170,0.94,7,7,1,GPS Fix (SPS),Stopped
1770575089.0469432,57.83443267,12.30725033,57.83443049,12.30724823,2.352,2.500,67.90,4.39,1.170,0.34,7,7,1,GPS Fix (SPS),Stopped
1770575090.0161536,57.83444017,12.30724133,57.83443533,12.30724478,2.352,2.500,68.10,4.39,1.170,1.11,7,7,1,GPS Fix (SPS),Reverse
1770575091.038894,57.83444700,12.30722617,57.83444117,12.30723547,2.352,2.500,68.70,4.39,1.170,2.26,7,7,1,GPS Fix (SPS),Reverse
1770575092.010791,57.83445367,12.30722317,57.83444742,12.30722932,2.352,2.500,69.20,4.39,1.170,2.14,7,7,1,GPS Fix (SPS),Reverse
1770575093.0339382,57.83446467,12.30720783,57.83445604,12.30721858,2.352,2.500,69.50,4.39,1.170,3.10,7,7,1,GPS Fix (SPS),Reverse
1770575094.0435245,57.83446600,12.30720700,57.83446102,12.30721279,2.352,2.500,69.60,4.39,1.170,2.44,7,7,1,GPS Fix (SPS),Reverse
1770575095.06014,57.83446800,12.30720433,57.83446451,12.30720856,2.352,2.500,69.60,4.39,1.170,2.21,7,7,1,GPS Fix (SPS),Reverse
1770575096.0452476,57.83447067,12.30720017,57.83446759,12.30720436,2.352,2.500,69.70,4.39,1.170,2.26,7,7,1,GPS Fix (SPS),Reverse
1770575097.0462632,57.83446883,12.30721067,57.83446821,12.30720752,2.352,2.500,69.50,4.39,1.170,1.04,7,7,1,GPS Fix (SPS),Stopped
1770575098.0250535,57.83447250,12.30720450,57.83447036,12.30720601,2.352,2.500,69.40,4.39,1.170,1.26,7,7,1,GPS Fix (SPS),Stopped
1770575099.053431,57.83447933,12.30720167,57.83447484,12.30720384,2.352,2.500,69.40,4.39,1.170,1.67,7,7,1,GPS Fix (SPS),Stopped
1770575100.0208178,57.83447933,12.30719983,57.83447709,12.30720184,2.352,2.500,69.50,4.39,1.170,1.49,7,7,1,GPS Fix (SPS),Stopped
1770575101.0360544,57.83447950,12.30719333,57.83447829,12.30719758,2.352,2.500,69.60,4.39,1.170,1.42,7,7,1,GPS Fix (SPS),Reverse
1770575102.0639532,57.83448267,12.30719700,57.83448048,12.30719729,2.352,2.500,69.50,4.39,1.170,1.06,7,7,1,GPS Fix (SPS),Stopped
1770575103.1442683,57.83448183,12.30719233,57.83448116,12.30719481,2.352,2.500,69.50,4.39,1.170,0.88,7,7,1,GPS Fix (SPS),Stopped
1770575104.1306462,57.83447283,12.30718217,57.83447700,12.30718849,2.352,2.500,69.30,4.39,1.170,1.89,7,7,1,GPS Fix (SPS),Reverse
1770575105.324284,57.83446917,12.30718850,57.83447308,12.30718849,2.352,2.500,69.20,4.39,1.170,1.05,7,7,1,GPS Fix (SPS),Stopped
1770575106.313942,57.83447167,12.30718350,57.83447237,12.30718600,2.352,2.500,69.10,4.39,1.170,0.79,7,7,1,GPS Fix (SPS),Stopped
1770575107.126793,57.83446533,12.30718967,57.83446885,12.30718783,2.352,2.500,68.50,4.39,1.170,0.84,7,7,1,GPS Fix (SPS),Stopped
1770575108.0729015,57.83446550,12.30720200,57.83446718,12.30719492,2.476,2.500,68.20,4.88,1.300,0.64,6,6,1,GPS Fix (SPS),Forward
1770575109.0828373,57.83446233,12.30721867,57.83446476,12.30720679,2.476,2.500,68.10,4.88,1.300,1.07,6,6,1,GPS Fix (SPS),Forward
1770575110.119762,57.83446350,12.30720950,57.83446413,12.30720815,2.476,2.500,67.80,4.88,1.300,0.16,6,6,1,GPS Fix (SPS),Stopped
1770575111.0940976,57.83446000,12.30721017,57.83446206,12.30720916,2.600,2.500,68.00,5.36,1.430,0.54,5,5,1,GPS Fix (SPS),Stopped
1770575112.0348315,57.83446050,12.30721133,57.83446128,12.30721024,2.419,2.500,67.80,4.65,1.240,0.93,6,6,1,GPS Fix (SPS),Stopped
1770575113.199084,57.83445083,12.30722367,57.83445606,12.30721696,2.419,2.500,68.00,4.65,1.240,0.50,6,6,1,GPS Fix (SPS),Forward
1770575114.0990894,57.83445350,12.30723400,57.83445478,12.30722548,2.419,2.500,68.00,4.65,1.240,0.48,6,6,1,GPS Fix (SPS),Forward
1770575115.2196722,57.83444850,12.30723883,57.83445164,12.30723216,2.419,2.500,67.60,4.65,1.240,0.10,6,6,1,GPS Fix (SPS),Forward
1770575116.2920365,57.83442633,12.30725717,57.83443899,12.30724466,2.419,2.500,67.60,4.65,1.240,1.84,6,6,1,GPS Fix (SPS),Forward
1770575117.2922995,57.83441300,12.30726817,57.83442599,12.30725641,2.419,2.500,67.50,4.65,1.240,2.41,6,6,1,GPS Fix (SPS),Forward
1770575118.3808107,57.83440383,12.30727383,57.83441491,12.30726512,2.419,2.500,67.50,4.65,1.240,2.37,6,6,1,GPS Fix (SPS),Forward
1770575119.2566066,57.83439833,12.30727800,57.83440662,12.30727156,2.419,2.500,67.60,4.65,1.240,1.95,6,6,1,GPS Fix (SPS),Forward
1770575120.1017444,57.83439717,12.30727367,57.83440189,12.30727261,2.419,2.500,67.60,4.65,1.240,1.41,6,6,1,GPS Fix (SPS),Stopped
1770575121.184443,57.83439633,12.30727750,57.83439911,12.30727506,2.419,2.500,67.40,4.65,1.240,0.77,6,6,1,GPS Fix (SPS),Stopped
1770575122.1403708,57.83438633,12.30727150,57.83439272,12.30727328,2.419,2.500,67.30,4.65,1.240,1.77,6,6,1,GPS Fix (SPS),Stopped
1770575123.1096013,57.83438583,12.30727217,57.83438928,12.30727272,2.419,2.500,67.40,4.65,1.240,1.26,6,6,1,GPS Fix (SPS),Stopped
1770575124.263866,57.83438867,12.30726633,57.83438897,12.30726953,2.419,2.500,67.70,4.65,1.240,1.31,6,6,1,GPS Fix (SPS),Stopped
1770575125.0812628,57.83437633,12.30725867,57.83438265,12.30726410,2.419,2.500,68.60,4.65,1.240,2.41,6,6,1,GPS Fix (SPS),Reverse
1770575126.0702055,57.83437750,12.30726567,57.83438008,12.30726488,2.419,2.500,68.90,4.65,1.240,1.20,6,6,1,GPS Fix (SPS),Stopped
1770575127.1771834,57.83437067,12.30727483,57.83437537,12.30726986,2.419,2.500,68.60,4.65,1.240,1.47,6,6,1,GPS Fix (SPS),Forward
1770575128.109651,57.83437167,12.30729033,57.83437352,12.30728010,2.419,2.500,68.60,4.65,1.240,1.31,6,6,1,GPS Fix (SPS),Forward
1770575129.0785544,57.83437467,12.30727833,57.83437409,12.30727921,2.419,2.500,68.50,4.65,1.240,0.48,6,6,1,GPS Fix (SPS),Stopped
1770575130.0161421,57.83437017,12.30729433,57.83437213,12.30728677,2.419,2.500,68.20,4.65,1.240,0.71,6,6,1,GPS Fix (SPS),Forward
1770575131.1265287,57.83437250,12.30730033,57.83437231,12.30729355,2.352,2.500,67.40,4.39,1.170,0.25,7,7,1,GPS Fix (SPS),Forward
1770575132.043169,57.83437750,12.30729933,57.83437491,12.30729644,2.352,2.500,66.80,4.39,1.170,0.34,7,7,1,GPS Fix (SPS),Stopped
1770575133.076403,57.83437717,12.30730250,57.83437604,12.30729947,2.352,2.500,66.40,4.39,1.170,0.28,7,7,1,GPS Fix (SPS),Stopped
1770575134.0873737,57.83437733,12.30730917,57.83437669,12.30730432,2.352,2.500,66.20,4.39,1.170,0.23,7,7,1,GPS Fix (SPS),Forward
1770575135.0535834,57.83437617,12.30731633,57.83437643,12.30731033,2.352,2.500,66.10,4.39,1.170,0.54,7,7,1,GPS Fix (SPS),Forward
1770575136.025891,57.83437367,12.30730883,57.83437505,12.30730958,2.352,2.500,66.40,4.39,1.170,1.10,7,7,1,GPS Fix (SPS),Stopped
1770575137.0926228,57.83437417,12.30731450,57.83437461,12.30731204,2.352,2.500,66.60,4.39,1.170,0.67,7,7,1,GPS Fix (SPS),Stopped
1770575138.0357938,57.83436783,12.30731650,57.83437122,12.30731427,2.352,2.500,66.70,4.39,1.170,1.63,7,7,1,GPS Fix (SPS),Stopped
1770575139.0591354,57.83437317,12.30731167,57.83437219,12.30731297,2.352,2.500,66.80,4.39,1.170,0.80,7,7,1,GPS Fix (SPS),Stopped
1770575140.0439808,57.83436633,12.30732250,57.83436926,12.30731773,2.352,2.500,67.10,4.39,1.170,1.57,7,7,1,GPS Fix (SPS),Forward
1770575141.0034924,57.83436750,12.30733200,57.83436838,12.30732487,2.352,2.500,67.30,4.39,1.170,1.38,7,7,1,GPS Fix (SPS),Forward
1770575142.0223823,57.83436017,12.30734000,57.83436427,12.30733243,2.352,2.500,67.30,4.39,1.170,2.16,7,7,1,GPS Fix (SPS),Forward
1770575143.0234303,57.83435700,12.30734183,57.83436064,12.30733713,2.352,2.500,67.40,4.39,1.170,2.09,7,7,1,GPS Fix (SPS),Forward
1770575144.0216074,57.83435133,12.30733967,57.83435599,12.30733840,2.352,2.500,67.50,4.39,1.170,2.24,7,7,1,GPS Fix (SPS),Stopped
1770575145.0181153,57.83434933,12.30733900,57.83435266,12.30733870,2.352,2.500,67.60,4.39,1.170,1.95,7,7,1,GPS Fix (SPS),Stopped
1770575146.0276499,57.83434750,12.30733350,57.83435008,12.30733610,2.352,2.500,67.50,4.39,1.170,1.59,7,7,1,GPS Fix (SPS),Stopped
1770575147.0027037,57.83433950,12.30733683,57.83434479,12.30733647,2.352,2.500,67.20,4.39,1.170,2.25,7,7,1,GPS Fix (SPS),Stopped
1770575148.1708052,57.83434033,12.30732733,57.83434256,12.30733190,2.352,2.500,67.00,4.39,1.170,1.73,7,7,1,GPS Fix (SPS),Reverse
1770575149.0792897,57.83434083,12.30732367,57.83434170,12.30732778,2.352,2.500,67.10,4.39,1.170,1.21,7,7,1,GPS Fix (SPS),Reverse
1770575150.0363333,57.83433833,12.30732083,57.83434002,12.30732431,2.352,2.500,67.10,4.39,1.170,1.32,7,7,1,GPS Fix (SPS),Reverse
1770575151.031889,57.83434133,12.30731767,57.83434067,12.30732099,2.352,2.500,67.10,4.39,1.170,0.72,7,7,1,GPS Fix (SPS),Stopped
1770575152.1780124,57.83433917,12.30732133,57.83433992,12.30732116,2.352,2.500,67.00,4.39,1.170,0.91,7,7,1,GPS Fix (SPS),Stopped
1770575153.0247838,57.83434650,12.30731433,57.83434321,12.30731775,2.352,2.500,66.80,4.39,1.170,0.35,7,7,1,GPS Fix (SPS),Reverse
1770575154.006302,57.83434917,12.30730283,57.83434619,12.30731029,2.352,2.500,66.70,4.39,1.170,0.90,7,7,1,GPS Fix (SPS),Reverse
1770575155.0085883,57.83434950,12.30730133,57.83434784,12.30730581,2.352,2.500,66.60,4.39,1.170,0.68,7,7,1,GPS Fix (SPS),Reverse
1770575156.021935,57.83434350,12.30730200,57.83434567,12.30730391,2.352,2.500,66.20,4.39,1.170,0.97,7,7,1,GPS Fix (SPS),Stopped
1770575157.0087063,57.83434950,12.30730033,57.83434759,12.30730212,2.352,2.500,65.90,4.39,1.170,0.16,7,7,1,GPS Fix (SPS),Stopped
1770575158.02149,57.83435850,12.30729217,57.83435304,12.30729714,2.352,2.500,65.70,4.39,1.170,1.16,7,7,1,GPS Fix (SPS),Reverse
1770575159.0240908,57.83436400,12.30729117,57.83435852,12.30729415,2.352,2.500,65.60,4.39,1.170,1.21,7,7,1,GPS Fix (SPS),Stopped
1770575160.3296404,57.83436633,12.30728500,57.83436243,12.30728958,2.352,2.500,65.60,4.39,1.170,0.93,7,7,1,GPS Fix (SPS),Reverse
1770575161.0384648,57.83436833,12.30728083,57.83436538,12.30728521,2.352,2.500,65.70,4.39,1.170,0.71,7,7,1,GPS Fix (SPS),Reverse
1770575162.0063534,57.83436933,12.30728583,57.83436736,12.30728552,2.352,2.500,65.70,4.39,1.170,0.16,7,7,1,GPS Fix (SPS),Stopped
1770575163.0072694,57.83436917,12.30728683,57.83436826,12.30728618,2.352,2.500,65.90,4.39,1.170,0.17,7,7,1,GPS Fix (SPS),Stopped
1770575164.0242522,57.83436550,12.30730167,57.83436688,12.30729392,2.352,2.500,65.90,4.39,1.170,1.36,7,7,1,GPS Fix (SPS),Forward
1770575165.0241458,57.83436133,12.30730650,57.83436411,12.30730021,2.352,2.500,65.90,4.39,1.170,1.80,7,7,1,GPS Fix (SPS),Forward
1770575166.02596,57.83436367,12.30730650,57.83436389,12.30730336,2.352,2.500,66.00,4.39,1.170,1.13,7,7,1,GPS Fix (SPS),Stopped
1770575167.0065126,57.83436900,12.30730250,57.83436644,12.30730293,2.352,2.500,66.40,4.39,1.170,0.33,7,7,1,GPS Fix (SPS),Stopped
1770575168.0574265,57.83437200,12.30730133,57.83436922,12.30730213,2.352,2.500,66.60,4.39,1.170,0.05,7,7,1,GPS Fix (SPS),Stopped
1770575169.0222905,57.83437133,12.30730533,57.83437028,12.30730373,2.352,2.500,66.60,4.39,1.170,0.38,7,7,1,GPS Fix (SPS),Stopped
1770575170.0342934,57.83437717,12.30729633,57.83437372,12.30730003,2.352,2.500,66.80,4.39,1.170,0.68,7,7,1,GPS Fix (SPS),Reverse
1770575171.0539525,57.83437500,12.30730817,57.83437436,12.30730410,2.352,2.500,66.80,4.39,1.170,0.40,7,7,1,GPS Fix (SPS),Forward
1770575172.0582259,57.83437550,12.30730533,57.83437493,12.30730472,2.352,2.500,66.90,4.39,1.170,0.51,7,7,1,GPS Fix (SPS),Stopped
1770575173.0570357,57.83437317,12.30731650,57.83437405,12.30731061,2.352,2.500,66.80,4.39,1.170,1.06,7,7,1,GPS Fix (SPS),Forward
1770575174.0211685,57.83437467,12.30731250,57.83437436,12.30731155,2.352,2.500,67.20,4.39,1.170,0.66,7,7,1,GPS Fix (SPS),Stopped
1770575175.0261993,57.83437933,12.30730567,57.83437685,12.30730861,2.352,2.500,67.00,4.39,1.170,0.31,7,7,1,GPS Fix (SPS),Stopped
1770575176.029681,57.83438350,12.30729467,57.83438017,12.30730164,2.352,2.500,66.90,4.39,1.170,0.98,7,7,1,GPS Fix (SPS),Reverse
1770575176.997175,57.83438467,12.30729800,57.83438242,12.30729982,2.352,2.500,66.80,4.39,1.170,0.52,7,7,1,GPS Fix (SPS),Stopped
1770575178.0062978,57.83439150,12.30729417,57.83438696,12.30729699,2.352,2.500,67.00,4.39,1.170,0.99,7,7,1,GPS Fix (SPS),Stopped
1770575179.025062,57.83439283,12.30728700,57.83438990,12.30729200,2.352,2.500,67.30,4.39,1.170,0.99,7,7,1,GPS Fix (SPS),Reverse
1770575180.0091991,57.83439433,12.30727883,57.83439211,12.30728541,2.352,2.500,67.50,4.39,1.170,1.24,7,7,1,GPS Fix (SPS),Reverse
1770575181.0411532,57.83439517,12.30727850,57.83439364,12.30728196,2.352,2.500,67.60,4.39,1.170,0.86,7,7,1,GPS Fix (SPS),Reverse
1770575182.0569303,57.83439450,12.30728283,57.83439407,12.30728240,2.352,2.500,67.70,4.39,1.170,0.21,7,7,1,GPS Fix (SPS),Stopped
1770575183.0322366,57.83439833,12.30727817,57.83439620,12.30728028,2.352,2.500,67.80,4.39,1.170,0.55,7,7,1,GPS Fix (SPS),Stopped
1770575184.0078974,57.83439650,12.30728667,57.83439635,12.30728347,2.352,2.500,67.90,4.39,1.170,0.61,7,7,1,GPS Fix (SPS),Stopped
1770575185.0480354,57.83439667,12.30729033,57.83439651,12.30728690,2.352,2.500,68.10,4.39,1.170,0.84,7,7,1,GPS Fix (SPS),Forward
1770575186.0416625,57.83439967,12.30728567,57.83439809,12.30728629,2.352,2.500,68.10,4.39,1.170,0.26,7,7,1,GPS Fix (SPS),Stopped
1770575187.01378,57.83440333,12.30728217,57.83440071,12.30728423,2.352,2.500,68.20,4.39,1.170,0.14,7,7,1,GPS Fix (SPS),Stopped
1770575188.0238402,57.83441017,12.30728250,57.83440544,12.30728336,2.352,2.500,68.40,4.39,1.170,0.69,7,7,1,GPS Fix (SPS),Stopped
1770575188.9983296,57.83442067,12.30727917,57.83441305,12.30728126,2.352,2.500,68.40,4.39,1.170,1.60,7,7,1,GPS Fix (SPS),Stopped
1770575190.033864,57.83443033,12.30726850,57.83442169,12.30727488,2.352,2.500,68.70,4.39,1.170,2.19,7,7,1,GPS Fix (SPS),Reverse
1770575191.0583587,57.83443783,12.30725883,57.83442976,12.30726686,2.352,2.500,69.20,4.39,1.170,2.47,7,7,1,GPS Fix (SPS),Reverse
1770575192.027328,57.83444900,12.30723883,57.83443938,12.30725285,2.352,2.500,69.40,4.39,1.170,3.49,7,7,1,GPS Fix (SPS),Reverse
1770575193.0491183,57.83444633,12.30723733,57.83444286,12.30724509,2.352,2.500,69.50,4.39,1.170,2.31,7,7,1,GPS Fix (SPS),Reverse
1770575194.0284665,57.83444750,12.30723117,57.83444518,12.30723813,2.352,2.500,69.60,4.39,1.170,1.96,7,7,1,GPS Fix (SPS),Reverse
1770575195.0300229,57.83443967,12.30723000,57.83444242,12.30723406,2.352,2.500,69.50,4.39,1.170,1.14,7,7,1,GPS Fix (SPS),Reverse
1770575196.0748932,57.83443250,12.30723950,57.83443746,12.30723678,2.524,2.500,69.50,5.06,1.350,0.86,6,6,1,GPS Fix (SPS),Stopped
1770575197.0192354,57.83443833,12.30723517,57.83443790,12.30723597,2.524,2.500,69.40,5.06,1.350,0.13,6,6,1,GPS Fix (SPS),Stopped
1770575198.076482,57.83444233,12.30722067,57.83444012,12.30722832,2.524,2.500,69.60,5.06,1.350,0.74,6,6,1,GPS Fix (SPS),Reverse
1770575199.0417442,57.83444583,12.30720917,57.83444297,12.30721874,2.352,2.500,69.50,4.39,1.170,1.04,7,7,1,GPS Fix (SPS),Reverse
1770575200.0098507,57.83444200,12.30720333,57.83444249,12.30721104,2.352,2.500,69.40,4.39,1.170,0.87,7,7,1,GPS Fix (SPS),Reverse
1770575201.0426111,57.83444383,12.30718300,57.83444316,12.30719702,2.352,2.500,69.30,4.39,1.170,2.02,7,7,1,GPS Fix (SPS),Reverse
1770575202.0276814,57.83445150,12.30718350,57.83444733,12.30719026,2.352,2.500,69.60,4.39,1.170,1.04,7,7,1,GPS Fix (SPS),Reverse
1770575203.0096407,57.83446617,12.30717150,57.83445675,12.30718088,2.352,2.500,70.00,4.39,1.170,2.09,7,7,1,GPS Fix (SPS),Reverse
1770575204.0124564,57.83446317,12.30717767,57.83445996,12.30717927,2.352,2.500,70.20,4.39,1.170,0.76,7,7,1,GPS Fix (SPS),Stopped
1770575205.0419123,57.83446883,12.30718017,57.83446440,12.30717972,2.352,2.500,70.50,4.39,1.170,1.18,7,7,1,GPS Fix (SPS),Stopped
1770575206.0088332,57.83448017,12.30718433,57.83447228,12.30718203,2.352,2.500,70.90,4.39,1.170,2.10,7,7,1,GPS Fix (SPS),Stopped
1770575207.028043,57.83448500,12.30718300,57.83447864,12.30718251,2.352,2.500,71.60,4.39,1.170,1.65,7,7,1,GPS Fix (SPS),Stopped
1770575208.023386,57.83448750,12.30719067,57.83448307,12.30718659,2.352,2.500,72.40,4.39,1.170,1.55,7,7,1,GPS Fix (SPS),Forward
1770575209.013431,57.83449183,12.30718483,57.83448745,12.30718571,2.352,2.500,73.50,4.39,1.170,1.12,7,7,1,GPS Fix (SPS),Stopped
1770575210.042342,57.83450283,12.30718133,57.83449514,12.30718352,2.352,2.500,74.20,4.39,1.170,1.69,7,7,1,GPS Fix (SPS),Stopped
1770575211.014771,57.83450217,12.30717983,57.83449865,12.30718168,2.352,2.500,75.40,4.39,1.170,0.90,7,7,1,GPS Fix (SPS),Stopped
1770575212.0161777,57.83450833,12.30717733,57.83450349,12.30717951,2.352,2.500,76.40,4.39,1.170,1.11,7,7,1,GPS Fix (SPS),Stopped
1770575213.0281537,57.83451317,12.30717100,57.83450833,12.30717525,2.352,2.500,77.50,4.39,1.170,1.12,7,7,1,GPS Fix (SPS),Reverse
1770575214.0289829,57.83452000,12.30716733,57.83451417,12.30717129,2.352,2.500,78.60,4.39,1.170,1.45,7,7,1,GPS Fix (SPS),Reverse
1770575215.0122979,57.83451583,12.30716400,57.83451500,12.30716765,2.352,2.500,80.00,4.39,1.170,0.89,7,7,1,GPS Fix (SPS),Reverse
1770575216.0504386,57.83451050,12.30716767,57.83451275,12.30716766,2.352,2.500,81.10,4.39,1.170,0.38,7,7,1,GPS Fix (SPS),Stopped
1770575217.060869,57.83450383,12.30716967,57.83450829,12.30716866,2.352,2.500,82.20,4.39,1.170,0.91,7,7,1,GPS Fix (SPS),Stopped
1770575218.0325124,57.83450850,12.30716367,57.83450840,12.30716616,2.352,2.500,83.40,4.39,1.170,0.77,7,7,1,GPS Fix (SPS),Stopped
1770575219.029712,57.83451567,12.30714583,57.83451203,12.30715600,2.352,2.500,84.50,4.39,1.170,2.09,7,7,1,GPS Fix (SPS),Reverse
1770575220.0281415,57.83451650,12.30714150,57.83451427,12.30714875,2.352,2.500,85.90,4.39,1.170,1.68,7,7,1,GPS Fix (SPS),Reverse
1770575221.045561,57.83452117,12.30713517,57.83451772,12.30714196,2.352,2.500,87.10,4.39,1.170,1.58,7,7,1,GPS Fix (SPS),Reverse
1770575222.048247,57.83452817,12.30712450,57.83452294,12.30713323,2.352,2.500,88.40,4.39,1.170,1.85,7,7,1,GPS Fix (SPS),Reverse
1770575223.0178723,57.83454283,12.30711050,57.83453289,12.30712186,2.352,2.500,90.30,4.39,1.170,2.68,7,7,1,GPS Fix (SPS),Reverse
1770575224.0409217,57.83454717,12.30710817,57.83454003,12.30711502,2.352,2.500,92.20,4.39,1.170,2.22,7,7,1,GPS Fix (SPS),Reverse
1770575225.0333111,57.83454700,12.30710717,57.83454351,12.30711109,2.467,2.500,93.90,4.84,1.290,1.38,6,6,1,GPS Fix (SPS),Reverse
1770575226.0959425,57.83454950,12.30711083,57.83454651,12.30711096,2.467,2.500,95.30,4.84,1.290,1.05,6,6,1,GPS Fix (SPS),Stopped
1770575227.0330184,57.83455333,12.30710717,57.83454992,12.30710906,2.467,2.500,96.50,4.84,1.290,0.83,6,6,1,GPS Fix (SPS),Stopped
1770575228.0128057,57.83456083,12.30710300,57.83455538,12.30710603,2.467,2.500,98.00,4.84,1.290,0.93,6,6,1,GPS Fix (SPS),Stopped
1770575229.0400693,57.83456733,12.30709883,57.83456136,12.30710243,2.352,2.500,99.50,4.39,1.170,1.05,7,7,1,GPS Fix (SPS),Reverse
1770575230.0518477,57.83457300,12.30709417,57.83456718,12.30709830,2.352,2.500,101.00,4.39,1.170,1.26,7,7,1,GPS Fix (SPS),Reverse
1770575230.993999,57.83457533,12.30709367,57.83457126,12.30709598,2.467,2.500,102.40,4.84,1.290,0.85,6,6,1,GPS Fix (SPS),Stopped
1770575232.0389643,57.83457967,12.30709317,57.83457546,12.30709457,3.638,2.500,103.80,9.45,2.520,0.75,5,5,1,GPS Fix (SPS),Stopped
1770575233.0282156,57.83457900,12.30709450,57.83457723,12.30709454,3.638,2.500,105.10,9.45,2.520,0.27,5,5,1,GPS Fix (SPS),Stopped
1770575233.9837105,57.83458133,12.30709500,57.83457928,12.30709477,3.638,2.500,106.40,9.45,2.520,0.31,5,5,1,GPS Fix (SPS),Stopped
1770575235.0242481,57.83458900,12.30709250,57.83458414,12.30709363,3.638,2.500,107.60,9.45,2.520,0.69,5,5,1,GPS Fix (SPS),Stopped
1770575236.053685,57.83459567,12.30709100,57.83458990,12.30709232,2.638,2.500,108.70,5.51,1.470,0.80,6,6,1,GPS Fix (SPS),Stopped
1770575237.0299692,57.83460500,12.30708650,57.83459745,12.30708941,2.876,2.500,110.10,6.45,1.720,1.08,5,5,1,GPS Fix (SPS),Stopped
1770575238.014784,57.83460883,12.30708817,57.83460314,12.30708879,2.876,2.500,111.50,6.45,1.720,0.94,5,5,1,GPS Fix (SPS),Stopped
1770575239.0405655,57.83461050,12.30709033,57.83460682,12.30708956,2.876,2.500,112.70,6.45,1.720,0.81,5,5,1,GPS Fix (SPS),Stopped
1770575240.0031152,57.83461800,12.30708917,57.83461241,12.30708936,2.876,2.500,113.90,6.45,1.720,1.12,5,5,1,GPS Fix (SPS),Stopped
1770575241.012569,57.83461717,12.30709733,57.83461479,12.30709335,2.933,2.500,115.30,6.67,1.780,0.65,4,4,1,GPS Fix (SPS),Forward
1770575242.0295708,57.83462433,12.30709583,57.83461956,12.30709459,2.943,2.500,116.70,6.71,1.790,1.03,4,4,1,GPS Fix (SPS),Stopped
1770575243.0469496,57.83461617,12.30710350,57.83461786,12.30709905,2.771,2.500,117.70,6.04,1.610,0.39,5,5,1,GPS Fix (SPS),Forward
1770575244.0288732,57.83461883,12.30710617,57.83461835,12.30710261,2.771,2.500,118.50,6.04,1.610,0.51,5,5,1,GPS Fix (SPS),Forward
1770575245.0317729,57.83461933,12.30711033,57.83461884,12.30710647,2.771,2.500,119.40,6.04,1.610,0.31,5,5,1,GPS Fix (SPS),Forward
1770575246.0296516,57.83461967,12.30711300,57.83461925,12.30710973,6.000,2.500,120.30,18.75,12.060,0.21,4,4,1,GPS Fix (SPS),Stopped
1770575247.0334005,57.83461600,12.30712100,57.83461763,12.30711537,3.629,2.500,121.00,9.41,2.510,0.47,5,5,1,GPS Fix (SPS),Forward
1770575248.0288289,57.83461283,12.30712583,57.83461523,12.30712060,3.629,2.500,121.90,9.41,2.510,0.50,5,5,1,GPS Fix (SPS),Forward
1770575249.0252147,57.83460833,12.30713250,57.83461178,12.30712655,2.467,2.500,122.30,4.84,1.290,0.38,6,6,1,GPS Fix (SPS),Forward
1770575250.050581,57.83460567,12.30713983,57.83460872,12.30713319,2.352,2.500,122.40,4.39,1.170,0.64,7,7,1,GPS Fix (SPS),Forward
1770575251.0300577,57.83459883,12.30714333,57.83460378,12.30713826,2.352,2.500,122.30,4.39,1.170,0.47,7,7,1,GPS Fix (SPS),Forward
1770575252.0479808,57.83458867,12.30715200,57.83459622,12.30714513,2.352,2.500,121.90,4.39,1.170,0.46,7,7,1,GPS Fix (SPS),Forward
1770575253.0311773,57.83458000,12.30716583,57.83458811,12.30715548,2.352,2.500,121.00,4.39,1.170,1.01,7,7,1,GPS Fix (SPS),Forward
1770575254.0798564,57.83458317,12.30717083,57.83458564,12.30716316,2.352,2.500,120.50,4.39,1.170,1.48,7,7,1,GPS Fix (SPS),Forward
1770575255.0646276,57.83457000,12.30717683,57.83457782,12.30717000,2.352,2.500,120.10,4.39,1.170,0.56,7,7,1,GPS Fix (SPS),Forward
1770575256.080045,57.83455917,12.30718067,57.83456849,12.30717533,2.352,2.500,119.20,4.39,1.170,0.95,7,7,1,GPS Fix (SPS),Forward
1770575257.0483189,57.83455383,12.30718517,57.83456116,12.30718025,2.352,2.500,118.20,4.39,1.170,0.91,7,7,1,GPS Fix (SPS),Forward
1770575258.03797,57.83455083,12.30719467,57.83455600,12.30718746,2.352,2.500,117.40,4.39,1.170,1.20,7,7,1,GPS Fix (SPS),Forward
1770575259.0477087,57.83454417,12.30720767,57.83455008,12.30719756,2.352,2.500,116.60,4.39,1.170,1.79,7,7,1,GPS Fix (SPS),Forward
1770575260.0283618,57.83453633,12.30720667,57.83454321,12.30720211,2.352,2.500,115.90,4.39,1.170,1.43,7,7,1,GPS Fix (SPS),Forward
1770575261.0324903,57.83452800,12.30721283,57.83453560,12.30720747,2.352,2.500,115.00,4.39,1.170,1.77,7,7,1,GPS Fix (SPS),Forward
1770575262.06889,57.83452750,12.30721717,57.83453155,12.30721232,2.352,2.500,114.20,4.39,1.170,1.17,7,7,1,GPS Fix (SPS),Forward
1770575263.0431075,57.83452383,12.30722700,57.83452769,12.30721966,2.352,2.500,113.50,4.39,1.170,1.35,7,7,1,GPS Fix (SPS),Forward
1770575264.0539787,57.83451967,12.30724433,57.83452368,12.30723200,2.352,2.500,113.10,4.39,1.170,2.26,7,7,1,GPS Fix (SPS),Forward
1770575265.0653713,57.83451217,12.30725283,57.83451792,12.30724242,2.352,2.500,112.80,4.39,1.170,2.03,7,7,1,GPS Fix (SPS),Forward
1770575266.0455906,57.83451000,12.30724533,57.83451396,12.30724387,2.352,2.500,112.30,4.39,1.170,0.58,7,7,1,GPS Fix (SPS),Stopped
1770575267.039361,57.83450800,12.30724050,57.83451098,12.30724219,2.352,2.500,111.70,4.39,1.170,0.53,7,7,1,GPS Fix (SPS),Stopped
1770575268.0391562,57.83450183,12.30724667,57.83450641,12.30724443,2.352,2.500,111.30,4.39,1.170,0.94,7,7,1,GPS Fix (SPS),Stopped
1770575269.0370471,57.83450583,12.30724900,57.83450612,12.30724671,2.352,2.500,110.70,4.39,1.170,0.60,7,7,1,GPS Fix (SPS),Stopped
1770575270.0174122,57.83450250,12.30725383,57.83450431,12.30725027,2.352,2.500,110.10,4.39,1.170,0.96,7,7,1,GPS Fix (SPS),Forward
1770575271.0546257,57.83450100,12.30725033,57.83450266,12.30725030,2.352,2.500,109.60,4.39,1.170,0.68,7,7,1,GPS Fix (SPS),Stopped
1770575272.0941236,57.83450183,12.30725900,57.83450224,12.30725465,2.352,2.500,108.90,4.39,1.170,1.01,7,7,1,GPS Fix (SPS),Forward
1770575273.0369117,57.83449817,12.30725100,57.83450021,12.30725283,2.352,2.500,108.30,4.39,1.170,0.68,7,7,1,GPS Fix (SPS),Stopped
1770575274.0380507,57.83449067,12.30725733,57.83449544,12.30725508,2.352,2.500,107.40,4.39,1.170,1.41,7,7,1,GPS Fix (SPS),Stopped
1770575275.0809674,57.83449350,12.30725267,57.83449447,12.30725387,2.352,2.500,106.80,4.39,1.170,0.37,7,7,1,GPS Fix (SPS),Stopped
1770575276.1007159,57.83449250,12.30725100,57.83449348,12.30725244,2.352,2.500,106.00,4.39,1.170,0.51,7,7,1,GPS Fix (SPS),Stopped
1770575277.033982,57.83449083,12.30725483,57.83449216,12.30725363,2.352,2.500,105.30,4.39,1.170,0.51,7,7,1,GPS Fix (SPS),Stopped
1770575278.081273,57.83449450,12.30726433,57.83449333,12.30725898,2.352,2.500,104.50,4.39,1.170,0.54,7,7,1,GPS Fix (SPS),Forward
1770575279.0357227,57.83448767,12.30726733,57.83449050,12.30726316,2.352,2.500,103.90,4.39,1.170,1.11,7,7,1,GPS Fix (SPS),Forward
1770575280.0499759,57.83448833,12.30727500,57.83448942,12.30726908,2.352,2.500,103.30,4.39,1.170,0.97,7,7,1,GPS Fix (SPS),Forward
1770575281.0556426,57.83449200,12.30727967,57.83449071,12.30727437,2.352,2.500,102.30,4.39,1.170,0.66,7,7,1,GPS Fix (SPS),Forward
1770575282.0670116,57.83449667,12.30728667,57.83449369,12.30728052,2.352,2.500,101.70,4.39,1.170,1.14,7,7,1,GPS Fix (SPS),Forward
1770575283.041302,57.83449300,12.30729117,57.83449334,12.30728584,2.352,2.500,100.80,4.39,1.170,0.62,7,7,1,GPS Fix (SPS),Forward
1770575284.044156,57.83449433,12.30729000,57.83449384,12.30728792,2.352,2.500,99.90,4.39,1.170,0.25,7,7,1,GPS Fix (SPS),Stopped
1770575285.0505254,57.83449283,12.30729183,57.83449334,12.30728988,2.352,2.500,99.10,4.39,1.170,0.20,7,7,1,GPS Fix (SPS),Stopped
1770575286.023226,57.83448800,12.30729150,57.83449067,12.30729069,2.352,2.500,98.40,4.39,1.170,0.59,7,7,1,GPS Fix (SPS),Stopped
1770575287.0682397,57.83449333,12.30729917,57.83449200,12.30729493,2.352,2.500,97.90,4.39,1.170,0.48,7,7,1,GPS Fix (SPS),Forward
1770575288.058628,57.83449167,12.30729883,57.83449183,12.30729688,2.352,2.500,97.60,4.39,1.170,0.07,7,7,1,GPS Fix (SPS),Stopped
1770575289.0676103,57.83449783,12.30730767,57.83449483,12.30730227,2.352,2.500,97.10,4.39,1.170,0.98,7,7,1,GPS Fix (SPS),Forward
1770575290.0574358,57.83448983,12.30731433,57.83449233,12.30730830,2.352,2.500,96.50,4.39,1.170,0.94,7,7,1,GPS Fix (SPS),Forward
1770575291.067164,57.83449567,12.30730833,57.83449400,12.30730832,2.352,2.500,96.20,4.39,1.170,0.37,7,7,1,GPS Fix (SPS),Stopped
1770575292.0797763,57.83450017,12.30730383,57.83449708,12.30730608,2.352,2.500,95.70,4.39,1.170,0.75,7,7,1,GPS Fix (SPS),Stopped
1770575293.0477633,57.83450200,12.30730950,57.83449954,12.30730779,2.352,2.500,95.20,4.39,1.170,0.72,7,7,1,GPS Fix (SPS),Stopped
1770575294.0192502,57.83449667,12.30731167,57.83449810,12.30730973,2.352,2.500,95.00,4.39,1.170,0.19,7,7,1,GPS Fix (SPS),Stopped
1770575295.0997152,57.83449050,12.30731250,57.83449430,12.30731111,2.352,2.500,94.80,4.39,1.170,0.83,7,7,1,GPS Fix (SPS),Stopped
1770575296.0585275,57.83449250,12.30732217,57.83449340,12.30731664,2.352,2.500,94.40,4.39,1.170,1.09,7,7,1,GPS Fix (SPS),Forward
1770575297.0484228,57.83449867,12.30732983,57.83449603,12.30732324,2.352,2.500,94.20,4.39,1.170,1.47,7,7,1,GPS Fix (SPS),Forward
1770575298.0507503,57.83449600,12.30732633,57.83449602,12.30732479,2.352,2.500,93.70,4.39,1.170,0.42,7,7,1,GPS Fix (SPS),Stopped
1770575299.0071034,57.83450400,12.30732167,57.83450001,12.30732323,2.352,2.500,93.50,4.39,1.170,1.01,7,7,1,GPS Fix (SPS),Stopped
1770575300.0538194,57.83450150,12.30732433,57.83450075,12.30732378,2.352,2.500,93.20,4.39,1.170,0.63,7,7,1,GPS Fix (SPS),Stopped
1770575301.0279763,57.83450400,12.30732850,57.83450238,12.30732614,2.352,2.500,93.00,4.39,1.170,1.06,7,7,1,GPS Fix (SPS),Stopped
1770575302.0362084,57.83449667,12.30733867,57.83449952,12.30733240,2.352,2.500,93.00,4.39,1.170,1.04,7,7,1,GPS Fix (SPS),Forward
1770575303.049048,57.83450083,12.30734783,57.83450018,12.30734012,2.352,2.500,92.80,4.39,1.170,1.69,7,7,1,GPS Fix (SPS),Forward
1770575304.0334802,57.83450283,12.30735183,57.83450151,12.30734598,2.352,2.500,92.50,4.39,1.170,1.61,7,7,1,GPS Fix (SPS),Forward
1770575305.0406117,57.83450100,12.30735267,57.83450125,12.30734932,2.352,2.500,92.50,4.39,1.170,1.04,7,7,1,GPS Fix (SPS),Stopped
1770575306.0374675,57.83450233,12.30734733,57.83450179,12.30734833,2.419,2.500,92.40,4.65,1.240,0.64,6,6,1,GPS Fix (SPS),Stopped
1770575307.1007009,57.83450133,12.30734367,57.83450156,12.30734600,2.419,2.500,92.40,4.65,1.240,0.63,6,6,1,GPS Fix (SPS),Stopped
1770575308.0208156,57.83450050,12.30735067,57.83450103,12.30734833,2.419,2.500,92.20,4.65,1.240,0.81,6,6,1,GPS Fix (SPS),Stopped
1770575309.052534,57.83450533,12.30734850,57.83450318,12.30734842,2.419,2.500,91.90,4.65,1.240,1.28,6,6,1,GPS Fix (SPS),Stopped
1770575310.021676,57.83450333,12.30735333,57.83450326,12.30735087,2.419,2.500,91.60,4.65,1.240,1.25,6,6,1,GPS Fix (SPS),Stopped
1770575311.0840359,57.83450183,12.30734783,57.83450255,12.30734935,2.419,2.500,91.10,4.65,1.240,0.79,6,6,1,GPS Fix (SPS),Stopped
1770575312.1318672,57.83449933,12.30735117,57.83450094,12.30735026,2.419,2.500,90.70,4.65,1.240,0.71,6,6,1,GPS Fix (SPS),Stopped
1770575313.0145488,57.83450033,12.30734117,57.83450064,12.30734571,2.419,2.500,90.20,4.65,1.240,1.12,6,6,1,GPS Fix (SPS),Reverse
1770575314.1087723,57.83450300,12.30733583,57.83450182,12.30734077,2.419,2.500,89.60,4.65,1.240,1.99,6,6,1,GPS Fix (SPS),Reverse
1770575315.068661,57.83449400,12.30734483,57.83449791,12.30734280,2.419,2.500,88.90,4.65,1.240,1.19,6,6,1,GPS Fix (SPS),Stopped
1770575316.063755,57.83448183,12.30733600,57.83448987,12.30733940,2.352,2.500,87.70,4.39,1.170,1.15,7,7,1,GPS Fix (SPS),Reverse
1770575317.0380094,57.83447033,12.30732800,57.83448010,12.30733370,2.352,2.500,86.90,4.39,1.170,1.69,7,7,1,GPS Fix (SPS),Reverse
1770575318.0352123,57.83446117,12.30732850,57.83447063,12.30733110,2.352,2.500,86.20,4.39,1.170,1.37,7,7,1,GPS Fix (SPS),Stopped
1770575319.0593145,57.83445067,12.30733333,57.83446065,12.30733222,2.352,2.500,85.30,4.39,1.170,1.36,7,7,1,GPS Fix (SPS),Stopped
1770575320.0693924,57.83444250,12.30733050,57.83445158,12.30733136,2.352,2.500,84.00,4.39,1.170,1.32,7,7,1,GPS Fix (SPS),Stopped
1770575321.0372477,57.83443400,12.30733733,57.83444279,12.30733435,2.352,2.500,83.00,4.39,1.170,1.60,7,7,1,GPS Fix (SPS),Stopped
1770575322.0554533,57.83442950,12.30734467,57.83443614,12.30733951,2.352,2.500,82.00,4.39,1.170,1.63,7,7,1,GPS Fix (SPS),Forward
1770575323.036333,57.83442433,12.30734400,57.83443024,12.30734175,2.352,2.500,81.00,4.39,1.170,1.21,7,7,1,GPS Fix (SPS),Stopped
1770575324.0527644,57.83441700,12.30734583,57.83442362,12.30734379,2.352,2.500,79.90,4.39,1.170,1.05,7,7,1,GPS Fix (SPS),Stopped
1770575325.0336292,57.83441200,12.30734833,57.83441781,12.30734606,2.352,2.500,79.10,4.39,1.170,1.15,7,7,1,GPS Fix (SPS),Stopped
1770575326.0701718,57.83441600,12.30733983,57.83441690,12.30734295,2.352,2.500,78.00,4.39,1.170,0.12,7,7,1,GPS Fix (SPS),Stopped
1770575327.0592546,57.83442150,12.30733267,57.83441920,12.30733781,2.352,2.500,77.20,4.39,1.170,1.11,7,7,1,GPS Fix (SPS),Reverse
1770575328.035626,57.83441733,12.30733833,57.83441827,12.30733807,2.352,2.500,76.30,4.39,1.170,0.78,7,7,1,GPS Fix (SPS),Stopped
1770575329.0853481,57.83440950,12.30733800,57.83441388,12.30733804,2.352,2.500,75.60,4.39,1.170,0.21,7,7,1,GPS Fix (SPS),Stopped
1770575330.0595124,57.83440133,12.30733267,57.83440761,12.30733535,2.352,2.500,74.80,4.39,1.170,0.85,7,7,1,GPS Fix (SPS),Stopped
1770575331.0515006,57.83439800,12.30732900,57.83440280,12.30733218,2.352,2.500,73.70,4.39,1.170,0.80,7,7,1,GPS Fix (SPS),Stopped
1770575332.0644433,57.83439250,12.30732983,57.83439765,12.30733100,2.352,2.500,72.80,4.39,1.170,0.88,7,7,1,GPS Fix (SPS),Stopped
1770575333.0581613,57.83438683,12.30732350,57.83439224,12.30732725,2.352,2.500,72.00,4.39,1.170,1.45,7,7,1,GPS Fix (SPS),Reverse
1770575334.0470626,57.83438417,12.30732267,57.83438820,12.30732496,2.352,2.500,71.00,4.39,1.170,1.27,7,7,1,GPS Fix (SPS),Stopped
1770575335.0600235,57.83438667,12.30731350,57.83438744,12.30731923,2.352,2.500,70.60,4.39,1.170,0.86,7,7,1,GPS Fix (SPS),Reverse
1770575336.0369663,57.83438650,12.30731600,57.83438697,12.30731761,2.352,2.500,69.70,4.39,1.170,0.26,7,7,1,GPS Fix (SPS),Stopped
1770575337.1874306,57.83438983,12.30730383,57.83438840,12.30731072,2.352,2.500,68.70,4.39,1.170,0.85,7,7,1,GPS Fix (SPS),Reverse
1770575338.0373056,57.83438800,12.30732050,57.83438820,12.30731561,2.352,2.500,68.20,4.39,1.170,1.08,7,7,1,GPS Fix (SPS),Forward
1770575339.0705466,57.83438933,12.30731550,57.83438877,12.30731556,2.352,2.500,67.80,4.39,1.170,0.72,7,7,1,GPS Fix (SPS),Stopped
1770575340.110542,57.83439700,12.30730483,57.83439288,12.30731019,2.352,2.500,67.00,4.39,1.170,1.35,7,7,1,GPS Fix (SPS),Reverse
1770575341.039178,57.83440000,12.30730167,57.83439644,12.30730593,2.419,2.500,66.50,4.65,1.240,1.34,6,6,1,GPS Fix (SPS),Reverse
1770575342.0573766,57.83440317,12.30728867,57.83439980,12.30729730,2.419,2.500,66.20,4.65,1.240,1.64,6,6,1,GPS Fix (SPS),Reverse
1770575343.1531563,57.83440667,12.30727833,57.83440324,12.30728782,2.419,2.500,65.70,4.65,1.240,1.83,6,6,1,GPS Fix (SPS),Reverse
1770575344.0350962,57.83440417,12.30726617,57.83440370,12.30727699,2.419,2.500,65.20,4.65,1.240,1.63,6,6,1,GPS Fix (SPS),Reverse
1770575345.047998,57.83440617,12.30725417,57.83440493,12.30726558,2.419,2.500,64.60,4.65,1.240,1.67,6,6,1,GPS Fix (SPS),Reverse
1770575346.0630486,57.83440650,12.30725117,57.83440572,12.30725837,2.419,2.500,64.40,4.65,1.240,1.29,6,6,1,GPS Fix (SPS),Reverse
1770575347.0282803,57.83440867,12.30724917,57.83440719,12.30725377,2.419,2.500,64.20,4.65,1.240,1.25,6,6,1,GPS Fix (SPS),Reverse
1770575348.054791,57.83440717,12.30725450,57.83440718,12.30725413,2.419,2.500,63.80,4.65,1.240,0.99,6,6,1,GPS Fix (SPS),Stopped
1770575349.0036113,57.83440717,12.30725267,57.83440717,12.30725340,2.352,2.500,63.10,4.39,1.170,0.83,7,7,1,GPS Fix (SPS),Stopped
1770575350.025191,57.83440517,12.30725433,57.83440617,12.30725387,2.352,2.500,62.50,4.39,1.170,0.59,7,7,1,GPS Fix (SPS),Stopped
1770575351.0893161,57.83439733,12.30725650,57.83440175,12.30725518,2.352,2.500,61.90,4.39,1.170,0.65,7,7,1,GPS Fix (SPS),Stopped
1770575352.0415213,57.83439267,12.30725817,57.83439721,12.30725668,2.352,2.500,61.20,4.39,1.170,0.76,7,7,1,GPS Fix (SPS),Stopped
1770575353.0413556,57.83438750,12.30725683,57.83439235,12.30725675,2.352,2.500,60.50,4.39,1.170,0.84,7,7,1,GPS Fix (SPS),Stopped
1770575354.1044452,57.83438633,12.30726050,57.83438934,12.30725863,2.352,2.500,59.90,4.39,1.170,0.94,7,7,1,GPS Fix (SPS),Stopped
1770575355.0412178,57.83439050,12.30725683,57.83438992,12.30725773,2.352,2.500,59.50,4.39,1.170,0.33,7,7,1,GPS Fix (SPS),Stopped
1770575356.063456,57.83438650,12.30726433,57.83438821,12.30726103,2.352,2.500,59.40,4.39,1.170,0.76,7,7,1,GPS Fix (SPS),Stopped
1770575357.054961,57.83439183,12.30726400,57.83439002,12.30726252,2.352,2.500,59.10,4.39,1.170,0.77,7,7,1,GPS Fix (SPS),Stopped
1770575358.0564606,57.83438650,12.30726617,57.83438826,12.30726434,2.352,2.500,58.70,4.39,1.170,0.46,7,7,1,GPS Fix (SPS),Stopped
1770575359.0699172,57.83437833,12.30726800,57.83438330,12.30726617,2.352,2.500,58.10,4.39,1.170,1.01,7,7,1,GPS Fix (SPS),Stopped
1770575360.0567775,57.83437467,12.30728850,57.83437898,12.30727734,2.352,2.500,57.60,4.39,1.170,1.97,7,7,1,GPS Fix (SPS),Forward
1770575361.0640185,57.83437033,12.30729717,57.83437466,12.30728725,2.352,2.500,57.20,4.39,1.170,2.12,7,7,1,GPS Fix (SPS),Forward
1770575362.0597467,57.83436917,12.30729650,57.83437191,12.30729188,2.352,2.500,56.70,4.39,1.170,1.47,7,7,1,GPS Fix (SPS),Forward
1770575363.0826988,57.83436917,12.30728400,57.83437054,12.30728794,2.419,2.500,56.30,4.65,1.240,0.81,6,6,1,GPS Fix (SPS),Reverse
1770575364.0620575,57.83436833,12.30728133,57.83436944,12.30728464,2.419,2.500,56.10,4.65,1.240,0.60,6,6,1,GPS Fix (SPS),Stopped
1770575365.046159,57.83435900,12.30727600,57.83436422,12.30728032,2.419,2.500,56.00,4.65,1.240,1.40,6,6,1,GPS Fix (SPS),Reverse
1770575366.0498025,57.83435533,12.30727650,57.83435978,12.30727841,2.781,2.500,55.50,6.08,1.620,1.14,5,5,1,GPS Fix (SPS),Stopped
1770575367.0768723,57.83434967,12.30728167,57.83435472,12.30728004,2.781,2.500,55.40,6.08,1.620,1.19,5,5,1,GPS Fix (SPS),Stopped
1770575368.084804,57.83435183,12.30728033,57.83435328,12.30728019,2.781,2.500,55.10,6.08,1.620,0.48,5,5,1,GPS Fix (SPS),Stopped
1770575369.105702,57.83434850,12.30728683,57.83435089,12.30728351,2.657,2.500,54.60,5.59,1.490,0.83,6,6,1,GPS Fix (SPS),Stopped
1770575370.073884,57.83434833,12.30727650,57.83434961,12.30728000,2.657,2.500,54.10,5.59,1.490,0.40,6,6,1,GPS Fix (SPS),Reverse
1770575371.0482776,57.83434483,12.30727100,57.83434722,12.30727550,2.657,2.500,53.60,5.59,1.490,0.85,6,6,1,GPS Fix (SPS),Reverse
1770575372.0659673,57.83434167,12.30727300,57.83434444,12.30727425,2.657,2.500,53.40,5.59,1.490,0.47,6,6,1,GPS Fix (SPS),Stopped
1770575373.0562396,57.83433967,12.30726583,57.83434206,12.30727004,2.352,2.500,53.10,4.39,1.170,0.79,7,7,1,GPS Fix (SPS),Reverse
1770575374.1017678,57.83433867,12.30726133,57.83434036,12.30726569,2.352,2.500,52.60,4.39,1.170,0.85,7,7,1,GPS Fix (SPS),Reverse
1770575375.0585327,57.83433767,12.30726450,57.83433901,12.30726509,2.352,2.500,52.20,4.39,1.170,0.28,7,7,1,GPS Fix (SPS),Stopped
1770575376.0704315,57.83433567,12.30726750,57.83433734,12.30726630,2.352,2.500,51.70,4.39,1.170,0.30,7,7,1,GPS Fix (SPS),Stopped
1770575377.078685,57.83433783,12.30727017,57.83433759,12.30726823,2.352,2.500,51.10,4.39,1.170,0.36,7,7,1,GPS Fix (SPS),Stopped
1770575378.1515574,57.83433550,12.30727217,57.83433654,12.30727020,2.352,2.500,50.90,4.39,1.170,0.40,7,7,1,GPS Fix (SPS),Stopped
1770575379.0197492,57.83433700,12.30727533,57.83433677,12.30727277,2.352,2.500,50.60,4.39,1.170,0.66,7,7,1,GPS Fix (SPS),Stopped
1770575380.0668588,57.83433400,12.30727533,57.83433539,12.30727405,2.352,2.500,50.10,4.39,1.170,0.58,7,7,1,GPS Fix (SPS),Stopped
1770575381.0454004,57.83433717,12.30727900,57.83433628,12.30727652,2.352,2.500,49.70,4.39,1.170,0.61,7,7,1,GPS Fix (SPS),Stopped
1770575382.0447063,57.83434117,12.30728250,57.83433872,12.30727951,2.352,2.500,49.40,4.39,1.170,0.80,7,7,1,GPS Fix (SPS),Stopped
1770575383.0537267,57.83434033,12.30728533,57.83433953,12.30728242,2.352,2.500,49.10,4.39,1.170,0.61,7,7,1,GPS Fix (SPS),Stopped
1770575384.057942,57.83433967,12.30728683,57.83433960,12.30728463,2.657,2.500,48.90,5.59,1.490,0.41,6,6,1,GPS Fix (SPS),Stopped
1770575385.0322626,57.83433767,12.30728917,57.83433863,12.30728690,2.657,2.500,48.80,5.59,1.490,0.33,6,6,1,GPS Fix (SPS),Stopped
1770575386.0484097,57.83433467,12.30729050,57.83433665,12.30728870,2.657,2.500,48.80,5.59,1.490,0.32,6,6,1,GPS Fix (SPS),Stopped
1770575387.0949311,57.83433333,12.30729417,57.83433499,12.30729143,2.657,2.500,48.70,5.59,1.490,0.41,6,6,1,GPS Fix (SPS),Stopped
1770575388.0430472,57.83433350,12.30729850,57.83433425,12.30729497,2.657,2.500,48.40,5.59,1.490,0.46,6,6,1,GPS Fix (SPS),Forward
1770575389.0533814,57.83432667,12.30729567,57.83433046,12.30729532,2.657,2.500,48.30,5.59,1.490,0.99,6,6,1,GPS Fix (SPS),Stopped
1770575390.0497746,57.83432717,12.30729850,57.83432881,12.30729691,2.657,2.500,47.60,5.59,1.490,0.50,6,6,1,GPS Fix (SPS),Stopped
1770575391.0441158,57.83432450,12.30729833,57.83432666,12.30729762,2.657,2.500,47.40,5.59,1.490,0.63,6,6,1,GPS Fix (SPS),Stopped
1770575392.0668526,57.83432217,12.30729833,57.83432441,12.30729798,2.657,2.500,47.10,5.59,1.490,0.95,6,6,1,GPS Fix (SPS),Stopped
1770575393.000464,57.83432217,12.30729700,57.83432329,12.30729749,2.657,2.500,46.70,5.59,1.490,0.72,6,6,1,GPS Fix (SPS),Stopped
1770575394.076976,57.83432200,12.30730100,57.83432264,12.30729924,2.657,2.500,46.50,5.59,1.490,0.52,6,6,1,GPS Fix (SPS),Stopped
1770575395.0722287,57.83432317,12.30730567,57.83432291,12.30730246,2.657,2.500,46.40,5.59,1.490,0.42,6,6,1,GPS Fix (SPS),Stopped
1770575396.0077887,57.83432333,12.30730850,57.83432312,12.30730548,2.657,2.500,46.10,5.59,1.490,0.40,6,6,1,GPS Fix (SPS),Stopped
1770575397.0219946,57.83432817,12.30731417,57.83432564,12.30730982,2.657,2.500,46.10,5.59,1.490,0.46,6,6,1,GPS Fix (SPS),Forward
1770575398.0562608,57.83432150,12.30732117,57.83432357,12.30731549,2.657,2.500,46.10,5.59,1.490,0.95,6,6,1,GPS Fix (SPS),Forward
1770575399.0434337,57.83432583,12.30732217,57.83432470,12.30731883,2.657,2.500,45.60,5.59,1.490,0.41,6,6,1,GPS Fix (SPS),Stopped
1770575400.0751617,57.83432600,12.30732017,57.83432535,12.30731950,2.657,2.500,45.40,5.59,1.490,0.12,6,6,1,GPS Fix (SPS),Stopped
1770575401.065431,57.83433033,12.30732100,57.83432784,12.30732025,2.657,2.500,45.10,5.59,1.490,0.26,6,6,1,GPS Fix (SPS),Stopped
1770575402.0508213,57.83433467,12.30732433,57.83433125,12.30732229,2.657,2.500,45.20,5.59,1.490,0.51,6,6,1,GPS Fix (SPS),Stopped
1770575403.0421932,57.83433500,12.30731867,57.83433313,12.30732048,2.657,2.500,45.40,5.59,1.490,0.18,6,6,1,GPS Fix (SPS),Stopped
1770575404.0606503,57.83433383,12.30731583,57.83433348,12.30731816,2.657,2.500,45.50,5.59,1.490,0.29,6,6,1,GPS Fix (SPS),Stopped
1770575404.9917462,57.83433650,12.30732033,57.83433499,12.30731924,2.657,2.500,45.60,5.59,1.490,0.21,6,6,1,GPS Fix (SPS),Stopped
1770575406.0599878,57.83433567,12.30732350,57.83433533,12.30732137,2.657,2.500,45.50,5.59,1.490,0.51,6,6,1,GPS Fix (SPS),Stopped
1770575407.045343,57.83433833,12.30732667,57.83433683,12.30732402,2.657,2.500,45.50,5.59,1.490,0.59,6,6,1,GPS Fix (SPS),Stopped
1770575408.0570762,57.83434000,12.30733067,57.83433842,12.30732734,2.657,2.500,45.80,5.59,1.490,0.78,6,6,1,GPS Fix (SPS),Stopped
1770575409.0755808,57.83433333,12.30732983,57.83433587,12.30732859,2.657,2.500,46.00,5.59,1.490,1.36,6,6,1,GPS Fix (SPS),Stopped
1770575409.9981544,57.83433167,12.30732867,57.83433377,12.30732863,2.657,2.500,45.80,5.59,1.490,1.27,6,6,1,GPS Fix (SPS),Stopped
1770575410.9990163,57.83433367,12.30732850,57.83433372,12.30732856,2.657,2.500,45.70,5.59,1.490,0.84,6,6,1,GPS Fix (SPS),Stopped
1770575412.0297701,57.83433800,12.30733033,57.83433586,12.30732945,2.657,2.500,45.70,5.59,1.490,0.37,6,6,1,GPS Fix (SPS),Stopped
1770575413.0349143,57.83434133,12.30733967,57.83433860,12.30733456,2.352,2.500,45.80,4.39,1.170,1.08,7,7,1,GPS Fix (SPS),Forward
1770575414.060859,57.83433867,12.30733517,57.83433863,12.30733486,2.352,2.500,46.20,4.39,1.170,1.01,7,7,1,GPS Fix (SPS),Stopped
1770575415.066532,57.83433850,12.30733217,57.83433857,12.30733351,2.352,2.500,46.40,4.39,1.170,1.11,7,7,1,GPS Fix (SPS),Stopped
1770575416.0505822,57.83434650,12.30733217,57.83434253,12.30733284,2.352,2.500,46.30,4.39,1.170,0.42,7,7,1,GPS Fix (SPS),Stopped
1770575417.030521,57.83434400,12.30733250,57.83434327,12.30733267,2.352,2.500,46.30,4.39,1.170,0.72,7,7,1,GPS Fix (SPS),Stopped
1770575418.0488248,57.83434367,12.30733783,57.83434347,12.30733525,2.352,2.500,46.20,4.39,1.170,1.05,7,7,1,GPS Fix (SPS),Stopped
1770575419.050228,57.83434783,12.30732817,57.83434565,12.30733171,2.352,2.500,46.30,4.39,1.170,0.35,7,7,1,GPS Fix (SPS),Reverse
1770575420.0584285,57.83433933,12.30732517,57.83434249,12.30732844,2.457,2.500,46.20,4.80,1.280,1.51,6,6,1,GPS Fix (SPS),Stopped
1770575421.0735428,57.83433883,12.30732717,57.83434066,12.30732780,2.352,2.500,45.90,4.39,1.170,1.18,7,7,1,GPS Fix (SPS),Stopped
1770575422.0692198,57.83434450,12.30733433,57.83434258,12.30733107,2.352,2.500,45.80,4.39,1.170,0.72,7,7,1,GPS Fix (SPS),Stopped
1770575423.121462,57.83434817,12.30733667,57.83434537,12.30733387,2.457,2.500,45.30,4.80,1.280,0.69,6,6,1,GPS Fix (SPS),Stopped
1770575424.0601013,57.83435000,12.30733633,57.83434769,12.30733510,2.457,2.500,45.10,4.80,1.280,0.39,6,6,1,GPS Fix (SPS),Stopped
1770575425.0693061,57.83435083,12.30733883,57.83434926,12.30733697,2.457,2.500,44.90,4.80,1.280,0.34,6,6,1,GPS Fix (SPS),Stopped
1770575426.0672326,57.83434467,12.30734467,57.83434696,12.30734082,2.457,2.500,45.00,4.80,1.280,0.90,6,6,1,GPS Fix (SPS),Forward
1770575427.0755703,57.83434250,12.30734800,57.83434473,12.30734441,2.457,2.500,44.70,4.80,1.280,0.96,6,6,1,GPS Fix (SPS),Forward
1770575428.079391,57.83434050,12.30734867,57.83434262,12.30734654,2.457,2.500,44.60,4.80,1.280,0.78,6,6,1,GPS Fix (SPS),Stopped
1770575429.05951,57.83433683,12.30734717,57.83433972,12.30734685,2.657,2.500,44.40,5.59,1.490,0.88,6,6,1,GPS Fix (SPS),Stopped
1770575430.0682366,57.83433983,12.30735050,57.83433978,12.30734868,2.657,2.500,44.50,5.59,1.490,0.45,6,6,1,GPS Fix (SPS),Stopped
1770575431.1177173,57.83433917,12.30735450,57.83433947,12.30735159,2.657,2.500,44.50,5.59,1.490,0.59,6,6,1,GPS Fix (SPS),Stopped
1770575432.045966,57.83433400,12.30736000,57.83433674,12.30735579,2.657,2.500,44.40,5.59,1.490,0.85,6,6,1,GPS Fix (SPS),Forward
1770575433.101848,57.83434333,12.30736017,57.83434003,12.30735798,2.657,2.500,44.40,5.59,1.490,0.89,6,6,1,GPS Fix (SPS),Stopped
1770575434.0944765,57.83434083,12.30735517,57.83434043,12.30735657,2.657,2.500,44.30,5.59,1.490,0.17,6,6,1,GPS Fix (SPS),Stopped
1770575435.0939927,57.83434467,12.30735717,57.83434255,12.30735687,2.352,2.500,44.50,4.39,1.170,0.48,7,7,1,GPS Fix (SPS),Stopped
1770575436.060437,57.83434733,12.30735467,57.83434494,12.30735577,2.352,2.500,44.60,4.39,1.170,0.75,7,7,1,GPS Fix (SPS),Stopped
1770575437.0922573,57.83434533,12.30735767,57.83434514,12.30735672,2.352,2.500,44.80,4.39,1.170,0.48,7,7,1,GPS Fix (SPS),Stopped
1770575438.041875,57.83434050,12.30736200,57.83434282,12.30735936,2.352,2.500,44.90,4.39,1.170,0.41,7,7,1,GPS Fix (SPS),Stopped
1770575439.0111942,57.83433533,12.30736717,57.83433908,12.30736326,2.352,2.500,45.10,4.39,1.170,0.84,7,7,1,GPS Fix (SPS),Forward
1770575440.0745776,57.83433350,12.30736633,57.83433629,12.30736480,2.352,2.500,45.00,4.39,1.170,0.47,7,7,1,GPS Fix (SPS),Stopped
1770575441.0924008,57.83432850,12.30736683,57.83433239,12.30736582,2.352,2.500,45.00,4.39,1.170,0.80,7,7,1,GPS Fix (SPS),Stopped
1770575442.0596933,57.83432833,12.30735967,57.83433036,12.30736274,2.352,2.500,45.30,4.39,1.170,1.03,7,7,1,GPS Fix (SPS),Stopped
1770575443.0318,57.83433017,12.30735367,57.83433027,12.30735820,2.352,2.500,45.40,4.39,1.170,1.10,7,7,1,GPS Fix (SPS),Reverse
1770575444.0496635,57.83433533,12.30735567,57.83433280,12.30735694,2.352,2.500,45.80,4.39,1.170,0.37,7,7,1,GPS Fix (SPS),Stopped
1770575445.0930703,57.83433633,12.30735333,57.83433457,12.30735513,2.352,2.500,45.90,4.39,1.170,0.31,7,7,1,GPS Fix (SPS),Stopped
1770575446.073553,57.83433700,12.30735950,57.83433578,12.30735732,2.352,2.500,46.30,4.39,1.170,0.49,7,7,1,GPS Fix (SPS),Stopped
1770575447.0189555,57.83433700,12.30735700,57.83433639,12.30735716,2.352,2.500,46.80,4.39,1.170,0.11,7,7,1,GPS Fix (SPS),Stopped
1770575448.0488513,57.83434133,12.30735117,57.83433886,12.30735416,2.352,2.500,47.40,4.39,1.170,0.41,7,7,1,GPS Fix (SPS),Stopped
1770575449.089636,57.83434300,12.30735250,57.83434093,12.30735333,2.352,2.500,48.00,4.39,1.170,0.14,7,7,1,GPS Fix (SPS),Stopped
1770575450.0679467,57.83434333,12.30735750,57.83434213,12.30735542,2.457,2.500,48.70,4.80,1.280,0.58,6,6,1,GPS Fix (SPS),Stopped
1770575451.0709736,57.83434583,12.30735433,57.83434398,12.30735487,2.457,2.500,49.30,4.80,1.280,0.28,6,6,1,GPS Fix (SPS),Stopped
1770575452.0298042,57.83435100,12.30734233,57.83434749,12.30734860,2.457,2.500,50.00,4.80,1.280,0.62,6,6,1,GPS Fix (SPS),Reverse
1770575453.0754697,57.83435533,12.30734050,57.83435141,12.30734455,2.457,2.500,50.50,4.80,1.280,0.46,6,6,1,GPS Fix (SPS),Reverse
1770575454.069762,57.83435633,12.30734150,57.83435387,12.30734303,2.457,2.500,51.40,4.80,1.280,0.15,6,6,1,GPS Fix (SPS),Stopped
1770575455.0783787,57.83435583,12.30734600,57.83435485,12.30734451,2.457,2.500,52.20,4.80,1.280,0.37,6,6,1,GPS Fix (SPS),Stopped
1770575456.3257942,57.83435150,12.30735433,57.83435318,12.30734942,2.457,2.500,53.00,4.80,1.280,1.11,6,6,1,GPS Fix (SPS),Forward
1770575457.0197387,57.83435417,12.30735533,57.83435367,12.30735238,2.457,2.500,53.50,4.80,1.280,0.86,6,6,1,GPS Fix (SPS),Stopped
1770575458.0431738,57.83435717,12.30735650,57.83435542,12.30735444,2.457,2.500,54.10,4.80,1.280,0.64,6,6,1,GPS Fix (SPS),Stopped
1770575459.0521917,57.83435733,12.30735567,57.83435638,12.30735505,2.457,2.500,54.60,4.80,1.280,0.53,6,6,1,GPS Fix (SPS),Stopped
1770575460.0913012,57.83435750,12.30735600,57.83435694,12.30735553,2.457,2.500,55.10,4.80,1.280,0.59,6,6,1,GPS Fix (SPS),Stopped
1770575461.0555627,57.83436450,12.30735200,57.83436072,12.30735376,2.457,2.500,55.40,4.80,1.280,0.27,6,6,1,GPS Fix (SPS),Stopped
1770575462.0899487,57.83436500,12.30735467,57.83436286,12.30735421,2.457,2.500,55.80,4.80,1.280,0.47,6,6,1,GPS Fix (SPS),Stopped
1770575463.094242,57.83436883,12.30735400,57.83436585,12.30735411,2.457,2.500,56.30,4.80,1.280,0.67,6,6,1,GPS Fix (SPS),Stopped
1770575464.1042423,57.83437583,12.30735233,57.83437084,12.30735322,2.457,2.500,56.70,4.80,1.280,1.20,6,6,1,GPS Fix (SPS),Stopped
1770575465.1021435,57.83437983,12.30735017,57.83437534,12.30735169,2.457,2.500,57.10,4.80,1.280,1.29,6,6,1,GPS Fix (SPS),Stopped
1770575466.0943809,57.83438083,12.30734300,57.83437808,12.30734735,2.457,2.500,57.30,4.80,1.280,0.80,6,6,1,GPS Fix (SPS),Reverse
1770575467.1183057,57.83438233,12.30734550,57.83438021,12.30734642,2.457,2.500,57.70,4.80,1.280,0.67,6,6,1,GPS Fix (SPS),Stopped
1770575468.1093616,57.83437667,12.30734417,57.83437844,12.30734530,2.457,2.500,58.40,4.80,1.280,0.20,6,6,1,GPS Fix (SPS),Stopped
1770575469.087047,57.83438250,12.30733917,57.83438047,12.30734223,2.457,2.500,58.80,4.80,1.280,0.39,6,6,1,GPS Fix (SPS),Stopped
1770575470.0270524,57.83438950,12.30733250,57.83438498,12.30733737,2.381,2.500,59.20,4.50,1.200,0.84,6,6,1,GPS Fix (SPS),Reverse
1770575471.0623763,57.83439233,12.30733617,57.83438866,12.30733677,2.381,2.500,59.20,4.50,1.200,0.82,6,6,1,GPS Fix (SPS),Stopped
1770575472.0855193,57.83439333,12.30733567,57.83439100,12.30733622,2.381,2.500,59.60,4.50,1.200,0.51,6,6,1,GPS Fix (SPS),Stopped
1770575473.0868967,57.83439133,12.30733050,57.83439116,12.30733336,2.381,2.500,60.10,4.50,1.200,0.11,6,6,1,GPS Fix (SPS),Stopped
1770575474.0772238,57.83439600,12.30732867,57.83439358,12.30733101,2.381,2.500,60.00,4.50,1.200,0.27,6,6,1,GPS Fix (SPS),Stopped
1770575475.0903156,57.83439217,12.30733450,57.83439287,12.30733276,2.381,2.500,60.40,4.50,1.200,0.79,6,6,1,GPS Fix (SPS),Stopped
1770575476.034819,57.83438800,12.30734883,57.83439044,12.30734079,2.381,2.500,60.30,4.50,1.200,2.02,6,6,1,GPS Fix (SPS),Forward
1770575477.1672728,57.83436833,12.30736650,57.83437939,12.30735365,2.381,2.500,60.10,4.50,1.200,3.38,6,6,1,GPS Fix (SPS),Forward
1770575478.0992675,57.83435550,12.30738467,57.83436744,12.30736916,2.381,2.500,60.20,4.50,1.200,4.09,6,6,1,GPS Fix (SPS),Forward
1770575479.1792896,57.83434867,12.30739200,57.83435805,12.30738058,2.381,2.500,60.10,4.50,1.200,3.84,6,6,1,GPS Fix (SPS),Forward
1770575480.1858978,57.83434600,12.30739267,57.83435203,12.30738662,2.352,2.500,60.10,4.39,1.170,3.24,7,7,1,GPS Fix (SPS),Forward
1770575481.1523254,57.83434017,12.30740000,57.83434610,12.30739331,2.352,2.500,59.90,4.39,1.170,3.29,7,7,1,GPS Fix (SPS),Forward
1770575482.2883694,57.83434000,12.30740083,57.83434305,12.30739707,2.352,2.500,60.00,4.39,1.170,2.65,7,7,1,GPS Fix (SPS),Forward
1770575483.1925423,57.83433983,12.30739867,57.83434144,12.30739787,2.352,2.500,60.00,4.39,1.170,2.26,7,7,1,GPS Fix (SPS),Stopped
1770575484.1248717,57.83434100,12.30740917,57.83434122,12.30740352,2.352,2.500,59.90,4.39,1.170,1.89,7,7,1,GPS Fix (SPS),Forward
1770575485.3011763,57.83434667,12.30740267,57.83434394,12.30740309,2.352,2.500,60.00,4.39,1.170,0.88,7,7,1,GPS Fix (SPS),Stopped
1770575486.1270254,57.83435300,12.30739717,57.83434847,12.30740013,2.352,2.500,60.30,4.39,1.170,0.40,7,7,1,GPS Fix (SPS),Stopped
1770575487.1584468,57.83436033,12.30739367,57.83435440,12.30739690,2.448,2.500,60.60,4.76,1.270,0.43,6,6,1,GPS Fix (SPS),Stopped
1770575488.139963,57.83436750,12.30739167,57.83436095,12.30739428,2.448,2.500,60.90,4.76,1.270,0.78,6,6,1,GPS Fix (SPS),Stopped
1770575489.2290034,57.83437317,12.30738100,57.83436706,12.30738764,2.448,2.500,60.90,4.76,1.270,1.08,6,6,1,GPS Fix (SPS),Reverse
1770575490.1223924,57.83437883,12.30737767,57.83437295,12.30738265,2.448,2.500,60.80,4.76,1.270,1.09,6,6,1,GPS Fix (SPS),Reverse
1770575491.099146,57.83438250,12.30737667,57.83437772,12.30737966,2.448,2.500,60.70,4.76,1.270,0.96,6,6,1,GPS Fix (SPS),Stopped
1770575492.0923488,57.83439050,12.30735717,57.83438411,12.30736841,2.448,2.500,60.70,4.76,1.270,1.70,6,6,1,GPS Fix (SPS),Reverse
1770575493.110593,57.83438850,12.30736717,57.83438631,12.30736779,2.448,2.500,60.30,4.76,1.270,0.53,6,6,1,GPS Fix (SPS),Stopped
1770575494.1041217,57.83439483,12.30736267,57.83439057,12.30736523,2.448,2.500,60.20,4.76,1.270,0.92,6,6,1,GPS Fix (SPS),Stopped
1770575495.099335,57.83439967,12.30735567,57.83439512,12.30736045,2.448,2.500,59.90,4.76,1.270,1.16,6,6,1,GPS Fix (SPS),Reverse
1770575496.081055,57.83440233,12.30734917,57.83439873,12.30735481,2.448,2.500,60.00,4.76,1.270,1.16,6,6,1,GPS Fix (SPS),Reverse
1770575497.089026,57.83440567,12.30734150,57.83440220,12.30734815,2.448,2.500,59.90,4.76,1.270,1.26,6,6,1,GPS Fix (SPS),Reverse
1770575498.1630754,57.83439817,12.30733050,57.83440018,12.30733933,2.448,2.500,60.00,4.76,1.270,1.25,6,6,1,GPS Fix (SPS),Reverse
1770575499.0702221,57.83439117,12.30734300,57.83439567,12.30734116,2.352,2.500,59.90,4.39,1.170,0.67,7,7,1,GPS Fix (SPS),Stopped
1770575500.0719924,57.83439133,12.30735367,57.83439350,12.30734742,2.352,2.500,59.80,4.39,1.170,0.59,7,7,1,GPS Fix (SPS),Forward
1770575501.0881238,57.83438117,12.30736150,57.83438734,12.30735446,2.352,2.500,60.20,4.39,1.170,1.56,7,7,1,GPS Fix (SPS),Forward
1770575502.0768394,57.83438217,12.30735917,57.83438475,12.30735681,2.352,2.500,60.30,4.39,1.170,0.93,7,7,1,GPS Fix (SPS),Stopped
1770575503.062462,57.83438183,12.30736017,57.83438329,12.30735849,2.352,2.500,60.40,4.39,1.170,0.67,7,7,1,GPS Fix (SPS),Stopped
1770575504.0754678,57.83438383,12.30735550,57.83438356,12.30735699,2.352,2.500,60.60,4.39,1.170,0.36,7,7,1,GPS Fix (SPS),Stopped
1770575505.02358,57.83438233,12.30735900,57.83438295,12.30735800,2.352,2.500,60.70,4.39,1.170,0.14,7,7,1,GPS Fix (SPS),Stopped
1770575506.0229406,57.83438650,12.30735300,57.83438472,12.30735550,2.352,2.500,60.80,4.39,1.170,0.70,7,7,1,GPS Fix (SPS),Stopped
1770575507.0522296,57.83439150,12.30735283,57.83438811,12.30735417,2.352,2.500,60.90,4.39,1.170,1.06,7,7,1,GPS Fix (SPS),Stopped
1770575508.0892346,57.83439533,12.30734383,57.83439172,12.30734900,2.352,2.500,60.50,4.39,1.170,1.52,7,7,1,GPS Fix (SPS),Reverse
1770575509.0502663,57.83439883,12.30734200,57.83439528,12.30734550,2.352,2.500,60.90,4.39,1.170,1.77,7,7,1,GPS Fix (SPS),Reverse
1770575510.063332,57.83439767,12.30734033,57.83439647,12.30734292,2.381,2.500,61.30,4.50,1.200,1.35,6,6,1,GPS Fix (SPS),Stopped
1770575511.0520828,57.83439033,12.30734033,57.83439340,12.30734162,2.381,2.500,61.30,4.50,1.200,0.45,6,6,1,GPS Fix (SPS),Stopped
1770575512.0575805,57.83439317,12.30733800,57.83439328,12.30733981,2.352,2.500,61.90,4.39,1.170,0.60,7,7,1,GPS Fix (SPS),Stopped
1770575513.0711708,57.83439483,12.30733267,57.83439406,12.30733624,2.429,2.500,62.40,4.69,1.250,0.87,5,5,1,GPS Fix (SPS),Reverse
1770575514.0375762,57.83439817,12.30732233,57.83439611,12.30732929,2.429,2.500,62.80,4.69,1.250,1.33,5,5,1,GPS Fix (SPS),Reverse
1770575515.0910633,57.83439833,12.30731400,57.83439722,12.30732164,2.429,2.500,63.10,4.69,1.250,0.88,5,5,1,GPS Fix (SPS),Reverse
1770575516.0550601,57.83440167,12.30730983,57.83439944,12.30731574,2.429,2.500,63.30,4.69,1.250,0.70,5,5,1,GPS Fix (SPS),Reverse
1770575517.0542774,57.83440017,12.30731367,57.83439981,12.30731470,2.429,2.500,63.40,4.69,1.250,0.38,5,5,1,GPS Fix (SPS),Stopped
1770575518.0507045,57.83440767,12.30731367,57.83440374,12.30731418,2.429,2.500,63.60,4.69,1.250,0.92,5,5,1,GPS Fix (SPS),Stopped
1770575519.0636714,57.83441367,12.30731017,57.83440870,12.30731218,2.429,2.500,63.70,4.69,1.250,1.31,5,5,1,GPS Fix (SPS),Stopped
1770575520.0689445,57.83441433,12.30731650,57.83441152,12.30731434,2.429,2.500,63.60,4.69,1.250,0.85,5,5,1,GPS Fix (SPS),Stopped
1770575521.0774667,57.83441483,12.30731717,57.83441318,12.30731575,2.429,2.500,63.90,4.69,1.250,0.48,5,5,1,GPS Fix (SPS),Stopped
1770575522.0393395,57.83441383,12.30731917,57.83441350,12.30731746,2.429,2.500,64.00,4.69,1.250,0.29,5,5,1,GPS Fix (SPS),Stopped
1770575523.0506704,57.83441550,12.30731967,57.83441450,12.30731856,2.429,2.500,64.40,4.69,1.250,0.20,5,5,1,GPS Fix (SPS),Stopped
1770575524.0340676,57.83441900,12.30731950,57.83441675,12.30731903,2.419,2.500,64.50,4.65,1.240,0.46,6,6,1,GPS Fix (SPS),Stopped
1770575525.0435753,57.83442283,12.30731250,57.83441979,12.30731577,2.419,2.500,64.50,4.65,1.240,0.82,6,6,1,GPS Fix (SPS),Stopped
1770575526.0567472,57.83442433,12.30731550,57.83442206,12.30731563,2.419,2.500,64.60,4.65,1.240,0.47,6,6,1,GPS Fix (SPS),Stopped
1770575527.057691,57.83442333,12.30731617,57.83442270,12.30731590,2.419,2.500,64.50,4.65,1.240,0.10,6,6,1,GPS Fix (SPS),Stopped
1770575528.038575,57.83442683,12.30731567,57.83442477,12.30731578,2.419,2.500,64.90,4.65,1.240,0.35,6,6,1,GPS Fix (SPS),Stopped
1770575529.0612836,57.83443083,12.30731250,57.83442780,12.30731414,2.419,2.500,65.00,4.65,1.240,0.59,6,6,1,GPS Fix (SPS),Stopped
1770575530.0629623,57.83442967,12.30731067,57.83442873,12.30731240,2.419,2.500,65.10,4.65,1.240,0.18,6,6,1,GPS Fix (SPS),Stopped
1770575531.1325405,57.83443033,12.30731000,57.83442953,12.30731120,2.352,2.500,65.40,4.39,1.170,0.36,7,7,1,GPS Fix (SPS),Stopped
1770575532.0425055,57.83443083,12.30730933,57.83443018,12.30731027,2.352,2.500,66.00,4.39,1.170,0.26,7,7,1,GPS Fix (SPS),Stopped
1770575533.0664191,57.83443150,12.30730833,57.83443084,12.30730930,2.352,2.500,66.60,4.39,1.170,0.10,7,7,1,GPS Fix (SPS),Stopped
1770575534.0404403,57.83443400,12.30730567,57.83443242,12.30730748,2.352,2.500,67.10,4.39,1.170,0.39,7,7,1,GPS Fix (SPS),Stopped
1770575535.051334,57.83443450,12.30730450,57.83443346,12.30730599,2.352,2.500,67.40,4.39,1.170,0.23,7,7,1,GPS Fix (SPS),Stopped
1770575536.0604038,57.83443483,12.30730350,57.83443415,12.30730475,2.352,2.500,67.70,4.39,1.170,0.29,7,7,1,GPS Fix (SPS),Stopped
1770575537.0264733,57.83443017,12.30730667,57.83443216,12.30730571,2.352,2.500,67.90,4.39,1.170,0.22,7,7,1,GPS Fix (SPS),Stopped
1770575538.0400872,57.83443200,12.30730467,57.83443208,12.30730519,2.352,2.500,68.30,4.39,1.170,0.29,7,7,1,GPS Fix (SPS),Stopped
1770575539.0533037,57.83443150,12.30730417,57.83443179,12.30730468,2.352,2.500,68.70,4.39,1.170,0.30,7,7,1,GPS Fix (SPS),Stopped
1770575540.040182,57.83443133,12.30730417,57.83443156,12.30730442,2.352,2.500,68.80,4.39,1.170,0.50,7,7,1,GPS Fix (SPS),Stopped
1770575541.0403702,57.83443133,12.30730333,57.83443145,12.30730388,2.352,2.500,69.20,4.39,1.170,0.34,7,7,1,GPS Fix (SPS),Stopped
1770575542.035542,57.83443233,12.30730167,57.83443189,12.30730277,2.352,2.500,69.50,4.39,1.170,0.24,7,7,1,GPS Fix (SPS),Stopped
1770575543.0556993,57.83443250,12.30729883,57.83443220,12.30730080,2.352,2.500,69.50,4.39,1.170,0.29,7,7,1,GPS Fix (SPS),Stopped
1770575544.0404344,57.83443467,12.30729517,57.83443343,12.30729798,2.352,2.500,69.80,4.39,1.170,0.08,7,7,1,GPS Fix (SPS),Stopped
1770575545.0551362,57.83443650,12.30729283,57.83443497,12.30729541,2.352,2.500,70.20,4.39,1.170,0.09,7,7,1,GPS Fix (SPS),Stopped
1770575546.0471017,57.83443883,12.30728783,57.83443690,12.30729162,2.352,2.500,70.60,4.39,1.170,0.34,7,7,1,GPS Fix (SPS),Reverse
1770575547.0439267,57.83443867,12.30728500,57.83443778,12.30728831,2.352,2.500,70.80,4.39,1.170,0.24,7,7,1,GPS Fix (SPS),Stopped
1770575548.0261037,57.83444083,12.30727967,57.83443931,12.30728399,2.352,2.500,71.00,4.39,1.170,0.46,7,7,1,GPS Fix (SPS),Reverse
1770575549.0748866,57.83444533,12.30727233,57.83444232,12.30727816,2.352,2.500,71.50,4.39,1.170,0.97,7,7,1,GPS Fix (SPS),Reverse
1770575550.0527763,57.83444850,12.30726850,57.83444541,12.30727333,2.352,2.500,71.80,4.39,1.170,1.00,7,7,1,GPS Fix (SPS),Reverse
1770575551.0597801,57.83444717,12.30726567,57.83444629,12.30726950,2.352,2.500,72.40,4.39,1.170,0.67,7,7,1,GPS Fix (SPS),Reverse
1770575552.0582154,57.83444600,12.30726583,57.83444614,12.30726767,2.352,2.500,72.60,4.39,1.170,0.20,7,7,1,GPS Fix (SPS),Stopped
1770575553.044113,57.83444500,12.30726783,57.83444557,12.30726775,2.419,2.500,72.70,4.65,1.240,0.26,6,6,1,GPS Fix (SPS),Stopped
1770575554.0552497,57.83444383,12.30726700,57.83444470,12.30726737,2.419,2.500,72.90,4.65,1.240,0.49,6,6,1,GPS Fix (SPS),Stopped
1770575555.0155911,57.83444383,12.30726567,57.83444427,12.30726652,2.352,2.500,73.30,4.39,1.170,0.47,7,7,1,GPS Fix (SPS),Stopped
1770575556.0403898,57.83444500,12.30726683,57.83444463,12.30726668,2.352,2.500,73.80,4.39,1.170,0.34,7,7,1,GPS Fix (SPS),Stopped
1770575557.0266933,57.83444600,12.30726700,57.83444532,12.30726684,2.419,2.500,74.20,4.65,1.240,0.29,6,6,1,GPS Fix (SPS),Stopped
1770575558.041558,57.83444783,12.30726683,57.83444658,12.30726684,2.419,2.500,74.50,4.65,1.240,0.32,6,6,1,GPS Fix (SPS),Stopped
1770575559.0626283,57.83444833,12.30726700,57.83444745,12.30726692,2.352,2.500,75.20,4.39,1.170,0.29,7,7,1,GPS Fix (SPS),Stopped
1770575560.0455425,57.83445100,12.30726450,57.83444923,12.30726571,2.352,2.500,75.80,4.39,1.170,0.12,7,7,1,GPS Fix (SPS),Stopped
1770575561.0285995,57.83445483,12.30726200,57.83445203,12.30726385,2.352,2.500,76.50,4.39,1.170,0.31,7,7,1,GPS Fix (SPS),Stopped
1770575562.0635576,57.83445767,12.30725617,57.83445485,12.30726001,2.352,2.500,77.50,4.39,1.170,0.72,7,7,1,GPS Fix (SPS),Reverse
1770575563.0463738,57.83445733,12.30725617,57.83445609,12.30725809,2.352,2.500,78.30,4.39,1.170,0.24,7,7,1,GPS Fix (SPS),Stopped
1770575564.059754,57.83445750,12.30725567,57.83445680,12.30725688,2.419,2.500,78.50,4.65,1.240,0.09,6,6,1,GPS Fix (SPS),Stopped
1770575565.0560493,57.83445800,12.30725283,57.83445740,12.30725486,2.419,2.500,78.70,4.65,1.240,0.30,6,6,1,GPS Fix (SPS),Stopped
1770575566.0273762,57.83445867,12.30725383,57.83445803,12.30725434,2.419,2.500,79.00,4.65,1.240,0.19,6,6,1,GPS Fix (SPS),Stopped
1770575567.0485716,57.83445850,12.30725417,57.83445827,12.30725426,2.419,2.500,79.30,4.65,1.240,0.09,6,6,1,GPS Fix (SPS),Stopped
1770575568.055603,57.83445917,12.30724967,57.83445872,12.30725196,2.419,2.500,79.60,4.65,1.240,0.51,6,6,1,GPS Fix (SPS),Stopped
1770575569.0586972,57.83446183,12.30724167,57.83446027,12.30724681,2.419,2.500,79.80,4.65,1.240,1.16,6,6,1,GPS Fix (SPS),Reverse
1770575570.054623,57.83446450,12.30723400,57.83446239,12.30724041,2.419,2.500,79.90,4.65,1.240,1.67,6,6,1,GPS Fix (SPS),Reverse
1770575571.0473058,57.83446633,12.30723250,57.83446436,12.30723645,2.419,2.500,79.90,4.65,1.240,1.43,6,6,1,GPS Fix (SPS),Reverse
1770575572.0520434,57.83446333,12.30723750,57.83446385,12.30723698,2.419,2.500,80.00,4.65,1.240,1.04,6,6,1,GPS Fix (SPS),Stopped
1770575573.0429258,57.83446233,12.30724767,57.83446309,12.30724232,2.352,2.500,78.60,4.39,1.170,1.21,7,7,1,GPS Fix (SPS),Forward
1770575574.0393562,57.83445750,12.30725017,57.83446030,12.30724624,2.352,2.500,77.00,4.39,1.170,0.64,7,7,1,GPS Fix (SPS),Forward
1770575575.091374,57.83445883,12.30725400,57.83445956,12.30725012,2.352,2.500,75.60,4.39,1.170,1.02,7,7,1,GPS Fix (SPS),Forward
1770575576.059386,57.83446000,12.30725183,57.83445978,12.30725098,2.352,2.500,74.90,4.39,1.170,0.87,7,7,1,GPS Fix (SPS),Stopped
1770575577.0395997,57.83445650,12.30725200,57.83445814,12.30725149,2.419,2.500,74.80,4.65,1.240,0.18,6,6,1,GPS Fix (SPS),Stopped
1770575578.0421093,57.83445633,12.30725717,57.83445724,12.30725433,2.419,2.500,74.80,4.65,1.240,0.56,6,6,1,GPS Fix (SPS),Stopped
1770575579.0456605,57.83445983,12.30725517,57.83445854,12.30725475,2.419,2.500,75.10,4.65,1.240,0.57,6,6,1,GPS Fix (SPS),Stopped
1770575580.0609825,57.83445883,12.30724983,57.83445868,12.30725229,2.419,2.500,75.40,4.65,1.240,0.48,6,6,1,GPS Fix (SPS),Stopped
1770575581.0288548,57.83445567,12.30724983,57.83445718,12.30725106,2.419,2.500,75.60,4.65,1.240,0.34,6,6,1,GPS Fix (SPS),Stopped
1770575582.0283394,57.83445567,12.30725000,57.83445642,12.30725053,2.419,2.500,75.90,4.65,1.240,0.24,6,6,1,GPS Fix (SPS),Stopped
1770575583.1121047,57.83445717,12.30724617,57.83445679,12.30724835,2.419,2.500,76.20,4.65,1.240,0.55,6,6,1,GPS Fix (SPS),Stopped
1770575584.1654005,57.83445600,12.30724333,57.83445640,12.30724584,2.419,2.500,76.40,4.65,1.240,0.52,6,6,1,GPS Fix (SPS),Stopped
1770575585.051955,57.83445433,12.30725083,57.83445537,12.30724834,2.419,2.500,76.30,4.65,1.240,0.17,6,6,1,GPS Fix (SPS),Stopped
1770575586.0869546,57.83444783,12.30725233,57.83445160,12.30725034,2.419,2.500,76.50,4.65,1.240,0.73,6,6,1,GPS Fix (SPS),Stopped
1770575587.0698924,57.83444267,12.30725050,57.83444713,12.30725042,2.419,2.500,76.70,4.65,1.240,1.05,6,6,1,GPS Fix (SPS),Stopped
1770575588.071177,57.83444067,12.30725667,57.83444390,12.30725354,2.419,2.500,76.80,4.65,1.240,0.51,6,6,1,GPS Fix (SPS),Stopped
1770575589.052693,57.83444167,12.30726317,57.83444278,12.30725835,2.419,2.500,76.70,4.65,1.240,0.26,6,6,1,GPS Fix (SPS),Forward
1770575590.053939,57.83443950,12.30726533,57.83444114,12.30726184,2.419,2.500,76.80,4.65,1.240,0.19,6,6,1,GPS Fix (SPS),Forward
1770575591.073607,57.83444483,12.30726317,57.83444299,12.30726251,2.419,2.500,76.90,4.65,1.240,0.97,6,6,1,GPS Fix (SPS),Stopped
1770575592.038378,57.83444033,12.30725817,57.83444166,12.30726034,2.419,2.500,77.10,4.65,1.240,1.01,6,6,1,GPS Fix (SPS),Stopped
1770575593.0385914,57.83443583,12.30726100,57.83443875,12.30726067,2.419,2.500,77.00,4.65,1.240,0.71,6,6,1,GPS Fix (SPS),Stopped
1770575594.029013,57.83443367,12.30726200,57.83443621,12.30726133,2.419,2.500,77.00,4.65,1.240,0.58,6,6,1,GPS Fix (SPS),Stopped
1770575595.0591333,57.83442967,12.30727633,57.83443294,12.30726883,2.419,2.500,77.00,4.65,1.240,0.59,6,6,1,GPS Fix (SPS),Forward
1770575596.0728128,57.83443133,12.30728467,57.83443214,12.30727675,2.419,2.500,76.70,4.65,1.240,0.67,6,6,1,GPS Fix (SPS),Forward
1770575597.0586233,57.83443083,12.30729200,57.83443148,12.30728438,2.419,2.500,76.60,4.65,1.240,0.80,6,6,1,GPS Fix (SPS),Forward
1770575598.0437934,57.83442700,12.30729333,57.83442924,12.30728885,2.419,2.500,76.50,4.65,1.240,0.62,6,6,1,GPS Fix (SPS),Forward
1770575599.08017,57.83442467,12.30729850,57.83442695,12.30729368,2.419,2.500,76.40,4.65,1.240,0.54,6,6,1,GPS Fix (SPS),Forward
1770575600.0653918,57.83442617,12.30729550,57.83442656,12.30729459,2.419,2.500,76.10,4.65,1.240,0.10,6,6,1,GPS Fix (SPS),Stopped
1770575601.0470052,57.83442883,12.30729367,57.83442770,12.30729413,2.352,2.500,76.20,4.39,1.170,0.46,7,7,1,GPS Fix (SPS),Stopped
1770575602.038703,57.83442967,12.30730100,57.83442868,12.30729756,2.352,2.500,76.60,4.39,1.170,0.81,7,7,1,GPS Fix (SPS),Forward
1770575603.0572493,57.83442667,12.30729717,57.83442767,12.30729737,2.352,2.500,77.00,4.39,1.170,0.15,7,7,1,GPS Fix (SPS),Stopped
1770575604.043335,57.83442333,12.30729167,57.83442550,12.30729452,2.352,2.500,76.80,4.39,1.170,0.63,7,7,1,GPS Fix (SPS),Stopped
1770575605.0388658,57.83442250,12.30728483,57.83442400,12.30728967,2.352,2.500,76.80,4.39,1.170,0.89,7,7,1,GPS Fix (SPS),Reverse
1770575606.0890088,57.83442100,12.30728100,57.83442250,12.30728534,2.352,2.500,76.60,4.39,1.170,0.79,7,7,1,GPS Fix (SPS),Reverse
1770575607.094456,57.83442050,12.30727550,57.83442150,12.30728042,2.352,2.500,76.60,4.39,1.170,0.89,7,7,1,GPS Fix (SPS),Reverse
1770575608.0621483,57.83442700,12.30725617,57.83442425,12.30726829,2.352,2.500,76.70,4.39,1.170,2.08,7,7,1,GPS Fix (SPS),Reverse
1770575609.048965,57.83442567,12.30725383,57.83442496,12.30726106,2.352,2.500,76.70,4.39,1.170,1.44,7,7,1,GPS Fix (SPS),Reverse
1770575610.0677464,57.83442683,12.30725683,57.83442590,12.30725895,2.352,2.500,76.90,4.39,1.170,0.98,7,7,1,GPS Fix (SPS),Stopped
1770575611.0624719,57.83442800,12.30725017,57.83442695,12.30725456,2.352,2.500,77.00,4.39,1.170,1.03,7,7,1,GPS Fix (SPS),Reverse
1770575612.0448558,57.83442667,12.30725100,57.83442681,12.30725278,2.352,2.500,77.10,4.39,1.170,0.76,7,7,1,GPS Fix (SPS),Stopped
1770575613.0949628,57.83442567,12.30725450,57.83442624,12.30725364,2.419,2.500,77.20,4.65,1.240,0.42,6,6,1,GPS Fix (SPS),Stopped
1770575614.02275,57.83442767,12.30724967,57.83442695,12.30725165,2.419,2.500,77.30,4.65,1.240,0.79,6,6,1,GPS Fix (SPS),Stopped
1770575615.0395758,57.83442383,12.30726033,57.83442539,12.30725599,2.419,2.500,77.50,4.65,1.240,0.33,6,6,1,GPS Fix (SPS),Forward
1770575616.0453606,57.83442050,12.30726783,57.83442295,12.30726191,2.419,2.500,77.60,4.65,1.240,0.40,6,6,1,GPS Fix (SPS),Forward
1770575617.061646,57.83441933,12.30727483,57.83442114,12.30726837,2.419,2.500,77.80,4.65,1.240,0.39,6,6,1,GPS Fix (SPS),Forward
1770575618.0576532,57.83441717,12.30729000,57.83441915,12.30727919,2.419,2.500,78.00,4.65,1.240,1.06,6,6,1,GPS Fix (SPS),Forward
1770575619.0483208,57.83441550,12.30729233,57.83441733,12.30728576,2.419,2.500,78.50,4.65,1.240,1.06,6,6,1,GPS Fix (SPS),Forward
1770575620.0547283,57.83441433,12.30729083,57.83441583,12.30728830,2.419,2.500,79.00,4.65,1.240,0.56,6,6,1,GPS Fix (SPS),Stopped
1770575621.0502,57.83441833,12.30728267,57.83441708,12.30728548,2.352,2.500,79.10,4.39,1.170,0.77,7,7,1,GPS Fix (SPS),Stopped
1770575622.045711,57.83441300,12.30728683,57.83441504,12.30728616,2.352,2.500,79.10,4.39,1.170,0.62,7,7,1,GPS Fix (SPS),Stopped
1770575623.0750153,57.83440733,12.30729333,57.83441119,12.30728975,2.352,2.500,79.10,4.39,1.170,1.13,7,7,1,GPS Fix (SPS),Forward
1770575624.080562,57.83440200,12.30730100,57.83440659,12.30729537,2.352,2.500,79.00,4.39,1.170,1.60,7,7,1,GPS Fix (SPS),Forward
1770575625.0678318,57.83440417,12.30730767,57.83440538,12.30730152,2.352,2.500,78.90,4.39,1.170,0.95,7,7,1,GPS Fix (SPS),Forward
1770575626.0962207,57.83440583,12.30730383,57.83440561,12.30730268,2.352,2.500,79.20,4.39,1.170,0.21,7,7,1,GPS Fix (SPS),Stopped
1770575627.067002,57.83440950,12.30729983,57.83440755,12.30730125,2.352,2.500,79.00,4.39,1.170,0.47,7,7,1,GPS Fix (SPS),Stopped
1770575628.0472217,57.83441100,12.30729217,57.83440928,12.30729671,2.352,2.500,79.10,4.39,1.170,0.86,7,7,1,GPS Fix (SPS),Reverse
1770575629.0545206,57.83440983,12.30728850,57.83440956,12.30729261,2.352,2.500,79.10,4.39,1.170,0.60,7,7,1,GPS Fix (SPS),Reverse
1770575630.0483103,57.83440917,12.30729133,57.83440936,12.30729197,2.352,2.500,78.90,4.39,1.170,0.08,7,7,1,GPS Fix (SPS),Stopped
1770575631.0394716,57.83440400,12.30729317,57.83440668,12.30729257,2.352,2.500,79.50,4.39,1.170,0.94,7,7,1,GPS Fix (SPS),Stopped
1770575632.023998,57.83440583,12.30728967,57.83440626,12.30729112,2.352,2.500,79.60,4.39,1.170,0.26,7,7,1,GPS Fix (SPS),Stopped
1770575633.0850687,57.83440967,12.30728067,57.83440796,12.30728589,2.352,2.500,79.80,4.39,1.170,0.77,7,7,1,GPS Fix (SPS),Reverse
1770575634.0682173,57.83441250,12.30728133,57.83441023,12.30728361,2.352,2.500,80.00,4.39,1.170,0.94,7,7,1,GPS Fix (SPS),Stopped
1770575635.0813866,57.83441083,12.30728117,57.83441053,12.30728239,2.352,2.500,80.10,4.39,1.170,0.41,7,7,1,GPS Fix (SPS),Stopped
1770575636.0442636,57.83441433,12.30727433,57.83441243,12.30727836,2.352,2.500,80.20,4.39,1.170,0.93,7,7,1,GPS Fix (SPS),Reverse
1770575637.0593488,57.83441783,12.30727200,57.83441513,12.30727518,2.352,2.500,80.00,4.39,1.170,1.13,7,7,1,GPS Fix (SPS),Stopped
1770575638.0465696,57.83442500,12.30726667,57.83442007,12.30727092,2.352,2.500,80.10,4.39,1.170,1.86,7,7,1,GPS Fix (SPS),Reverse
1770575639.0593312,57.83442083,12.30727817,57.83442045,12.30727455,2.352,2.500,80.30,4.39,1.170,0.69,7,7,1,GPS Fix (SPS),Forward
1770575640.0571406,57.83442233,12.30727567,57.83442139,12.30727511,2.352,2.500,80.30,4.39,1.170,0.82,7,7,1,GPS Fix (SPS),Stopped
1770575641.0609949,57.83442600,12.30727433,57.83442370,12.30727472,2.352,2.500,80.40,4.39,1.170,1.06,7,7,1,GPS Fix (SPS),Stopped
1770575642.064066,57.83442250,12.30728350,57.83442310,12.30727911,2.352,2.500,80.20,4.39,1.170,0.53,7,7,1,GPS Fix (SPS),Forward
1770575643.013439,57.83441850,12.30729383,57.83442080,12.30728647,2.352,2.500,79.80,4.39,1.170,0.89,7,7,1,GPS Fix (SPS),Forward
1770575644.0480063,57.83442417,12.30728967,57.83442248,12.30728807,2.352,2.500,79.50,4.39,1.170,0.60,7,7,1,GPS Fix (SPS),Stopped
1770575645.0536234,57.83442250,12.30729433,57.83442249,12.30729120,2.352,2.500,79.40,4.39,1.170,0.55,7,7,1,GPS Fix (SPS),Stopped
1770575646.0485718,57.83441583,12.30730567,57.83441916,12.30729843,2.352,2.500,79.30,4.39,1.170,1.06,7,7,1,GPS Fix (SPS),Forward
1770575647.0643406,57.83441500,12.30730733,57.83441708,12.30730288,2.352,2.500,79.10,4.39,1.170,0.62,7,7,1,GPS Fix (SPS),Forward
1770575648.0601006,57.83441267,12.30730967,57.83441487,12.30730628,2.419,2.500,79.00,4.65,1.240,0.74,6,6,1,GPS Fix (SPS),Forward
1770575649.0513816,57.83441017,12.30730933,57.83441252,12.30730780,2.419,2.500,78.90,4.65,1.240,0.88,6,6,1,GPS Fix (SPS),Stopped
1770575650.0767708,57.83440950,12.30731017,57.83441101,12.30730899,2.419,2.500,79.20,4.65,1.240,0.66,6,6,1,GPS Fix (SPS),Stopped
1770575651.0954275,57.83440433,12.30731217,57.83440767,12.30731058,2.419,2.500,79.00,4.65,1.240,0.97,6,6,1,GPS Fix (SPS),Stopped
1770575652.065458,57.83440517,12.30731283,57.83440642,12.30731170,2.419,2.500,78.70,4.65,1.240,0.43,6,6,1,GPS Fix (SPS),Stopped
1770575653.0684502,57.83440633,12.30730067,57.83440638,12.30730619,2.419,2.500,78.70,4.65,1.240,0.37,6,6,1,GPS Fix (SPS),Reverse
1770575654.0367627,57.83441000,12.30728833,57.83440819,12.30729726,2.352,2.500,79.10,4.39,1.170,1.29,7,7,1,GPS Fix (SPS),Reverse
1770575655.0429044,57.83440850,12.30729050,57.83440834,12.30729388,2.352,2.500,79.50,4.39,1.170,0.99,7,7,1,GPS Fix (SPS),Reverse
1770575656.0609734,57.83440900,12.30729183,57.83440867,12.30729286,2.419,2.500,79.60,4.65,1.240,0.90,6,6,1,GPS Fix (SPS),Stopped
1770575657.0328596,57.83441717,12.30728233,57.83441292,12.30728759,2.419,2.500,79.70,4.65,1.240,2.12,6,6,1,GPS Fix (SPS),Reverse
1770575658.061177,57.83441850,12.30727450,57.83441571,12.30728105,2.419,2.500,79.70,4.65,1.240,1.93,6,6,1,GPS Fix (SPS),Reverse
1770575659.0463548,57.83441300,12.30727917,57.83441435,12.30728011,2.419,2.500,79.70,4.65,1.240,0.63,6,6,1,GPS Fix (SPS),Stopped
1770575660.050052,57.83441367,12.30727367,57.83441401,12.30727689,2.419,2.500,79.70,4.65,1.240,0.83,6,6,1,GPS Fix (SPS),Stopped
1770575661.0481927,57.83441233,12.30727367,57.83441317,12.30727528,2.352,2.500,80.10,4.39,1.170,0.58,7,7,1,GPS Fix (SPS),Stopped
1770575662.0853574,57.83441367,12.30726817,57.83441342,12.30727172,2.352,2.500,80.30,4.39,1.170,0.40,7,7,1,GPS Fix (SPS),Reverse
1770575663.0460923,57.83441850,12.30726583,57.83441596,12.30726878,2.352,2.500,80.80,4.39,1.170,0.61,7,7,1,GPS Fix (SPS),Stopped
1770575664.0473585,57.83442667,12.30726417,57.83442131,12.30726647,2.352,2.500,81.10,4.39,1.170,1.54,7,7,1,GPS Fix (SPS),Stopped
1770575665.0777867,57.83443067,12.30725300,57.83442599,12.30725974,2.352,2.500,81.40,4.39,1.170,1.61,7,7,1,GPS Fix (SPS),Reverse
1770575666.066401,57.83443400,12.30724817,57.83442999,12.30725395,2.352,2.500,81.70,4.39,1.170,1.42,7,7,1,GPS Fix (SPS),Reverse
1770575667.049145,57.83443717,12.30724383,57.83443358,12.30724889,2.352,2.500,82.30,4.39,1.170,1.50,7,7,1,GPS Fix (SPS),Reverse
1770575668.0863514,57.83443217,12.30724950,57.83443287,12.30724920,2.352,2.500,82.40,4.39,1.170,0.24,7,7,1,GPS Fix (SPS),Stopped
1770575669.0526807,57.83443150,12.30725333,57.83443219,12.30725126,2.352,2.500,82.90,4.39,1.170,0.23,7,7,1,GPS Fix (SPS),Stopped
1770575670.0509806,57.83443750,12.30724650,57.83443484,12.30724888,2.352,2.500,83.10,4.39,1.170,0.92,7,7,1,GPS Fix (SPS),Stopped
1770575671.0597835,57.83443717,12.30724417,57.83443601,12.30724652,2.352,2.500,83.50,4.39,1.170,0.60,7,7,1,GPS Fix (SPS),Stopped
1770575672.0719635,57.83443767,12.30724467,57.83443684,12.30724560,2.352,2.500,83.80,4.39,1.170,0.48,7,7,1,GPS Fix (SPS),Stopped
1770575673.0458758,57.83443350,12.30724950,57.83443517,12.30724755,2.352,2.500,84.00,4.39,1.170,0.41,7,7,1,GPS Fix (SPS),Stopped
1770575674.0434604,57.83442850,12.30725900,57.83443183,12.30725327,2.352,2.500,84.10,4.39,1.170,1.05,7,7,1,GPS Fix (SPS),Forward
1770575675.0776346,57.83442917,12.30726017,57.83443050,12.30725672,2.352,2.500,84.00,4.39,1.170,0.69,7,7,1,GPS Fix (SPS),Forward
1770575676.0502229,57.83442750,12.30726200,57.83442900,12.30725936,2.352,2.500,84.00,4.39,1.170,0.71,7,7,1,GPS Fix (SPS),Stopped
1770575677.0779045,57.83442700,12.30726333,57.83442800,12.30726135,2.352,2.500,84.20,4.39,1.170,0.54,7,7,1,GPS Fix (SPS),Stopped
1770575678.0488703,57.83442433,12.30726533,57.83442617,12.30726334,2.352,2.500,84.10,4.39,1.170,0.76,7,7,1,GPS Fix (SPS),Stopped
1770575679.0616903,57.83442117,12.30726817,57.83442367,12.30726575,2.352,2.500,84.30,4.39,1.170,0.93,7,7,1,GPS Fix (SPS),Stopped
1770575680.059044,57.83442117,12.30726383,57.83442242,12.30726479,2.352,2.500,84.50,4.39,1.170,0.59,7,7,1,GPS Fix (SPS),Stopped
1770575681.0585177,57.83442533,12.30726317,57.83442388,12.30726398,2.352,2.500,84.60,4.39,1.170,0.47,7,7,1,GPS Fix (SPS),Stopped
1770575682.0535307,57.83442083,12.30727100,57.83442235,12.30726749,2.352,2.500,84.50,4.39,1.170,0.59,7,7,1,GPS Fix (SPS),Forward
1770575683.0392704,57.83442233,12.30727417,57.83442234,12.30727083,2.352,2.500,84.70,4.39,1.170,0.36,7,7,1,GPS Fix (SPS),Stopped
1770575684.064835,57.83442067,12.30727633,57.83442151,12.30727358,2.352,2.500,85.00,4.39,1.170,0.46,7,7,1,GPS Fix (SPS),Stopped
1770575685.0493405,57.83442950,12.30726650,57.83442550,12.30727004,2.352,2.500,85.00,4.39,1.170,1.31,7,7,1,GPS Fix (SPS),Reverse
1770575686.0166707,57.83442467,12.30727317,57.83442508,12.30727160,2.352,2.500,85.20,4.39,1.170,0.44,7,7,1,GPS Fix (SPS),Stopped
1770575687.0438416,57.83442133,12.30727950,57.83442321,12.30727555,2.410,2.500,85.20,4.61,1.230,0.32,6,6,1,GPS Fix (SPS),Forward
1770575688.0627615,57.83442150,12.30727783,57.83442235,12.30727669,2.410,2.500,85.30,4.61,1.230,0.24,6,6,1,GPS Fix (SPS),Stopped
1770575689.0766685,57.83441567,12.30728933,57.83441901,12.30728301,2.410,2.500,85.20,4.61,1.230,0.99,6,6,1,GPS Fix (SPS),Forward
1770575690.04609,57.83441867,12.30728533,57.83441884,12.30728417,2.410,2.500,84.90,4.61,1.230,0.08,6,6,1,GPS Fix (SPS),Stopped
1770575691.0686665,57.83441217,12.30728633,57.83441550,12.30728525,2.410,2.500,84.70,4.61,1.230,0.87,6,6,1,GPS Fix (SPS),Stopped
1770575692.0595176,57.83441183,12.30729367,57.83441367,12.30728946,2.410,2.500,84.20,4.61,1.230,0.90,6,6,1,GPS Fix (SPS),Forward
1770575693.0567255,57.83442083,12.30728800,57.83441725,12.30728873,2.352,2.500,84.50,4.39,1.170,0.43,7,7,1,GPS Fix (SPS),Stopped
1770575694.0444071,57.83442317,12.30728117,57.83442021,12.30728495,2.352,2.500,85.00,4.39,1.170,0.44,7,7,1,GPS Fix (SPS),Reverse
1770575695.084,57.83442383,12.30728383,57.83442202,12.30728439,2.352,2.500,85.10,4.39,1.170,0.02,7,7,1,GPS Fix (SPS),Stopped
1770575696.0492692,57.83442817,12.30727717,57.83442509,12.30728078,2.352,2.500,85.70,4.39,1.170,0.57,7,7,1,GPS Fix (SPS),Reverse
1770575697.0716667,57.83443367,12.30727633,57.83442938,12.30727856,2.352,2.500,86.10,4.39,1.170,0.77,7,7,1,GPS Fix (SPS),Stopped
1770575698.0590334,57.83442717,12.30728367,57.83442827,12.30728111,2.352,2.500,86.70,4.39,1.170,0.61,7,7,1,GPS Fix (SPS),Stopped
1770575699.0482867,57.83443167,12.30727517,57.83442997,12.30727814,2.352,2.500,86.90,4.39,1.170,0.56,7,7,1,GPS Fix (SPS),Stopped
1770575700.0520735,57.83443967,12.30726650,57.83443482,12.30727232,2.352,2.500,87.20,4.39,1.170,1.32,7,7,1,GPS Fix (SPS),Reverse
1770575701.087443,57.83444167,12.30726950,57.83443824,12.30727091,2.352,2.500,87.60,4.39,1.170,0.74,7,7,1,GPS Fix (SPS),Stopped
1770575702.0744278,57.83444467,12.30726867,57.83444145,12.30726979,2.352,2.500,88.00,4.39,1.170,0.34,7,7,1,GPS Fix (SPS),Stopped
1770575703.0725946,57.83444433,12.30726717,57.83444289,12.30726848,2.352,2.500,88.50,4.39,1.170,0.17,7,7,1,GPS Fix (SPS),Stopped
1770575704.0356286,57.83444117,12.30727150,57.83444203,12.30726999,2.352,2.500,88.70,4.39,1.170,0.49,7,7,1,GPS Fix (SPS),Stopped
1770575705.0172234,57.83444400,12.30727250,57.83444302,12.30727124,2.410,2.500,88.60,4.61,1.230,0.08,6,6,1,GPS Fix (SPS),Stopped
1770575706.0450444,57.83444167,12.30727400,57.83444234,12.30727262,2.848,2.500,88.60,6.34,1.690,0.45,5,5,1,GPS Fix (SPS),Stopped
1770575707.0394948,57.83444167,12.30728200,57.83444200,12.30727731,2.848,2.500,88.50,6.34,1.690,0.60,5,5,1,GPS Fix (SPS),Forward
1770575708.0654533,57.83443600,12.30729750,57.83443900,12.30728741,2.848,2.500,88.50,6.34,1.690,1.45,5,5,1,GPS Fix (SPS),Forward
1770575709.0909941,57.83444483,12.30729400,57.83444192,12.30729070,2.848,2.500,88.40,6.34,1.690,0.29,5,5,1,GPS Fix (SPS),Stopped
1770575710.014222,57.83444883,12.30729483,57.83444538,12.30729277,2.848,2.500,88.50,6.34,1.690,0.34,5,5,1,GPS Fix (SPS),Stopped
1770575711.0860531,57.83445250,12.30730500,57.83444894,12.30729888,2.848,2.500,88.60,6.34,1.690,0.91,5,5,1,GPS Fix (SPS),Forward
1770575712.0478084,57.83445100,12.30731000,57.83444997,12.30730444,2.848,2.500,88.70,6.34,1.690,0.62,5,5,1,GPS Fix (SPS),Forward
1770575713.0643113,57.83445467,12.30731150,57.83445232,12.30730797,2.848,2.500,88.70,6.34,1.690,0.48,5,5,1,GPS Fix (SPS),Forward
1770575714.0579383,57.83445683,12.30732000,57.83445458,12.30731399,2.848,2.500,88.80,6.34,1.690,0.77,5,5,1,GPS Fix (SPS),Forward
1770575715.0559852,57.83446017,12.30731683,57.83445737,12.30731541,2.848,2.500,88.70,6.34,1.690,0.66,5,5,1,GPS Fix (SPS),Stopped
1770575716.0901632,57.83446683,12.30731650,57.83446210,12.30731595,2.848,2.500,88.60,6.34,1.690,0.88,5,5,1,GPS Fix (SPS),Stopped
1770575717.0658438,57.83446783,12.30731633,57.83446497,12.30731614,2.410,2.500,88.60,4.61,1.230,0.61,6,6,1,GPS Fix (SPS),Stopped
1770575718.0710418,57.83447233,12.30731117,57.83446865,12.30731366,2.410,2.500,88.60,4.61,1.230,0.93,6,6,1,GPS Fix (SPS),Stopped
1770575719.0625021,57.83447500,12.30731017,57.83447183,12.30731191,2.410,2.500,88.50,4.61,1.230,0.72,6,6,1,GPS Fix (SPS),Stopped
1770575720.0932028,57.83447633,12.30731300,57.83447408,12.30731246,2.410,2.500,88.50,4.61,1.230,0.44,6,6,1,GPS Fix (SPS),Stopped
1770575721.0662396,57.83447767,12.30731283,57.83447587,12.30731264,2.410,2.500,88.70,4.61,1.230,0.26,6,6,1,GPS Fix (SPS),Stopped
1770575722.0842123,57.83447850,12.30730233,57.83447719,12.30730749,2.410,2.500,88.90,4.61,1.230,0.73,6,6,1,GPS Fix (SPS),Reverse
1770575723.0610452,57.83447767,12.30729683,57.83447743,12.30730216,2.410,2.500,88.90,4.61,1.230,0.91,6,6,1,GPS Fix (SPS),Reverse
1770575724.0605044,57.83447700,12.30729167,57.83447721,12.30729691,2.410,2.500,88.80,4.61,1.230,0.95,6,6,1,GPS Fix (SPS),Reverse
1770575725.084178,57.83447533,12.30730000,57.83447627,12.30729846,2.410,2.500,88.60,4.61,1.230,0.30,6,6,1,GPS Fix (SPS),Stopped
1770575726.0368712,57.83447517,12.30729550,57.83447572,12.30729698,2.410,2.500,88.80,4.61,1.230,0.63,6,6,1,GPS Fix (SPS),Stopped
1770575727.046525,57.83447400,12.30729433,57.83447486,12.30729566,2.410,2.500,88.70,4.61,1.230,0.62,6,6,1,GPS Fix (SPS),Stopped
1770575728.0368838,57.83447400,12.30728717,57.83447443,12.30729141,2.410,2.500,88.40,4.61,1.230,0.86,6,6,1,GPS Fix (SPS),Reverse
1770575729.0666783,57.83447383,12.30728217,57.83447413,12.30728679,2.410,2.500,87.90,4.61,1.230,0.86,6,6,1,GPS Fix (SPS),Reverse
1770575730.0632288,57.83447250,12.30728483,57.83447332,12.30728581,2.410,2.500,87.60,4.61,1.230,0.45,6,6,1,GPS Fix (SPS),Stopped
1770575731.0647833,57.83447533,12.30728200,57.83447432,12.30728391,2.410,2.500,87.40,4.61,1.230,0.59,6,6,1,GPS Fix (SPS),Stopped
1770575732.0477757,57.83447717,12.30728100,57.83447575,12.30728245,2.410,2.500,87.30,4.61,1.230,0.72,6,6,1,GPS Fix (SPS),Stopped
1770575733.0465055,57.83447917,12.30727667,57.83447746,12.30727956,2.410,2.500,87.00,4.61,1.230,0.75,6,6,1,GPS Fix (SPS),Stopped
1770575734.0753603,57.83448117,12.30728167,57.83447931,12.30728061,2.410,2.500,86.80,4.61,1.230,0.71,6,6,1,GPS Fix (SPS),Stopped
1770575735.0687087,57.83448083,12.30728000,57.83448007,12.30728031,2.410,2.500,86.60,4.61,1.230,0.61,6,6,1,GPS Fix (SPS),Stopped
1770575736.0471094,57.83448033,12.30728133,57.83448020,12.30728082,2.410,2.500,86.30,4.61,1.230,0.53,6,6,1,GPS Fix (SPS),Stopped
1770575737.041856,57.83448083,12.30728500,57.83448052,12.30728291,2.410,2.500,86.10,4.61,1.230,0.79,6,6,1,GPS Fix (SPS),Stopped
1770575738.037916,57.83447950,12.30727500,57.83448001,12.30727895,2.410,2.500,85.90,4.61,1.230,0.34,6,6,1,GPS Fix (SPS),Reverse
1770575739.051504,57.83447233,12.30728150,57.83447617,12.30728023,2.410,2.500,85.50,4.61,1.230,0.46,6,6,1,GPS Fix (SPS),Stopped
1770575740.0256627,57.83447117,12.30728183,57.83447367,12.30728103,2.410,2.500,85.50,4.61,1.230,0.08,6,6,1,GPS Fix (SPS),Stopped
1770575741.14048,57.83447300,12.30728033,57.83447333,12.30728068,2.410,2.500,85.20,4.61,1.230,0.69,6,6,1,GPS Fix (SPS),Stopped
1770575742.0626037,57.83447067,12.30728283,57.83447200,12.30728176,2.410,2.500,84.80,4.61,1.230,0.63,6,6,1,GPS Fix (SPS),Stopped
1770575743.0694318,57.83446167,12.30730217,57.83446683,12.30729196,2.352,2.500,84.10,4.39,1.170,1.31,7,7,1,GPS Fix (SPS),Forward
1770575744.0890882,57.83445650,12.30730850,57.83446167,12.30730023,2.352,2.500,83.30,4.39,1.170,1.13,7,7,1,GPS Fix (SPS),Forward
1770575745.0980718,57.83445383,12.30730683,57.83445775,12.30730353,2.352,2.500,82.90,4.39,1.170,0.84,7,7,1,GPS Fix (SPS),Stopped
1770575746.0878532,57.83445317,12.30730067,57.83445546,12.30730210,2.352,2.500,82.40,4.39,1.170,0.54,7,7,1,GPS Fix (SPS),Stopped
1770575747.092096,57.83445817,12.30730183,57.83445681,12.30730197,2.352,2.500,82.00,4.39,1.170,0.58,7,7,1,GPS Fix (SPS),Stopped
1770575748.035373,57.83445617,12.30729833,57.83445649,12.30730015,2.352,2.500,81.90,4.39,1.170,0.36,7,7,1,GPS Fix (SPS),Stopped
1770575749.026874,57.83445033,12.30730083,57.83445341,12.30730049,2.352,2.500,81.80,4.39,1.170,0.58,7,7,1,GPS Fix (SPS),Stopped
1770575750.0383213,57.83445133,12.30729767,57.83445237,12.30729908,2.352,2.500,81.50,4.39,1.170,0.36,7,7,1,GPS Fix (SPS),Stopped
1770575751.0758626,57.83445633,12.30729483,57.83445435,12.30729696,2.410,2.500,81.40,4.61,1.230,0.33,6,6,1,GPS Fix (SPS),Stopped
1770575752.1026797,57.83445900,12.30729733,57.83445668,12.30729714,2.410,2.500,81.30,4.61,1.230,0.60,6,6,1,GPS Fix (SPS),Stopped
1770575753.094797,57.83446367,12.30729350,57.83446017,12.30729532,2.410,2.500,81.30,4.61,1.230,0.89,6,6,1,GPS Fix (SPS),Stopped
1770575754.0648594,57.83446550,12.30729333,57.83446284,12.30729433,2.410,2.500,81.30,4.61,1.230,0.78,6,6,1,GPS Fix (SPS),Stopped
1770575755.072837,57.83446850,12.30729500,57.83446567,12.30729466,2.410,2.500,81.30,4.61,1.230,0.89,6,6,1,GPS Fix (SPS),Stopped
1770575756.0939023,57.83446983,12.30729900,57.83446775,12.30729683,2.410,2.500,81.30,4.61,1.230,1.01,6,6,1,GPS Fix (SPS),Stopped
1770575757.14395,57.83446833,12.30730167,57.83446804,12.30729925,2.352,2.500,80.90,4.39,1.170,0.64,7,7,1,GPS Fix (SPS),Stopped
1770575758.0300074,57.83446900,12.30729967,57.83446852,12.30729946,2.352,2.500,80.50,4.39,1.170,0.57,7,7,1,GPS Fix (SPS),Stopped
1770575759.043382,57.83446800,12.30730283,57.83446826,12.30730115,2.352,2.500,80.20,4.39,1.170,0.28,7,7,1,GPS Fix (SPS),Stopped
1770575760.0371985,57.83447000,12.30729900,57.83446913,12.30730007,2.352,2.500,79.80,4.39,1.170,0.62,7,7,1,GPS Fix (SPS),Stopped
1770575761.0481696,57.83447617,12.30729533,57.83447265,12.30729770,2.352,2.500,79.70,4.39,1.170,1.36,7,7,1,GPS Fix (SPS),Stopped
1770575762.0716474,57.83447217,12.30729250,57.83447241,12.30729510,2.352,2.500,79.90,4.39,1.170,0.79,7,7,1,GPS Fix (SPS),Stopped
1770575763.052053,57.83447217,12.30729200,57.83447229,12.30729355,2.695,2.500,79.90,5.74,1.530,0.53,6,6,1,GPS Fix (SPS),Stopped
1770575764.0308492,57.83447300,12.30729833,57.83447264,12.30729594,2.695,2.500,80.00,5.74,1.530,0.94,6,6,1,GPS Fix (SPS),Stopped
1770575765.075445,57.83446650,12.30729683,57.83446957,12.30729639,2.695,2.500,79.80,5.74,1.530,0.16,6,6,1,GPS Fix (SPS),Stopped
1770575766.070394,57.83446233,12.30730333,57.83446595,12.30729986,2.695,2.500,79.70,5.74,1.530,0.75,6,6,1,GPS Fix (SPS),Forward
1770575767.0891566,57.83446417,12.30729083,57.83446506,12.30729535,2.352,2.500,79.50,4.39,1.170,0.78,7,7,1,GPS Fix (SPS),Reverse
1770575768.0738668,57.83446017,12.30730600,57.83446261,12.30730067,2.352,2.500,79.60,4.39,1.170,0.97,7,7,1,GPS Fix (SPS),Forward
1770575769.083432,57.83446350,12.30730133,57.83446306,12.30730100,2.352,2.500,79.60,4.39,1.170,0.27,7,7,1,GPS Fix (SPS),Stopped
1770575770.028336,57.83446800,12.30730517,57.83446553,12.30730309,2.352,2.500,80.10,4.39,1.170,0.79,7,7,1,GPS Fix (SPS),Stopped
1770575771.0696087,57.83446767,12.30729833,57.83446660,12.30730071,2.352,2.500,80.50,4.39,1.170,0.08,7,7,1,GPS Fix (SPS),Stopped
1770575772.0571136,57.83447067,12.30729650,57.83446863,12.30729860,2.352,2.500,80.50,4.39,1.170,0.41,7,7,1,GPS Fix (SPS),Stopped
1770575773.1001706,57.83446867,12.30729583,57.83446865,12.30729722,2.352,2.500,80.60,4.39,1.170,0.36,7,7,1,GPS Fix (SPS),Stopped
1770575774.0790288,57.83447700,12.30730017,57.83447282,12.30729869,2.352,2.500,80.60,4.39,1.170,1.47,7,7,1,GPS Fix (SPS),Stopped
1770575775.0895214,57.83448400,12.30729867,57.83447841,12.30729868,2.352,2.500,80.50,4.39,1.170,1.85,7,7,1,GPS Fix (SPS),Stopped
1770575776.077916,57.83448183,12.30729883,57.83448012,12.30729876,2.352,2.500,80.60,4.39,1.170,1.07,7,7,1,GPS Fix (SPS),Stopped
1770575777.0696194,57.83448017,12.30730050,57.83448014,12.30729963,2.352,2.500,80.50,4.39,1.170,0.83,7,7,1,GPS Fix (SPS),Stopped
1770575778.0534408,57.83447033,12.30729700,57.83447524,12.30729831,2.695,2.500,80.20,5.74,1.530,0.62,6,6,1,GPS Fix (SPS),Stopped
1770575779.0911705,57.83447050,12.30729367,57.83447287,12.30729599,2.352,2.500,80.30,4.39,1.170,0.49,7,7,1,GPS Fix (SPS),Stopped
1770575780.0540874,57.83446867,12.30729667,57.83447077,12.30729633,2.352,2.500,80.30,4.39,1.170,0.66,7,7,1,GPS Fix (SPS),Stopped
1770575781.0707126,57.83446100,12.30730767,57.83446588,12.30730200,2.352,2.500,80.10,4.39,1.170,1.82,7,7,1,GPS Fix (SPS),Forward
1770575782.0918093,57.83445217,12.30730800,57.83445903,12.30730500,2.352,2.500,79.70,4.39,1.170,2.06,7,7,1,GPS Fix (SPS),Stopped
1770575783.0943062,57.83445333,12.30731550,57.83445618,12.30731025,2.352,2.500,79.40,4.39,1.170,1.73,7,7,1,GPS Fix (SPS),Forward
1770575784.1163397,57.83446183,12.30731017,57.83445901,12.30731021,2.352,2.500,79.10,4.39,1.170,0.37,7,7,1,GPS Fix (SPS),Stopped
1770575785.0559936,57.83445883,12.30730417,57.83445892,12.30730719,2.352,2.500,78.90,4.39,1.170,0.41,7,7,1,GPS Fix (SPS),Stopped
1770575786.0917315,57.83445800,12.30729917,57.83445846,12.30730318,2.352,2.500,78.90,4.39,1.170,0.66,7,7,1,GPS Fix (SPS),Reverse
1770575787.0355017,57.83446150,12.30729183,57.83445998,12.30729751,2.352,2.500,78.80,4.39,1.170,1.06,7,7,1,GPS Fix (SPS),Reverse
1770575788.088039,57.83445767,12.30729250,57.83445882,12.30729500,2.352,2.500,78.90,4.39,1.170,0.46,7,7,1,GPS Fix (SPS),Stopped
1770575789.0898747,57.83445183,12.30729600,57.83445533,12.30729550,2.352,2.500,78.60,4.39,1.170,0.67,7,7,1,GPS Fix (SPS),Stopped
1770575790.3627834,57.83445133,12.30729967,57.83445333,12.30729758,2.352,2.500,78.10,4.39,1.170,0.53,7,7,1,GPS Fix (SPS),Stopped
1770575791.0447707,57.83444800,12.30729433,57.83445067,12.30729596,2.352,2.500,77.90,4.39,1.170,0.43,7,7,1,GPS Fix (SPS),Stopped
1770575792.0891433,57.83444167,12.30730400,57.83444617,12.30729998,2.352,2.500,77.30,4.39,1.170,0.64,7,7,1,GPS Fix (SPS),Forward
1770575793.1141214,57.83443700,12.30730683,57.83444158,12.30730341,2.352,2.500,77.00,4.39,1.170,0.52,7,7,1,GPS Fix (SPS),Forward
1770575794.0987313,57.83442883,12.30730900,57.83443521,12.30730620,2.352,2.500,76.50,4.39,1.170,1.25,7,7,1,GPS Fix (SPS),Stopped
1770575795.1408544,57.83442133,12.30731133,57.83442827,12.30730877,2.352,2.500,76.50,4.39,1.170,1.66,7,7,1,GPS Fix (SPS),Stopped
1770575796.1586864,57.83441333,12.30731383,57.83442080,12.30731130,2.352,2.500,76.30,4.39,1.170,1.89,7,7,1,GPS Fix (SPS),Stopped
1770575797.0653756,57.83440583,12.30731817,57.83441332,12.30731473,2.352,2.500,76.10,4.39,1.170,2.00,7,7,1,GPS Fix (SPS),Forward
1770575798.0884614,57.83440000,12.30732550,57.83440666,12.30732012,2.352,2.500,75.90,4.39,1.170,2.14,7,7,1,GPS Fix (SPS),Forward
1770575799.0986736,57.83439917,12.30732600,57.83440291,12.30732306,2.352,2.500,75.60,4.39,1.170,1.64,7,7,1,GPS Fix (SPS),Stopped
1770575800.121542,57.83440167,12.30732283,57.83440229,12.30732295,2.352,2.500,75.30,4.39,1.170,0.87,7,7,1,GPS Fix (SPS),Stopped
1770575801.0478196,57.83440417,12.30732700,57.83440323,12.30732497,2.352,2.500,75.20,4.39,1.170,0.58,7,7,1,GPS Fix (SPS),Stopped
1770575802.0994961,57.83440683,12.30731933,57.83440503,12.30732215,2.352,2.500,75.00,4.39,1.170,0.11,7,7,1,GPS Fix (SPS),Stopped
1770575803.0424495,57.83441017,12.30731850,57.83440760,12.30732033,2.352,2.500,74.80,4.39,1.170,0.11,7,7,1,GPS Fix (SPS),Stopped
1770575804.1300066,57.83441200,12.30731083,57.83440980,12.30731558,2.352,2.500,74.70,4.39,1.170,0.59,7,7,1,GPS Fix (SPS),Reverse
1770575805.119986,57.83441533,12.30730783,57.83441257,12.30731171,2.352,2.500,74.60,4.39,1.170,0.84,7,7,1,GPS Fix (SPS),Reverse
1770575806.1602957,57.83441583,12.30731383,57.83441420,12.30731277,2.352,2.500,74.80,4.39,1.170,0.47,7,7,1,GPS Fix (SPS),Stopped
1770575807.1370318,57.83441667,12.30731833,57.83441543,12.30731555,2.352,2.500,75.20,4.39,1.170,0.23,7,7,1,GPS Fix (SPS),Stopped
1770575808.0544305,57.83441700,12.30732333,57.83441622,12.30731944,2.352,2.500,75.40,4.39,1.170,0.30,7,7,1,GPS Fix (SPS),Forward
1770575809.1442482,57.83441817,12.30731750,57.83441719,12.30731847,2.352,2.500,75.70,4.39,1.170,0.56,7,7,1,GPS Fix (SPS),Stopped
1770575810.0502334,57.83441833,12.30731400,57.83441776,12.30731624,2.352,2.500,75.40,4.39,1.170,0.74,7,7,1,GPS Fix (SPS),Stopped
1770575811.0501723,57.83441833,12.30731933,57.83441805,12.30731778,2.352,2.500,75.20,4.39,1.170,0.42,7,7,1,GPS Fix (SPS),Stopped
1770575812.0516486,57.83441900,12.30731433,57.83441852,12.30731606,2.352,2.500,75.00,4.39,1.170,0.52,7,7,1,GPS Fix (SPS),Stopped
1770575813.0573597,57.83441867,12.30731133,57.83441860,12.30731370,2.352,2.500,74.80,4.39,1.170,0.58,7,7,1,GPS Fix (SPS),Stopped
1770575814.0545483,57.83441767,12.30730283,57.83441813,12.30730826,2.352,2.500,74.50,4.39,1.170,1.15,7,7,1,GPS Fix (SPS),Reverse
1770575815.1214757,57.83441317,12.30729800,57.83441565,12.30730313,2.352,2.500,74.10,4.39,1.170,1.30,7,7,1,GPS Fix (SPS),Reverse
1770575816.100498,57.83441283,12.30729567,57.83441424,12.30729940,2.352,2.500,73.50,4.39,1.170,0.89,7,7,1,GPS Fix (SPS),Reverse
1770575817.1083245,57.83441133,12.30729200,57.83441279,12.30729570,2.352,2.500,73.30,4.39,1.170,0.96,7,7,1,GPS Fix (SPS),Reverse
1770575818.1029892,57.83441000,12.30730167,57.83441139,12.30729868,2.352,2.500,73.00,4.39,1.170,0.32,7,7,1,GPS Fix (SPS),Stopped
1770575819.046441,57.83440900,12.30729683,57.83441020,12.30729776,2.352,2.500,72.60,4.39,1.170,0.78,7,7,1,GPS Fix (SPS),Stopped
1770575820.0492387,57.83440950,12.30729700,57.83440985,12.30729738,2.352,2.500,72.50,4.39,1.170,0.35,7,7,1,GPS Fix (SPS),Stopped
1770575821.1059918,57.83441067,12.30729800,57.83441026,12.30729769,2.352,2.500,72.10,4.39,1.170,0.59,7,7,1,GPS Fix (SPS),Stopped
1770575822.0396945,57.83440867,12.30730883,57.83440946,12.30730326,2.352,2.500,71.90,4.39,1.170,0.41,7,7,1,GPS Fix (SPS),Forward
1770575823.1108172,57.83441133,12.30731150,57.83441040,12.30730738,2.352,2.500,71.60,4.39,1.170,0.40,7,7,1,GPS Fix (SPS),Forward
1770575824.0399034,57.83441583,12.30731250,57.83441312,12.30730994,2.352,2.500,71.30,4.39,1.170,0.75,7,7,1,GPS Fix (SPS),Stopped
1770575825.11051,57.83441650,12.30731450,57.83441481,12.30731222,2.352,2.500,70.70,4.39,1.170,0.67,7,7,1,GPS Fix (SPS),Stopped
1770575826.0559413,57.83441667,12.30731367,57.83441574,12.30731294,2.352,2.500,70.00,4.39,1.170,0.62,7,7,1,GPS Fix (SPS),Stopped
1770575827.0591075,57.83441917,12.30731617,57.83441745,12.30731456,2.352,2.500,69.60,4.39,1.170,0.96,7,7,1,GPS Fix (SPS),Stopped
1770575828.1486552,57.83441667,12.30732217,57.83441706,12.30731836,2.352,2.500,69.30,4.39,1.170,0.48,7,7,1,GPS Fix (SPS),Forward
1770575829.0460873,57.83441800,12.30731917,57.83441753,12.30731876,2.352,2.500,69.00,4.39,1.170,0.49,7,7,1,GPS Fix (SPS),Stopped
1770575830.154936,57.83442067,12.30731783,57.83441910,12.30731830,2.352,2.500,68.70,4.39,1.170,0.58,7,7,1,GPS Fix (SPS),Stopped
1770575831.1159058,57.83442450,12.30731700,57.83442180,12.30731765,2.352,2.500,68.30,4.39,1.170,1.04,7,7,1,GPS Fix (SPS),Stopped
1770575832.0960054,57.83443167,12.30732433,57.83442673,12.30732099,2.352,2.500,68.00,4.39,1.170,1.82,7,7,1,GPS Fix (SPS),Stopped
1770575833.2054677,57.83443183,12.30732783,57.83442928,12.30732441,2.352,2.500,67.70,4.39,1.170,1.35,7,7,1,GPS Fix (SPS),Forward
1770575834.1973062,57.83442817,12.30732883,57.83442872,12.30732662,2.352,2.500,67.60,4.39,1.170,0.61,7,7,1,GPS Fix (SPS),Stopped
1770575835.0562801,57.83442933,12.30733217,57.83442903,12.30732939,2.352,2.500,67.30,4.39,1.170,0.86,7,7,1,GPS Fix (SPS),Stopped
1770575836.055091,57.83443417,12.30733467,57.83443160,12.30733203,2.352,2.500,67.00,4.39,1.170,1.29,7,7,1,GPS Fix (SPS),Stopped
1770575837.1366272,57.83443183,12.30733517,57.83443172,12.30733360,2.352,2.500,66.90,4.39,1.170,0.52,7,7,1,GPS Fix (SPS),Stopped
1770575838.043559,57.83443467,12.30733567,57.83443319,12.30733463,2.352,2.500,66.80,4.39,1.170,0.70,7,7,1,GPS Fix (SPS),Stopped
1770575839.0986536,57.83443517,12.30733600,57.83443418,12.30733532,2.352,2.500,66.80,4.39,1.170,0.67,7,7,1,GPS Fix (SPS),Stopped
1770575840.0937927,57.83443017,12.30733700,57.83443217,12.30733616,2.352,2.500,66.80,4.39,1.170,0.21,7,7,1,GPS Fix (SPS),Stopped
1770575841.3181186,57.83443417,12.30733917,57.83443317,12.30733766,2.352,2.500,66.80,4.39,1.170,0.68,7,7,1,GPS Fix (SPS),Stopped
1770575842.0444915,57.83443100,12.30734517,57.83443208,12.30734141,2.352,2.500,66.90,4.39,1.170,0.51,7,7,1,GPS Fix (SPS),Forward
1770575843.103475,57.83443183,12.30734867,57.83443196,12.30734504,2.352,2.500,67.00,4.39,1.170,0.50,7,7,1,GPS Fix (SPS),Forward
1770575844.0525453,57.83443167,12.30735100,57.83443181,12.30734802,2.352,2.500,67.10,4.39,1.170,0.46,7,7,1,GPS Fix (SPS),Stopped
1770575845.1128798,57.83442783,12.30735117,57.83442982,12.30734959,2.352,2.500,67.10,4.39,1.170,0.48,7,7,1,GPS Fix (SPS),Stopped
1770575846.0909052,57.83442583,12.30735467,57.83442783,12.30735213,2.352,2.500,67.00,4.39,1.170,0.71,7,7,1,GPS Fix (SPS),Stopped
1770575847.1043785,57.83442617,12.30735417,57.83442700,12.30735315,2.352,2.500,67.10,4.39,1.170,0.45,7,7,1,GPS Fix (SPS),Stopped
1770575848.0704806,57.83442667,12.30735333,57.83442683,12.30735324,2.352,2.500,67.20,4.39,1.170,0.06,7,7,1,GPS Fix (SPS),Stopped
1770575849.084673,57.83441950,12.30735433,57.83442317,12.30735379,2.352,2.500,67.30,4.39,1.170,0.66,7,7,1,GPS Fix (SPS),Stopped
1770575850.1274643,57.83441250,12.30735267,57.83441783,12.30735323,2.352,2.500,67.30,4.39,1.170,1.25,7,7,1,GPS Fix (SPS),Stopped
1770575851.0983734,57.83440867,12.30735450,57.83441325,12.30735386,2.352,2.500,67.50,4.39,1.170,1.08,7,7,1,GPS Fix (SPS),Stopped
1770575852.0962262,57.83440900,12.30735200,57.83441112,12.30735293,2.352,2.500,67.50,4.39,1.170,0.63,7,7,1,GPS Fix (SPS),Stopped
1770575853.1490624,57.83440533,12.30735517,57.83440823,12.30735405,2.352,2.500,68.00,4.39,1.170,0.74,7,7,1,GPS Fix (SPS),Stopped
1770575854.1267986,57.83440467,12.30735800,57.83440645,12.30735602,2.352,2.500,68.10,4.39,1.170,0.74,7,7,1,GPS Fix (SPS),Stopped
1770575855.088282,57.83440083,12.30735867,57.83440364,12.30735735,2.352,2.500,68.00,4.39,1.170,1.09,7,7,1,GPS Fix (SPS),Stopped
1770575856.1446686,57.83440217,12.30736350,57.83440290,12.30736042,2.352,2.500,68.10,4.39,1.170,1.24,7,7,1,GPS Fix (SPS),Stopped
1770575857.0385346,57.83439600,12.30736450,57.83439945,12.30736246,2.352,2.500,68.00,4.39,1.170,1.05,7,7,1,GPS Fix (SPS),Stopped
1770575858.094767,57.83439783,12.30736117,57.83439864,12.30736181,2.352,2.500,67.70,4.39,1.170,0.39,7,7,1,GPS Fix (SPS),Stopped
1770575859.0909114,57.83439167,12.30735883,57.83439515,12.30736032,2.352,2.500,67.70,4.39,1.170,1.07,7,7,1,GPS Fix (SPS),Stopped
1770575860.0945687,57.83439400,12.30736167,57.83439458,12.30736100,2.352,2.500,67.60,4.39,1.170,0.79,7,7,1,GPS Fix (SPS),Stopped
1770575861.0449193,57.83439650,12.30735433,57.83439554,12.30735766,2.352,2.500,67.80,4.39,1.170,0.09,7,7,1,GPS Fix (SPS),Stopped
1770575862.043227,57.83440267,12.30734650,57.83439910,12.30735208,2.352,2.500,67.90,4.39,1.170,0.87,7,7,1,GPS Fix (SPS),Reverse
1770575863.0509188,57.83440950,12.30733850,57.83440430,12.30734529,2.352,2.500,67.90,4.39,1.170,1.47,7,7,1,GPS Fix (SPS),Reverse
1770575864.1343489,57.83441300,12.30733967,57.83440865,12.30734248,2.352,2.500,67.80,4.39,1.170,1.52,7,7,1,GPS Fix (SPS),Stopped
1770575865.116169,57.83441183,12.30734200,57.83441024,12.30734224,2.352,2.500,67.80,4.39,1.170,1.11,7,7,1,GPS Fix (SPS),Stopped
1770575866.0655673,57.83441333,12.30733483,57.83441179,12.30733854,2.352,2.500,67.70,4.39,1.170,1.11,7,7,1,GPS Fix (SPS),Reverse
1770575867.0753727,57.83440817,12.30733400,57.83440998,12.30733627,2.533,2.500,67.70,5.10,1.360,0.49,6,6,1,GPS Fix (SPS),Stopped
1770575868.046229,57.83440683,12.30733567,57.83440841,12.30733597,2.533,2.500,67.70,5.10,1.360,0.33,6,6,1,GPS Fix (SPS),Stopped
1770575869.0594037,57.83441350,12.30733917,57.83441095,12.30733757,2.533,2.500,68.10,5.10,1.360,0.54,6,6,1,GPS Fix (SPS),Stopped
1770575870.0380278,57.83441467,12.30733533,57.83441281,12.30733645,2.533,2.500,68.50,5.10,1.360,0.57,6,6,1,GPS Fix (SPS),Stopped
1770575871.0842655,57.83441283,12.30733833,57.83441282,12.30733739,2.533,2.500,68.60,5.10,1.360,0.14,6,6,1,GPS Fix (SPS),Stopped
1770575872.0746598,57.83441267,12.30733817,57.83441274,12.30733778,2.533,2.500,68.70,5.10,1.360,0.16,6,6,1,GPS Fix (SPS),Stopped
1770575873.0216877,57.83440750,12.30733450,57.83441012,12.30733614,2.352,2.500,69.00,4.39,1.170,0.92,7,7,1,GPS Fix (SPS),Stopped
1770575874.060427,57.83440433,12.30732783,57.83440723,12.30733199,2.352,2.500,69.20,4.39,1.170,1.37,7,7,1,GPS Fix (SPS),Reverse
1770575875.085742,57.83440983,12.30731167,57.83440853,12.30732183,2.352,2.500,69.80,4.39,1.170,1.96,7,7,1,GPS Fix (SPS),Reverse
1770575876.14583,57.83441067,12.30730717,57.83440960,12.30731450,2.352,2.500,70.40,4.39,1.170,1.79,7,7,1,GPS Fix (SPS),Reverse
1770575877.1043541,57.83441500,12.30731233,57.83441230,12.30731341,2.352,2.500,71.10,4.39,1.170,0.69,7,7,1,GPS Fix (SPS),Stopped
1770575878.138901,57.83442050,12.30731633,57.83441640,12.30731487,2.352,2.500,71.30,4.39,1.170,0.73,7,7,1,GPS Fix (SPS),Stopped
1770575879.085814,57.83442617,12.30730900,57.83442128,12.30731194,2.533,2.500,71.70,5.10,1.360,1.32,6,6,1,GPS Fix (SPS),Stopped
1770575880.1172585,57.83442933,12.30730600,57.83442531,12.30730897,2.533,2.500,71.80,5.10,1.360,1.41,6,6,1,GPS Fix (SPS),Stopped
1770575881.0734737,57.83442800,12.30730683,57.83442665,12.30730790,2.533,2.500,72.30,5.10,1.360,0.85,6,6,1,GPS Fix (SPS),Stopped
1770575882.0767188,57.83442983,12.30729583,57.83442824,12.30730187,2.533,2.500,72.50,5.10,1.360,1.57,6,6,1,GPS Fix (SPS),Reverse
1770575883.0789504,57.83443367,12.30730750,57.83443096,12.30730468,2.533,2.500,72.70,5.10,1.360,0.51,6,6,1,GPS Fix (SPS),Stopped
1770575884.1072116,57.83443167,12.30730483,57.83443131,12.30730476,2.533,2.500,73.10,5.10,1.360,0.40,6,6,1,GPS Fix (SPS),Stopped
1770575885.043445,57.83442617,12.30730450,57.83442874,12.30730463,2.352,2.500,73.40,4.39,1.170,0.79,7,7,1,GPS Fix (SPS),Stopped
1770575886.027738,57.83442367,12.30729817,57.83442620,12.30730140,2.352,2.500,73.30,4.39,1.170,1.08,7,7,1,GPS Fix (SPS),Stopped
1770575887.0778756,57.83442700,12.30728533,57.83442660,12.30729337,2.352,2.500,73.20,4.39,1.170,1.37,7,7,1,GPS Fix (SPS),Reverse
1770575888.116682,57.83442917,12.30726933,57.83442788,12.30728135,2.352,2.500,73.10,4.39,1.170,2.13,7,7,1,GPS Fix (SPS),Reverse
1770575889.1160371,57.83442617,12.30726317,57.83442703,12.30727226,2.352,2.500,73.20,4.39,1.170,1.99,7,7,1,GPS Fix (SPS),Reverse
1770575890.096338,57.83442383,12.30725417,57.83442543,12.30726321,2.352,2.500,73.30,4.39,1.170,2.20,7,7,1,GPS Fix (SPS),Reverse
1770575891.3172467,57.83441883,12.30724550,57.83442213,12.30725436,2.352,2.500,73.50,4.39,1.170,2.41,7,7,1,GPS Fix (SPS),Reverse
1770575892.0904572,57.83441733,12.30725700,57.83441973,12.30725568,2.352,2.500,73.70,4.39,1.170,1.54,7,7,1,GPS Fix (SPS),Stopped
1770575893.0925941,57.83442083,12.30726567,57.83442028,12.30726067,2.352,2.500,73.90,4.39,1.170,0.83,7,7,1,GPS Fix (SPS),Forward
1770575894.0672834,57.83442767,12.30727833,57.83442397,12.30726950,2.533,2.500,74.30,5.10,1.360,0.41,6,6,1,GPS Fix (SPS),Forward
1770575895.111306,57.83442567,12.30728467,57.83442482,12.30727708,2.943,2.500,74.60,6.71,1.790,0.52,6,6,1,GPS Fix (SPS),Forward
1770575896.1572707,57.83442367,12.30728700,57.83442424,12.30728204,2.943,2.500,74.60,6.71,1.790,0.71,6,6,1,GPS Fix (SPS),Forward
1770575897.1249235,57.83443117,12.30728933,57.83442771,12.30728569,2.943,2.500,74.80,6.71,1.790,0.45,6,6,1,GPS Fix (SPS),Forward
1770575898.2997396,57.83442850,12.30729017,57.83442810,12.30728793,2.943,2.500,75.30,6.71,1.790,0.31,6,6,1,GPS Fix (SPS),Stopped
1770575899.1108444,57.83442567,12.30728967,57.83442688,12.30728880,2.943,2.500,75.50,6.71,1.790,0.49,6,6,1,GPS Fix (SPS),Stopped
1770575900.070785,57.83442433,12.30729017,57.83442561,12.30728948,2.943,2.500,75.70,6.71,1.790,0.55,6,6,1,GPS Fix (SPS),Stopped
1770575901.0436206,57.83442717,12.30729650,57.83442639,12.30729299,2.943,2.500,75.70,6.71,1.790,0.32,6,6,1,GPS Fix (SPS),Forward
1770575902.1298344,57.83442750,12.30730933,57.83442694,12.30730116,2.943,2.500,75.90,6.71,1.790,0.85,6,6,1,GPS Fix (SPS),Forward
1770575903.1333368,57.83442833,12.30730100,57.83442764,12.30730108,2.943,2.500,76.00,6.71,1.790,0.30,6,6,1,GPS Fix (SPS),Stopped
1770575904.061683,57.83443200,12.30728633,57.83442982,12.30729371,2.943,2.500,76.20,6.71,1.790,0.31,6,6,1,GPS Fix (SPS),Reverse
1770575905.0671253,57.83443167,12.30728583,57.83443074,12.30728977,2.943,2.500,76.60,6.71,1.790,0.33,6,6,1,GPS Fix (SPS),Reverse
1770575906.143808,57.83443233,12.30727917,57.83443154,12.30728447,2.943,2.500,76.60,6.71,1.790,0.70,6,6,1,GPS Fix (SPS),Reverse
1770575907.1494448,57.83442600,12.30727417,57.83442877,12.30727932,2.943,2.500,76.60,6.71,1.790,1.08,6,6,1,GPS Fix (SPS),Reverse
1770575908.142478,57.83441383,12.30727550,57.83442130,12.30727741,2.943,2.500,76.30,6.71,1.790,1.92,6,6,1,GPS Fix (SPS),Stopped
1770575909.130901,57.83441600,12.30727950,57.83441865,12.30727845,2.943,2.500,75.70,6.71,1.790,0.89,6,6,1,GPS Fix (SPS),Stopped
1770575910.0676847,57.83440867,12.30727767,57.83441366,12.30727806,2.705,2.500,75.70,5.78,1.540,1.73,6,6,1,GPS Fix (SPS),Stopped
1770575911.1025472,57.83440683,12.30728233,57.83441025,12.30728020,2.705,2.500,75.90,5.78,1.540,1.31,6,6,1,GPS Fix (SPS),Stopped
1770575912.135,57.83440850,12.30727067,57.83440937,12.30727543,2.705,2.500,75.90,5.78,1.540,1.29,6,6,1,GPS Fix (SPS),Reverse
1770575913.136097,57.83441067,12.30726833,57.83441002,12.30727188,2.705,2.500,75.80,5.78,1.540,1.01,6,6,1,GPS Fix (SPS),Reverse
1770575914.0598814,57.83440783,12.30726233,57.83440893,12.30726711,2.705,2.500,75.90,5.78,1.540,1.37,6,6,1,GPS Fix (SPS),Reverse
1770575915.1024766,57.83440267,12.30725700,57.83440580,12.30726205,3.067,2.500,76.00,7.20,1.920,1.69,5,5,1,GPS Fix (SPS),Reverse
1770575916.1467822,57.83439467,12.30725600,57.83440023,12.30725903,3.067,2.500,75.70,7.20,1.920,1.87,5,5,1,GPS Fix (SPS),Stopped
1770575917.1106603,57.83439867,12.30725600,57.83439945,12.30725751,3.314,2.500,75.60,8.18,2.180,1.12,4,4,1,GPS Fix (SPS),Stopped
1770575918.0603278,57.83440417,12.30726067,57.83440181,12.30725909,3.314,2.500,75.60,8.18,2.180,0.53,4,4,1,GPS Fix (SPS),Stopped
1770575919.0514634,57.83440083,12.30725333,57.83440132,12.30725621,2.352,2.500,75.80,4.39,1.170,1.26,7,7,1,GPS Fix (SPS),Stopped
1770575920.042429,57.83440433,12.30724433,57.83440283,12.30725027,3.067,2.500,75.50,7.20,1.920,1.63,5,5,1,GPS Fix (SPS),Reverse
1770575921.0985856,57.83441017,12.30723700,57.83440650,12.30724364,2.352,2.500,75.20,4.39,1.170,1.15,7,7,1,GPS Fix (SPS),Reverse
1770575922.0817518,57.83440500,12.30722183,57.83440575,12.30723273,2.352,2.500,74.80,4.39,1.170,1.43,7,7,1,GPS Fix (SPS),Reverse
1770575923.088542,57.83439917,12.30720050,57.83440246,12.30721662,2.352,2.500,74.10,4.39,1.170,2.25,7,7,1,GPS Fix (SPS),Reverse
1770575924.0762613,57.83439867,12.30717733,57.83440056,12.30719698,2.352,2.500,73.20,4.39,1.170,2.84,7,7,1,GPS Fix (SPS),Reverse
1770575925.0760224,57.83440167,12.30715667,57.83440111,12.30717682,2.352,2.500,72.30,4.39,1.170,2.73,7,7,1,GPS Fix (SPS),Reverse
1770575926.115262,57.83440200,12.30715417,57.83440156,12.30716549,2.352,2.500,71.20,4.39,1.170,2.24,7,7,1,GPS Fix (SPS),Reverse
1770575927.1013331,57.83440367,12.30714967,57.83440261,12.30715758,2.943,2.500,71.10,6.71,1.790,2.20,6,6,1,GPS Fix (SPS),Reverse
1770575928.1047294,57.83440283,12.30714650,57.83440272,12.30715204,2.943,2.500,70.70,6.71,1.790,1.93,6,6,1,GPS Fix (SPS),Reverse
1770575929.117477,57.83440000,12.30714217,57.83440136,12.30714710,2.943,2.500,70.30,6.71,1.790,1.82,6,6,1,GPS Fix (SPS),Reverse
1770575930.039407,57.83439667,12.30714250,57.83439901,12.30714480,2.943,2.500,70.20,6.71,1.790,1.32,6,6,1,GPS Fix (SPS),Stopped
1770575931.0932705,57.83439767,12.30714567,57.83439834,12.30714523,2.943,2.500,70.10,6.71,1.790,0.73,6,6,1,GPS Fix (SPS),Stopped
1770575932.0870981,57.83439700,12.30714867,57.83439767,12.30714695,2.943,2.500,69.40,6.71,1.790,0.43,6,6,1,GPS Fix (SPS),Stopped
1770575933.067986,57.83439517,12.30715517,57.83439642,12.30715106,2.943,2.500,69.00,6.71,1.790,0.17,6,6,1,GPS Fix (SPS),Forward
1770575934.073194,57.83439083,12.30715950,57.83439363,12.30715528,2.943,2.500,68.60,6.71,1.790,0.61,6,6,1,GPS Fix (SPS),Forward
1770575935.0922105,57.83438600,12.30716283,57.83438981,12.30715906,2.943,2.500,68.60,6.71,1.790,0.94,6,6,1,GPS Fix (SPS),Forward
1770575936.0964637,57.83438600,12.30717300,57.83438791,12.30716603,2.943,2.500,68.30,6.71,1.790,0.69,6,6,1,GPS Fix (SPS),Forward
1770575937.1237783,57.83438033,12.30718100,57.83438412,12.30717351,2.943,2.500,68.20,6.71,1.790,1.27,6,6,1,GPS Fix (SPS),Forward
1770575938.0920012,57.83438533,12.30718083,57.83438473,12.30717717,2.943,2.500,68.00,6.71,1.790,0.34,6,6,1,GPS Fix (SPS),Forward
1770575939.0852873,57.83438433,12.30718983,57.83438453,12.30718350,2.943,2.500,67.90,6.71,1.790,0.42,6,6,1,GPS Fix (SPS),Forward
1770575940.1144345,57.83438467,12.30720050,57.83438460,12.30719200,2.352,2.500,68.20,4.39,1.170,0.27,7,7,1,GPS Fix (SPS),Forward
1770575941.099743,57.83438633,12.30720600,57.83438547,12.30719900,2.352,2.500,68.50,4.39,1.170,0.24,7,7,1,GPS Fix (SPS),Forward
1770575942.1205888,57.83439383,12.30720800,57.83438965,12.30720350,2.352,2.500,68.60,4.39,1.170,0.98,7,7,1,GPS Fix (SPS),Forward
1770575943.1207066,57.83440300,12.30720650,57.83439632,12.30720500,2.352,2.500,68.60,4.39,1.170,1.68,7,7,1,GPS Fix (SPS),Stopped
1770575944.1510184,57.83440900,12.30720517,57.83440266,12.30720508,2.352,2.500,68.50,4.39,1.170,2.04,7,7,1,GPS Fix (SPS),Stopped
1770575945.1136584,57.83441150,12.30719983,57.83440708,12.30720246,2.352,2.500,68.30,4.39,1.170,2.13,7,7,1,GPS Fix (SPS),Stopped
1770575946.131573,57.83441400,12.30720567,57.83441054,12.30720406,2.352,2.500,68.60,4.39,1.170,1.94,7,7,1,GPS Fix (SPS),Stopped
1770575947.1374402,57.83441717,12.30720550,57.83441385,12.30720478,2.352,2.500,68.90,4.39,1.170,1.76,7,7,1,GPS Fix (SPS),Stopped
1770575948.1404471,57.83441783,12.30720317,57.83441584,12.30720397,2.352,2.500,69.00,4.39,1.170,1.61,7,7,1,GPS Fix (SPS),Stopped
1770575949.0893793,57.83441783,12.30720133,57.83441684,12.30720265,2.990,2.500,68.90,6.90,1.840,1.64,5,5,1,GPS Fix (SPS),Stopped
1770575950.040311,57.83442817,12.30718367,57.83442250,12.30719316,2.990,2.500,68.80,6.90,1.840,3.14,5,5,1,GPS Fix (SPS),Reverse
1770575951.0948951,57.83441883,12.30718667,57.83442067,12.30718991,3.686,2.500,69.00,9.64,2.570,1.95,4,4,1,GPS Fix (SPS),Stopped
1770575952.078072,57.83441850,12.30719283,57.83441958,12.30719137,3.686,2.500,69.00,9.64,2.570,1.11,4,4,1,GPS Fix (SPS),Stopped
1770575953.0646906,57.83441967,12.30718433,57.83441963,12.30718785,3.686,2.500,69.00,9.64,2.570,1.83,4,4,1,GPS Fix (SPS),Reverse
1770575954.0504355,57.83442250,12.30719217,57.83442106,12.30719001,3.686,2.500,69.10,9.64,2.570,1.38,4,4,1,GPS Fix (SPS),Stopped
1770575955.0989234,57.83443117,12.30719900,57.83442611,12.30719451,3.000,2.500,69.50,6.94,1.850,1.25,5,5,1,GPS Fix (SPS),Forward
1770575956.1304727,57.83442133,12.30721350,57.83442372,12.30720400,3.000,2.500,69.60,6.94,1.850,0.81,5,5,1,GPS Fix (SPS),Forward
1770575957.0944283,57.83442133,12.30721750,57.83442253,12.30721075,2.990,2.500,69.80,6.90,1.840,0.66,5,5,1,GPS Fix (SPS),Forward
1770575958.1467185,57.83440967,12.30722733,57.83441610,12.30721904,2.990,2.500,70.00,6.90,1.840,1.59,5,5,1,GPS Fix (SPS),Forward
1770575959.1260526,57.83441483,12.30724567,57.83441547,12.30723235,2.990,2.500,70.50,6.90,1.840,0.68,5,5,1,GPS Fix (SPS),Forward
1770575960.1124914,57.83441567,12.30726050,57.83441557,12.30724643,2.990,2.500,70.90,6.90,1.840,0.58,5,5,1,GPS Fix (SPS),Forward
1770575961.064114,57.83441400,12.30727833,57.83441478,12.30726238,2.990,2.500,71.40,6.90,1.840,1.11,5,5,1,GPS Fix (SPS),Forward
1770575962.1516626,57.83441217,12.30728167,57.83441347,12.30727202,2.990,2.500,72.00,6.90,1.840,0.65,5,5,1,GPS Fix (SPS),Forward
1770575963.150757,57.83441267,12.30728983,57.83441307,12.30728093,3.000,2.500,72.50,6.94,1.850,0.59,5,5,1,GPS Fix (SPS),Forward
1770575964.1810532,57.83440300,12.30730800,57.83440804,12.30729446,3.000,2.500,72.80,6.94,1.850,1.47,5,5,1,GPS Fix (SPS),Forward
1770575965.1422303,57.83439533,12.30733083,57.83440168,12.30731265,3.000,2.500,73.10,6.94,1.850,2.34,5,5,1,GPS Fix (SPS),Forward
1770575966.0950038,57.83439400,12.30734417,57.83439784,12.30732841,3.000,2.500,73.50,6.94,1.850,2.25,5,5,1,GPS Fix (SPS),Forward
1770575967.0928516,57.83440150,12.30734783,57.83439967,12.30733812,3.000,2.500,74.00,6.94,1.850,1.26,5,5,1,GPS Fix (SPS),Forward
1770575968.1333375,57.83439217,12.30736633,57.83439592,12.30735223,3.000,2.500,74.60,6.94,1.850,2.09,5,5,1,GPS Fix (SPS),Forward
1770575969.15141,57.83438767,12.30738633,57.83439179,12.30736928,3.000,2.500,74.70,6.94,1.850,2.70,5,5,1,GPS Fix (SPS),Forward
1770575970.140497,57.83438767,12.30739500,57.83438973,12.30738214,3.000,2.500,74.80,6.94,1.850,2.23,5,5,1,GPS Fix (SPS),Forward
1770575971.122162,57.83437883,12.30740883,57.83438428,12.30739549,3.000,2.500,75.30,6.94,1.850,2.56,5,5,1,GPS Fix (SPS),Forward
1770575972.1059227,57.83438433,12.30740700,57.83438431,12.30740124,3.000,2.500,75.70,6.94,1.850,1.49,5,5,1,GPS Fix (SPS),Forward
1770575973.1324575,57.83437800,12.30742083,57.83438115,12.30741104,3.000,2.500,75.90,6.94,1.850,2.06,5,5,1,GPS Fix (SPS),Forward
1770575974.103894,57.83438917,12.30742417,57.83438516,12.30741760,3.000,2.500,76.20,6.94,1.850,1.11,5,5,1,GPS Fix (SPS),Forward
1770575975.1651287,57.83438517,12.30743367,57.83438516,12.30742563,3.000,2.500,76.70,6.94,1.850,1.59,5,5,1,GPS Fix (SPS),Forward
1770575976.0832512,57.83438167,12.30744850,57.83438342,12.30743707,3.000,2.500,77.30,6.94,1.850,1.96,5,5,1,GPS Fix (SPS),Forward
1770575977.108599,57.83438733,12.30744567,57.83438537,12.30744137,3.000,2.500,77.50,6.94,1.850,0.98,5,5,1,GPS Fix (SPS),Forward
1770575978.0782049,57.83438633,12.30745067,57.83438585,12.30744602,3.000,2.500,78.00,6.94,1.850,1.55,5,5,1,GPS Fix (SPS),Forward
1770575979.1248133,57.83438483,12.30745333,57.83438534,12.30744968,2.714,2.500,78.00,5.81,1.550,1.89,6,6,1,GPS Fix (SPS),Forward
1770575980.0940585,57.83439100,12.30745717,57.83438817,12.30745342,2.714,2.500,78.10,5.81,1.550,1.71,6,6,1,GPS Fix (SPS),Forward
1770575981.0797634,57.83438850,12.30745917,57.83438834,12.30745629,2.714,2.500,78.30,5.81,1.550,1.83,6,6,1,GPS Fix (SPS),Stopped
1770575982.0727684,57.83440500,12.30744183,57.83439667,12.30744906,3.000,2.500,78.50,6.94,1.850,0.89,5,5,1,GPS Fix (SPS),Reverse
1770575983.0858235,57.83440450,12.30744100,57.83440058,12.30744503,3.000,2.500,78.50,6.94,1.850,0.77,5,5,1,GPS Fix (SPS),Reverse
1770575984.1095085,57.83440267,12.30744433,57.83440163,12.30744468,3.000,2.500,78.80,6.94,1.850,1.11,5,5,1,GPS Fix (SPS),Stopped
1770575985.0842059,57.83442017,12.30744400,57.83441090,12.30744434,2.714,2.500,79.00,5.81,1.550,0.22,6,6,1,GPS Fix (SPS),Stopped
1770575986.0897756,57.83441783,12.30744767,57.83441436,12.30744600,2.714,2.500,79.70,5.81,1.550,0.89,6,6,1,GPS Fix (SPS),Stopped
1770575987.0914035,57.83442317,12.30744900,57.83441877,12.30744750,2.714,2.500,79.90,5.81,1.550,0.64,6,6,1,GPS Fix (SPS),Stopped
1770575988.3131952,57.83442583,12.30745283,57.83442230,12.30745017,2.714,2.500,80.00,5.81,1.550,0.82,6,6,1,GPS Fix (SPS),Stopped
1770575989.1266582,57.83442567,12.30744817,57.83442398,12.30744917,2.714,2.500,80.10,5.81,1.550,1.02,6,6,1,GPS Fix (SPS),Stopped
1770575990.0481517,57.83442317,12.30744417,57.83442357,12.30744667,2.714,2.500,80.20,5.81,1.550,1.41,6,6,1,GPS Fix (SPS),Stopped
1770575991.0494177,57.83442167,12.30743450,57.83442262,12.30744058,2.714,2.500,80.20,5.81,1.550,1.69,6,6,1,GPS Fix (SPS),Reverse
1770575992.2306125,57.83442100,12.30743383,57.83442181,12.30743721,2.714,2.500,80.00,5.81,1.550,1.45,6,6,1,GPS Fix (SPS),Stopped
1770575993.0454147,57.83443033,12.30742283,57.83442607,12.30743002,2.714,2.500,80.10,5.81,1.550,1.05,6,6,1,GPS Fix (SPS),Reverse
1770575994.142227,57.83443300,12.30741433,57.83442954,12.30742218,2.714,2.500,80.30,5.81,1.550,1.22,6,6,1,GPS Fix (SPS),Reverse
1770575995.08962,57.83443300,12.30741333,57.83443127,12.30741776,2.714,2.500,80.40,5.81,1.550,0.83,6,6,1,GPS Fix (SPS),Reverse
1770575996.0862875,57.83442250,12.30742283,57.83442688,12.30742029,2.714,2.500,80.40,5.81,1.550,0.88,6,6,1,GPS Fix (SPS),Stopped
1770575997.0870783,57.83442900,12.30740717,57.83442794,12.30741373,2.714,2.500,80.30,5.81,1.550,1.10,6,6,1,GPS Fix (SPS),Reverse
1770575998.1143293,57.83442717,12.30739950,57.83442755,12.30740662,2.714,2.500,80.40,5.81,1.550,1.41,6,6,1,GPS Fix (SPS),Reverse
1770575999.093133,57.83442250,12.30739767,57.83442503,12.30740214,2.714,2.500,80.40,5.81,1.550,1.22,6,6,1,GPS Fix (SPS),Reverse
1770576000.129372,57.83442367,12.30740167,57.83442435,12.30740190,2.714,2.500,80.40,5.81,1.550,0.33,6,6,1,GPS Fix (SPS),Stopped
1770576001.1341338,57.83443383,12.30739017,57.83442909,12.30739604,2.714,2.500,80.30,5.81,1.550,1.59,6,6,1,GPS Fix (SPS),Reverse
1770576002.1487012,57.83443450,12.30739500,57.83443180,12.30739552,2.352,2.500,80.20,4.39,1.170,1.66,7,7,1,GPS Fix (SPS),Stopped
1770576003.179285,57.83441900,12.30739767,57.83442540,12.30739659,2.352,2.500,80.20,4.39,1.170,0.38,7,7,1,GPS Fix (SPS),Stopped
1770576004.3936465,57.83441317,12.30739767,57.83441928,12.30739713,2.352,2.500,79.60,4.39,1.170,0.41,7,7,1,GPS Fix (SPS),Stopped
1770576005.1228392,57.83441483,12.30739900,57.83441706,12.30739806,2.352,2.500,79.20,4.39,1.170,0.71,7,7,1,GPS Fix (SPS),Stopped
1770576006.180832,57.83441100,12.30739317,57.83441403,12.30739562,2.533,2.500,79.00,5.10,1.360,0.31,6,6,1,GPS Fix (SPS),Stopped
1770576007.1415212,57.83440167,12.30739333,57.83440785,12.30739447,2.533,2.500,78.90,5.10,1.360,1.09,6,6,1,GPS Fix (SPS),Stopped
1770576008.1117966,57.83440250,12.30739017,57.83440517,12.30739232,2.533,2.500,79.00,5.10,1.360,0.52,6,6,1,GPS Fix (SPS),Stopped
1770576009.1151779,57.83439717,12.30738817,57.83440117,12.30739024,2.533,2.500,79.00,5.10,1.360,1.07,6,6,1,GPS Fix (SPS),Stopped
1770576010.1103854,57.83439217,12.30737483,57.83439667,12.30738254,2.533,2.500,79.10,5.10,1.360,1.65,6,6,1,GPS Fix (SPS),Reverse
1770576011.1010253,57.83439400,12.30736333,57.83439533,12.30737294,2.619,2.500,79.30,5.44,1.450,1.41,6,6,1,GPS Fix (SPS),Reverse
1770576012.1017423,57.83438900,12.30734833,57.83439217,12.30736063,2.619,2.500,79.40,5.44,1.450,1.85,6,6,1,GPS Fix (SPS),Reverse
1770576013.096692,57.83438533,12.30733917,57.83438875,12.30734990,2.619,2.500,79.20,5.44,1.450,1.95,6,6,1,GPS Fix (SPS),Reverse
1770576014.1159563,57.83438783,12.30733833,57.83438829,12.30734412,2.619,2.500,79.20,5.44,1.450,1.51,6,6,1,GPS Fix (SPS),Reverse
1770576015.0785966,57.83439267,12.30734033,57.83439048,12.30734223,2.619,2.500,79.20,5.44,1.450,1.04,6,6,1,GPS Fix (SPS),Stopped
1770576016.0648756,57.83439217,12.30733417,57.83439132,12.30733820,2.619,2.500,79.30,5.44,1.450,1.06,6,6,1,GPS Fix (SPS),Reverse
1770576017.0990965,57.83439633,12.30732967,57.83439383,12.30733393,2.448,2.500,79.30,4.76,1.270,0.65,6,6,1,GPS Fix (SPS),Reverse
1770576018.0809002,57.83439517,12.30732967,57.83439450,12.30733180,2.352,2.500,79.10,4.39,1.170,0.84,7,7,1,GPS Fix (SPS),Stopped
1770576019.0613277,57.83439183,12.30732883,57.83439317,12.30733032,2.352,2.500,78.90,4.39,1.170,1.03,7,7,1,GPS Fix (SPS),Stopped
1770576020.0584166,57.83439183,12.30732050,57.83439250,12.30732541,2.448,2.500,79.00,4.76,1.270,1.07,6,6,1,GPS Fix (SPS),Reverse
1770576021.1043992,57.83439083,12.30730600,57.83439167,12.30731570,2.448,2.500,79.20,4.76,1.270,1.40,6,6,1,GPS Fix (SPS),Reverse
1770576022.1282814,57.83439383,12.30728450,57.83439275,12.30730010,2.448,2.500,79.10,4.76,1.270,2.22,6,6,1,GPS Fix (SPS),Reverse
1770576023.097144,57.83439567,12.30728083,57.83439421,12.30729047,2.686,2.500,78.80,5.70,1.520,1.81,5,5,1,GPS Fix (SPS),Reverse
1770576024.098676,57.83440517,12.30727717,57.83439969,12.30728382,2.686,2.500,78.60,5.70,1.520,1.47,5,5,1,GPS Fix (SPS),Reverse
1770576025.1205163,57.83440300,12.30726283,57.83440134,12.30727333,2.686,2.500,78.20,5.70,1.520,1.95,5,5,1,GPS Fix (SPS),Reverse
1770576026.1046576,57.83439900,12.30725783,57.83440017,12.30726558,2.686,2.500,78.10,5.70,1.520,1.84,5,5,1,GPS Fix (SPS),Reverse
1770576027.1119847,57.83439633,12.30724750,57.83439825,12.30725654,2.686,2.500,77.90,5.70,1.520,2.07,5,5,1,GPS Fix (SPS),Reverse
1770576028.1144826,57.83439500,12.30725567,57.83439663,12.30725610,2.686,2.500,77.70,5.70,1.520,1.14,5,5,1,GPS Fix (SPS),Stopped
1770576029.1308038,57.83439083,12.30724550,57.83439373,12.30725080,2.352,2.500,78.20,4.39,1.170,1.38,7,7,1,GPS Fix (SPS),Reverse
1770576030.1568012,57.83439450,12.30725100,57.83439411,12.30725090,2.352,2.500,78.30,4.39,1.170,0.37,7,7,1,GPS Fix (SPS),Stopped
1770576031.0597756,57.83440000,12.30726317,57.83439706,12.30725703,2.352,2.500,78.40,4.39,1.170,0.71,7,7,1,GPS Fix (SPS),Forward
1770576032.0492032,57.83440150,12.30726850,57.83439928,12.30726277,2.352,2.500,78.80,4.39,1.170,0.72,7,7,1,GPS Fix (SPS),Forward
1770576033.1217716,57.83440483,12.30727333,57.83440206,12.30726805,2.352,2.500,78.90,4.39,1.170,0.86,7,7,1,GPS Fix (SPS),Forward
1770576034.1034675,57.83440700,12.30727683,57.83440453,12.30727244,2.352,2.500,78.90,4.39,1.170,0.84,7,7,1,GPS Fix (SPS),Forward
1770576035.111336,57.83441033,12.30728233,57.83440743,12.30727739,2.352,2.500,78.90,4.39,1.170,1.17,7,7,1,GPS Fix (SPS),Forward
1770576036.1551511,57.83441183,12.30728817,57.83440963,12.30728278,2.352,2.500,78.90,4.39,1.170,1.01,7,7,1,GPS Fix (SPS),Forward
1770576037.1147752,57.83440867,12.30728233,57.83440915,12.30728256,2.352,2.500,79.00,4.39,1.170,0.09,7,7,1,GPS Fix (SPS),Stopped
1770576038.0467036,57.83441933,12.30730100,57.83441424,12.30729178,2.352,2.500,79.10,4.39,1.170,1.87,7,7,1,GPS Fix (SPS),Forward
1770576039.1054075,57.83441300,12.30730083,57.83441362,12.30729631,2.619,2.500,79.00,5.44,1.450,0.85,6,6,1,GPS Fix (SPS),Forward
1770576040.1065452,57.83439650,12.30730483,57.83440506,12.30730057,2.619,2.500,78.80,5.44,1.450,2.22,6,6,1,GPS Fix (SPS),Forward
1770576041.1079986,57.83439900,12.30729333,57.83440203,12.30729695,2.619,2.500,79.00,5.44,1.450,1.20,6,6,1,GPS Fix (SPS),Reverse
1770576042.1050277,57.83439683,12.30729117,57.83439943,12.30729406,2.619,2.500,78.80,5.44,1.450,0.93,6,6,1,GPS Fix (SPS),Stopped
1770576043.1257813,57.83438917,12.30729417,57.83439430,12.30729411,2.619,2.500,79.20,5.44,1.450,1.47,6,6,1,GPS Fix (SPS),Stopped
1770576044.126411,57.83438733,12.30730150,57.83439082,12.30729781,2.610,2.500,79.10,5.40,1.440,1.46,6,6,1,GPS Fix (SPS),Forward
1770576045.1115391,57.83440650,12.30731067,57.83439866,12.30730424,2.610,2.500,79.30,5.40,1.440,0.71,6,6,1,GPS Fix (SPS),Forward
1770576046.0837376,57.83439133,12.30729817,57.83439500,12.30730120,2.610,2.500,79.20,5.40,1.440,0.76,6,6,1,GPS Fix (SPS),Stopped
1770576047.1152055,57.83437017,12.30728517,57.83438258,12.30729318,2.390,2.500,79.90,4.54,1.210,2.06,6,6,1,GPS Fix (SPS),Reverse
1770576048.0907393,57.83436767,12.30727467,57.83437512,12.30728393,2.390,2.500,80.60,4.54,1.210,1.47,6,6,1,GPS Fix (SPS),Reverse
1770576049.1954122,57.83435900,12.30726933,57.83436706,12.30727663,2.390,2.500,81.40,4.54,1.210,1.52,6,6,1,GPS Fix (SPS),Reverse
1770576050.1030354,57.83435733,12.30725550,57.83436220,12.30726606,2.390,2.500,82.40,4.54,1.210,1.49,6,6,1,GPS Fix (SPS),Reverse
1770576051.1079116,57.83434983,12.30725367,57.83435602,12.30725987,2.390,2.500,83.20,4.54,1.210,1.30,6,6,1,GPS Fix (SPS),Reverse
1770576052.174532,57.83433800,12.30724083,57.83434701,12.30725035,2.390,2.500,84.10,4.54,1.210,2.15,6,6,1,GPS Fix (SPS),Reverse
1770576053.1291416,57.83433783,12.30723633,57.83434242,12.30724334,2.390,2.500,84.90,4.54,1.210,1.89,6,6,1,GPS Fix (SPS),Reverse
1770576054.1521778,57.83433267,12.30723983,57.83433754,12.30724159,2.390,2.500,85.70,4.54,1.210,1.73,6,6,1,GPS Fix (SPS),Stopped
1770576055.1769624,57.83433050,12.30725517,57.83433402,12.30724838,2.352,2.500,86.60,4.39,1.170,1.75,7,7,1,GPS Fix (SPS),Forward
1770576056.1786213,57.83432750,12.30726483,57.83433076,12.30725661,2.352,2.500,87.20,4.39,1.170,1.63,7,7,1,GPS Fix (SPS),Forward
1770576057.1725152,57.83432183,12.30725383,57.83432630,12.30725522,2.352,2.500,87.90,4.39,1.170,1.75,7,7,1,GPS Fix (SPS),Stopped
1770576058.1353855,57.83432183,12.30725450,57.83432407,12.30725486,2.352,2.500,87.90,4.39,1.170,1.58,7,7,1,GPS Fix (SPS),Stopped
1770576059.1568937,57.83432300,12.30726383,57.83432353,12.30725935,2.352,2.500,88.10,4.39,1.170,1.21,7,7,1,GPS Fix (SPS),Forward
1770576060.0938756,57.83432483,12.30727850,57.83432418,12.30726892,2.352,2.500,88.10,4.39,1.170,1.46,7,7,1,GPS Fix (SPS),Forward
1770576061.1738908,57.83432967,12.30729150,57.83432692,12.30728021,2.352,2.500,87.80,4.39,1.170,1.32,7,7,1,GPS Fix (SPS),Forward
1770576062.1768503,57.83433000,12.30729900,57.83432846,12.30728961,2.352,2.500,87.70,4.39,1.170,1.30,7,7,1,GPS Fix (SPS),Forward
1770576063.2224646,57.83434300,12.30730150,57.83433573,12.30729555,2.352,2.500,87.60,4.39,1.170,0.64,7,7,1,GPS Fix (SPS),Forward
1770576064.1808162,57.83434267,12.30731083,57.83433920,12.30730319,2.352,2.500,87.70,4.39,1.170,0.84,7,7,1,GPS Fix (SPS),Forward
1770576065.1648605,57.83435500,12.30731517,57.83434710,12.30730918,2.352,2.500,87.50,4.39,1.170,1.30,7,7,1,GPS Fix (SPS),Forward
1770576066.1287355,57.83436383,12.30732600,57.83435547,12.30731759,2.352,2.500,87.00,4.39,1.170,1.80,7,7,1,GPS Fix (SPS),Forward
1770576067.1554856,57.83437267,12.30732417,57.83436407,12.30732088,2.390,2.500,87.00,4.54,1.210,1.54,6,6,1,GPS Fix (SPS),Stopped
1770576068.1708088,57.83436950,12.30733033,57.83436678,12.30732561,2.390,2.500,86.70,4.54,1.210,0.79,6,6,1,GPS Fix (SPS),Forward
1770576069.162764,57.83437233,12.30732817,57.83436956,12.30732689,2.390,2.500,86.50,4.54,1.210,0.30,6,6,1,GPS Fix (SPS),Stopped
1770576070.176079,57.83437500,12.30733050,57.83437228,12.30732869,2.390,2.500,86.20,4.54,1.210,0.35,6,6,1,GPS Fix (SPS),Stopped
1770576071.1766798,57.83438050,12.30733650,57.83437639,12.30733260,2.390,2.500,85.90,4.54,1.210,0.80,6,6,1,GPS Fix (SPS),Forward
1770576072.1402273,57.83439017,12.30733567,57.83438328,12.30733413,2.390,2.500,85.70,4.54,1.210,1.05,6,6,1,GPS Fix (SPS),Stopped
1770576073.1491063,57.83439517,12.30734417,57.83438922,12.30733915,2.390,2.500,85.20,4.54,1.210,1.34,6,6,1,GPS Fix (SPS),Forward
1770576074.1707067,57.83440250,12.30734717,57.83439586,12.30734316,2.390,2.500,85.10,4.54,1.210,1.41,6,6,1,GPS Fix (SPS),Forward
1770576075.1440291,57.83440933,12.30734850,57.83440260,12.30734583,2.352,2.500,85.20,4.39,1.170,1.39,7,7,1,GPS Fix (SPS),Stopped
1770576076.1938186,57.83440650,12.30734983,57.83440455,12.30734783,2.352,2.500,85.10,4.39,1.170,0.61,7,7,1,GPS Fix (SPS),Stopped
1770576077.1988652,57.83441133,12.30734883,57.83440794,12.30734833,2.352,2.500,84.90,4.39,1.170,0.66,7,7,1,GPS Fix (SPS),Stopped
1770576078.1583512,57.83441167,12.30733367,57.83440980,12.30734100,2.352,2.500,84.70,4.39,1.170,1.03,7,7,1,GPS Fix (SPS),Reverse
1770576079.073816,57.83440567,12.30732733,57.83440774,12.30733417,2.352,2.500,84.30,4.39,1.170,1.46,7,7,1,GPS Fix (SPS),Reverse
1770576080.1525211,57.83441333,12.30732450,57.83441053,12.30732933,2.352,2.500,84.00,4.39,1.170,0.70,7,7,1,GPS Fix (SPS),Reverse
1770576081.1661236,57.83441283,12.30732433,57.83441168,12.30732683,2.352,2.500,83.80,4.39,1.170,0.31,7,7,1,GPS Fix (SPS),Stopped
1770576082.0956464,57.83440900,12.30732267,57.83441034,12.30732475,2.352,2.500,83.00,4.39,1.170,0.88,7,7,1,GPS Fix (SPS),Stopped
1770576083.073375,57.83440883,12.30732000,57.83440959,12.30732237,2.352,2.500,82.80,4.39,1.170,0.76,7,7,1,GPS Fix (SPS),Stopped
1770576084.147984,57.83440467,12.30732517,57.83440713,12.30732377,2.352,2.500,82.60,4.39,1.170,1.39,7,7,1,GPS Fix (SPS),Stopped
1770576085.1591148,57.83440250,12.30731800,57.83440481,12.30732089,2.352,2.500,82.30,4.39,1.170,1.43,7,7,1,GPS Fix (SPS),Stopped
1770576086.0739062,57.83440367,12.30731717,57.83440424,12.30731903,2.390,2.500,81.60,4.54,1.210,1.15,6,6,1,GPS Fix (SPS),Stopped
1770576087.2104719,57.83440100,12.30731467,57.83440262,12.30731685,2.390,2.500,81.50,4.54,1.210,1.57,6,6,1,GPS Fix (SPS),Stopped
1770576088.1810215,57.83440033,12.30731783,57.83440148,12.30731734,2.390,2.500,81.50,4.54,1.210,1.55,6,6,1,GPS Fix (SPS),Stopped
1770576089.0849173,57.83439850,12.30732083,57.83439999,12.30731909,2.390,2.500,81.50,4.54,1.210,1.76,6,6,1,GPS Fix (SPS),Stopped
1770576090.1575735,57.83440017,12.30732133,57.83440008,12.30732021,2.390,2.500,81.40,4.54,1.210,1.45,6,6,1,GPS Fix (SPS),Stopped
1770576091.071664,57.83440100,12.30731950,57.83440054,12.30731985,2.390,2.500,81.50,4.54,1.210,1.10,6,6,1,GPS Fix (SPS),Stopped
1770576092.0810983,57.83440550,12.30731533,57.83440302,12.30731759,2.352,2.500,81.60,4.39,1.170,0.32,7,7,1,GPS Fix (SPS),Stopped
1770576093.0655768,57.83440450,12.30731633,57.83440376,12.30731696,2.352,2.500,81.60,4.39,1.170,0.86,7,7,1,GPS Fix (SPS),Stopped
1770576094.059805,57.83440450,12.30731900,57.83440413,12.30731798,2.352,2.500,81.60,4.39,1.170,1.17,7,7,1,GPS Fix (SPS),Stopped
1770576095.0596478,57.83440317,12.30731950,57.83440365,12.30731874,2.352,2.500,81.50,4.39,1.170,1.38,7,7,1,GPS Fix (SPS),Stopped
1770576096.0610569,57.83440667,12.30732183,57.83440516,12.30732029,2.352,2.500,81.30,4.39,1.170,1.00,7,7,1,GPS Fix (SPS),Stopped
1770576097.117265,57.83440517,12.30731517,57.83440516,12.30731773,2.352,2.500,81.30,4.39,1.170,0.93,7,7,1,GPS Fix (SPS),Stopped
1770576098.157287,57.83440433,12.30731400,57.83440475,12.30731586,2.352,2.500,81.20,4.39,1.170,0.92,7,7,1,GPS Fix (SPS),Stopped
1770576099.066117,57.83440783,12.30731267,57.83440629,12.30731427,2.352,2.500,81.10,4.39,1.170,0.14,7,7,1,GPS Fix (SPS),Stopped
1770576100.060352,57.83441250,12.30730967,57.83440940,12.30731197,2.352,2.500,80.90,4.39,1.170,0.59,7,7,1,GPS Fix (SPS),Stopped
1770576101.115718,57.83441333,12.30730683,57.83441136,12.30730940,2.352,2.500,80.70,4.39,1.170,0.29,7,7,1,GPS Fix (SPS),Stopped
1770576102.1250572,57.83441483,12.30730433,57.83441310,12.30730687,2.352,2.500,80.70,4.39,1.170,0.11,7,7,1,GPS Fix (SPS),Stopped
1770576103.1280377,57.83441933,12.30730450,57.83441622,12.30730568,2.352,2.500,80.50,4.39,1.170,0.50,7,7,1,GPS Fix (SPS),Stopped
1770576104.1125429,57.83442383,12.30729983,57.83442002,12.30730276,2.352,2.500,80.30,4.39,1.170,0.91,7,7,1,GPS Fix (SPS),Stopped
1770576105.1390793,57.83442283,12.30729767,57.83442143,12.30730021,2.352,2.500,79.90,4.39,1.170,0.70,7,7,1,GPS Fix (SPS),Stopped
1770576106.1253781,57.83442883,12.30729717,57.83442513,12.30729869,2.352,2.500,79.60,4.39,1.170,1.23,7,7,1,GPS Fix (SPS),Stopped
1770576107.1080234,57.83442800,12.30729150,57.83442657,12.30729509,2.352,2.500,79.20,4.39,1.170,0.41,7,7,1,GPS Fix (SPS),Reverse
1770576108.1118987,57.83442850,12.30729117,57.83442753,12.30729313,2.352,2.500,78.80,4.39,1.170,0.44,7,7,1,GPS Fix (SPS),Stopped
1770576109.1260178,57.83443050,12.30729117,57.83442902,12.30729215,2.352,2.500,78.80,4.39,1.170,0.69,7,7,1,GPS Fix (SPS),Stopped
1770576110.0740948,57.83442467,12.30728533,57.83442684,12.30728874,2.352,2.500,78.50,4.39,1.170,0.46,7,7,1,GPS Fix (SPS),Reverse
1770576111.1641867,57.83442383,12.30728167,57.83442534,12.30728520,2.352,2.500,78.40,4.39,1.170,0.56,7,7,1,GPS Fix (SPS),Reverse
1770576112.133474,57.83441700,12.30727717,57.83442117,12.30728119,2.352,2.500,78.10,4.39,1.170,1.47,7,7,1,GPS Fix (SPS),Reverse
1770576113.162109,57.83441617,12.30727567,57.83441867,12.30727843,2.352,2.500,78.10,4.39,1.170,1.14,7,7,1,GPS Fix (SPS),Stopped
1770576114.0937142,57.83441550,12.30727467,57.83441708,12.30727655,2.352,2.500,78.10,4.39,1.170,0.94,7,7,1,GPS Fix (SPS),Stopped
1770576115.1414766,57.83441633,12.30727450,57.83441671,12.30727552,2.610,2.500,78.00,5.40,1.440,0.62,6,6,1,GPS Fix (SPS),Stopped
1770576116.1176152,57.83442267,12.30727650,57.83441969,12.30727601,2.610,2.500,78.00,5.40,1.440,0.40,6,6,1,GPS Fix (SPS),Stopped
1770576117.0643556,57.83442300,12.30727733,57.83442134,12.30727667,2.610,2.500,77.70,5.40,1.440,0.44,6,6,1,GPS Fix (SPS),Stopped
1770576118.0712273,57.83442633,12.30727817,57.83442384,12.30727742,2.610,2.500,77.70,5.40,1.440,0.73,6,6,1,GPS Fix (SPS),Stopped
1770576119.1325905,57.83442817,12.30727817,57.83442600,12.30727779,2.610,2.500,77.30,5.40,1.440,0.42,6,6,1,GPS Fix (SPS),Stopped
1770576120.225251,57.83442983,12.30727833,57.83442792,12.30727806,2.352,2.500,77.00,4.39,1.170,0.38,7,7,1,GPS Fix (SPS),Stopped
1770576121.1808689,57.83443100,12.30727917,57.83442946,12.30727861,2.352,2.500,76.70,4.39,1.170,0.45,7,7,1,GPS Fix (SPS),Stopped
1770576122.1251566,57.83443250,12.30727767,57.83443098,12.30727814,2.352,2.500,76.40,4.39,1.170,0.44,7,7,1,GPS Fix (SPS),Stopped
1770576123.0864213,57.83443533,12.30727517,57.83443316,12.30727665,2.352,2.500,75.90,4.39,1.170,0.51,7,7,1,GPS Fix (SPS),Stopped
1770576124.117592,57.83443650,12.30727333,57.83443483,12.30727499,2.352,2.500,75.40,4.39,1.170,0.26,7,7,1,GPS Fix (SPS),Stopped
1770576125.0932527,57.83444017,12.30727217,57.83443750,12.30727358,2.352,2.500,75.00,4.39,1.170,0.71,7,7,1,GPS Fix (SPS),Stopped
1770576126.1037269,57.83444433,12.30727450,57.83444092,12.30727404,2.352,2.500,74.40,4.39,1.170,1.04,7,7,1,GPS Fix (SPS),Stopped
1770576127.114901,57.83444517,12.30727450,57.83444304,12.30727427,2.352,2.500,74.20,4.39,1.170,0.78,7,7,1,GPS Fix (SPS),Stopped
1770576128.1554043,57.83444183,12.30727233,57.83444244,12.30727330,2.352,2.500,74.10,4.39,1.170,0.11,7,7,1,GPS Fix (SPS),Stopped
1770576129.111867,57.83444317,12.30727350,57.83444280,12.30727340,2.352,2.500,73.80,4.39,1.170,0.25,7,7,1,GPS Fix (SPS),Stopped
1770576130.1468108,57.83444517,12.30727167,57.83444398,12.30727253,2.352,2.500,73.70,4.39,1.170,0.76,7,7,1,GPS Fix (SPS),Stopped
1770576131.3144093,57.83444667,12.30727817,57.83444533,12.30727535,2.352,2.500,73.70,4.39,1.170,1.00,7,7,1,GPS Fix (SPS),Stopped
1770576132.0969152,57.83444367,12.30728533,57.83444450,12.30728034,2.352,2.500,73.50,4.39,1.170,0.92,7,7,1,GPS Fix (SPS),Forward
1770576133.052327,57.83443567,12.30727850,57.83444008,12.30727942,2.352,2.500,73.40,4.39,1.170,1.12,7,7,1,GPS Fix (SPS),Stopped
1770576134.0826468,57.83443783,12.30727650,57.83443896,12.30727796,2.352,2.500,73.40,4.39,1.170,0.37,7,7,1,GPS Fix (SPS),Stopped
1770576135.07334,57.83443233,12.30728567,57.83443565,12.30728181,2.352,2.500,73.40,4.39,1.170,1.09,7,7,1,GPS Fix (SPS),Forward
1770576136.0717432,57.83443150,12.30729050,57.83443357,12.30728616,2.352,2.500,73.40,4.39,1.170,0.83,7,7,1,GPS Fix (SPS),Forward
1770576137.0851707,57.83443100,12.30729217,57.83443229,12.30728916,2.352,2.500,73.60,4.39,1.170,0.51,7,7,1,GPS Fix (SPS),Stopped
1770576138.137915,57.83444017,12.30729367,57.83443623,12.30729141,2.352,2.500,73.60,4.39,1.170,0.96,7,7,1,GPS Fix (SPS),Stopped
1770576139.1028357,57.83444067,12.30729650,57.83443845,12.30729396,2.352,2.500,73.80,4.39,1.170,0.81,7,7,1,GPS Fix (SPS),Stopped
1770576140.2718658,57.83443633,12.30730050,57.83443739,12.30729723,2.352,2.500,74.00,4.39,1.170,0.13,7,7,1,GPS Fix (SPS),Stopped
1770576141.1445541,57.83443600,12.30730767,57.83443669,12.30730245,2.352,2.500,74.10,4.39,1.170,0.51,7,7,1,GPS Fix (SPS),Forward
1770576142.150158,57.83443117,12.30731283,57.83443393,12.30730764,2.352,2.500,74.20,4.39,1.170,0.56,7,7,1,GPS Fix (SPS),Forward
1770576143.0897298,57.83443317,12.30731350,57.83443355,12.30731057,2.352,2.500,74.10,4.39,1.170,0.29,7,7,1,GPS Fix (SPS),Stopped
1770576144.0916555,57.83443583,12.30731983,57.83443469,12.30731520,2.352,2.500,74.00,4.39,1.170,0.88,7,7,1,GPS Fix (SPS),Forward
1770576145.1237366,57.83443200,12.30732250,57.83443335,12.30731885,2.352,2.500,73.80,4.39,1.170,0.29,7,7,1,GPS Fix (SPS),Forward
1770576146.1118162,57.83443183,12.30733317,57.83443259,12.30732601,2.352,2.500,73.70,4.39,1.170,0.93,7,7,1,GPS Fix (SPS),Forward
1770576147.1265438,57.83442983,12.30734033,57.83443121,12.30733317,2.352,2.500,73.70,4.39,1.170,1.01,7,7,1,GPS Fix (SPS),Forward
1770576148.1058328,57.83443117,12.30734050,57.83443119,12.30733684,2.352,2.500,73.70,4.39,1.170,0.61,7,7,1,GPS Fix (SPS),Forward
1770576149.0974393,57.83442950,12.30734100,57.83443034,12.30733892,2.352,2.500,73.50,4.39,1.170,0.53,7,7,1,GPS Fix (SPS),Stopped
1770576150.0822706,57.83442633,12.30734000,57.83442834,12.30733946,2.352,2.500,73.40,4.39,1.170,0.49,7,7,1,GPS Fix (SPS),Stopped
1770576151.1340833,57.83442200,12.30734150,57.83442517,12.30734048,2.352,2.500,73.20,4.39,1.170,0.94,7,7,1,GPS Fix (SPS),Stopped
1770576152.1165094,57.83442633,12.30733967,57.83442575,12.30734007,2.352,2.500,73.30,4.39,1.170,0.25,7,7,1,GPS Fix (SPS),Stopped
1770576153.082755,57.83443100,12.30734117,57.83442838,12.30734062,2.352,2.500,73.50,4.39,1.170,0.34,7,7,1,GPS Fix (SPS),Stopped
1770576154.1069102,57.83443333,12.30734517,57.83443085,12.30734289,2.352,2.500,73.60,4.39,1.170,0.66,7,7,1,GPS Fix (SPS),Stopped
1770576155.2037733,57.83443050,12.30734417,57.83443068,12.30734353,2.352,2.500,73.80,4.39,1.170,0.11,7,7,1,GPS Fix (SPS),Stopped
1770576156.1156628,57.83443517,12.30734650,57.83443292,12.30734501,2.352,2.500,73.80,4.39,1.170,0.43,7,7,1,GPS Fix (SPS),Stopped
1770576157.1146717,57.83443600,12.30735117,57.83443446,12.30734809,2.352,2.500,73.80,4.39,1.170,0.41,7,7,1,GPS Fix (SPS),Stopped
1770576158.1315625,57.83444000,12.30735433,57.83443723,12.30735121,2.352,2.500,73.90,4.39,1.170,0.71,7,7,1,GPS Fix (SPS),Stopped
1770576159.1323116,57.83444117,12.30735417,57.83443920,12.30735269,2.352,2.500,73.80,4.39,1.170,0.50,7,7,1,GPS Fix (SPS),Stopped
1770576160.1066766,57.83443383,12.30735367,57.83443652,12.30735318,2.352,2.500,73.90,4.39,1.170,0.45,7,7,1,GPS Fix (SPS),Stopped
1770576161.0572493,57.83443383,12.30735033,57.83443517,12.30735176,2.352,2.500,73.40,4.39,1.170,0.32,7,7,1,GPS Fix (SPS),Stopped
1770576162.1414485,57.83443000,12.30734350,57.83443259,12.30734763,2.352,2.500,73.30,4.39,1.170,0.82,7,7,1,GPS Fix (SPS),Reverse
1770576163.1295812,57.83443283,12.30734233,57.83443271,12.30734498,2.352,2.500,72.90,4.39,1.170,0.34,7,7,1,GPS Fix (SPS),Stopped
1770576164.371216,57.83443183,12.30734067,57.83443227,12.30734282,2.400,2.500,73.20,4.58,1.220,0.24,6,6,1,GPS Fix (SPS),Stopped
1770576165.414218,57.83443150,12.30734267,57.83443189,12.30734275,2.400,2.500,73.10,4.58,1.220,0.04,6,6,1,GPS Fix (SPS),Stopped
1770576166.4362202,57.83442650,12.30734150,57.83442919,12.30734212,2.400,2.500,73.30,4.58,1.220,0.69,6,6,1,GPS Fix (SPS),Stopped
1770576167.3436449,57.83442350,12.30734133,57.83442635,12.30734173,2.400,2.500,73.30,4.58,1.220,0.92,6,6,1,GPS Fix (SPS),Stopped
1770576168.1265604,57.83442283,12.30734217,57.83442459,12.30734195,2.400,2.500,73.30,4.58,1.220,0.78,6,6,1,GPS Fix (SPS),Stopped
1770576169.2718923,57.83442600,12.30733900,57.83442529,12.30734047,2.400,2.500,73.40,4.58,1.220,0.44,6,6,1,GPS Fix (SPS),Stopped
1770576170.044092,57.83442250,12.30733733,57.83442390,12.30733890,2.400,2.500,73.60,4.58,1.220,0.50,6,6,1,GPS Fix (SPS),Stopped
1770576171.2036417,57.83442333,12.30733717,57.83442362,12.30733804,2.352,2.500,73.60,4.39,1.170,0.18,7,7,1,GPS Fix (SPS),Stopped
1770576172.046574,57.83442450,12.30733383,57.83442406,12.30733593,2.352,2.500,73.90,4.39,1.170,0.42,7,7,1,GPS Fix (SPS),Stopped
1770576173.0779846,57.83442417,12.30733400,57.83442411,12.30733497,2.400,2.500,73.90,4.58,1.220,0.13,6,6,1,GPS Fix (SPS),Stopped
1770576174.07734,57.83442433,12.30733300,57.83442422,12.30733398,2.400,2.500,74.00,4.58,1.220,0.20,6,6,1,GPS Fix (SPS),Stopped
1770576175.1227174,57.83442417,12.30733417,57.83442419,12.30733408,2.400,2.500,74.10,4.58,1.220,0.22,6,6,1,GPS Fix (SPS),Stopped
1770576176.0722153,57.83442550,12.30733517,57.83442485,12.30733462,2.400,2.500,74.30,4.58,1.220,0.43,6,6,1,GPS Fix (SPS),Stopped
1770576177.1808023,57.83442733,12.30733467,57.83442609,12.30733464,2.400,2.500,74.40,4.58,1.220,0.04,6,6,1,GPS Fix (SPS),Stopped
1770576178.0610645,57.83442800,12.30733417,57.83442705,12.30733441,2.400,2.500,74.40,4.58,1.220,0.26,6,6,1,GPS Fix (SPS),Stopped
1770576179.0690157,57.83442833,12.30733400,57.83442769,12.30733420,2.400,2.500,74.50,4.58,1.220,0.28,6,6,1,GPS Fix (SPS),Stopped
1770576180.0807009,57.83442767,12.30733317,57.83442768,12.30733368,2.400,2.500,74.50,4.58,1.220,0.32,6,6,1,GPS Fix (SPS),Stopped
1770576181.125659,57.83442833,12.30733500,57.83442801,12.30733434,2.400,2.500,74.40,4.58,1.220,0.06,6,6,1,GPS Fix (SPS),Stopped
1770576182.0660582,57.83442783,12.30733633,57.83442792,12.30733534,2.400,2.500,74.70,4.58,1.220,0.17,6,6,1,GPS Fix (SPS),Stopped
1770576183.4964454,57.83442967,12.30734067,57.83442879,12.30733800,2.400,2.500,75.00,4.58,1.220,0.36,6,6,1,GPS Fix (SPS),Stopped
1770576184.080064,57.83442683,12.30733967,57.83442781,12.30733883,2.400,2.500,75.40,4.58,1.220,0.92,6,6,1,GPS Fix (SPS),Stopped
1770576185.0517364,57.83442500,12.30734150,57.83442641,12.30734017,2.400,2.500,75.50,4.58,1.220,1.05,6,6,1,GPS Fix (SPS),Stopped
1770576186.093007,57.83442800,12.30733717,57.83442720,12.30733867,2.400,2.500,75.80,4.58,1.220,1.16,6,6,1,GPS Fix (SPS),Stopped
1770576187.0968196,57.83443150,12.30734350,57.83442935,12.30734108,2.400,2.500,76.10,4.58,1.220,0.33,6,6,1,GPS Fix (SPS),Stopped
1770576188.272906,57.83443683,12.30734217,57.83443309,12.30734163,2.400,2.500,76.30,4.58,1.220,0.81,6,6,1,GPS Fix (SPS),Stopped
1770576189.083961,57.83443783,12.30734500,57.83443546,12.30734331,2.400,2.500,76.60,4.58,1.220,0.50,6,6,1,GPS Fix (SPS),Stopped
1770576190.1155283,57.83444167,12.30735533,57.83443856,12.30734932,2.400,2.500,76.80,4.58,1.220,0.82,6,6,1,GPS Fix (SPS),Forward
1770576191.1214116,57.83444433,12.30736950,57.83444145,12.30735941,2.400,2.500,76.80,4.58,1.220,1.61,6,6,1,GPS Fix (SPS),Forward
1770576192.1572616,57.83444700,12.30738033,57.83444422,12.30736987,2.400,2.500,76.70,4.58,1.220,1.96,6,6,1,GPS Fix (SPS),Forward
1770576193.1376402,57.83444183,12.30738233,57.83444303,12.30737610,2.400,2.500,76.70,4.58,1.220,1.11,6,6,1,GPS Fix (SPS),Forward
1770576194.061486,57.83444050,12.30739100,57.83444176,12.30738355,2.400,2.500,76.90,4.58,1.220,1.19,6,6,1,GPS Fix (SPS),Forward
1770576195.22993,57.83444050,12.30738933,57.83444113,12.30738644,2.400,2.500,77.00,4.58,1.220,0.48,6,6,1,GPS Fix (SPS),Stopped
1770576196.1661668,57.83443417,12.30738700,57.83443765,12.30738672,2.400,2.500,76.90,4.58,1.220,1.00,6,6,1,GPS Fix (SPS),Stopped
1770576197.1206186,57.83443167,12.30738833,57.83443466,12.30738753,2.400,2.500,76.70,4.58,1.220,1.02,6,6,1,GPS Fix (SPS),Stopped
1770576198.109617,57.83442883,12.30739200,57.83443175,12.30738976,2.400,2.500,76.70,4.58,1.220,1.09,6,6,1,GPS Fix (SPS),Stopped
1770576199.1262207,57.83443017,12.30739683,57.83443096,12.30739330,2.400,2.500,76.70,4.58,1.220,0.98,6,6,1,GPS Fix (SPS),Forward
1770576200.0521646,57.83443083,12.30739850,57.83443089,12.30739590,2.400,2.500,76.90,4.58,1.220,1.05,6,6,1,GPS Fix (SPS),Stopped
1770576201.1087327,57.83443483,12.30739850,57.83443286,12.30739720,2.352,2.500,76.70,4.39,1.170,0.91,7,7,1,GPS Fix (SPS),Stopped
1770576202.0817564,57.83443633,12.30739950,57.83443460,12.30739835,2.352,2.500,76.40,4.39,1.170,0.80,7,7,1,GPS Fix (SPS),Stopped
1770576203.1012304,57.83443317,12.30740083,57.83443388,12.30739959,2.400,2.500,76.30,4.58,1.220,0.47,6,6,1,GPS Fix (SPS),Stopped
1770576204.13578,57.83443517,12.30740567,57.83443452,12.30740263,2.400,2.500,76.20,4.58,1.220,0.90,6,6,1,GPS Fix (SPS),Stopped
1770576205.1153817,57.83443633,12.30740700,57.83443543,12.30740481,2.400,2.500,75.80,4.58,1.220,0.96,6,6,1,GPS Fix (SPS),Stopped
1770576206.0967627,57.83444067,12.30741117,57.83443805,12.30740799,2.400,2.500,75.60,4.58,1.220,1.51,6,6,1,GPS Fix (SPS),Stopped
1770576207.1234367,57.83443483,12.30741483,57.83443644,12.30741141,2.400,2.500,75.40,4.58,1.220,1.01,6,6,1,GPS Fix (SPS),Forward
1770576208.2789893,57.83443250,12.30741317,57.83443447,12.30741229,2.400,2.500,74.90,4.58,1.220,0.64,6,6,1,GPS Fix (SPS),Stopped
1770576209.3884227,57.83442667,12.30740500,57.83443057,12.30740864,2.400,2.500,74.70,4.58,1.220,0.57,6,6,1,GPS Fix (SPS),Reverse
1770576210.3701274,57.83442383,12.30739533,57.83442720,12.30740199,2.400,2.500,74.50,4.58,1.220,0.84,6,6,1,GPS Fix (SPS),Reverse
1770576211.364886,57.83442550,12.30739383,57.83442635,12.30739791,2.400,2.500,74.20,4.58,1.220,0.31,6,6,1,GPS Fix (SPS),Reverse
1770576212.1847868,57.83442050,12.30739033,57.83442343,12.30739412,2.400,2.500,74.10,4.58,1.220,0.81,6,6,1,GPS Fix (SPS),Reverse
1770576213.2703743,57.83442233,12.30738933,57.83442288,12.30739173,2.400,2.500,74.00,4.58,1.220,0.27,6,6,1,GPS Fix (SPS),Stopped
1770576214.127103,57.83442767,12.30738817,57.83442527,12.30738995,2.400,2.500,73.90,4.58,1.220,0.40,6,6,1,GPS Fix (SPS),Stopped
1770576215.1089032,57.83443167,12.30738817,57.83442847,12.30738906,2.352,2.500,73.70,4.39,1.170,0.66,7,7,1,GPS Fix (SPS),Stopped
1770576216.1350327,57.83443367,12.30738600,57.83443107,12.30738753,2.352,2.500,73.70,4.39,1.170,0.66,7,7,1,GPS Fix (SPS),Stopped
1770576217.1432893,57.83443383,12.30738500,57.83443245,12.30738626,2.352,2.500,73.40,4.39,1.170,0.54,7,7,1,GPS Fix (SPS),Stopped
1770576218.0660524,57.83443400,12.30738033,57.83443323,12.30738330,2.352,2.500,73.40,4.39,1.170,0.63,7,7,1,GPS Fix (SPS),Stopped
1770576219.140665,57.83443550,12.30738067,57.83443436,12.30738198,2.610,2.500,73.10,5.40,1.440,0.64,6,6,1,GPS Fix (SPS),Stopped
1770576220.120522,57.83443617,12.30737633,57.83443526,12.30737916,2.610,2.500,73.00,5.40,1.440,0.25,6,6,1,GPS Fix (SPS),Stopped
1770576221.094683,57.83443883,12.30737383,57.83443705,12.30737650,2.610,2.500,72.80,5.40,1.440,0.33,6,6,1,GPS Fix (SPS),Stopped
1770576222.093789,57.83444400,12.30736983,57.83444052,12.30737316,2.610,2.500,72.60,5.40,1.440,0.66,6,6,1,GPS Fix (SPS),Stopped
1770576223.133162,57.83444133,12.30736650,57.83444093,12.30736983,2.352,2.500,71.80,4.39,1.170,0.39,7,7,1,GPS Fix (SPS),Stopped
1770576224.1529777,57.83444633,12.30736617,57.83444363,12.30736800,2.352,2.500,71.70,4.39,1.170,0.60,7,7,1,GPS Fix (SPS),Stopped
1770576225.1306427,57.83444317,12.30736200,57.83444340,12.30736500,2.352,2.500,71.10,4.39,1.170,0.28,7,7,1,GPS Fix (SPS),Stopped
1770576226.0978658,57.83444483,12.30736000,57.83444412,12.30736250,2.352,2.500,71.10,4.39,1.170,0.55,7,7,1,GPS Fix (SPS),Stopped
1770576227.0938954,57.83444467,12.30735717,57.83444439,12.30735983,2.962,2.500,71.00,6.79,1.810,0.46,6,6,1,GPS Fix (SPS),Stopped
1770576228.1828303,57.83444233,12.30735400,57.83444336,12.30735692,2.962,2.500,71.00,6.79,1.810,0.58,6,6,1,GPS Fix (SPS),Stopped
1770576229.1002777,57.83444383,12.30735333,57.83444360,12.30735512,2.962,2.500,71.20,6.79,1.810,0.42,6,6,1,GPS Fix (SPS),Stopped
1770576230.1618757,57.83444200,12.30735150,57.83444280,12.30735331,2.962,2.500,71.30,6.79,1.810,0.34,6,6,1,GPS Fix (SPS),Stopped
1770576231.069364,57.83444433,12.30735600,57.83444357,12.30735466,2.352,2.500,71.50,4.39,1.170,0.77,7,7,1,GPS Fix (SPS),Stopped
1770576232.058491,57.83445033,12.30735333,57.83444695,12.30735399,2.352,2.500,71.50,4.39,1.170,1.33,7,7,1,GPS Fix (SPS),Stopped
1770576233.0712118,57.83444950,12.30735183,57.83444822,12.30735291,2.352,2.500,71.30,4.39,1.170,0.66,7,7,1,GPS Fix (SPS),Stopped
1770576234.159877,57.83444567,12.30735317,57.83444695,12.30735304,2.352,2.500,71.30,4.39,1.170,0.58,7,7,1,GPS Fix (SPS),Stopped
1770576235.3815532,57.83444417,12.30734933,57.83444556,12.30735119,2.352,2.500,71.40,4.39,1.170,0.22,7,7,1,GPS Fix (SPS),Stopped
1770576236.3304782,57.83444183,12.30734483,57.83444369,12.30734801,2.352,2.500,71.30,4.39,1.170,0.52,7,7,1,GPS Fix (SPS),Stopped
1770576237.4273756,57.83444000,12.30734250,57.83444185,12.30734526,2.352,2.500,71.20,4.39,1.170,0.62,7,7,1,GPS Fix (SPS),Stopped
1770576238.5045524,57.83444083,12.30733583,57.83444134,12.30734054,2.610,2.500,71.10,5.40,1.440,0.49,6,6,1,GPS Fix (SPS),Reverse
1770576239.1420736,57.83443983,12.30733250,57.83444059,12.30733652,2.610,2.500,70.70,5.40,1.440,0.44,6,6,1,GPS Fix (SPS),Reverse
1770576240.156654,57.83444167,12.30732550,57.83444113,12.30733101,2.610,2.500,70.50,5.40,1.440,0.61,6,6,1,GPS Fix (SPS),Reverse
1770576241.1514752,57.83444633,12.30732183,57.83444373,12.30732642,2.610,2.500,70.10,5.40,1.440,0.70,6,6,1,GPS Fix (SPS),Reverse
1770576242.1114922,57.83444533,12.30731800,57.83444453,12.30732221,2.610,2.500,69.90,5.40,1.440,0.29,6,6,1,GPS Fix (SPS),Reverse
1770576243.1249948,57.83444417,12.30731900,57.83444435,12.30732061,2.352,2.500,69.80,4.39,1.170,0.14,7,7,1,GPS Fix (SPS),Stopped
1770576244.0884142,57.83444267,12.30731217,57.83444351,12.30731639,2.352,2.500,69.80,4.39,1.170,0.80,7,7,1,GPS Fix (SPS),Reverse
1770576245.1419988,57.83444533,12.30731300,57.83444442,12.30731469,2.352,2.500,69.60,4.39,1.170,0.55,7,7,1,GPS Fix (SPS),Stopped
1770576246.0675752,57.83444250,12.30731417,57.83444346,12.30731443,2.352,2.500,69.60,4.39,1.170,0.47,7,7,1,GPS Fix (SPS),Stopped
1770576247.1755095,57.83444083,12.30731167,57.83444215,12.30731305,2.352,2.500,69.70,4.39,1.170,0.82,7,7,1,GPS Fix (SPS),Stopped
1770576248.1690652,57.83444383,12.30730900,57.83444299,12.30731102,2.352,2.500,69.60,4.39,1.170,0.64,7,7,1,GPS Fix (SPS),Stopped
1770576249.1443284,57.83444467,12.30730883,57.83444383,12.30730993,2.352,2.500,69.30,4.39,1.170,0.52,7,7,1,GPS Fix (SPS),Stopped
1770576250.0598822,57.83445100,12.30731067,57.83444741,12.30731030,2.352,2.500,69.30,4.39,1.170,0.43,7,7,1,GPS Fix (SPS),Stopped
1770576251.103805,57.83445367,12.30730800,57.83445054,12.30730915,2.352,2.500,69.40,4.39,1.170,0.34,7,7,1,GPS Fix (SPS),Stopped
1770576252.1213498,57.83445517,12.30730600,57.83445285,12.30730757,2.352,2.500,69.60,4.39,1.170,0.38,7,7,1,GPS Fix (SPS),Stopped
1770576253.1181912,57.83445783,12.30730733,57.83445534,12.30730745,2.352,2.500,69.60,4.39,1.170,0.63,7,7,1,GPS Fix (SPS),Stopped
1770576254.1313229,57.83445400,12.30730183,57.83445467,12.30730464,2.352,2.500,70.00,4.39,1.170,0.53,7,7,1,GPS Fix (SPS),Stopped
1770576255.082312,57.83445350,12.30730433,57.83445409,12.30730449,2.352,2.500,70.10,4.39,1.170,0.36,7,7,1,GPS Fix (SPS),Stopped
1770576256.1052117,57.83445150,12.30730283,57.83445279,12.30730366,2.352,2.500,70.40,4.39,1.170,0.68,7,7,1,GPS Fix (SPS),Stopped
1770576257.1305,57.83444433,12.30730417,57.83444856,12.30730391,2.352,2.500,70.50,4.39,1.170,1.23,7,7,1,GPS Fix (SPS),Stopped
1770576258.1622944,57.83443900,12.30729267,57.83444378,12.30729829,2.352,2.500,70.70,4.39,1.170,2.03,7,7,1,GPS Fix (SPS),Reverse
1770576259.1417942,57.83444450,12.30729417,57.83444414,12.30729623,2.352,2.500,70.60,4.39,1.170,0.69,7,7,1,GPS Fix (SPS),Stopped
1770576260.1486778,57.83444617,12.30729133,57.83444515,12.30729378,2.352,2.500,70.80,4.39,1.170,0.63,7,7,1,GPS Fix (SPS),Stopped
1770576261.0680811,57.83444150,12.30728683,57.83444333,12.30729031,2.610,2.500,70.70,5.40,1.440,1.26,6,6,1,GPS Fix (SPS),Reverse
1770576262.1557038,57.83444350,12.30728783,57.83444341,12.30728907,2.610,2.500,70.60,5.40,1.440,0.74,6,6,1,GPS Fix (SPS),Stopped
1770576263.0628273,57.83444133,12.30728683,57.83444237,12.30728795,2.610,2.500,70.70,5.40,1.440,0.90,6,6,1,GPS Fix (SPS),Stopped
1770576264.0789664,57.83444083,12.30728267,57.83444160,12.30728531,2.610,2.500,70.60,5.40,1.440,1.06,6,6,1,GPS Fix (SPS),Stopped
1770576265.185811,57.83444433,12.30728867,57.83444297,12.30728699,2.610,2.500,70.60,5.40,1.440,0.87,6,6,1,GPS Fix (SPS),Stopped
1770576266.0828886,57.83444600,12.30729283,57.83444448,12.30728991,2.352,2.500,70.20,4.39,1.170,0.59,7,7,1,GPS Fix (SPS),Stopped
1770576267.0755186,57.83444733,12.30729100,57.83444591,12.30729046,2.352,2.500,69.90,4.39,1.170,0.44,7,7,1,GPS Fix (SPS),Stopped
1770576268.0769866,57.83445250,12.30728950,57.83444920,12.30728998,2.352,2.500,69.50,4.39,1.170,0.39,7,7,1,GPS Fix (SPS),Stopped
1770576269.2085226,57.83445117,12.30728317,57.83445019,12.30728657,2.352,2.500,69.20,4.39,1.170,0.28,7,7,1,GPS Fix (SPS),Reverse
1770576270.1840372,57.83445317,12.30727800,57.83445168,12.30728229,2.352,2.500,68.90,4.39,1.170,0.59,7,7,1,GPS Fix (SPS),Reverse
1770576271.1071012,57.83444917,12.30727917,57.83445042,12.30728073,2.352,2.500,68.70,4.39,1.170,0.51,7,7,1,GPS Fix (SPS),Stopped
1770576272.1640975,57.83445233,12.30726400,57.83445138,12.30727236,2.352,2.500,68.90,4.39,1.170,1.24,7,7,1,GPS Fix (SPS),Reverse
1770576273.1846743,57.83444917,12.30726317,57.83445027,12.30726776,2.352,2.500,68.60,4.39,1.170,0.90,7,7,1,GPS Fix (SPS),Reverse
1770576274.168018,57.83444700,12.30725467,57.83444864,12.30726122,2.352,2.500,68.80,4.39,1.170,1.26,7,7,1,GPS Fix (SPS),Reverse
1770576275.1693337,57.83444450,12.30727417,57.83444657,12.30726769,2.352,2.500,68.80,4.39,1.170,0.57,7,7,1,GPS Fix (SPS),Forward
1770576276.2870772,57.83444533,12.30726967,57.83444595,12.30726868,2.352,2.500,68.90,4.39,1.170,0.34,7,7,1,GPS Fix (SPS),Stopped
1770576277.100236,57.83444583,12.30727283,57.83444589,12.30727076,2.352,2.500,69.10,4.39,1.170,0.11,7,7,1,GPS Fix (SPS),Stopped
1770576278.1527116,57.83444333,12.30727550,57.83444461,12.30727313,2.352,2.500,69.00,4.39,1.170,0.38,7,7,1,GPS Fix (SPS),Stopped
1770576279.2459822,57.83444600,12.30727383,57.83444531,12.30727348,2.352,2.500,69.30,4.39,1.170,0.47,7,7,1,GPS Fix (SPS),Stopped
1770576280.1017075,57.83445133,12.30727533,57.83444832,12.30727441,2.352,2.500,69.30,4.39,1.170,1.24,7,7,1,GPS Fix (SPS),Stopped
1770576281.197498,57.83444700,12.30726267,57.83444766,12.30726854,2.352,2.500,69.40,4.39,1.170,1.28,7,7,1,GPS Fix (SPS),Reverse
1770576282.2774596,57.83443600,12.30727483,57.83444183,12.30727169,2.352,2.500,69.30,4.39,1.170,1.08,7,7,1,GPS Fix (SPS),Stopped
1770576283.453745,57.83443417,12.30728350,57.83443800,12.30727759,2.352,2.500,69.40,4.39,1.170,0.74,7,7,1,GPS Fix (SPS),Forward
1770576284.199765,57.83443067,12.30729317,57.83443433,12.30728538,2.352,2.500,69.60,4.39,1.170,1.00,7,7,1,GPS Fix (SPS),Forward
1770576285.1816103,57.83443500,12.30728600,57.83443467,12.30728569,2.352,2.500,69.70,4.39,1.170,0.15,7,7,1,GPS Fix (SPS),Stopped
1770576286.1604693,57.83443133,12.30729200,57.83443300,12.30728884,2.352,2.500,69.90,4.39,1.170,0.30,7,7,1,GPS Fix (SPS),Stopped
1770576287.136294,57.83442567,12.30730100,57.83442933,12.30729492,2.352,2.500,70.00,4.39,1.170,0.98,7,7,1,GPS Fix (SPS),Forward
1770576288.1495574,57.83442417,12.30729933,57.83442675,12.30729713,2.352,2.500,69.90,4.39,1.170,0.76,7,7,1,GPS Fix (SPS),Stopped
1770576289.2116008,57.83443067,12.30729117,57.83442871,12.30729415,2.352,2.500,69.90,4.39,1.170,0.59,7,7,1,GPS Fix (SPS),Stopped
1770576290.1190205,57.83442500,12.30730400,57.83442685,12.30729907,2.352,2.500,69.70,4.39,1.170,0.62,7,7,1,GPS Fix (SPS),Forward
1770576291.0951197,57.83442367,12.30730933,57.83442526,12.30730420,2.352,2.500,69.70,4.39,1.170,0.68,7,7,1,GPS Fix (SPS),Forward
1770576292.094799,57.83442750,12.30731183,57.83442638,12.30730802,2.352,2.500,69.60,4.39,1.170,0.65,7,7,1,GPS Fix (SPS),Forward
1770576293.102593,57.83442450,12.30731283,57.83442544,12.30731043,2.352,2.500,69.70,4.39,1.170,0.25,7,7,1,GPS Fix (SPS),Stopped
1770576294.089403,57.83442283,12.30731483,57.83442414,12.30731263,2.352,2.500,69.40,4.39,1.170,0.31,7,7,1,GPS Fix (SPS),Stopped
1770576295.0860846,57.83442517,12.30729733,57.83442465,12.30730498,2.352,2.500,69.10,4.39,1.170,1.05,7,7,1,GPS Fix (SPS),Reverse
1770576296.0734153,57.83442367,12.30730167,57.83442416,12.30730332,2.352,2.500,68.90,4.39,1.170,0.36,7,7,1,GPS Fix (SPS),Stopped
1770576297.0775936,57.83442550,12.30729667,57.83442483,12.30730000,2.352,2.500,69.00,4.39,1.170,0.71,7,7,1,GPS Fix (SPS),Stopped
1770576298.0619376,57.83442467,12.30729683,57.83442475,12.30729841,2.352,2.500,68.80,4.39,1.170,0.41,7,7,1,GPS Fix (SPS),Stopped
1770576299.0826833,57.83442533,12.30728583,57.83442504,12.30729212,2.352,2.500,68.80,4.39,1.170,1.15,7,7,1,GPS Fix (SPS),Reverse
1770576300.0973787,57.83442383,12.30728683,57.83442444,12.30728948,2.352,2.500,68.80,4.39,1.170,0.66,7,7,1,GPS Fix (SPS),Stopped
1770576301.068165,57.83442517,12.30728050,57.83442480,12.30728499,2.352,2.500,68.90,4.39,1.170,0.84,7,7,1,GPS Fix (SPS),Reverse
1770576302.1253173,57.83442750,12.30728433,57.83442615,12.30728466,2.352,2.500,68.90,4.39,1.170,0.36,7,7,1,GPS Fix (SPS),Stopped
1770576303.0989723,57.83442717,12.30728100,57.83442666,12.30728283,2.352,2.500,68.90,4.39,1.170,0.30,7,7,1,GPS Fix (SPS),Stopped
1770576304.064801,57.83443017,12.30728000,57.83442841,12.30728142,2.352,2.500,69.20,4.39,1.170,0.21,7,7,1,GPS Fix (SPS),Stopped
1770576305.087054,57.83443433,12.30727617,57.83443137,12.30727879,2.352,2.500,69.40,4.39,1.170,0.35,7,7,1,GPS Fix (SPS),Stopped
1770576306.070518,57.83443633,12.30727550,57.83443385,12.30727715,2.352,2.500,69.40,4.39,1.170,0.37,7,7,1,GPS Fix (SPS),Stopped
1770576307.06598,57.83443917,12.30728000,57.83443651,12.30727857,2.352,2.500,69.20,4.39,1.170,0.70,7,7,1,GPS Fix (SPS),Stopped
1770576308.087584,57.83443833,12.30727900,57.83443742,12.30727879,2.352,2.500,69.20,4.39,1.170,0.13,7,7,1,GPS Fix (SPS),Stopped
1770576309.0688527,57.83443683,12.30727967,57.83443713,12.30727923,2.352,2.500,69.30,4.39,1.170,0.11,7,7,1,GPS Fix (SPS),Stopped
1770576310.0868905,57.83443633,12.30728700,57.83443673,12.30728311,2.352,2.500,69.50,4.39,1.170,0.60,7,7,1,GPS Fix (SPS),Forward
1770576311.066231,57.83443567,12.30728717,57.83443620,12.30728514,2.352,2.500,69.50,4.39,1.170,0.19,7,7,1,GPS Fix (SPS),Stopped
1770576312.0852363,57.83443267,12.30729467,57.83443443,12.30728990,2.362,2.500,69.70,4.42,1.180,0.73,7,7,1,GPS Fix (SPS),Forward
1770576313.0785687,57.83443317,12.30729217,57.83443380,12.30729103,2.362,2.500,70.20,4.42,1.180,0.40,7,7,1,GPS Fix (SPS),Stopped
1770576314.0812418,57.83443500,12.30728983,57.83443440,12.30729043,2.362,2.500,70.10,4.42,1.180,0.25,7,7,1,GPS Fix (SPS),Stopped
1770576315.0698972,57.83443400,12.30728700,57.83443420,12.30728872,2.362,2.500,70.00,4.42,1.180,0.50,7,7,1,GPS Fix (SPS),Stopped
1770576316.0718865,57.83443283,12.30729250,57.83443352,12.30729061,2.362,2.500,70.10,4.42,1.180,0.31,7,7,1,GPS Fix (SPS),Stopped
1770576317.0839248,57.83443350,12.30728883,57.83443351,12.30728972,2.362,2.500,70.20,4.42,1.180,0.24,7,7,1,GPS Fix (SPS),Stopped
1770576318.0840461,57.83443333,12.30728383,57.83443342,12.30728678,2.362,2.500,70.30,4.42,1.180,0.62,7,7,1,GPS Fix (SPS),Stopped
1770576319.0801373,57.83443333,12.30728233,57.83443338,12.30728456,2.362,2.500,70.40,4.42,1.180,0.70,7,7,1,GPS Fix (SPS),Stopped
1770576320.1005847,57.83443417,12.30728150,57.83443377,12.30728303,2.362,2.500,70.30,4.42,1.180,0.38,7,7,1,GPS Fix (SPS),Stopped
1770576321.1046476,57.83443483,12.30728600,57.83443430,12.30728451,2.457,2.500,70.20,4.80,1.280,0.09,6,6,1,GPS Fix (SPS),Stopped
1770576322.1335535,57.83443683,12.30728417,57.83443557,12.30728434,2.457,2.500,70.00,4.80,1.280,0.15,6,6,1,GPS Fix (SPS),Stopped
1770576323.091204,57.83443767,12.30727917,57.83443662,12.30728175,2.457,2.500,70.00,4.80,1.280,0.54,6,6,1,GPS Fix (SPS),Stopped
1770576324.0969706,57.83443667,12.30728317,57.83443664,12.30728246,2.457,2.500,69.60,4.80,1.280,0.21,6,6,1,GPS Fix (SPS),Stopped
1770576325.1154344,57.83443850,12.30727867,57.83443757,12.30728056,2.457,2.500,69.60,4.80,1.280,0.31,6,6,1,GPS Fix (SPS),Stopped
1770576326.1378741,57.83443883,12.30728333,57.83443820,12.30728195,2.457,2.500,69.30,4.80,1.280,0.27,6,6,1,GPS Fix (SPS),Stopped
1770576327.1051638,57.83443983,12.30728133,57.83443902,12.30728164,2.362,2.500,69.10,4.42,1.180,0.68,7,7,1,GPS Fix (SPS),Stopped
1770576328.081029,57.83444333,12.30728000,57.83444118,12.30728082,2.362,2.500,68.90,4.42,1.180,1.39,7,7,1,GPS Fix (SPS),Stopped
1770576329.0963798,57.83444233,12.30728750,57.83444175,12.30728416,2.362,2.500,68.60,4.42,1.180,0.74,7,7,1,GPS Fix (SPS),Stopped
1770576330.0913281,57.83444333,12.30728383,57.83444254,12.30728400,2.962,2.500,68.20,6.79,1.810,0.51,6,6,1,GPS Fix (SPS),Stopped
1770576331.0711114,57.83444200,12.30729217,57.83444227,12.30728808,2.962,2.500,67.90,6.79,1.810,0.30,6,6,1,GPS Fix (SPS),Forward
1770576332.088505,57.83444150,12.30729900,57.83444189,12.30729354,2.962,2.500,67.70,6.79,1.810,0.12,6,6,1,GPS Fix (SPS),Forward
1770576333.0875275,57.83444033,12.30730433,57.83444111,12.30729894,2.362,2.500,67.60,4.42,1.180,0.30,7,7,1,GPS Fix (SPS),Forward
1770576334.1043594,57.83443817,12.30731483,57.83443964,12.30730689,2.362,2.500,67.60,4.42,1.180,0.94,7,7,1,GPS Fix (SPS),Forward
1770576335.0961227,57.83443733,12.30731933,57.83443849,12.30731311,2.362,2.500,67.60,4.42,1.180,0.97,7,7,1,GPS Fix (SPS),Forward
1770576336.1307142,57.83443333,12.30733383,57.83443591,12.30732347,2.362,2.500,67.50,4.42,1.180,1.21,7,7,1,GPS Fix (SPS),Forward
1770576337.098016,57.83443417,12.30733250,57.83443504,12.30732799,2.362,2.500,67.50,4.42,1.180,0.61,7,7,1,GPS Fix (SPS),Forward
1770576338.0969088,57.83443333,12.30734033,57.83443419,12.30733416,2.362,2.500,67.40,4.42,1.180,1.00,7,7,1,GPS Fix (SPS),Forward
1770576339.0803492,57.83443400,12.30734300,57.83443409,12.30733858,2.362,2.500,67.30,4.42,1.180,0.77,7,7,1,GPS Fix (SPS),Forward
1770576340.0602798,57.83443300,12.30735033,57.83443355,12.30734446,2.362,2.500,67.40,4.42,1.180,0.61,7,7,1,GPS Fix (SPS),Forward
1770576341.0688877,57.83443417,12.30735167,57.83443386,12.30734806,2.362,2.500,67.40,4.42,1.180,0.27,7,7,1,GPS Fix (SPS),Forward
1770576342.1178854,57.83443767,12.30733900,57.83443576,12.30734353,2.362,2.500,67.20,4.42,1.180,0.42,7,7,1,GPS Fix (SPS),Reverse
1770576343.0646198,57.83443483,12.30734550,57.83443530,12.30734452,2.362,2.500,67.10,4.42,1.180,0.57,7,7,1,GPS Fix (SPS),Stopped
1770576344.0705378,57.83443133,12.30735817,57.83443332,12.30735134,2.362,2.500,66.80,4.42,1.180,1.08,7,7,1,GPS Fix (SPS),Forward
1770576345.1096902,57.83443000,12.30736083,57.83443166,12.30735609,2.362,2.500,66.70,4.42,1.180,0.72,7,7,1,GPS Fix (SPS),Forward
1770576346.168171,57.83442933,12.30736083,57.83443050,12.30735846,2.362,2.500,66.70,4.42,1.180,0.58,7,7,1,GPS Fix (SPS),Stopped
1770576347.156381,57.83443333,12.30734933,57.83443191,12.30735390,2.362,2.500,66.40,4.42,1.180,0.22,7,7,1,GPS Fix (SPS),Reverse
1770576348.104308,57.83442533,12.30735067,57.83442862,12.30735228,2.362,2.500,66.10,4.42,1.180,1.41,7,7,1,GPS Fix (SPS),Stopped
1770576349.081619,57.83442450,12.30735067,57.83442656,12.30735147,2.362,2.500,65.60,4.42,1.180,1.03,7,7,1,GPS Fix (SPS),Stopped
1770576350.091846,57.83442367,12.30735367,57.83442511,12.30735257,2.362,2.500,65.50,4.42,1.180,0.79,7,7,1,GPS Fix (SPS),Stopped
1770576351.0863457,57.83442317,12.30735617,57.83442414,12.30735437,2.362,2.500,65.80,4.42,1.180,0.60,7,7,1,GPS Fix (SPS),Stopped
1770576352.1061852,57.83442400,12.30735900,57.83442407,12.30735668,2.362,2.500,66.00,4.42,1.180,0.61,7,7,1,GPS Fix (SPS),Stopped
1770576353.093976,57.83442433,12.30736467,57.83442420,12.30736068,2.362,2.500,66.10,4.42,1.180,0.64,7,7,1,GPS Fix (SPS),Forward
1770576354.136597,57.83442733,12.30736300,57.83442577,12.30736184,2.362,2.500,66.30,4.42,1.180,0.29,7,7,1,GPS Fix (SPS),Stopped
1770576355.227575,57.83442867,12.30735850,57.83442722,12.30736017,2.362,2.500,66.50,4.42,1.180,0.08,7,7,1,GPS Fix (SPS),Stopped
1770576356.2897716,57.83443133,12.30735183,57.83442928,12.30735600,2.962,2.500,66.60,6.79,1.810,0.08,6,6,1,GPS Fix (SPS),Reverse
1770576357.1718447,57.83443383,12.30734483,57.83443155,12.30735042,2.362,2.500,66.60,4.42,1.180,0.08,7,7,1,GPS Fix (SPS),Reverse
1770576358.1162593,57.83443533,12.30733517,57.83443344,12.30734279,2.362,2.500,66.70,4.42,1.180,0.54,7,7,1,GPS Fix (SPS),Reverse
1770576359.0903947,57.83443750,12.30732350,57.83443547,12.30733315,2.362,2.500,66.80,4.42,1.180,0.77,7,7,1,GPS Fix (SPS),Reverse
1770576360.1190255,57.83444067,12.30731267,57.83443807,12.30732291,2.362,2.500,67.00,4.42,1.180,0.62,7,7,1,GPS Fix (SPS),Reverse
1770576361.1143944,57.83444283,12.30731000,57.83444045,12.30731645,2.362,2.500,66.90,4.42,1.180,0.34,7,7,1,GPS Fix (SPS),Reverse
1770576362.2373307,57.83444300,12.30731267,57.83444173,12.30731456,2.362,2.500,66.90,4.42,1.180,0.23,7,7,1,GPS Fix (SPS),Stopped
1770576363.1879232,57.83444467,12.30730833,57.83444320,12.30731145,2.362,2.500,66.90,4.42,1.180,0.57,7,7,1,GPS Fix (SPS),Stopped
1770576364.1798565,57.83444500,12.30731167,57.83444410,12.30731156,2.362,2.500,66.80,4.42,1.180,0.15,7,7,1,GPS Fix (SPS),Stopped
1770576365.1289213,57.83444583,12.30731333,57.83444497,12.30731244,2.362,2.500,67.10,4.42,1.180,0.21,7,7,1,GPS Fix (SPS),Stopped
1770576366.117999,57.83444767,12.30730533,57.83444632,12.30730889,2.362,2.500,67.50,4.42,1.180,0.59,7,7,1,GPS Fix (SPS),Reverse
1770576367.1612947,57.83444783,12.30730733,57.83444707,12.30730811,2.362,2.500,67.60,4.42,1.180,0.23,7,7,1,GPS Fix (SPS),Stopped
1770576368.1772668,57.83444867,12.30730250,57.83444787,12.30730531,2.362,2.500,67.60,4.42,1.180,0.30,7,7,1,GPS Fix (SPS),Stopped
1770576369.1180613,57.83444783,12.30729433,57.83444785,12.30729982,2.362,2.500,67.60,4.42,1.180,0.47,7,7,1,GPS Fix (SPS),Reverse
1770576370.1846652,57.83444950,12.30728067,57.83444868,12.30729024,2.362,2.500,67.50,4.42,1.180,0.83,7,7,1,GPS Fix (SPS),Reverse
1770576371.0860915,57.83444783,12.30728117,57.83444825,12.30728570,2.362,2.500,67.20,4.42,1.180,0.80,7,7,1,GPS Fix (SPS),Reverse
1770576372.0944517,57.83444767,12.30728217,57.83444796,12.30728394,2.362,2.500,67.10,4.42,1.180,0.32,7,7,1,GPS Fix (SPS),Stopped
1770576373.2137086,57.83444850,12.30727750,57.83444823,12.30728072,2.362,2.500,67.10,4.42,1.180,0.22,7,7,1,GPS Fix (SPS),Stopped
1770576374.1455808,57.83444683,12.30727667,57.83444753,12.30727869,2.362,2.500,67.30,4.42,1.180,0.22,7,7,1,GPS Fix (SPS),Stopped
1770576375.1182606,57.83444167,12.30728400,57.83444460,12.30728135,2.362,2.500,67.00,4.42,1.180,1.08,7,7,1,GPS Fix (SPS),Stopped
1770576376.1818204,57.83444317,12.30727450,57.83444388,12.30727792,2.362,2.500,67.00,4.42,1.180,0.83,7,7,1,GPS Fix (SPS),Reverse
1770576377.1207898,57.83444083,12.30727767,57.83444236,12.30727779,2.362,2.500,67.00,4.42,1.180,0.81,7,7,1,GPS Fix (SPS),Stopped
1770576378.0891063,57.83443783,12.30727867,57.83444010,12.30727823,2.362,2.500,67.30,4.42,1.180,0.81,7,7,1,GPS Fix (SPS),Stopped
1770576379.1256816,57.83443267,12.30728850,57.83443638,12.30728337,2.362,2.500,67.10,4.42,1.180,1.16,7,7,1,GPS Fix (SPS),Forward
1770576380.1728048,57.83443500,12.30728133,57.83443569,12.30728235,2.362,2.500,67.20,4.42,1.180,0.64,7,7,1,GPS Fix (SPS),Stopped
1770576381.141971,57.83443333,12.30727867,57.83443451,12.30728051,2.457,2.500,67.20,4.80,1.280,0.75,6,6,1,GPS Fix (SPS),Stopped
1770576382.1410043,57.83443350,12.30727683,57.83443401,12.30727867,2.457,2.500,67.40,4.80,1.280,0.36,6,6,1,GPS Fix (SPS),Stopped
1770576383.1389778,57.83442917,12.30728467,57.83443159,12.30728167,2.457,2.500,67.60,4.80,1.280,1.16,6,6,1,GPS Fix (SPS),Stopped
1770576384.199456,57.83443133,12.30728200,57.83443146,12.30728183,2.457,2.500,67.50,4.80,1.280,0.37,6,6,1,GPS Fix (SPS),Stopped
1770576385.128725,57.83443100,12.30728033,57.83443123,12.30728108,2.457,2.500,67.50,4.80,1.280,0.38,6,6,1,GPS Fix (SPS),Stopped
1770576386.1436312,57.83443383,12.30727700,57.83443253,12.30727904,2.457,2.500,67.50,4.80,1.280,0.48,6,6,1,GPS Fix (SPS),Stopped
1770576387.1115901,57.83443567,12.30727883,57.83443410,12.30727894,2.457,2.500,67.70,4.80,1.280,0.63,6,6,1,GPS Fix (SPS),Stopped
1770576388.1208758,57.83443950,12.30727350,57.83443680,12.30727622,2.457,2.500,67.50,4.80,1.280,1.35,6,6,1,GPS Fix (SPS),Stopped
1770576389.0610886,57.83443850,12.30727183,57.83443765,12.30727403,2.362,2.500,67.80,4.42,1.180,1.34,7,7,1,GPS Fix (SPS),Stopped
1770576390.1525793,57.83443783,12.30727483,57.83443774,12.30727443,2.362,2.500,68.00,4.42,1.180,0.93,7,7,1,GPS Fix (SPS),Stopped
1770576391.3867295,57.83443650,12.30728033,57.83443712,12.30727738,2.362,2.500,67.90,4.42,1.180,0.43,7,7,1,GPS Fix (SPS),Stopped
1770576392.4305675,57.83443700,12.30728633,57.83443706,12.30728186,2.362,2.500,67.90,4.42,1.180,0.58,7,7,1,GPS Fix (SPS),Forward
1770576393.1387,57.83443617,12.30728767,57.83443661,12.30728476,2.362,2.500,68.10,4.42,1.180,0.77,7,7,1,GPS Fix (SPS),Stopped
1770576394.1508079,57.83443617,12.30728517,57.83443639,12.30728496,2.362,2.500,68.20,4.42,1.180,0.96,7,7,1,GPS Fix (SPS),Stopped
1770576395.1123118,57.83443783,12.30728100,57.83443711,12.30728298,2.362,2.500,67.90,4.42,1.180,1.04,7,7,1,GPS Fix (SPS),Stopped
1770576396.069337,57.83443500,12.30728250,57.83443606,12.30728274,2.362,2.500,68.20,4.42,1.180,0.59,7,7,1,GPS Fix (SPS),Stopped
1770576397.1386228,57.83443050,12.30728783,57.83443328,12.30728529,2.362,2.500,68.20,4.42,1.180,0.62,7,7,1,GPS Fix (SPS),Stopped
1770576398.0894184,57.83443317,12.30728167,57.83443322,12.30728348,2.362,2.500,68.30,4.42,1.180,0.98,7,7,1,GPS Fix (SPS),Stopped
1770576399.1066146,57.83443717,12.30728217,57.83443519,12.30728282,2.362,2.500,68.40,4.42,1.180,1.09,7,7,1,GPS Fix (SPS),Stopped
1770576400.1114516,57.83443733,12.30727883,57.83443626,12.30728083,2.362,2.500,68.30,4.42,1.180,0.91,7,7,1,GPS Fix (SPS),Stopped
1770576401.13672,57.83443500,12.30728067,57.83443563,12.30728075,2.362,2.500,68.40,4.42,1.180,0.62,7,7,1,GPS Fix (SPS),Stopped
1770576402.1533864,57.83443750,12.30727483,57.83443657,12.30727779,2.362,2.500,68.50,4.42,1.180,1.06,7,7,1,GPS Fix (SPS),Stopped
1770576403.2490869,57.83443600,12.30727733,57.83443628,12.30727756,2.362,2.500,68.40,4.42,1.180,0.67,7,7,1,GPS Fix (SPS),Stopped
1770576404.0910509,57.83443700,12.30727550,57.83443664,12.30727653,2.362,2.500,68.20,4.42,1.180,0.74,7,7,1,GPS Fix (SPS),Stopped
1770576405.1127129,57.83444167,12.30726567,57.83443915,12.30727110,2.362,2.500,68.30,4.42,1.180,1.56,7,7,1,GPS Fix (SPS),Reverse
1770576406.105504,57.83443933,12.30726567,57.83443924,12.30726838,2.362,2.500,68.20,4.42,1.180,1.16,7,7,1,GPS Fix (SPS),Stopped
1770576407.076999,57.83443933,12.30726767,57.83443929,12.30726802,2.362,2.500,68.00,4.42,1.180,1.09,7,7,1,GPS Fix (SPS),Stopped
1770576408.059545,57.83444233,12.30726400,57.83444081,12.30726601,2.362,2.500,68.00,4.42,1.180,1.23,7,7,1,GPS Fix (SPS),Stopped
1770576409.091247,57.83444483,12.30725867,57.83444282,12.30726234,2.362,2.500,68.10,4.42,1.180,1.34,7,7,1,GPS Fix (SPS),Reverse
1770576410.1356409,57.83444250,12.30726333,57.83444266,12.30726284,2.362,2.500,68.30,4.42,1.180,0.46,7,7,1,GPS Fix (SPS),Stopped
1770576411.070489,57.83444350,12.30726450,57.83444308,12.30726367,2.362,2.500,68.20,4.42,1.180,0.59,7,7,1,GPS Fix (SPS),Stopped
1770576412.0979493,57.83444267,12.30726183,57.83444287,12.30726275,2.362,2.500,68.10,4.42,1.180,0.57,7,7,1,GPS Fix (SPS),Stopped
1770576413.0726519,57.83444933,12.30725300,57.83444610,12.30725788,2.362,2.500,68.00,4.42,1.180,1.14,7,7,1,GPS Fix (SPS),Reverse
1770576414.0993464,57.83444967,12.30725067,57.83444789,12.30725427,2.362,2.500,67.90,4.42,1.180,0.97,7,7,1,GPS Fix (SPS),Reverse
1770576415.187188,57.83444533,12.30725850,57.83444661,12.30725639,2.362,2.500,67.70,4.42,1.180,0.51,7,7,1,GPS Fix (SPS),Stopped
1770576416.1254313,57.83444533,12.30726350,57.83444597,12.30725994,2.362,2.500,67.80,4.42,1.180,0.17,7,7,1,GPS Fix (SPS),Forward
1770576417.1041458,57.83444850,12.30726017,57.83444724,12.30726005,2.362,2.500,68.10,4.42,1.180,0.65,7,7,1,GPS Fix (SPS),Stopped
1770576418.0604234,57.83444833,12.30726033,57.83444778,12.30726019,2.362,2.500,68.50,4.42,1.180,0.57,7,7,1,GPS Fix (SPS),Stopped
1770576419.084753,57.83444617,12.30726800,57.83444698,12.30726410,2.362,2.500,68.60,4.42,1.180,0.14,7,7,1,GPS Fix (SPS),Forward
1770576420.1292212,57.83444583,12.30727217,57.83444640,12.30726813,2.362,2.500,68.90,4.42,1.180,0.20,7,7,1,GPS Fix (SPS),Forward
