gps_epoch_s,pc_epoch_s,raw_lat,raw_lon,filt_lat,filt_lon,raw_unc_m,filt_unc_x_m,filt_unc_y_m,speed_kmh,sats_used,sats_in_view,direction,altitude_m,alt_unc_m,fix_quality
1770712767.0,1770716367.093,57.8344975,12.307233499999999,57.83449966666666,12.307223333333333,3.75,3.75099986670221,3.75099986670221,2.0539610560087858,5,5,Reverse,65.6,5.625,1
1770712768.0,1770716368.098,57.834493,12.307245333333332,57.834496333333334,12.307234333333334,3.75,3.149444395445012,3.149444395445012,2.0785177577193514,5,5,Reverse,65.7,5.625,1
1770712769.0,1770716369.09,57.834487499999994,12.307255999999999,57.834491916666664,12.307245166666666,3.75,2.648263582047678,2.648263582047678,1.938196531413929,5,5,Reverse,65.8,5.625,1
1770712770.0,1770716370.093,57.834483666666664,12.307265,57.83448779166666,12.307255083333333,3.75,2.5,2.5,1.7557810183830966,5,5,Reverse,65.8,5.625,1
1770712771.0,1770716371.099,57.83447833333333,12.307272333333334,57.8344830625,12.307263708333332,3.75,2.5,2.5,1.6914367119247664,5,5,Reverse,65.9,5.625,1
1770712772.0,1770716372.082,57.83447966666666,12.307285666666667,57.834481364583326,12.3072746875,3.75,2.5,2.5,1.6538911025141556,5,5,Reverse,65.8,5.625,1
1770712773.0,1770716373.096,57.834479166666675,12.307295500000002,57.834480265625004,12.307285093750002,3.75,2.5,2.5,1.5971717851699516,5,5,Reverse,65.7,5.625,1
1770712774.0,1770716374.094,57.834474833333324,12.307299333333333,57.83447754947916,12.307292213541666,3.75,2.5,2.5,1.4112484347918777,5,5,Reverse,65.5,5.625,1
1770712775.0,1770716375.096,57.834470833333334,12.307303666666666,57.83447419140625,12.307297940104167,3.75,2.5,2.5,1.3053245297884035,5,5,Reverse,65.2,5.625,1
1770712776.0,1770716376.096,57.83447016666667,12.307322,57.83447217903646,12.307309970052083,3.675,2.5,2.5,1.4786211110816718,6,6,Reverse,64.8,5.512499999999999,1
1770712777.0,1770716377.111,57.834468,12.3073325,57.83447008951823,12.307321235026041,3.675,2.5,2.5,1.629573186736838,6,6,Reverse,64.4,5.512499999999999,1
1770712778.0,1770716378.101,57.8344715,12.307331333333332,57.83447079475911,12.307326284179686,3.675,2.5,2.5,1.5521059401710913,6,6,Reverse,64.1,5.512499999999999,1
1770712779.0,1770716379.096,57.834464833333335,12.307326833333331,57.83446781404623,12.30732655875651,3.675,2.5,2.5,1.3571769123665218,6,6,Reverse,63.8,5.512499999999999,1
1770712780.0,1770716380.102,57.83446083333333,12.307342666666667,57.83446432368978,12.307334612711587,3.675,2.5,2.5,1.456942769504866,6,6,Reverse,63.8,5.512499999999999,1
1770712781.0,1770716381.096,57.83445616666666,12.307359,57.83446024517822,12.307346806355794,3.675,2.5,2.5,1.562814830913546,6,6,Reverse,63.8,5.512499999999999,1
1770712782.0,1770716382.1,57.83444516666667,12.307356666666665,57.834452705922445,12.30735173651123,3.05,2.5,2.5,1.4349866705340006,6,6,Reverse,64.4,4.574999999999999,1
1770712783.0,1770716383.104,57.83444566666667,12.307352666666668,57.834449186294556,12.30735220158895,3.05,2.5,2.5,1.249822880968118,6,6,Reverse,64.9,4.574999999999999,1
1770712784.0,1770716384.107,57.83444133333334,12.307345833333333,57.83444525981395,12.30734901746114,2.9749999999999996,2.5,2.5,1.0237185613707174,7,7,Reverse,65.3,4.4624999999999995,1
1770712785.0,1770716385.099,57.834437166666675,12.307339666666667,57.83444121324031,12.307344342063905,2.9749999999999996,2.5,2.5,0.8509358926208621,7,7,Reverse,65.9,4.4624999999999995,1
1770712786.0,1770716386.096,57.834434166666675,12.307340666666668,57.83443768995349,12.307342504365286,2.9749999999999996,2.5,2.5,0.7372039441282207,7,7,Reverse,66.8,4.4624999999999995,1
1770712787.0,1770716387.098,57.834433833333335,12.307337833333333,57.83443576164341,12.30734016884931,2.9749999999999996,2.5,2.5,0.5992173303703754,7,7,Reverse,67.6,4.4624999999999995,1
1770712788.0,1770716388.106,57.83443166666666,12.307334666666668,57.83443371415504,12.307337417757989,2.9749999999999996,2.5,2.5,0.4893661020190653,7,7,Reverse,67.9,4.4624999999999995,1
1770712789.0,1770716389.098,57.83442883333334,12.307323833333331,57.83443127374419,12.30733062554566,2.9749999999999996,2.5,2.5,0.4341457545365176,7,7,Reverse,68.1,4.4624999999999995,1
1770712790.0,1770716390.101,57.83442766666667,12.307313666666667,57.83442947020543,12.307322146106165,2.9749999999999996,2.5,2.5,0.49476731869809687,7,7,Reverse,68.6,4.4624999999999995,1
1770712791.0,1770716391.1,57.83442266666666,12.307315833333332,57.834426068436045,12.307318989719748,2.9749999999999996,2.5,2.5,0.5055882891909534,7,7,Reverse,69.3,4.4624999999999995,1
1770712792.0,1770716392.096,57.83442,12.307310666666668,57.83442303421803,12.307314828193208,2.9749999999999996,2.5,2.5,0.5844452943944055,7,7,Reverse,69.5,4.4624999999999995,1
1770712793.0,1770716393.098,57.83441466666667,12.307309666666667,57.83441885044235,12.307312247429937,2.9749999999999996,2.5,2.5,0.8102189637573733,7,7,Reverse,69.9,4.4624999999999995,1
1770712794.0,1770716394.104,57.83441549999999,12.307322333333332,57.83441717522117,12.307317290381635,2.9749999999999996,2.5,2.5,1.0488202583772255,7,7,Reverse,70.2,4.4624999999999995,1
1770712795.0,1770716395.096,57.83441583333333,12.307318500000001,57.83441650427725,12.307317895190817,2.9749999999999996,2.5,2.5,1.014275270045574,7,7,Reverse,70.2,4.4624999999999995,1
1770712796.0,1770716396.096,57.834417833333326,12.307333000000002,57.83441716880529,12.30732544759541,2.9749999999999996,2.5,2.5,1.195998405241877,7,7,Reverse,70.6,4.4624999999999995,1
1770712797.0,1770716397.096,57.834413833333336,12.307328333333333,57.83441550106931,12.30732689046437,2.9749999999999996,2.5,2.5,1.2413319453457614,7,7,Reverse,70.8,4.4624999999999995,1
1770712798.0,1770716398.096,57.834417,12.307329333333334,57.83441625053466,12.307328111898853,2.9749999999999996,2.5,2.5,1.192179483972572,7,7,Reverse,70.9,4.4624999999999995,1
1770712799.0,1770716399.096,57.83442166666667,12.307326666666665,57.834418958600665,12.307327389282758,2.9749999999999996,2.5,2.5,1.0776036052338709,7,7,Reverse,71.1,4.4624999999999995,1
1770712800.0,1770716400.096,57.83442016666666,12.307326,57.83441956263366,12.307326694641379,2.9749999999999996,2.5,2.5,0.9236620608504557,7,7,Reverse,71.2,4.4624999999999995,1
1770712801.0,1770716401.112,57.834419499999996,12.307324000000001,57.834419531316826,12.30732534732069,2.9749999999999996,2.5,2.5,0.7914775751675523,7,7,Reverse,71.3,4.4624999999999995,1
1770712802.0,1770716402.102,57.83441733333334,12.307320166666667,57.83441843232509,12.30732275699368,2.9749999999999996,2.5,2.5,0.625005233072098,7,7,Reverse,71.4,4.4624999999999995,1
1770712803.0,1770716403.095,57.83441849999999,12.307316166666665,57.83441846616254,12.307319461830172,2.9749999999999996,2.5,2.5,0.5053672949233767,7,7,Reverse,71.6,4.4624999999999995,1
1770712804.0,1770716404.098,57.83442133333333,12.307316833333335,57.834419899747935,12.307318147581753,2.9749999999999996,2.5,2.5,0.5283538708973039,7,7,Reverse,71.6,4.4624999999999995,1
1770712805.0,1770716405.103,57.8344145,12.307316500000002,57.83441719987397,12.307317323790878,2.9749999999999996,2.5,2.5,0.498073783944599,7,7,Reverse,71.4,4.4624999999999995,1
1770712806.0,1770716406.097,57.83441033333334,12.307311499999999,57.83441376660365,12.307314411895439,2.9749999999999996,2.5,2.5,0.6540404512317006,7,7,Reverse,71.6,4.4624999999999995,1
1770712807.0,1770716407.098,57.8344115,12.307323499999999,57.834412633301824,12.307318955947718,2.9749999999999996,2.5,2.5,0.7866971201286173,7,7,Reverse,71.7,4.4624999999999995,1
1770712808.0,1770716408.098,57.83441033333334,12.307337833333333,57.83441148331758,12.307328394640527,4.125,2.5,2.5,1.0433230005969225,6,6,Reverse,71.7,6.1875,1
1770712809.0,1770716409.098,57.83441133333334,12.3073325,57.834411408325465,12.307330447320263,5.05,2.5,2.5,1.048549122771292,5,5,Reverse,71.8,7.574999999999999,1
1770712810.0,1770716410.099,57.83441500000001,12.307326166666666,57.834413204162736,12.307328306993464,4.125,2.5,2.5,0.8633908346674741,6,6,Reverse,72.1,6.1875,1
1770712811.0,1770716411.1,57.83441533333333,12.307329333333334,57.834414268748034,12.307328820163399,5.05,2.5,2.5,0.7192117254347673,5,5,Reverse,72.5,7.574999999999999,1
1770712812.0,1770716412.094,57.834417,12.307321166666668,57.83441563437402,12.307324993415033,3.65,2.5,2.5,0.5437592806507772,6,6,Reverse,72.8,5.475,1
1770712813.0,1770716413.096,57.83441666666666,12.307326499999999,57.83441615052034,12.307325746707516,3.65,2.5,2.5,0.47786147342638613,6,6,Reverse,73.0,5.475,1
1770712814.0,1770716414.096,57.83441866666667,12.307323666666665,57.8344174085935,12.30732470668709,3.65,2.5,2.5,0.4060124247669624,6,6,Reverse,73.3,5.475,1
1770712815.0,1770716415.098,57.83442149999999,12.307333000000002,57.83441945429675,12.307328853343547,3.75,2.5,2.5,0.47586293985252404,5,5,Reverse,73.3,5.625,1
1770712816.0,1770716416.096,57.834429833333324,12.307329833333332,57.834424643815034,12.30732934333844,3.75,2.5,2.5,0.5921324417582939,5,5,Reverse,73.6,5.625,1
1770712817.0,1770716417.098,57.834434333333334,12.307320333333333,57.83442948857419,12.307324838335886,3.75,2.5,2.5,0.7035098298312115,5,5,Reverse,73.8,5.625,1
1770712818.0,1770716418.092,57.834436499999995,12.307316500000002,57.83443299428709,12.307320669167945,3.75,2.5,2.5,0.7616424761023403,5,5,Reverse,73.7,5.625,1
1770712819.0,1770716419.096,57.83443916666667,12.307308,57.83443608047688,12.307314334583973,3.75,2.5,2.5,0.8132420179441942,5,5,Reverse,73.6,5.625,1
1770712820.0,1770716420.097,57.834439,12.307303333333333,57.83443754023844,12.307308833958652,3.75,2.5,2.5,0.80096002972697,5,5,Reverse,73.5,5.625,1
1770712821.0,1770716421.093,57.834442833333334,12.307300000000001,57.83444018678589,12.307304416979328,3.75,2.5,2.5,0.8986498748611026,5,5,Reverse,73.2,5.625,1
1770712822.0,1770716422.098,57.83444166666666,12.307300000000001,57.83444092672627,12.307302208489665,3.75,2.5,2.5,0.8953264435976083,5,5,Reverse,73.0,5.625,1
1770712823.0,1770716423.092,57.834441,12.307299166666667,57.834440963363136,12.307300687578165,3.75,2.5,2.5,0.8971982674799204,5,5,Reverse,72.8,5.625,1
1770712824.0,1770716424.098,57.834444500000004,12.307299833333332,57.83444273168157,12.307300260455749,3.75,2.5,2.5,0.9012887768800216,5,5,Reverse,73.2,5.625,1
1770712825.0,1770716425.093,57.834439999999994,12.307304833333335,57.83444136584078,12.307302546894542,3.75,2.5,2.5,0.7004773935972692,5,5,Reverse,73.6,5.625,1
1770712826.0,1770716426.096,57.83443666666667,12.307299333333333,57.834439016253725,12.307300940113937,3.75,2.5,2.5,0.709816875224655,5,5,Reverse,73.6,5.625,1
1770712827.0,1770716427.099,57.8344345,12.307298500000002,57.83443675812686,12.30729972005697,3.75,2.5,2.5,0.7142659570125173,5,5,Reverse,73.3,5.625,1
1770712828.0,1770716428.104,57.834434333333334,12.307298833333334,57.8344355457301,12.307299276695153,3.75,2.5,2.5,0.665402556227977,5,5,Reverse,73.5,5.625,1
1770712829.0,1770716429.103,57.834434333333334,12.307303000000001,57.83443493953172,12.307301138347576,3.75,2.5,2.5,0.5508682442880597,5,5,Reverse,73.6,5.625,1
1770712830.0,1770716430.095,57.834435500000005,12.307307333333332,57.83443521976586,12.307304235840455,3.75,2.5,2.5,0.4531360031259309,5,5,Reverse,73.6,5.625,1
1770712831.0,1770716431.098,57.834433833333335,12.307315833333332,57.8344345265496,12.307310034586893,3.75,2.5,2.5,0.4045108390425787,5,5,Reverse,74.0,5.625,1
1770712832.0,1770716432.098,57.83443366666667,12.307315333333333,57.834434096608135,12.307312683960113,3.75,2.5,2.5,0.3340691845238563,5,5,Reverse,74.3,5.625,1
1770712833.0,1770716433.096,57.834442,12.307313666666667,57.834438048304065,12.307313175313391,3.75,2.5,2.5,0.4929325450533814,5,5,Reverse,74.3,5.625,1
1770712834.0,1770716434.1,57.83444533333333,12.307308833333332,57.8344416908187,12.307311004323362,3.75,2.5,2.5,0.635155263342259,5,5,Reverse,74.2,5.625,1
1770712835.0,1770716435.094,57.83445016666666,12.307306000000002,57.83444592874268,12.307308502161682,3.75,2.5,2.5,0.8149232589545182,5,5,Reverse,74.0,5.625,1
1770712836.0,1770716436.088,57.83444233333333,12.307290666666665,57.834444131038005,12.307299584414173,3.75,2.5,2.5,0.8982255721865373,5,5,Reverse,73.8,5.625,1
1770712837.0,1770716437.102,57.834439833333334,12.3072885,57.834441982185666,12.307294042207086,3.825,2.5,2.5,0.9171483211815123,4,4,Reverse,73.7,5.737500000000001,1
1770712838.0,1770716438.097,57.83443783333334,12.3073085,57.8344399077595,12.307301271103544,3.3000000000000003,2.5,2.5,1.1553751335277598,5,5,Reverse,73.8,4.95,1
1770712839.0,1770716439.103,57.83443616666667,12.307327500000001,57.83443803721309,12.307314385551772,3.3000000000000003,2.5,2.5,1.2950437441137266,5,5,Reverse,73.7,4.95,1
1770712840.0,1770716440.096,57.83443766666666,12.307333666666667,57.834437851939875,12.30732402610922,3.05,2.5,2.5,1.3239520393098272,6,6,Reverse,73.5,4.574999999999999,1
1770712841.0,1770716441.101,57.834437333333334,12.3073365,57.834437592636604,12.30733026305461,9.725,2.5,2.5,1.3301647198476967,5,5,Reverse,73.4,14.587499999999999,1
1770712842.0,1770716442.096,57.83443766666666,12.307341166666667,57.83443762965163,12.307335714860638,9.725,2.5,2.5,1.3592192295349814,5,5,Reverse,73.4,14.587499999999999,1
1770712843.0,1770716443.089,57.834436833333335,12.307337166666665,57.83443723149248,12.307336440763653,9.7,2.5,2.5,1.1465383661935025,5,5,Reverse,73.5,14.549999999999999,1
1770712844.0,1770716444.104,57.83443616666667,12.307326499999999,57.834436699079575,12.307331470381826,9.7,2.5,2.5,0.9619379375697938,5,5,Reverse,73.3,14.549999999999999,1
1770712845.0,1770716445.098,57.834436833333335,12.307317666666666,57.83443676620646,12.307324568524246,9.7,2.5,2.5,0.9024695045895842,5,5,Reverse,73.5,14.549999999999999,1
1770712846.0,1770716446.104,57.834433999999995,12.3072995,57.83443538310323,12.307312034262122,9.7,2.5,2.5,1.0816157690770067,5,5,Reverse,73.5,14.549999999999999,1
1770712847.0,1770716447.099,57.834432666666665,12.307292666666667,57.83443402488494,12.307302350464395,9.7,2.5,2.5,1.1963922166559702,5,5,Reverse,73.4,14.549999999999999,1
1770712848.0,1770716448.103,57.83443283333333,12.307303833333332,57.83443342910914,12.307303091898863,9.7,2.5,2.5,1.0703032689851055,5,5,Reverse,73.4,14.549999999999999,1
1770712849.0,1770716449.096,57.83443366666667,12.307296833333332,57.834433547887905,12.307299962616097,9.7,2.5,2.5,0.9956439025061785,5,5,Reverse,73.5,14.549999999999999,1
1770712850.0,1770716450.101,57.83444383333334,12.307304333333331,57.83443869061062,12.307302147974715,9.7,2.5,2.5,0.9716958917141915,5,5,Reverse,73.6,14.549999999999999,1
1770712851.0,1770716451.095,57.83445100000001,12.307274166666666,57.83444484530531,12.30728815732069,9.675,2.5,2.5,0.8917237926583743,5,5,Reverse,73.6,14.512500000000001,1
1770712852.0,1770716452.099,57.83445566666666,12.307268166666665,57.83445025598599,12.307278161993677,9.675,2.5,2.5,0.9794954103585427,5,5,Reverse,73.8,14.512500000000001,1
1770712853.0,1770716453.104,57.83445766666667,12.307277333333332,57.83445396132633,12.307277747663505,9.675,2.5,2.5,1.084556488151555,5,5,Reverse,73.9,14.512500000000001,1
1770712854.0,1770716454.09,57.83445783333333,12.307274666666668,57.83445589732983,12.307276207165087,9.675,2.5,2.5,1.1497577918672521,5,5,Reverse,74.4,14.512500000000001,1
1770712855.0,1770716455.094,57.83445116666667,12.307287833333332,57.83445353199825,12.30728202024921,9.675,2.5,2.5,1.036392206742434,5,5,Reverse,74.5,14.512500000000001,1
1770712856.0,1770716456.097,57.83445566666666,12.307284833333332,57.83445459933245,12.30728342679127,9.675,2.5,2.5,0.9917239541854468,5,5,Reverse,74.9,14.512500000000001,1
1770712857.0,1770716457.092,57.83445700000001,12.307269833333331,57.83445579966623,12.3072766300623,9.675,2.5,2.5,1.1101304762040638,5,5,Reverse,75.0,14.512500000000001,1
1770712858.0,1770716458.096,57.83445716666667,12.307266166666667,57.83445648316645,12.307271398364483,9.675,2.5,2.5,1.1528446619307533,5,5,Reverse,75.1,14.512500000000001,1
1770712859.0,1770716459.1,57.83445966666667,12.307268833333334,57.83445807491656,12.307270115848908,9.65,2.5,2.5,0.9814312462714971,5,5,Reverse,75.2,14.475000000000001,1
1770712860.0,1770716460.093,57.834453,12.307273166666668,57.83445553745828,12.307271641257788,9.65,2.5,2.5,0.9163726778352655,5,5,Reverse,75.3,14.475000000000001,1
1770712861.0,1770716461.099,57.83445016666666,12.307274833333334,57.83445285206247,12.307273237295561,9.65,2.5,2.5,0.8314432028303771,5,5,Reverse,75.4,14.475000000000001,1
1770712862.0,1770716462.094,57.83444916666667,12.307282500000001,57.83445100936457,12.307277868647782,9.65,2.5,2.5,0.7171124286166469,5,5,Reverse,75.5,14.475000000000001,1
1770712863.0,1770716463.098,57.83444733333334,12.307278166666666,57.83444917134896,12.307278017657223,21.724999999999998,2.5,2.5,0.6570024458264062,4,4,Reverse,75.5,32.5875,1
1770712864.0,1770716464.092,57.83444599999999,12.307283500000002,57.834447585674475,12.307280758828613,9.65,2.5,2.5,0.6362511832911785,5,5,Reverse,75.6,14.475000000000001,1
1770712865.0,1770716465.096,57.83444833333333,12.307286,57.8344479595039,12.307283379414306,9.65,2.5,2.5,0.5829751669863092,5,5,Reverse,75.8,14.475000000000001,1
1770712866.0,1770716466.101,57.83445149999999,12.307277,57.834449729751945,12.307280189707154,9.65,2.5,2.5,0.683323527409178,5,5,Reverse,75.9,14.475000000000001,1
1770712867.0,1770716467.094,57.83445199999999,12.307284166666667,57.83445086487597,12.30728217818691,9.625,2.5,2.5,0.6980603211514381,5,5,Reverse,75.9,14.4375,1
1770712868.0,1770716468.099,57.83445149999999,12.307280166666665,57.83445118243798,12.307281172426787,9.625,2.5,2.5,0.5819151515281596,5,5,Reverse,75.9,14.4375,1
1770712869.0,1770716469.095,57.834447,12.307295166666666,57.83444909121899,12.307288169546727,9.625,2.5,2.5,0.5247759804177013,5,5,Reverse,76.0,14.4375,1
1770712870.0,1770716470.099,57.83444483333333,12.307293499999998,57.83444696227616,12.307290834773363,9.625,2.5,2.5,0.6277737424344981,5,5,Reverse,76.6,14.4375,1
1770712871.0,1770716471.104,57.83443933333333,12.307332666666666,57.83444314780474,12.307311750720014,9.625,2.5,2.5,0.6373770958872411,5,5,Reverse,76.8,14.4375,1
1770712872.0,1770716472.098,57.834435666666664,12.307369000000001,57.834439407235706,12.307340375360008,3.05,2.5,2.5,0.6020032441326156,6,6,Reverse,78.1,4.574999999999999,1
1770712873.0,1770716473.102,57.834432500000005,12.307402333333334,57.834435953617856,12.307371354346671,3.05,2.5,2.5,0.7803403091737585,6,6,Reverse,79.1,4.574999999999999,1
1770712874.0,1770716474.096,57.83443166666666,12.307410333333333,57.83443381014226,12.307390843840002,3.05,2.5,2.5,0.6898899454772823,6,6,Reverse,80.0,4.574999999999999,1
1770712875.0,1770716475.101,57.8344315,12.307410166666667,57.834432655071126,12.307400505253334,3.05,2.5,2.5,0.7124214700453323,6,6,Reverse,80.4,4.574999999999999,1
1770712876.0,1770716476.097,57.834427999999996,12.307409333333332,57.834430327535564,12.307404919293333,3.05,2.5,2.5,0.8528351738035879,6,6,Reverse,80.6,4.574999999999999,1
1770712877.0,1770716477.101,57.834431333333335,12.3074325,57.83443083043445,12.307418709646667,3.05,2.5,2.5,0.8422627704280762,6,6,Reverse,80.6,4.574999999999999,1
1770712878.0,1770716478.096,57.834433499999996,12.307450666666666,57.83443216521722,12.307434688156667,3.05,2.5,2.5,1.0173146789623542,6,6,Reverse,80.9,4.574999999999999,1
1770712879.0,1770716479.101,57.834438,12.307467999999998,57.83443508260861,12.307451344078332,3.05,2.5,2.5,1.3314585757743203,6,6,Reverse,81.1,4.574999999999999,1
1770712880.0,1770716480.104,57.834445499999994,12.307476999999999,57.834440291304304,12.307464172039166,3.05,2.5,2.5,1.6734628128230558,6,6,Reverse,81.5,4.574999999999999,1
1770712881.0,1770716481.098,57.83445633333334,12.307458833333332,57.83444831231882,12.307461502686248,3.05,2.5,2.5,1.9468424117004512,6,6,Reverse,81.4,4.574999999999999,1
1770712882.0,1770716482.103,57.834461,12.307453666666667,57.83445465615941,12.307457584676458,2.9749999999999996,2.5,2.5,2.11558893172874,7,7,Reverse,81.1,4.4624999999999995,1
1770712883.0,1770716483.099,57.83446649999999,12.307447833333333,57.8344605780797,12.307452709004895,2.9749999999999996,2.5,2.5,2.2325680661571683,7,7,Reverse,81.2,4.4624999999999995,1
1770712884.0,1770716484.11,57.834470833333334,12.307434666666666,57.83446570570652,12.30744368783578,2.9749999999999996,2.5,2.5,2.1673369435351875,7,7,Reverse,81.3,4.4624999999999995,1
1770712885.0,1770716485.098,57.834475000000005,12.307438333333334,57.83447035285326,12.307441010584558,2.9749999999999996,2.5,2.5,2.0538566731364774,7,7,Reverse,81.5,4.4624999999999995,1
1770712886.0,1770716486.102,57.83447516666667,12.307446833333332,57.83447275975997,12.307443921958944,3.05,2.5,2.5,1.8945633930119494,6,6,Reverse,81.2,4.574999999999999,1
1770712887.0,1770716487.106,57.83447116666666,12.307446999999998,57.83447196321331,12.307445460979471,3.05,2.5,2.5,1.5457436005449692,6,6,Reverse,81.3,4.574999999999999,1
1770712888.0,1770716488.101,57.834472166666664,12.307448833333334,57.83447206493999,12.307447147156402,3.05,2.5,2.5,1.273677303591722,6,6,Reverse,81.1,4.574999999999999,1
1770712889.0,1770716489.095,57.834471666666666,12.307435833333333,57.83447186580333,12.307441490244868,3.05,2.5,2.5,1.0563671573843085,6,6,Reverse,81.0,4.574999999999999,1
1770712890.0,1770716490.098,57.83447283333333,12.307442499999999,57.83447234956833,12.307441995122433,3.05,2.5,2.5,0.8813643991160764,6,6,Reverse,81.0,4.574999999999999,1
1770712891.0,1770716491.094,57.83446983333333,12.307438166666667,57.83447109145083,12.307440080894551,2.9749999999999996,2.5,2.5,0.6565941839115117,7,7,Reverse,81.0,4.4624999999999995,1
1770712892.0,1770716492.1,57.834469166666665,12.307422833333332,57.834470129058744,12.30743145711394,2.9749999999999996,2.5,2.5,0.6826214256200287,7,7,Reverse,80.5,4.4624999999999995,1
1770712893.0,1770716493.105,57.83446516666666,12.307419333333334,57.8344676478627,12.307425395223637,2.9749999999999996,2.5,2.5,0.655788018355391,7,7,Reverse,80.5,4.4624999999999995,1
1770712894.0,1770716494.101,57.83446366666667,12.307418333333333,57.83446565726469,12.307421864278485,2.9749999999999996,2.5,2.5,0.5931909332220381,7,7,Reverse,80.1,4.4624999999999995,1
1770712895.0,1770716495.104,57.83446349999999,12.307416333333332,57.83446457863234,12.307419098805909,2.9749999999999996,2.5,2.5,0.4907897207784596,7,7,Reverse,79.9,4.4624999999999995,1
1770712896.0,1770716496.099,57.83445783333333,12.307400666666668,57.834461205982834,12.30740988273629,2.9749999999999996,2.5,2.5,0.7377346653036371,7,7,Reverse,79.8,4.4624999999999995,1
1770712897.0,1770716497.102,57.8344525,12.307410666666666,57.834456852991416,12.307410274701477,2.9749999999999996,2.5,2.5,0.746993800171136,7,7,Reverse,80.1,4.4624999999999995,1
1770712898.0,1770716498.097,57.834448,12.307410166666667,57.83445242649571,12.307410220684073,2.9749999999999996,2.5,2.5,0.8810341081098347,7,7,Reverse,80.4,4.4624999999999995,1
1770712899.0,1770716499.104,57.834448,12.307416833333331,57.834450213247855,12.307413527008702,2.9749999999999996,2.5,2.5,0.9438553443794372,7,7,Reverse,80.6,4.4624999999999995,1
1770712900.0,1770716500.086,57.834447,12.307416,57.83444860662393,12.307414763504351,2.9749999999999996,2.5,2.5,0.9661840390129893,7,7,Reverse,80.8,4.4624999999999995,1
1770712901.0,1770716501.097,57.83444816666667,12.307411166666668,57.8344483866453,12.30741296508551,2.9749999999999996,2.5,2.5,0.8670845090943763,7,7,Reverse,80.8,4.4624999999999995,1
1770712902.0,1770716502.105,57.83445116666667,12.307416166666666,57.83444977665598,12.307414565876087,2.9749999999999996,2.5,2.5,0.8507716252175754,7,7,Reverse,80.9,4.4624999999999995,1
1770712903.0,1770716503.097,57.83445683333333,12.307419000000001,57.83445330499465,12.307416782938045,2.9749999999999996,2.5,2.5,0.9337701912804508,7,7,Reverse,80.9,4.4624999999999995,1
1770712904.0,1770716504.101,57.83445416666667,12.307422333333333,57.834453735830664,12.307419558135688,2.9749999999999996,2.5,2.5,0.9293800905293305,7,7,Reverse,81.1,4.4624999999999995,1
1770712905.0,1770716505.096,57.834458,12.307420166666668,57.83445586791533,12.30741986240118,2.9749999999999996,2.5,2.5,0.8431481537190997,7,7,Reverse,81.1,4.4624999999999995,1
1770712906.0,1770716506.096,57.83445233333334,12.307428666666665,57.834454100624335,12.307424264533921,2.9749999999999996,2.5,2.5,0.8207358579606386,7,7,Reverse,81.3,4.4624999999999995,1
1770712907.0,1770716507.097,57.83445066666666,12.307418833333335,57.8344523836455,12.307421548933629,2.9749999999999996,2.5,2.5,0.7128593042809217,7,7,Reverse,81.7,4.4624999999999995,1
1770712908.0,1770716508.1,57.83443966666667,12.307433833333334,57.83444602515608,12.307427691133482,2.9749999999999996,2.5,2.5,0.9608679967846678,7,7,Reverse,81.9,4.4624999999999995,1
1770712909.0,1770716509.099,57.83444433333334,12.307424499999998,57.83444517924471,12.30742609556674,2.9749999999999996,2.5,2.5,0.8676203397946287,7,7,Reverse,81.9,4.4624999999999995,1
1770712910.0,1770716510.098,57.83444633333333,12.307424833333334,57.83444575628902,12.307425464450036,2.9499999999999997,2.5,2.5,0.6994162355920617,7,7,Reverse,81.5,4.425,1
1770712911.0,1770716511.101,57.83443916666667,12.307426999999999,57.83444246147784,12.307426232225017,2.9499999999999997,2.5,2.5,0.7211331019276445,7,7,Reverse,81.7,4.425,1
1770712912.0,1770716512.096,57.834439,12.307428,57.834440730738926,12.307427116112509,2.9499999999999997,2.5,2.5,0.6801189926421163,7,7,Reverse,81.5,4.425,1
1770712913.0,1770716513.099,57.834438,12.307427333333331,57.83443936536946,12.30742722472292,2.9499999999999997,2.5,2.5,0.6416640277190722,7,7,Reverse,81.5,4.425,1
1770712914.0,1770716514.096,57.83445283333334,12.307434833333332,57.834446099351396,12.307431029028127,2.9499999999999997,2.5,2.5,0.8536982579594408,7,7,Reverse,81.5,4.425,1
1770712915.0,1770716515.096,57.83444816666667,12.307420500000001,57.834447133009036,12.307425764514063,2.9499999999999997,2.5,2.5,0.757445192394908,7,7,Reverse,81.4,4.425,1
1770712916.0,1770716516.096,57.83444916666667,12.307418666666669,57.834448149837854,12.307422215590366,2.9499999999999997,2.5,2.5,0.6416596347638852,7,7,Reverse,80.7,4.425,1
1770712917.0,1770716517.096,57.83445466666667,12.307416499999999,57.834451408252264,12.307419357795183,2.9499999999999997,2.5,2.5,0.6459623758115495,7,7,Reverse,80.6,4.425,1
1770712918.0,1770716518.098,57.8344585,12.307407666666666,57.83445495412613,12.307413512230925,2.9499999999999997,2.5,2.5,0.762315520285037,7,7,Reverse,80.6,4.425,1
1770712919.0,1770716519.1,57.83444683333334,12.307401166666667,57.83445089372973,12.307407339448796,2.9499999999999997,2.5,2.5,0.8362654523640983,7,7,Reverse,80.2,4.425,1
1770712920.0,1770716520.1,57.834436999999994,12.307409333333332,57.834443946864866,12.307408336391063,2.9499999999999997,2.5,2.5,0.9429231899649613,7,7,Reverse,80.0,4.425,1
1770712921.0,1770716521.096,57.834438666666664,12.307406833333335,57.83444130676576,12.307407584862199,2.9499999999999997,2.5,2.5,0.8972812126699686,7,7,Reverse,79.3,4.425,1
1770712922.0,1770716522.102,57.83444033333333,12.307411833333333,57.83444082004955,12.307409709097767,2.9499999999999997,2.5,2.5,0.8153058820995427,7,7,Reverse,79.1,4.425,1
1770712923.0,1770716523.096,57.83445216666667,12.307393166666667,57.83444649335811,12.307401437882216,2.9499999999999997,2.5,2.5,0.8970626231187875,7,7,Reverse,79.1,4.425,1
1770712924.0,1770716524.111,57.83445100000001,12.307375666666667,57.83444874667906,12.307388552274443,2.9499999999999997,2.5,2.5,1.0524094460179363,7,7,Reverse,79.0,4.425,1
1770712925.0,1770716525.104,57.83445,12.307371499999999,57.83444937333953,12.30738002613722,2.9499999999999997,2.5,2.5,1.0546688494925704,7,7,Reverse,78.7,4.425,1
1770712926.0,1770716526.096,57.834459,12.307367333333332,57.83445418666977,12.307373679735276,2.9499999999999997,2.5,2.5,1.0917479571031943,7,7,Reverse,78.6,4.425,1
1770712927.0,1770716527.096,57.83446833333334,12.307362833333332,57.834461260001554,12.307368256534303,2.9499999999999997,2.5,2.5,1.2594756765164377,7,7,Reverse,78.4,4.425,1
1770712928.0,1770716528.097,57.83446566666667,12.307360000000001,57.83446346333411,12.307364128267153,2.9499999999999997,2.5,2.5,1.2470058241843525,7,7,Reverse,78.2,4.425,1
1770712929.0,1770716529.102,57.834467333333336,12.307358666666667,57.83446539833372,12.30736139746691,2.9499999999999997,2.5,2.5,1.1592176978309836,7,7,Reverse,78.4,4.425,1
1770712930.0,1770716530.096,57.834463166666666,12.307356833333332,57.83446428250019,12.307359115400121,2.9499999999999997,2.5,2.5,1.011541716239823,7,7,Reverse,78.5,4.425,1
1770712931.0,1770716531.097,57.83446266666667,12.307361666666669,57.83446347458343,12.307360391033395,2.9499999999999997,2.5,2.5,0.7799711047044191,7,7,Reverse,79.1,4.425,1
1770712932.0,1770716532.099,57.83446533333334,12.307358166666665,57.834464403958386,12.30735927885003,2.9499999999999997,2.5,2.5,0.6331851817871182,7,7,Reverse,79.2,4.425,1
1770712933.0,1770716533.099,57.834460166666666,12.307358333333331,57.834462285312526,12.307358806091681,2.9499999999999997,2.5,2.5,0.5819939565513899,7,7,Reverse,79.4,4.425,1
1770712934.0,1770716534.105,57.8344505,12.307374000000001,57.834456392656264,12.30736640304584,2.9499999999999997,2.5,2.5,0.8642889538982532,7,7,Reverse,79.3,4.425,1
1770712935.0,1770716535.096,57.83444866666667,12.307367166666666,57.83445252966147,12.307366784856253,2.9499999999999997,2.5,2.5,0.9494724412203983,7,7,Reverse,79.2,4.425,1
1770712936.0,1770716536.096,57.83445783333333,12.307368833333332,57.8344551814974,12.307367809094792,2.9499999999999997,2.5,2.5,0.7555933388299044,7,7,Reverse,79.3,4.425,1
1770712937.0,1770716537.099,57.8344475,12.307366333333334,57.8344513407487,12.307367071214063,2.9499999999999997,2.5,2.5,0.8730985780926,7,7,Reverse,79.4,4.425,1
1770712938.0,1770716538.102,57.83445133333333,12.307361333333331,57.83445133704102,12.307364202273698,2.9499999999999997,2.5,2.5,0.817806311716425,7,7,Reverse,79.1,4.425,1
1770712939.0,1770716539.105,57.83445216666667,12.307367333333332,57.83445175185384,12.307365767803514,2.9499999999999997,2.5,2.5,0.7679310119374473,7,7,Reverse,79.4,4.425,1
1770712940.0,1770716540.096,57.83445566666666,12.307362333333334,57.83445370926025,12.307364050568424,2.9499999999999997,2.5,2.5,0.6155876406714874,7,7,Reverse,79.3,4.425,1
1770712941.0,1770716541.089,57.83445916666666,12.307360166666667,57.83445643796346,12.307362108617546,2.9499999999999997,2.5,2.5,0.5785157188711886,7,7,Reverse,79.3,4.425,1
1770712942.0,1770716542.093,57.83446116666667,12.307367833333334,57.83445880231506,12.30736497097544,2.9499999999999997,2.5,2.5,0.6325460517985599,7,7,Reverse,79.4,4.425,1
1770712943.0,1770716543.1,57.83446349999999,12.307360666666666,57.83446115115753,12.307362818821053,3.2,2.5,2.5,0.6334985787788334,6,6,Reverse,79.3,4.800000000000001,1
1770712944.0,1770716544.094,57.834463166666666,12.307359,57.834462158912096,12.307360909410527,3.2,2.5,2.5,0.5553402097800894,6,6,Reverse,79.0,4.800000000000001,1
1770712945.0,1770716545.099,57.834462,12.307359,57.83446207945605,12.307359954705262,3.2,2.5,2.5,0.41700312703137443,6,6,Reverse,79.0,4.800000000000001,1
1770712946.0,1770716546.079,57.834461833333336,12.307359833333331,57.83446195639469,12.307359894019298,4.4,2.5,2.5,0.3650942822670506,5,5,Reverse,79.1,6.6000000000000005,1
1770712947.0,1770716547.096,57.8344625,12.307363333333335,57.834462228197346,12.307361613676315,4.4,2.5,2.5,0.4835456577743084,5,5,Reverse,79.1,6.6000000000000005,1
1770712948.0,1770716548.091,57.8344585,12.307363000000002,57.834460364098675,12.30736230683816,4.4,2.5,2.5,0.5986395338973609,5,5,Reverse,78.9,6.6000000000000005,1
1770712949.0,1770716549.093,57.83446049999999,12.307361500000003,57.83446043204933,12.30736190341908,4.4,2.5,2.5,0.5264778123002227,5,5,Reverse,78.7,6.6000000000000005,1
1770712950.0,1770716550.1,57.83446083333333,12.3073565,57.83446063269133,12.30735920170954,4.4,2.5,2.5,0.4765783537877505,5,5,Reverse,78.7,6.6000000000000005,1
1770712951.0,1770716551.094,57.8344595,12.307362000000001,57.83446006634566,12.307360600854771,4.4,2.5,2.5,0.5101733230094526,5,5,Reverse,78.8,6.6000000000000005,1
1770712952.0,1770716552.094,57.834461833333336,12.307361666666669,57.8344609498395,12.30736113376072,4.4,2.5,2.5,0.5091886901226511,5,5,Reverse,78.9,6.6000000000000005,1
1770712953.0,1770716553.081,57.83446333333333,12.307367333333332,57.834462141586414,12.307364233547025,4.4,2.5,2.5,0.551198283029986,5,5,Reverse,78.8,6.6000000000000005,1
1770712954.0,1770716554.095,57.83446466666666,12.307367833333334,57.83446340412654,12.30736603344018,4.4,2.5,2.5,0.5681758659367512,5,5,Reverse,79.0,6.6000000000000005,1
1770712955.0,1770716555.102,57.83446049999999,12.307377666666666,57.834461952063265,12.307371850053423,4.4,2.5,2.5,0.5987584652980804,5,5,Reverse,79.2,6.6000000000000005,1
1770712956.0,1770716556.091,57.834464499999996,12.307373666666669,57.83446322603163,12.307372758360046,4.425,2.5,2.5,0.6309028003939968,5,5,Reverse,79.2,6.637499999999999,1
1770712957.0,1770716557.1,57.834464499999996,12.307371166666666,57.83446386301581,12.307371962513356,4.425,2.5,2.5,0.6051837370450296,5,5,Reverse,79.3,6.637499999999999,1
1770712958.0,1770716558.088,57.834465,12.307371166666666,57.83446443150791,12.30737156459001,4.425,2.5,2.5,0.5806035856914478,5,5,Reverse,79.4,6.637499999999999,1
1770712959.0,1770716559.096,57.83447016666667,12.307362333333334,57.83446729908729,12.307366948961672,4.425,2.5,2.5,0.7147566271145066,5,5,Reverse,79.6,6.637499999999999,1
1770712960.0,1770716560.098,57.834468666666666,12.307362333333334,57.83446798287698,12.307364641147503,4.425,2.5,2.5,0.7020884226913203,5,5,Reverse,79.7,6.637499999999999,1
1770712961.0,1770716561.098,57.83446683333333,12.307358166666665,57.834467408105155,12.307361403907084,4.1499999999999995,2.5,2.5,0.6371739289704397,6,6,Reverse,79.3,6.225,1
1770712962.0,1770716562.096,57.83446533333334,12.307367,57.83446637071925,12.307364201953542,4.1499999999999995,2.5,2.5,0.5104043985975477,6,6,Reverse,79.0,6.225,1
1770712963.0,1770716563.093,57.83446166666666,12.307368,57.834464018692955,12.307366100976772,4.1499999999999995,2.5,2.5,0.43950015276373644,6,6,Reverse,79.0,6.225,1
1770712964.0,1770716564.099,57.83445933333334,12.307370333333331,57.83446167601315,12.307368217155052,4.1499999999999995,2.5,2.5,0.49995133577725087,6,6,Reverse,78.7,6.225,1
1770712965.0,1770716565.099,57.83445783333333,12.307373333333333,57.83445975467324,12.307370775244191,4.1499999999999995,2.5,2.5,0.6313401436229472,6,6,Reverse,78.5,6.225,1
1770712966.0,1770716566.096,57.83445383333333,12.307381333333334,57.83445679400328,12.307376054288763,4.1499999999999995,2.5,2.5,0.7801953001278329,6,6,Reverse,78.2,6.225,1
1770712967.0,1770716567.096,57.83445216666667,12.307383666666665,57.834454480334976,12.307379860477713,4.1499999999999995,2.5,2.5,0.7774519290144757,6,6,Reverse,78.2,6.225,1
1770712968.0,1770716568.102,57.83444816666667,12.307386000000001,57.83445132350082,12.307382930238857,4.1499999999999995,2.5,2.5,0.8159922207484083,6,6,Reverse,78.3,6.225,1
1770712969.0,1770716569.098,57.83444866666667,12.307380833333331,57.834449995083745,12.307381881786094,4.1499999999999995,2.5,2.5,0.7064377605056872,6,6,Reverse,78.3,6.225,1
1770712970.0,1770716570.096,57.83445466666667,12.307364666666668,57.83445233087521,12.307373274226382,2.9499999999999997,2.5,2.5,0.8115468577648923,7,7,Reverse,78.3,4.425,1
1770712971.0,1770716571.098,57.834455,12.307362166666667,57.83445366543761,12.307367720446525,2.9499999999999997,2.5,2.5,0.8551241272301009,7,7,Reverse,78.2,4.425,1
1770712972.0,1770716572.1,57.83445333333334,12.307359166666666,57.834453499385475,12.307363443556595,4.1499999999999995,2.5,2.5,0.819527478199903,6,6,Reverse,78.4,6.225,1
1770712973.0,1770716573.094,57.83444916666667,12.307357000000001,57.834451333026074,12.307360221778298,2.9499999999999997,2.5,2.5,0.7581656631501085,7,7,Reverse,78.2,4.425,1
1770712974.0,1770716574.1,57.83445066666666,12.307347666666665,57.83445099984637,12.307353944222482,4.1499999999999995,2.5,2.5,0.7753730033371965,6,6,Reverse,78.0,6.225,1
1770712975.0,1770716575.104,57.8344465,12.307348166666667,57.83444874992318,12.307351055444574,2.9499999999999997,2.5,2.5,0.7216128056755278,7,7,Reverse,78.0,4.425,1
1770712976.0,1770716576.098,57.834444166666664,12.307345999999999,57.83444645829492,12.307348527722286,2.9499999999999997,2.5,2.5,0.7450192371163493,7,7,Reverse,78.0,4.425,1
1770712977.0,1770716577.091,57.83444466666666,12.307353166666667,57.834445562480795,12.307350847194478,3.825,2.5,2.5,0.5927416845917699,6,6,Reverse,78.0,5.737500000000001,1
1770712978.0,1770716578.096,57.83444216666667,12.3073545,57.83444386457373,12.307352673597238,3.825,2.5,2.5,0.5120328819419153,6,6,Reverse,77.9,5.737500000000001,1
1770712979.0,1770716579.09,57.834441,12.307356333333333,57.83444243228686,12.307354503465286,20.049999999999997,2.5,2.5,0.4797686381504651,4,4,Reverse,77.8,30.074999999999996,1
1770712980.0,1770716580.094,57.834438166666665,12.307352666666668,57.83444029947677,12.307353585065977,20.075,2.5,2.5,0.47980114663609585,4,4,Reverse,77.8,30.112499999999997,1
1770712981.0,1770716581.099,57.83441583333333,12.307362000000001,57.834428066405046,12.30735779253299,20.099999999999998,2.5,2.5,0.7394183367473606,4,4,Reverse,77.8,30.15,1
1770712982.0,1770716582.093,57.83440166666666,12.307369833333333,57.83441486653585,12.307363812933161,4.425,2.5,2.5,0.9519483640339317,5,5,Reverse,76.8,6.637499999999999,1
1770712983.0,1770716583.097,57.83439633333334,12.307358500000001,57.8344055999346,12.30736115646658,4.425,2.5,2.5,0.8386742334431924,5,5,Reverse,76.0,6.637499999999999,1
1770712984.0,1770716584.101,57.83437983333333,12.307365666666666,57.834392716633964,12.307363411566623,4.425,2.5,2.5,0.9040304071235858,5,5,Reverse,75.4,6.637499999999999,1
1770712985.0,1770716585.105,57.83436683333333,12.307377666666666,57.834379774983645,12.307370539116645,4.425,2.5,2.5,1.0486724889794277,5,5,Reverse,74.7,6.637499999999999,1
1770712986.0,1770716586.098,57.83436583333334,12.307368666666665,57.83437280415849,12.307369602891654,4.425,2.5,2.5,0.9513229530300127,5,5,Reverse,73.8,6.637499999999999,1
1770712987.0,1770716587.093,57.834363,12.307365166666667,57.834367902079244,12.30736738477916,4.425,2.5,2.5,0.7984564397820949,5,5,Reverse,73.4,6.637499999999999,1
1770712988.0,1770716588.096,57.83435466666666,12.307371166666666,57.83436128437295,12.307369275722914,4.425,2.5,2.5,0.7406774670556364,5,5,Reverse,72.9,6.637499999999999,1
1770712989.0,1770716589.103,57.834347166666674,12.307376333333332,57.83435422551982,12.307372804528123,4.425,2.5,2.5,0.7960034957732487,5,5,Reverse,72.3,6.637499999999999,1
1770712990.0,1770716590.096,57.83434533333334,12.307376500000002,57.834349779426574,12.307374652264063,4.1499999999999995,2.5,2.5,0.8057097752265642,6,6,Reverse,71.8,6.225,1
1770712991.0,1770716591.1,57.834345166666665,12.3073665,57.83434747304662,12.307370576132032,4.1499999999999995,2.5,2.5,0.7489684189246318,6,6,Reverse,71.5,6.225,1
1770712992.0,1770716592.094,57.834341333333334,12.307373166666666,57.83434440318998,12.307371871399349,4.1499999999999995,2.5,2.5,0.7840143354240231,6,6,Reverse,71.1,6.225,1
1770712993.0,1770716593.098,57.83434183333334,12.307372833333334,57.83434311826166,12.307372352366341,4.1499999999999995,2.5,2.5,0.7436419140944135,6,6,Reverse,70.9,6.225,1
1770712994.0,1770716594.102,57.83434633333333,12.307355666666668,57.83434472579749,12.307364009516505,4.1499999999999995,2.5,2.5,0.7941050991842219,6,6,Reverse,70.8,6.225,1
1770712995.0,1770716595.096,57.83435233333333,12.307341000000001,57.83434852956541,12.307352504758253,4.1499999999999995,2.5,2.5,0.9193786932967604,6,6,Reverse,70.5,6.225,1
1770712996.0,1770716596.102,57.83435599999999,12.307330166666668,57.8343522647827,12.30734133571246,4.1499999999999995,2.5,2.5,1.024976115247017,6,6,Reverse,70.7,6.225,1
1770712997.0,1770716597.097,57.83435716666666,12.307326833333331,57.834354715724686,12.307334084522896,4.1499999999999995,2.5,2.5,1.0987966856624112,6,6,Reverse,70.6,6.225,1
1770712998.0,1770716598.099,57.834358,12.3073205,57.83435635786234,12.307327292261448,4.1499999999999995,2.5,2.5,1.1126673145075558,6,6,Reverse,70.6,6.225,1
1770712999.0,1770716599.094,57.83436199999999,12.307310166666666,57.834359178931166,12.307318729464056,4.1499999999999995,2.5,2.5,1.1475362311957367,6,6,Reverse,70.6,6.225,1
1770713000.0,1770716600.098,57.83436266666666,12.307313166666665,57.834360922798915,12.30731594806536,4.1499999999999995,2.5,2.5,1.0139406454126807,6,6,Reverse,70.6,6.225,1
1770713001.0,1770716601.092,57.83436433333333,12.307321166666668,57.834362628066124,12.307318557366015,4.1499999999999995,2.5,2.5,0.8598275780266806,6,6,Reverse,70.7,6.225,1
1770713002.0,1770716602.097,57.834370166666666,12.307312166666668,57.834366397366395,12.307315362016341,4.1499999999999995,2.5,2.5,0.9196825101685945,6,6,Reverse,71.0,6.225,1
1770713003.0,1770716603.1,57.834371499999996,12.307299833333332,57.83436894868319,12.307307597674836,4.1499999999999995,2.5,2.5,0.9904824898514892,6,6,Reverse,71.1,6.225,1
1770713004.0,1770716604.096,57.834378,12.307291833333332,57.8343734743416,12.307299715504085,4.1499999999999995,2.5,2.5,1.1478944653521084,6,6,Reverse,71.0,6.225,1
1770713005.0,1770716605.1,57.834381833333325,12.307283666666669,57.834377653837464,12.307291691085377,4.1499999999999995,2.5,2.5,1.2675761162584307,6,6,Reverse,71.2,6.225,1
1770713006.0,1770716606.095,57.834385000000005,12.307275333333333,57.83438132691873,12.307283512209354,4.1499999999999995,2.5,2.5,1.412569523442773,6,6,Reverse,71.3,6.225,1
1770713007.0,1770716607.098,57.8343865,12.307275666666666,57.83438391345937,12.30727958943801,4.1499999999999995,2.5,2.5,1.4357866125573768,6,6,Reverse,71.3,6.225,1
1770713008.0,1770716608.103,57.834384666666665,12.307298666666668,57.834384290063014,12.30728912805234,4.1499999999999995,2.5,2.5,1.1715235905337056,6,6,Reverse,71.5,6.225,1
1770713009.0,1770716609.096,57.834387166666666,12.307315166666667,57.83438572836484,12.307302147359502,2.9499999999999997,2.5,2.5,0.9951012506106014,7,7,Reverse,72.7,4.425,1
1770713010.0,1770716610.091,57.834387666666665,12.307336999999999,57.834386697515754,12.30731957367975,2.9499999999999997,2.5,2.5,0.8161958620795697,7,7,Reverse,73.7,4.425,1
1770713011.0,1770716611.096,57.83438533333333,12.307360333333333,57.83438601542454,12.307339953506542,2.9499999999999997,2.5,2.5,0.8109624096325809,7,7,Reverse,74.9,4.425,1
1770713012.0,1770716612.101,57.834386333333335,12.307377666666666,57.834386174378935,12.307358810086605,2.9499999999999997,2.5,2.5,0.732605689004869,7,7,Reverse,76.0,4.425,1
1770713013.0,1770716613.095,57.834385999999995,12.3074,57.834386087189465,12.307379405043301,2.9499999999999997,2.5,2.5,0.8261092253967477,7,7,Reverse,77.1,4.425,1
1770713014.0,1770716614.098,57.834385833333336,12.307412333333332,57.8343859602614,12.307395869188317,2.9499999999999997,2.5,2.5,0.8312646714398085,7,7,Reverse,78.2,4.425,1
1770713015.0,1770716615.103,57.83438116666666,12.307426666666666,57.83438356346403,12.307411267927492,2.9499999999999997,2.5,2.5,1.0539287806927984,7,7,Reverse,79.2,4.425,1
1770713016.0,1770716616.097,57.834381666666665,12.307431166666667,57.83438261506535,12.30742121729708,2.9499999999999997,2.5,2.5,1.0303449874502524,7,7,Reverse,79.6,4.425,1
1770713017.0,1770716617.101,57.83437949999999,12.307429166666669,57.83438105753267,12.307425191981874,2.9499999999999997,2.5,2.5,1.0679057797574834,7,7,Reverse,80.3,4.425,1
1770713018.0,1770716618.096,57.83438366666666,12.307425833333332,57.83438236209967,12.307425512657602,2.9499999999999997,2.5,2.5,1.0038153832484813,7,7,Reverse,80.8,4.425,1
1770713019.0,1770716619.101,57.83438516666667,12.307434166666667,57.83438376438317,12.307429839662134,3.15,2.5,2.5,0.8947598115680674,6,6,Reverse,81.4,4.725,1
1770713020.0,1770716620.096,57.834385000000005,12.307443000000001,57.83438438219159,12.307436419831069,3.15,2.5,2.5,0.7273845266332744,6,6,Reverse,81.7,4.725,1
1770713021.0,1770716621.099,57.83438533333333,12.3074385,57.83438485776246,12.307437459915533,3.15,2.5,2.5,0.5881235230965994,6,6,Reverse,82.2,4.725,1
1770713022.0,1770716622.093,57.83438283333333,12.307441166666669,57.83438384554789,12.307439313291102,3.15,2.5,2.5,0.5670362235085029,6,6,Reverse,82.5,4.725,1
1770713023.0,1770716623.096,57.834380833333334,12.307440666666666,57.834382339440616,12.307439989978883,3.15,2.5,2.5,0.617700416172083,6,6,Reverse,82.8,4.725,1
1770713024.0,1770716624.102,57.83438416666666,12.307434,57.83438325305364,12.307436994989443,3.15,2.5,2.5,0.6430741586360349,6,6,Reverse,82.9,4.725,1
1770713025.0,1770716625.094,57.834382000000005,12.307439833333335,57.83438262652682,12.307438414161389,2.9499999999999997,2.5,2.5,0.5427278724590859,7,7,Reverse,83.2,4.425,1
1770713026.0,1770716626.102,57.834379166666665,12.307446666666666,57.83438089659674,12.307442540414026,2.9499999999999997,2.5,2.5,0.6813929777792457,7,7,Reverse,83.5,4.425,1
1770713027.0,1770716627.092,57.83437716666667,12.307468833333333,57.834379031631705,12.30745568687368,2.9499999999999997,2.5,2.5,1.1013078832276741,7,7,Reverse,83.6,4.425,1
1770713028.0,1770716628.103,57.83436733333333,12.3074955,57.83437318248252,12.30747559343684,2.9499999999999997,2.5,2.5,1.8820453322435173,7,7,Reverse,83.8,4.425,1
1770713029.0,1770716629.089,57.83436933333334,12.307491333333333,57.83437125790793,12.307483463385086,2.9499999999999997,2.5,2.5,2.038879562775324,7,7,Reverse,83.9,4.425,1
1770713030.0,1770716630.098,57.834366,12.3075045,57.83436862895397,12.307493981692543,2.9499999999999997,2.5,2.5,2.2515106577282182,7,7,Reverse,84.2,4.425,1
1770713031.0,1770716631.104,57.8343695,12.307500833333332,57.83436906447698,12.307497407512939,2.9499999999999997,2.5,2.5,2.1684733428812613,7,7,Reverse,84.5,4.425,1
1770713032.0,1770716632.096,57.83436983333333,12.307500333333333,57.83436944890516,12.307498870423135,2.9499999999999997,2.5,2.5,1.9812362548460645,7,7,Reverse,84.6,4.425,1
1770713033.0,1770716633.099,57.83435983333334,12.307518666666665,57.834364641119244,12.307508768544901,2.9499999999999997,2.5,2.5,2.2362737051291415,7,7,Reverse,85.0,4.425,1
1770713034.0,1770716634.096,57.83436783333333,12.307508666666669,57.83436623722629,12.307508717605785,2.9499999999999997,2.5,2.5,1.9580232480600417,7,7,Reverse,85.1,4.425,1
1770713035.0,1770716635.096,57.834375666666666,12.307503166666667,57.834370951946475,12.307505942136226,2.9499999999999997,2.5,2.5,1.5366838631549662,7,7,Reverse,85.4,4.425,1
1770713036.0,1770716636.105,57.834381666666665,12.307495666666666,57.83437630930657,12.307500804401446,2.9499999999999997,2.5,2.5,1.3457446097885197,7,7,Reverse,85.6,4.425,1
1770713037.0,1770716637.096,57.83438249999999,12.3074915,57.83437940465328,12.307496152200722,2.9499999999999997,2.5,2.5,1.1562320352082847,7,7,Reverse,85.9,4.425,1
1770713038.0,1770716638.098,57.83438833333333,12.307479999999998,57.83438386899331,12.30748807610036,2.9499999999999997,2.5,2.5,1.1924434784285032,7,7,Reverse,85.8,4.425,1
1770713039.0,1770716639.096,57.834387,12.30749,57.83438543449665,12.30748903805018,2.9499999999999997,2.5,2.5,1.0140233022747924,7,7,Reverse,85.7,4.425,1
1770713040.0,1770716640.099,57.83438866666667,12.307483666666666,57.83438705058166,12.307486352358422,2.9499999999999997,2.5,2.5,0.9017159064570761,7,7,Reverse,85.8,4.425,1
1770713041.0,1770716641.098,57.834397833333334,12.307476000000001,57.8343924419575,12.307481176179213,2.9499999999999997,2.5,2.5,1.0479214456479473,7,7,Reverse,85.8,4.425,1
1770713042.0,1770716642.102,57.834393500000004,12.307484499999997,57.83439297097875,12.307482838089605,2.9499999999999997,2.5,2.5,0.931248119891419,7,7,Reverse,85.9,4.425,1
1770713043.0,1770716643.098,57.834393500000004,12.307485333333334,57.83439323548938,12.307484085711469,2.9499999999999997,2.5,2.5,0.8076233547787115,7,7,Reverse,86.1,4.425,1
1770713044.0,1770716644.098,57.8344045,12.307481833333334,57.83439886774469,12.307482959522401,2.9499999999999997,2.5,2.5,1.018798955834633,7,7,Reverse,86.3,4.425,1
1770713045.0,1770716645.096,57.83440633333333,12.307474500000001,57.83440260053901,12.307478729761202,2.9499999999999997,2.5,2.5,1.1525712968883661,7,7,Reverse,86.3,4.425,1
1770713046.0,1770716646.096,57.83441616666667,12.307455666666666,57.83440938360284,12.307467198213933,2.9499999999999997,2.5,2.5,1.5211870857087617,7,7,Reverse,86.3,4.425,1
1770713047.0,1770716647.097,57.83441083333334,12.307452333333334,57.834410108468084,12.307459765773634,2.9499999999999997,2.5,2.5,1.5139336864808997,7,7,Reverse,86.2,4.425,1
1770713048.0,1770716648.103,57.83440716666667,12.3074505,57.83440863756738,12.307455132886817,2.9499999999999997,2.5,2.5,1.3296966002604065,7,7,Reverse,86.1,4.425,1
1770713049.0,1770716649.103,57.83441249999999,12.307434833333332,57.83441056878369,12.307444983110074,2.9499999999999997,2.5,2.5,1.3988554250522895,7,7,Reverse,86.0,4.425,1
1770713050.0,1770716650.092,57.83441616666667,12.307430666666669,57.834413367725176,12.307437824888371,2.9499999999999997,2.5,2.5,1.4018857641355165,7,7,Reverse,85.8,4.425,1
1770713051.0,1770716651.1,57.834421000000006,12.307430833333335,57.83441718386259,12.307434329110853,3.85,2.5,2.5,1.339498290220098,6,6,Reverse,85.6,5.775,1
1770713052.0,1770716652.102,57.83443066666667,12.307431999999999,57.83442392526463,12.307433164555427,3.85,2.5,2.5,1.4498336894828314,6,6,Reverse,85.6,5.775,1
1770713053.0,1770716653.1,57.83443483333334,12.307422333333333,57.83442937929899,12.307427748944379,3.85,2.5,2.5,1.511360096615727,6,6,Reverse,85.7,5.775,1
1770713054.0,1770716654.101,57.834439499999995,12.307419833333332,57.83443443964949,12.307423791138856,3.85,2.5,2.5,1.5143059158705785,6,6,Reverse,85.6,5.775,1
1770713055.0,1770716655.096,57.83444066666666,12.307399000000002,57.834437553158075,12.30741139556943,3.85,2.5,2.5,1.6232684108587363,6,6,Reverse,85.2,5.775,1
1770713056.0,1770716656.095,57.83445100000001,12.307389333333333,57.83444427657904,12.30740036445138,3.85,2.5,2.5,1.7666781793353687,6,6,Reverse,84.8,5.775,1
1770713057.0,1770716657.096,57.83446649999999,12.307380833333331,57.83445538828951,12.307390598892356,3.85,2.5,2.5,2.025232343597854,6,6,Reverse,84.8,5.775,1
1770713058.0,1770716658.1,57.834480666666664,12.307370500000001,57.83446802747809,12.30738054944618,3.85,2.5,2.5,2.3274029863405232,6,6,Reverse,84.7,5.775,1
1770713059.0,1770716659.092,57.834485166666674,12.307367833333334,57.83447659707238,12.307374191389757,3.85,2.5,2.5,2.4144390800431816,6,6,Reverse,84.8,5.775,1
1770713060.0,1770716660.096,57.83448866666666,12.307365833333332,57.83448263186952,12.307370012361543,3.85,2.5,2.5,2.399160283519777,6,6,Reverse,84.4,5.775,1
1770713061.0,1770716661.079,57.834487833333334,12.3073665,57.83448523260143,12.307368256180773,3.85,2.5,2.5,2.2012783284697703,6,6,Reverse,84.4,5.775,1
1770713062.0,1770716662.095,57.83449333333333,12.307365333333333,57.834489282967375,12.307366794757053,3.85,2.5,2.5,2.0688663973343986,6,6,Reverse,83.9,5.775,1
1770713063.0,1770716663.098,57.83449883333333,12.307365666666666,57.834494058150355,12.307366230711859,3.85,2.5,2.5,1.9962317862959325,6,6,Reverse,83.8,5.775,1
1770713064.0,1770716664.094,57.834484999999994,12.307374333333334,57.83448952907517,12.307370282022596,3.85,2.5,2.5,1.67268874617594,6,6,Reverse,83.7,5.775,1
1770713065.0,1770716665.096,57.83448533333333,12.307368666666665,57.83448743120425,12.30736947434463,3.85,2.5,2.5,1.295015561361036,6,6,Reverse,83.7,5.775,1
1770713066.0,1770716666.093,57.83449,12.307356833333332,57.83448871560213,12.307363153838981,3.85,2.5,2.5,1.1816099287048507,6,6,Reverse,83.6,5.775,1
1770713067.0,1770716667.096,57.834495,12.307357333333334,57.83449185780106,12.307360243586158,3.85,2.5,2.5,1.1047362416567794,6,6,Reverse,83.6,5.775,1
1770713068.0,1770716668.091,57.83449333333333,12.3073545,57.8344925955672,12.30735737179308,3.85,2.5,2.5,0.9937320689077738,6,6,Reverse,83.8,5.775,1
1770713069.0,1770716669.092,57.834481499999995,12.307356,57.8344870477836,12.30735668589654,3.85,2.5,2.5,0.7983623554015887,6,6,Reverse,83.8,5.775,1
1770713070.0,1770716670.098,57.8344985,12.307347166666666,57.834492773891796,12.307351926281603,3.85,2.5,2.5,0.8041200120749296,6,6,Reverse,83.8,5.775,1
1770713071.0,1770716671.091,57.83450466666667,12.307327333333335,57.834498720279235,12.307339629807469,3.85,2.5,2.5,1.034087026906988,6,6,Reverse,83.9,5.775,1
1770713072.0,1770716672.098,57.834506499999996,12.307327833333334,57.834502610139616,12.3073337315704,3.85,2.5,2.5,1.03255496270405,6,6,Reverse,83.9,5.775,1
1770713073.0,1770716673.079,57.83449466666666,12.307330666666667,57.83449863840313,12.307332199118534,3.85,2.5,2.5,0.820774305804645,6,6,Reverse,83.9,5.775,1
1770713074.0,1770716674.101,57.83450066666666,12.307327000000003,57.8344996525349,12.307329599559269,3.85,2.5,2.5,0.6772035923070503,6,6,Reverse,83.9,5.775,1
1770713075.0,1770716675.102,57.83449466666666,12.307325500000001,57.83449715960078,12.307327549779634,3.85,2.5,2.5,0.5406837775729959,6,6,Reverse,83.9,5.775,1
1770713076.0,1770716676.094,57.83449883333333,12.307324166666668,57.83449799646705,12.307325858223152,3.85,2.5,2.5,0.4671413273629188,6,6,Reverse,84.1,5.775,1
1770713077.0,1770716677.099,57.83449716666667,12.307322333333332,57.834497581566865,12.307324095778242,3.85,2.5,2.5,0.3822986939424297,6,6,Reverse,84.4,5.775,1
1770713078.0,1770716678.079,57.83449133333333,12.307321833333333,57.8344944574501,12.307322964555787,3.85,2.5,2.5,0.32839508831938624,6,6,Reverse,84.5,5.775,1
1770713079.0,1770716679.097,57.83450566666667,12.307315166666667,57.83450006205838,12.307319065611226,3.85,2.5,2.5,0.42084083442283754,6,6,Reverse,84.8,5.775,1
1770713080.0,1770716680.09,57.83450616666667,12.307322833333334,57.834503114362526,12.307320949472281,3.85,2.5,2.5,0.5086018317938223,6,6,Reverse,85.1,5.775,1
1770713081.0,1770716681.097,57.83450233333333,12.307322500000001,57.83450272384793,12.307321724736141,3.85,2.5,2.5,0.4727835853989649,6,6,Reverse,85.0,5.775,1
1770713082.0,1770716682.096,57.83449816666666,12.307318500000001,57.8345004452573,12.307320112368071,3.85,2.5,2.5,0.3661865434297476,6,6,Reverse,85.3,5.775,1
1770713083.0,1770716683.094,57.83451149999999,12.307308833333332,57.83450597262864,12.3073144728507,3.85,2.5,2.5,0.4879848146375818,6,6,Reverse,85.2,5.775,1
1770713084.0,1770716684.096,57.83452466666666,12.307298833333334,57.83451531964765,12.307306653092018,3.85,2.5,2.5,0.7766270591847615,6,6,Reverse,85.2,5.775,1
1770713085.0,1770716685.096,57.834531,12.307283833333335,57.834523159823824,12.307295243212677,3.85,2.5,2.5,1.139066777113768,6,6,Reverse,85.3,5.775,1
1770713086.0,1770716686.096,57.83453816666667,12.307278666666665,57.834530663245246,12.30728695493967,3.85,2.5,2.5,1.4125446384569327,6,6,Reverse,85.4,5.775,1
1770713087.0,1770716687.103,57.83453516666667,12.307258666666666,57.83453291495596,12.307272810803168,3.85,2.5,2.5,1.7569010981030997,6,6,Reverse,85.4,5.775,1
1770713088.0,1770716688.097,57.83453883333333,12.307260333333334,57.83453587414465,12.30726657206825,3.85,2.5,2.5,1.8270227817481512,6,6,Reverse,85.6,5.775,1
1770713089.0,1770716689.1,57.83453616666667,12.307270666666666,57.83453602040566,12.30726861936746,3.85,2.5,2.5,1.6530024906410286,6,6,Reverse,85.8,5.775,1
1770713090.0,1770716690.094,57.83453733333334,12.307275666666666,57.8345366768695,12.307272143017062,3.85,2.5,2.5,1.5391355054444247,6,6,Reverse,85.9,5.775,1
1770713091.0,1770716691.098,57.834532499999995,12.307282666666667,57.83453458843475,12.307277404841864,3.85,2.5,2.5,1.4687671613986713,6,6,Reverse,85.9,5.775,1
1770713092.0,1770716692.079,57.83452483333334,12.307268666666667,57.83452971088404,12.307273035754266,3.85,2.5,2.5,1.221346354527841,6,6,Reverse,85.8,5.775,1
1770713093.0,1770716693.096,57.834518166666676,12.307274,57.83452393877536,12.307273517877134,3.875,2.5,2.5,1.006931010589148,6,6,Reverse,85.7,5.8125,1
1770713094.0,1770716694.091,57.83451633333334,12.307278,57.83452013605435,12.307275758938566,3.875,2.5,2.5,0.8664779468815365,6,6,Reverse,85.5,5.8125,1
1770713095.0,1770716695.096,57.834521166666676,12.307275166666667,57.83452065136051,12.307275462802616,3.875,2.5,2.5,0.7967090810718094,6,6,Reverse,85.2,5.8125,1
1770713096.0,1770716696.101,57.83452283333333,12.307260166666667,57.83452174234692,12.307267814734642,3.875,2.5,2.5,0.8661876580302721,6,6,Reverse,85.0,5.8125,1
1770713097.0,1770716697.093,57.83452033333333,12.307255166666668,57.834521037840126,12.307261490700656,3.875,2.5,2.5,0.952870827192173,6,6,Reverse,84.9,5.8125,1
1770713098.0,1770716698.095,57.834509499999996,12.307261333333335,57.83451526892006,12.307261412016995,3.875,2.5,2.5,0.9229101385005409,6,6,Reverse,85.0,5.8125,1
1770713099.0,1770716699.101,57.83450866666667,12.307265666666668,57.83451196779337,12.30726353934183,3.875,2.5,2.5,0.7783639600340145,6,6,Reverse,85.3,5.8125,1
1770713100.0,1770716700.09,57.834508166666666,12.3072735,57.83451006723001,12.307268519670917,3.875,2.5,2.5,0.713540177403307,6,6,Reverse,85.4,5.8125,1
1770713101.0,1770716701.11,57.83449583333333,12.307285833333333,57.834502950281674,12.307277176502124,3.875,2.5,2.5,0.8867019354974263,6,6,Reverse,85.5,5.8125,1
1770713102.0,1770716702.096,57.834478499999996,12.307289166666665,57.83449072514083,12.307283171584395,3.875,2.5,2.5,1.2188623052617813,6,6,Reverse,85.8,5.8125,1
1770713103.0,1770716703.096,57.83446983333333,12.307284333333333,57.834480279237084,12.307283752458865,3.875,2.5,2.5,1.5024747098645452,6,6,Reverse,85.8,5.8125,1
1770713104.0,1770716704.092,57.834474833333324,12.307281833333331,57.8344775562852,12.307282792896098,3.875,2.5,2.5,1.4900682133541283,6,6,Reverse,85.9,5.8125,1
1770713105.0,1770716705.096,57.83447016666667,12.307286666666668,57.834473861475935,12.307284729781383,3.875,2.5,2.5,1.455703542585921,6,6,Reverse,85.8,5.8125,1
1770713106.0,1770716706.099,57.83446349999999,12.307292333333331,57.83446868073796,12.307288531557356,3.875,2.5,2.5,1.5105741557330548,6,6,Reverse,85.8,5.8125,1
1770713107.0,1770716707.098,57.83446683333333,12.307293499999998,57.83446775703565,12.307291015778677,3.875,2.5,2.5,1.398831497939972,6,6,Reverse,85.8,5.8125,1
1770713108.0,1770716708.082,57.83447283333333,12.307300666666666,57.83447029518449,12.307295841222672,3.875,2.5,2.5,1.1859884110182957,6,6,Reverse,85.8,5.8125,1
1770713109.0,1770716709.091,57.834472999999996,12.307311166666667,57.834471647592245,12.30730350394467,3.875,2.5,2.5,1.0763765737216004,6,6,Reverse,85.7,5.8125,1
1770713110.0,1770716710.098,57.834475833333336,12.3073095,57.83447374046279,12.307306501972334,3.875,2.5,2.5,0.8031305728163662,6,6,Reverse,85.8,5.8125,1
1770713111.0,1770716711.093,57.834480666666664,12.307308166666667,57.834477203564724,12.307307334319502,3.875,2.5,2.5,0.6708709139347676,6,6,Reverse,86.0,5.8125,1
1770713112.0,1770716712.097,57.8344765,12.307306333333335,57.83447685178236,12.307306833826418,3.875,2.5,2.5,0.6686621585174918,6,6,Reverse,85.9,5.8125,1
1770713113.0,1770716713.102,57.834474,12.307313833333334,57.834475425891185,12.307310333579876,3.875,2.5,2.5,0.595064415930588,6,6,Reverse,86.1,5.8125,1
1770713114.0,1770716714.093,57.83447066666666,12.307321333333334,57.83447304627892,12.307315833456604,3.875,2.5,2.5,0.6668153739293183,6,6,Reverse,86.1,5.8125,1
1770713115.0,1770716715.099,57.834432500000005,12.307338166666666,57.83445277313946,12.307327000061635,3.875,2.5,2.5,1.0568984386851155,6,6,Reverse,86.0,5.8125,1
1770713116.0,1770716716.096,57.834436499999995,12.3073445,57.83444463656973,12.307335750030818,2.925,2.5,2.5,1.3002666199360482,7,7,Reverse,84.8,4.387499999999999,1
1770713117.0,1770716717.098,57.83444216666667,12.307349500000003,57.8344434016182,12.30734262501541,3.875,2.5,2.5,1.3630216680998177,6,6,Reverse,84.8,5.8125,1
1770713118.0,1770716718.101,57.83444833333333,12.3073625,57.834445867475765,12.307352562507704,3.875,2.5,2.5,1.4654013937666266,6,6,Reverse,84.9,5.8125,1
1770713119.0,1770716719.097,57.83444666666666,12.307369333333334,57.83444626707121,12.30736094792052,3.875,2.5,2.5,1.4637385616744132,6,6,Reverse,84.8,5.8125,1
1770713120.0,1770716720.096,57.83444666666666,12.307368499999999,57.83444646686893,12.307364723960259,3.875,2.5,2.5,1.3066954179404375,6,6,Reverse,84.6,5.8125,1
1770713121.0,1770716721.094,57.83444933333333,12.307379166666665,57.83444790010113,12.307371945313463,3.875,2.5,2.5,1.2906577985143948,6,6,Reverse,84.5,5.8125,1
1770713122.0,1770716722.096,57.83445283333334,12.307378666666667,57.834450366717235,12.307375305990064,3.875,2.5,2.5,1.2548045777858907,6,6,Reverse,84.4,5.8125,1
1770713123.0,1770716723.097,57.83445083333333,12.307387833333333,57.834450600025285,12.307381569661699,2.925,2.5,2.5,1.3141474359895955,7,7,Reverse,83.7,4.387499999999999,1
1770713124.0,1770716724.1,57.83445533333334,12.307378666666667,57.83445296667931,12.307380118164183,2.925,2.5,2.5,1.4642287780569572,7,7,Reverse,83.3,4.387499999999999,1
1770713125.0,1770716725.096,57.8344465,12.307376166666666,57.83444973333965,12.307378142415425,2.925,2.5,2.5,1.3909717599782665,7,7,Reverse,82.6,4.387499999999999,1
1770713126.0,1770716726.096,57.834447,12.307375333333335,57.834448366669825,12.30737673787438,2.925,2.5,2.5,1.3378096449957875,7,7,Reverse,82.3,4.387499999999999,1
1770713127.0,1770716727.101,57.83444533333333,12.307380333333333,57.83444685000158,12.307378535603856,2.925,2.5,2.5,1.221242011517772,7,7,Reverse,81.9,4.387499999999999,1
1770713128.0,1770716728.096,57.83444516666667,12.307380333333333,57.834446008334126,12.307379434468594,2.925,2.5,2.5,1.1439668687000777,7,7,Reverse,81.6,4.387499999999999,1
1770713129.0,1770716729.096,57.834448,12.307389833333332,57.83444700416706,12.307384633900963,2.925,2.5,2.5,1.2746151564794665,7,7,Reverse,81.3,4.387499999999999,1
1770713130.0,1770716730.08,57.83444833333333,12.307390666666667,57.834447668750194,12.307387650283815,2.925,2.5,2.5,1.3123723608881492,7,7,Reverse,80.9,4.387499999999999,1
1770713131.0,1770716731.096,57.834447,12.307392,57.8344473343751,12.307389825141907,2.925,2.5,2.5,1.2235257736179272,7,7,Reverse,80.3,4.387499999999999,1
1770713132.0,1770716732.101,57.83445533333334,12.307399166666668,57.83445133385422,12.307394495904289,2.925,2.5,2.5,1.4037164493414334,7,7,Reverse,80.2,4.387499999999999,1
1770713133.0,1770716733.095,57.83445916666666,12.307392666666665,57.83445525026044,12.307393581285476,2.925,2.5,2.5,1.3792258675419056,7,7,Reverse,80.0,4.387499999999999,1
1770713134.0,1770716734.099,57.834464499999996,12.307391500000001,57.834459875130214,12.30739254064274,2.925,2.5,2.5,1.4009512707465193,7,7,Reverse,80.0,4.387499999999999,1
1770713135.0,1770716735.093,57.83446833333334,12.307385500000002,57.83446410423178,12.30738902032137,2.925,2.5,2.5,1.4008291394782053,7,7,Reverse,79.6,4.387499999999999,1
1770713136.0,1770716736.097,57.83447116666666,12.307385333333333,57.83446763544922,12.307387176827351,2.925,2.5,2.5,1.3694967105744196,7,7,Reverse,79.7,4.387499999999999,1
1770713137.0,1770716737.108,57.834474666666665,12.307384166666669,57.83447115105794,12.30738567174701,2.925,2.5,2.5,1.3466181690677943,7,7,Reverse,79.7,4.387499999999999,1
1770713138.0,1770716738.106,57.834477666666665,12.307380166666666,57.834474408862306,12.30738291920684,2.925,2.5,2.5,1.3219272429450206,7,7,Reverse,79.6,4.387499999999999,1
1770713139.0,1770716739.096,57.834479333333334,12.307385666666669,57.83447687109782,12.307384292936753,2.925,2.5,2.5,1.323714301108258,7,7,Reverse,79.4,4.387499999999999,1
1770713140.0,1770716740.095,57.834480500000005,12.307392666666665,57.83447868554891,12.307388479801709,2.925,2.5,2.5,1.3776951781045024,7,7,Reverse,79.5,4.387499999999999,1
1770713141.0,1770716741.099,57.83447566666667,12.307390166666668,57.83447717610779,12.307389323234188,2.925,2.5,2.5,1.1497570211292245,7,7,Reverse,79.5,4.387499999999999,1
1770713142.0,1770716742.096,57.83447016666667,12.307379833333334,57.83447367138723,12.307384578283761,2.925,2.5,2.5,1.1054399230396823,7,7,Reverse,79.5,4.387499999999999,1
1770713143.0,1770716743.097,57.834466166666665,12.307379333333332,57.83446991902695,12.307381955808546,2.925,2.5,2.5,1.0209793120001969,7,7,Reverse,79.6,4.387499999999999,1
1770713144.0,1770716744.103,57.83445316666666,12.307393666666666,57.8344615428468,12.307387811237607,2.925,2.5,2.5,1.2817873792926615,7,7,Reverse,79.8,4.387499999999999,1
1770713145.0,1770716745.096,57.834438,12.307408666666667,57.8344497714234,12.307398238952137,2.925,2.5,2.5,1.87614454606602,7,7,Reverse,79.9,4.387499999999999,1
1770713146.0,1770716746.096,57.83443916666667,12.307405666666666,57.83444446904504,12.307401952809402,2.925,2.5,2.5,2.0326862847724336,7,7,Reverse,79.8,4.387499999999999,1
1770713147.0,1770716747.096,57.834438,12.307410833333332,57.834441234522515,12.307406393071366,2.925,2.5,2.5,2.0829121069830174,7,7,Reverse,79.5,4.387499999999999,1
1770713148.0,1770716748.098,57.834439499999995,12.307408166666669,57.83444036726126,12.307407279869018,2.925,2.5,2.5,1.9077611862963428,7,7,Reverse,79.6,4.387499999999999,1
1770713149.0,1770716749.096,57.8344405,12.307405333333334,57.834440433630625,12.307406306601175,2.925,2.5,2.5,1.6470165762613944,7,7,Reverse,79.6,4.387499999999999,1
1770713150.0,1770716750.101,57.8344405,12.307410666666666,57.834440466815316,12.307408486633921,2.925,2.5,2.5,1.4828634398705574,7,7,Reverse,79.8,4.387499999999999,1
1770713151.0,1770716751.093,57.834438,12.307421,57.83443923340766,12.30741474331696,2.925,2.5,2.5,1.524046130092106,7,7,Reverse,79.9,4.387499999999999,1
1770713152.0,1770716752.098,57.834436499999995,12.307425499999999,57.83443786670382,12.30742012165848,2.925,2.5,2.5,1.5171319437858195,7,7,Reverse,80.2,4.387499999999999,1
1770713153.0,1770716753.096,57.834438,12.307420333333335,57.834437933351914,12.307420227495907,2.925,2.5,2.5,1.3287095912256588,7,7,Reverse,80.3,4.387499999999999,1
1770713154.0,1770716754.096,57.834437166666675,12.307414166666668,57.83443755000929,12.307417197081287,2.925,2.5,2.5,1.1071510068175603,7,7,Reverse,80.5,4.387499999999999,1
1770713155.0,1770716755.096,57.83444516666667,12.307408000000002,57.83444135833798,12.307412598540646,2.925,2.5,2.5,0.9209306183508853,7,7,Reverse,80.8,4.387499999999999,1
1770713156.0,1770716756.096,57.83444216666667,12.307405666666666,57.83444176250232,12.307409132603656,2.925,2.5,2.5,0.7067600601252986,7,7,Reverse,80.9,4.387499999999999,1
1770713157.0,1770716757.09,57.83444299999999,12.307401,57.83444238125116,12.307405066301827,4.175,2.5,2.5,0.6052931412187251,6,6,Reverse,81.3,6.262499999999999,1
1770713158.0,1770716758.092,57.83444666666666,12.307404166666666,57.83444452395891,12.307404616484247,4.175,2.5,2.5,0.5781539111865179,6,6,Reverse,81.5,6.262499999999999,1
1770713159.0,1770716759.087,57.83444666666666,12.307397333333332,57.834445595312786,12.30740097490879,4.175,2.5,2.5,0.4809624046179697,6,6,Reverse,81.7,6.262499999999999,1
1770713160.0,1770716760.09,57.83445233333334,12.307395666666666,57.83444896432306,12.307398320787728,4.175,2.5,2.5,0.4956741486742954,6,6,Reverse,81.8,6.262499999999999,1
1770713161.0,1770716761.096,57.83445516666667,12.307389166666667,57.834452065494865,12.307393743727198,4.175,2.5,2.5,0.508370410866151,6,6,Reverse,82.0,6.262499999999999,1
1770713162.0,1770716762.079,57.83445216666667,12.307387333333335,57.83445211608077,12.307390538530266,4.175,2.5,2.5,0.3864394221414523,6,6,Reverse,82.3,6.262499999999999,1
1770713163.0,1770716763.098,57.8344495,12.3073775,57.83445080804039,12.307384019265132,4.175,2.5,2.5,0.4993063749055584,6,6,Reverse,82.4,6.262499999999999,1
1770713164.0,1770716764.098,57.83444883333333,12.307379333333332,57.83444982068686,12.307381676299233,4.175,2.5,2.5,0.4374345098487551,6,6,Reverse,82.3,6.262499999999999,1
1770713165.0,1770716765.095,57.834444500000004,12.307382500000001,57.83444716034343,12.307382088149616,4.175,2.5,2.5,0.5092777108442617,6,6,Reverse,82.2,6.262499999999999,1
1770713166.0,1770716766.096,57.83444366666666,12.307380166666666,57.834445413505044,12.307381127408142,4.175,2.5,2.5,0.5171471618424643,6,6,Reverse,82.5,6.262499999999999,1
1770713167.0,1770716767.079,57.83444599999999,12.307377166666667,57.83444570675252,12.307379147037404,4.175,2.5,2.5,0.3853844702702461,6,6,Reverse,82.4,6.262499999999999,1
1770713168.0,1770716768.094,57.834447,12.307369666666666,57.83444635337626,12.307374406852036,4.175,2.5,2.5,0.4178797322429908,6,6,Reverse,82.6,6.262499999999999,1
1770713169.0,1770716769.101,57.8344535,12.307360999999998,57.83444992668813,12.307367703426017,4.175,2.5,2.5,0.6064308413304023,6,6,Reverse,82.7,6.262499999999999,1
1770713170.0,1770716770.091,57.83445183333333,12.307361166666665,57.834450880010735,12.30736443504634,4.175,2.5,2.5,0.6601348957355093,6,6,Reverse,82.9,6.262499999999999,1
1770713171.0,1770716771.098,57.83445433333333,12.307363333333335,57.83445260667203,12.307363884189838,4.175,2.5,2.5,0.6688727311647263,6,6,Reverse,83.3,6.262499999999999,1
1770713172.0,1770716772.096,57.83446133333334,12.307361666666669,57.834456970002684,12.307362775428253,4.175,2.5,2.5,0.8250060625853715,6,6,Reverse,83.4,6.262499999999999,1
1770713173.0,1770716773.096,57.834474,12.307362333333334,57.834465485001346,12.307362554380793,4.175,2.5,2.5,1.2059353138803837,6,6,Reverse,83.6,6.262499999999999,1
1770713174.0,1770716774.099,57.834478499999996,12.307354666666667,57.83447199250067,12.30735861052373,4.175,2.5,2.5,1.4830098753030159,6,6,Reverse,83.8,6.262499999999999,1
1770713175.0,1770716775.093,57.83448266666666,12.307354333333334,57.83447732958366,12.307356471928532,4.175,2.5,2.5,1.679630379336366,6,6,Reverse,84.2,6.262499999999999,1
1770713176.0,1770716776.102,57.8344795,12.307352833333335,57.83447841479183,12.307354652630934,4.175,2.5,2.5,1.635864863450962,6,6,Reverse,84.6,6.262499999999999,1
1770713177.0,1770716777.096,57.834469999999996,12.307365,57.834474207395914,12.307359826315468,4.175,2.5,2.5,1.3584443332433822,6,6,Reverse,85.2,6.262499999999999,1
1770713178.0,1770716778.097,57.83447366666666,12.307356166666667,57.83447393703129,12.307357996491067,4.175,2.5,2.5,1.1891547567646497,6,6,Reverse,85.5,6.262499999999999,1
1770713179.0,1770716779.08,57.834479333333334,12.307357666666666,57.83447663518231,12.307357831578866,4.175,2.5,2.5,1.0641955307515358,6,6,Reverse,85.8,6.262499999999999,1
1770713180.0,1770716780.096,57.83447783333333,12.307362666666666,57.83447723425782,12.307360249122766,4.175,2.5,2.5,0.8593527777231236,6,6,Reverse,85.6,6.262499999999999,1
1770713181.0,1770716781.096,57.834482166666675,12.307362166666667,57.834479700462246,12.307361207894717,4.175,2.5,2.5,0.7519709396697356,6,6,Reverse,85.6,6.262499999999999,1
1770713182.0,1770716782.096,57.83447683333334,12.307365833333332,57.8344782668978,12.307363520614025,4.175,2.5,2.5,0.6211279474562005,6,6,Reverse,85.5,6.262499999999999,1
1770713183.0,1770716783.099,57.83447816666667,12.307369999999999,57.83447821678223,12.307366760307012,4.175,2.5,2.5,0.5684357138472514,6,6,Reverse,85.4,6.262499999999999,1
1770713184.0,1770716784.092,57.83447549999999,12.307376666666668,57.83447685839111,12.30737171348684,4.175,2.5,2.5,0.684810792131589,6,6,Reverse,85.0,6.262499999999999,1
1770713185.0,1770716785.096,57.834477,12.307378666666667,57.83447692919555,12.307375190076753,4.175,2.5,2.5,0.7747536519457232,6,6,Reverse,84.7,6.262499999999999,1
1770713186.0,1770716786.091,57.83447816666667,12.3073695,57.834477547931115,12.307372345038377,4.175,2.5,2.5,0.6050283333012529,6,6,Reverse,84.3,6.262499999999999,1
1770713187.0,1770716787.096,57.83448133333333,12.307363666666667,57.83447944063222,12.307368005852522,4.175,2.5,2.5,0.5778269474630836,6,6,Reverse,84.0,6.262499999999999,1
1770713188.0,1770716788.089,57.834474,12.307359833333331,57.83447672031611,12.307363919592927,4.175,2.5,2.5,0.5832417987981837,6,6,Reverse,84.0,6.262499999999999,1
1770713189.0,1770716789.094,57.834465,12.307359666666665,57.834470860158056,12.307361793129795,4.175,2.5,2.5,0.765017565919148,6,6,Reverse,84.1,6.262499999999999,1
1770713190.0,1770716790.097,57.83446349999999,12.307355166666666,57.834467180079024,12.30735847989823,4.175,2.5,2.5,0.8861498388077943,6,6,Reverse,84.0,6.262499999999999,1
1770713191.0,1770716791.091,57.83445633333334,12.307352,57.83446175670618,12.307355239949116,4.175,2.5,2.5,1.0843184519377105,6,6,Reverse,84.0,6.262499999999999,1
1770713192.0,1770716792.097,57.83445383333333,12.3073545,57.83445779501975,12.307354869974558,4.175,2.5,2.5,1.190959186419949,6,6,Reverse,83.8,6.262499999999999,1
1770713193.0,1770716793.101,57.83444783333333,12.307344166666667,57.834452814176544,12.307349518320612,4.175,2.5,2.5,1.4207290938272914,6,6,Reverse,84.0,6.262499999999999,1
1770713194.0,1770716794.095,57.83444716666666,12.307349833333335,57.834449990421604,12.307349675826973,2.925,2.5,2.5,1.450713125674411,7,7,Reverse,83.7,4.387499999999999,1
1770713195.0,1770716795.089,57.83445166666667,12.307352333333332,57.834450828544135,12.307351004580154,3.9000000000000004,2.5,2.5,1.3647830278357245,6,6,Reverse,83.5,5.8500000000000005,1
1770713196.0,1770716796.093,57.83445283333334,12.307351333333335,57.83445183093874,12.307351168956744,3.9000000000000004,2.5,2.5,1.1987623779481247,6,6,Reverse,83.3,5.8500000000000005,1
1770713197.0,1770716797.098,57.83446666666667,12.307343333333332,57.8344592488027,12.307347251145037,3.9000000000000004,2.5,2.5,1.078680985777617,6,6,Reverse,83.6,5.8500000000000005,1
1770713198.0,1770716798.08,57.83446833333334,12.307348166666667,57.834463791068025,12.307347708905853,3.9000000000000004,2.5,2.5,0.9581410929467057,6,6,Reverse,83.4,5.8500000000000005,1
1770713199.0,1770716799.095,57.834473166666676,12.307355833333334,57.83446847886735,12.307351771119594,3.9000000000000004,2.5,2.5,0.9657030957959978,6,6,Reverse,83.5,5.8500000000000005,1
1770713200.0,1770716800.101,57.834471666666666,12.307340166666666,57.834470072767004,12.307345968893129,3.9000000000000004,2.5,2.5,1.026017980081297,6,6,Reverse,83.4,5.8500000000000005,1
1770713201.0,1770716801.094,57.834470333333336,12.307341166666667,57.834470203050174,12.307343567779899,2.925,2.5,2.5,1.0081194342900615,7,7,Reverse,83.6,4.387499999999999,1
1770713202.0,1770716802.102,57.83448166666667,12.3073485,57.83447593485842,12.30734603388995,2.925,2.5,2.5,1.0806755266423693,7,7,Reverse,83.6,4.387499999999999,1
1770713203.0,1770716803.08,57.83448,12.307340833333335,57.83447796742921,12.307343433611642,2.925,2.5,2.5,1.0871750854785687,7,7,Reverse,83.7,4.387499999999999,1
1770713204.0,1770716804.099,57.834469999999996,12.307341166666667,57.8344739837146,12.307342300139155,2.925,2.5,2.5,1.0810264492976622,7,7,Reverse,83.7,4.387499999999999,1
1770713205.0,1770716805.093,57.83447116666666,12.307335,57.83447257519063,12.307338650069577,2.925,2.5,2.5,1.1617341905099583,7,7,Reverse,83.6,4.387499999999999,1
1770713206.0,1770716806.094,57.8344555,12.307324000000001,57.83446403759532,12.30733132503479,2.925,2.5,2.5,1.5571083593444963,7,7,Reverse,83.3,4.387499999999999,1
1770713207.0,1770716807.1,57.83445283333334,12.307320166666667,57.83445843546433,12.307325745850727,2.925,2.5,2.5,1.8216601241815393,7,7,Reverse,82.9,4.387499999999999,1
1770713208.0,1770716808.097,57.834462833333326,12.307321166666668,57.83446063439882,12.307323456258699,2.925,2.5,2.5,1.7432408003374127,7,7,Reverse,82.8,4.387499999999999,1
1770713209.0,1770716809.089,57.83447233333333,12.307323499999999,57.83446648386608,12.307323478129348,4.175,2.5,2.5,1.6308212300608618,6,6,Reverse,82.6,6.262499999999999,1
1770713210.0,1770716810.082,57.8344655,12.307325500000001,57.83446599193304,12.307324489064674,4.175,2.5,2.5,1.3792705010253359,6,6,Reverse,82.6,6.262499999999999,1
1770713211.0,1770716811.096,57.834469000000006,12.307331,57.83446749596652,12.307327744532337,4.175,2.5,2.5,1.074359998024891,6,6,Reverse,82.4,6.262499999999999,1
1770713212.0,1770716812.096,57.83446383333333,12.307334833333334,57.834465664649926,12.307331288932836,4.175,2.5,2.5,0.9065744087394618,6,6,Reverse,81.8,6.262499999999999,1
1770713213.0,1770716813.093,57.8344505,12.307335666666665,57.834458082324964,12.30733347779975,4.175,2.5,2.5,1.0869978606484896,6,6,Reverse,81.7,6.262499999999999,1
1770713214.0,1770716814.09,57.834435500000005,12.307328833333335,57.834446791162485,12.307331155566542,4.175,2.5,2.5,1.5465173463747095,6,6,Reverse,81.5,6.262499999999999,1
1770713215.0,1770716815.096,57.834438666666664,12.307330166666668,57.834442728914574,12.307330661116605,4.175,2.5,2.5,1.6659281696585275,6,6,Reverse,81.8,6.262499999999999,1
1770713216.0,1770716816.098,57.83443233333334,12.3073445,57.83443753112396,12.307337580558302,4.175,2.5,2.5,1.8002978176070363,6,6,Reverse,81.8,6.262499999999999,1
1770713217.0,1770716817.091,57.83442483333333,12.307363000000002,57.83443118222864,12.307350290279153,2.925,2.5,2.5,2.004680172845757,7,7,Reverse,82.6,4.387499999999999,1
1770713218.0,1770716818.096,57.834427166666664,12.307372166666669,57.834429174447656,12.30736122847291,3.125,2.5,2.5,1.9672564176272074,6,6,Reverse,83.3,4.6875,1
1770713219.0,1770716819.098,57.83441666666666,12.307393333333334,57.83442292055716,12.307377280903122,3.125,2.5,2.5,2.2042367237290312,6,6,Reverse,84.1,4.6875,1
1770713220.0,1770716820.095,57.834417,12.307402999999999,57.83441996027858,12.307390140451561,3.125,2.5,2.5,2.259447195685735,6,6,Reverse,84.7,4.6875,1
1770713221.0,1770716821.112,57.83442,12.307405666666666,57.83441998013929,12.307397903559114,3.125,2.5,2.5,2.095556342848946,6,6,Reverse,85.0,4.6875,1
1770713222.0,1770716822.096,57.83440883333333,12.307413,57.83441440673631,12.307405451779557,3.125,2.5,2.5,2.202986051501469,6,6,Reverse,85.2,4.6875,1
1770713223.0,1770716823.096,57.83441766666667,12.307415333333331,57.83441603670149,12.307410392556443,3.125,2.5,2.5,2.021157922096892,6,6,Reverse,85.5,4.6875,1
1770713224.0,1770716824.08,57.83441833333333,12.307421166666666,57.83441718501741,12.307415779611555,3.125,2.5,2.5,1.88619948353887,6,6,Reverse,85.5,4.6875,1
1770713225.0,1770716825.096,57.834421000000006,12.307411166666668,57.83441909250871,12.307413473139112,3.125,2.5,2.5,1.6586110862979393,6,6,Reverse,85.6,4.6875,1
1770713226.0,1770716826.102,57.83444266666667,12.307414333333334,57.834430879587686,12.307413903236222,3.125,2.5,2.5,1.5448762669815894,6,6,Reverse,85.9,4.6875,1
1770713227.0,1770716827.098,57.83444383333334,12.307413333333333,57.83443735646051,12.307413618284778,3.125,2.5,2.5,1.3656256460179648,6,6,Reverse,86.0,4.6875,1
1770713228.0,1770716828.096,57.83444733333334,12.307409,57.83444234489693,12.307411309142388,3.125,2.5,2.5,1.2534114839914365,6,6,Reverse,86.2,4.6875,1
1770713229.0,1770716829.105,57.83444666666666,12.307404166666666,57.83444450578179,12.307407737904528,3.125,2.5,2.5,1.2081805976945348,6,6,Reverse,86.7,4.6875,1
1770713230.0,1770716830.096,57.834445,12.307394500000003,57.834444752890896,12.307401118952265,3.125,2.5,2.5,1.4247864351115433,6,6,Reverse,87.0,4.6875,1
1770713231.0,1770716831.096,57.834458,12.307398666666666,57.83445137644545,12.307399892809466,2.925,2.5,2.5,1.364609725238509,7,7,Reverse,87.7,4.387499999999999,1
1770713232.0,1770716832.099,57.83446966666667,12.307398000000001,57.83446052155606,12.307398946404733,2.925,2.5,2.5,1.502519646453921,7,7,Reverse,88.1,4.387499999999999,1
1770713233.0,1770716833.096,57.834469999999996,12.307400666666668,57.834465260778025,12.3073998065357,2.925,2.5,2.5,1.4806995065368804,7,7,Reverse,88.9,4.387499999999999,1
1770713234.0,1770716834.096,57.834477666666665,12.3074075,57.834471463722345,12.30740365326785,2.925,2.5,2.5,1.404066815670145,7,7,Reverse,89.4,4.387499999999999,1
1770713235.0,1770716835.1,57.83451166666667,12.307405666666666,57.83449156519451,12.307404659967258,2.925,2.5,2.5,2.167882370692564,7,7,Reverse,90.1,4.387499999999999,1
1770713236.0,1770716836.098,57.834509,12.307408666666667,57.834500282597254,12.307406663316963,2.925,2.5,2.5,2.343298951871492,7,7,Reverse,91.0,4.387499999999999,1
1770713237.0,1770716837.097,57.834513666666666,12.307421500000002,57.83450697463196,12.307414081658482,2.925,2.5,2.5,2.3589631920983822,7,7,Reverse,91.7,4.387499999999999,1
1770713238.0,1770716838.102,57.834514000000006,12.307416833333331,57.83451048731598,12.307415457495907,2.925,2.5,2.5,2.275261720069244,7,7,Reverse,92.4,4.387499999999999,1
1770713239.0,1770716839.096,57.834523833333336,12.307429500000001,57.83451716032466,12.307422478747954,3.9000000000000004,2.5,2.5,2.2713764750863517,6,6,Reverse,92.9,5.8500000000000005,1
1770713240.0,1770716840.097,57.834519,12.307433666666668,57.83451808016233,12.307428072707312,2.925,2.5,2.5,1.9637232104228448,7,7,Reverse,93.7,4.387499999999999,1
1770713241.0,1770716841.098,57.83452316666667,12.307448499999998,57.8345206234145,12.307438286353655,4.175,2.5,2.5,1.8999331556659529,6,6,Reverse,94.0,6.262499999999999,1
1770713242.0,1770716842.098,57.83453566666667,12.3074505,57.834528145040586,12.307444393176826,4.175,2.5,2.5,2.0357742212349184,6,6,Reverse,94.6,6.262499999999999,1
1770713243.0,1770716843.108,57.83452833333334,12.307452666666666,57.83452823918696,12.307448529921746,4.175,2.5,2.5,1.7873521926732014,6,6,Reverse,95.0,6.262499999999999,1
1770713244.0,1770716844.096,57.83453816666667,12.307450833333332,57.83453320292681,12.30744968162754,4.175,2.5,2.5,1.7315578404473353,6,6,Reverse,95.5,6.262499999999999,1
1770713245.0,1770716845.093,57.83454733333333,12.307450166666667,57.83454026813008,12.307449924147104,4.175,2.5,2.5,1.8581350793733016,6,6,Reverse,95.9,6.262499999999999,1
1770713246.0,1770716846.086,57.83454233333334,12.307459333333334,57.83454130073171,12.307454628740219,4.975,2.5,2.5,1.8029845988813886,5,5,Reverse,96.2,7.4624999999999995,1
1770713247.0,1770716847.091,57.83455300000001,12.307458,57.83454715036586,12.307456314370109,4.975,2.5,2.5,1.895785652958424,5,5,Reverse,96.7,7.4624999999999995,1
1770713248.0,1770716848.095,57.8345525,12.307456666666667,57.834549825182926,12.307456490518389,7.45,2.5,2.5,1.785421954152096,4,4,Reverse,96.8,11.175,1
1770713249.0,1770716849.098,57.83455266666667,12.307451499999997,57.8345512459248,12.307453995259193,7.45,2.5,2.5,1.6067234881815844,4,4,Reverse,96.9,11.175,1
1770713250.0,1770716850.092,57.83454866666666,12.307431833333332,57.83454995629573,12.307442914296262,7.45,2.5,2.5,1.5508538598391994,4,4,Reverse,97.0,11.175,1
1770713251.0,1770716851.096,57.834556166666665,12.307431333333334,57.834553061481195,12.307437123814799,5.0,2.5,2.5,1.53702870867378,5,5,Reverse,97.3,7.5,1
1770713252.0,1770716852.101,57.83454933333334,12.307433166666666,57.83455119740727,12.307435145240731,5.0,2.5,2.5,1.3422445067614142,5,5,Reverse,97.8,7.5,1
1770713253.0,1770716853.096,57.83454233333334,12.307434666666666,57.834546765370305,12.307434905953698,5.0,2.5,2.5,1.1578673031830233,5,5,Reverse,98.2,7.5,1
1770713254.0,1770716854.1,57.834544333333334,12.307447833333333,57.834545549351816,12.307441369643517,5.0,2.5,2.5,1.0916287522917905,5,5,Reverse,98.6,7.5,1
1770713255.0,1770716855.097,57.83454616666666,12.307462666666668,57.83454585800924,12.307452018155091,3.9000000000000004,2.5,2.5,1.0046814961327013,6,6,Reverse,100.0,5.8500000000000005,1
1770713256.0,1770716856.096,57.83454266666666,12.307485000000002,57.83454426233795,12.307468509077546,3.9000000000000004,2.5,2.5,0.7902185631141331,6,6,Reverse,101.1,5.8500000000000005,1
1770713257.0,1770716857.092,57.83454516666667,12.3074855,57.83454471450231,12.307477004538773,3.9000000000000004,2.5,2.5,0.8227576543163161,6,6,Reverse,102.3,5.8500000000000005,1
1770713258.0,1770716858.097,57.834541666666674,12.307492333333334,57.83454319058449,12.307484668936054,3.9000000000000004,2.5,2.5,0.845862511386124,6,6,Reverse,103.3,5.8500000000000005,1
1770713259.0,1770716859.1,57.834550166666666,12.307502333333332,57.83454667862558,12.307493501134694,3.9000000000000004,2.5,2.5,0.7509439485389622,6,6,Reverse,104.3,5.8500000000000005,1
1770713260.0,1770716860.092,57.83454133333333,12.307522666666667,57.83454400597945,12.30750808390068,2.925,2.5,2.5,0.7610181687022497,7,7,Reverse,105.7,4.387499999999999,1
1770713261.0,1770716861.096,57.8345395,12.307527833333332,57.83454175298973,12.307517958617005,3.9000000000000004,2.5,2.5,0.7410847828465283,6,6,Reverse,106.5,5.8500000000000005,1
1770713262.0,1770716862.09,57.83454233333334,12.307521999999999,57.834542043161534,12.307519979308502,3.9000000000000004,2.5,2.5,0.7720480369573954,6,6,Reverse,107.2,5.8500000000000005,1
1770713263.0,1770716863.098,57.834554833333335,12.307527,57.83454843824743,12.307523489654251,3.9000000000000004,2.5,2.5,0.7654851473737332,6,6,Reverse,108.1,5.8500000000000005,1
1770713264.0,1770716864.092,57.834563166666676,12.307523833333335,57.834555802457054,12.307523661493793,3.9000000000000004,2.5,2.5,0.9313703408205332,6,6,Reverse,108.5,5.8500000000000005,1
1770713265.0,1770716865.096,57.83457266666666,12.30752,57.83456423456186,12.307521830746897,3.9000000000000004,2.5,2.5,1.2022887991079365,6,6,Reverse,109.1,5.8500000000000005,1
1770713266.0,1770716866.096,57.834576166666665,12.307530999999999,57.83457020061426,12.307526415373449,3.9000000000000004,2.5,2.5,1.3532200118755304,6,6,Reverse,109.7,5.8500000000000005,1
1770713267.0,1770716867.096,57.83458949999999,12.307531166666669,57.83457985030713,12.307528791020058,3.9000000000000004,2.5,2.5,1.6581732649308414,6,6,Reverse,110.0,5.8500000000000005,1
1770713268.0,1770716868.079,57.83460433333333,12.307549999999999,57.83459209182023,12.307539395510029,3.9000000000000004,2.5,2.5,2.1903288536011547,6,6,Reverse,110.5,5.8500000000000005,1
1770713269.0,1770716869.093,57.8346,12.307551,57.83459604591012,12.307545197755015,3.9000000000000004,2.5,2.5,2.283501743713327,6,6,Reverse,110.7,5.8500000000000005,1
1770713270.0,1770716870.099,57.83457733333333,12.307557999999998,57.83458668962172,12.307551598877506,3.9000000000000004,2.5,2.5,1.8343448750484836,6,6,Reverse,111.3,5.8500000000000005,1
1770713271.0,1770716871.103,57.83457083333333,12.307566999999999,57.83457876147752,12.307559299438752,2.925,2.5,2.5,1.5725858589878232,7,7,Reverse,111.8,4.387499999999999,1
1770713272.0,1770716872.096,57.834563499999994,12.307567666666667,57.83457113073876,12.30756348305271,2.925,2.5,2.5,1.3695189356059507,7,7,Reverse,112.1,4.387499999999999,1
1770713273.0,1770716873.097,57.83456833333333,12.307560833333332,57.834569732036044,12.30756215819302,2.925,2.5,2.5,1.0301499550383915,7,7,Reverse,112.1,4.387499999999999,1
1770713274.0,1770716874.096,57.83456416666666,12.307546166666668,57.834566949351355,12.307554162429845,2.925,2.5,2.5,1.0167308764321537,7,7,Reverse,112.3,4.387499999999999,1
1770713275.0,1770716875.079,57.83457266666666,12.307536999999998,57.83456980800901,12.30754558121492,3.9250000000000003,2.5,2.5,0.9997522168022435,6,6,Reverse,112.6,5.8875,1
1770713276.0,1770716876.104,57.834569166666675,12.307527499999999,57.83456948733784,12.30753654060746,3.9250000000000003,2.5,2.5,0.9204606831380914,6,6,Reverse,112.6,5.8875,1
1770713277.0,1770716877.098,57.834566333333335,12.307510166666669,57.834567910335586,12.307523353637064,2.925,2.5,2.5,0.9678640919566084,7,7,Reverse,112.4,4.387499999999999,1
1770713278.0,1770716878.098,57.83456416666666,12.307481,57.83456603850112,12.307502176818533,2.925,2.5,2.5,1.2536763176880834,7,7,Reverse,112.2,4.387499999999999,1
1770713279.0,1770716879.098,57.83454199999999,12.307455666666666,57.83455401925056,12.307478921742598,2.925,2.5,2.5,1.8614510782230678,7,7,Reverse,111.9,4.387499999999999,1
1770713280.0,1770716880.099,57.83454216666667,12.307443666666666,57.83454809295861,12.307461294204632,2.925,2.5,2.5,2.072013424250781,7,7,Reverse,111.5,4.387499999999999,1
1770713281.0,1770716881.104,57.834553166666666,12.307418333333333,57.83455062981264,12.307439813768983,2.925,2.5,2.5,2.191508014601754,7,7,Reverse,110.9,4.387499999999999,1
1770713282.0,1770716882.098,57.834566333333335,12.307388833333334,57.83455848157299,12.307414323551159,2.925,2.5,2.5,2.4360088053215296,7,7,Reverse,110.2,4.387499999999999,1
1770713283.0,1770716883.093,57.83456833333333,12.307357333333334,57.83456340745316,12.307385828442246,2.925,2.5,2.5,2.7627785946590677,7,7,Reverse,109.3,4.387499999999999,1
1770713284.0,1770716884.098,57.834573,12.307339333333335,57.834568203726576,12.30736258088779,3.15,2.5,2.5,2.8873495454254114,6,6,Reverse,108.5,4.725,1
1770713285.0,1770716885.102,57.8345885,12.307328833333335,57.83457835186329,12.307345707110562,3.15,2.5,2.5,3.0622305818446725,6,6,Reverse,107.7,4.725,1
1770713286.0,1770716886.097,57.834599499999996,12.307328666666669,57.83458892593164,12.307337186888615,3.15,2.5,2.5,3.295442315550112,6,6,Reverse,106.3,4.725,1
1770713287.0,1770716887.09,57.83459849999999,12.3073175,57.83459371296582,12.307327343444308,3.15,2.5,2.5,3.3145831047189604,6,6,Reverse,105.1,4.725,1
1770713288.0,1770716888.094,57.834598166666666,12.307301500000001,57.83459593981624,12.307314421722154,3.675,2.5,2.5,3.2412636822566774,5,5,Reverse,104.5,5.512499999999999,1
1770713289.0,1770716889.097,57.834598166666666,12.307294500000001,57.83459705324145,12.307304460861078,3.675,2.5,2.5,3.0989725057080357,5,5,Reverse,103.6,5.512499999999999,1
1770713290.0,1770716890.104,57.83460266666666,12.307272833333332,57.83459985995406,12.307288647097206,3.675,2.5,2.5,2.950193144820704,5,5,Reverse,102.9,5.512499999999999,1
1770713291.0,1770716891.097,57.834607999999996,12.307254333333333,57.83460392997703,12.30727149021527,3.5749999999999997,2.5,2.5,2.845938814103989,6,6,Reverse,102.6,5.3625,1
1770713292.0,1770716892.102,57.834613833333336,12.307239000000001,57.83460888165518,12.307255245107635,3.5749999999999997,2.5,2.5,2.7761542974566757,6,6,Reverse,102.0,5.3625,1
1770713293.0,1770716893.096,57.834613499999996,12.307232666666668,57.83461119082759,12.30724395588715,3.5749999999999997,2.5,2.5,2.5974817933532846,6,6,Reverse,101.4,5.3625,1
1770713294.0,1770716894.099,57.834608333333335,12.307229,57.83460976208046,12.307236477943576,3.5749999999999997,2.5,2.5,2.3115447723860987,6,6,Reverse,100.9,5.3625,1
1770713295.0,1770716895.094,57.834604000000006,12.307223666666667,57.83460688104024,12.30723007230512,3.5749999999999997,2.5,2.5,1.993800092151404,6,6,Reverse,100.1,5.3625,1
1770713296.0,1770716896.087,57.834603,12.307220166666665,57.834604940520116,12.307225119485894,3.5749999999999997,2.5,2.5,1.74063313429481,6,6,Reverse,99.1,5.3625,1
1770713297.0,1770716897.091,57.834601000000006,12.307221666666665,57.834602970260065,12.30722339307628,3.675,2.5,2.5,1.5731201756692363,5,5,Reverse,98.4,5.512499999999999,1
1770713298.0,1770716898.097,57.83460183333333,12.307222833333332,57.834602401796694,12.307223113204806,3.675,2.5,2.5,1.4769505628688488,5,5,Reverse,97.6,5.512499999999999,1
1770713299.0,1770716899.102,57.834608499999995,12.307217166666666,57.834605450898344,12.307220139935735,3.675,2.5,2.5,1.4965823014994013,5,5,Reverse,96.9,5.512499999999999,1
1770713300.0,1770716900.094,57.83461616666667,12.307207833333333,57.83461080878251,12.307213986634535,3.675,2.5,2.5,1.6107906642759913,5,5,Reverse,96.2,5.512499999999999,1
1770713301.0,1770716901.099,57.834625,12.307198333333334,57.83461790439126,12.307206159983934,3.675,2.5,2.5,1.801450087195003,5,5,Reverse,95.2,5.512499999999999,1
1770713302.0,1770716902.093,57.83462816666667,12.307198000000001,57.83462303552896,12.307202079991967,3.675,2.5,2.5,1.8918707123542822,5,5,Reverse,94.3,5.512499999999999,1
1770713303.0,1770716903.096,57.83463516666667,12.307193500000002,57.83462910109782,12.307197789995985,3.675,2.5,2.5,2.0006305926635966,5,5,Reverse,93.6,5.512499999999999,1
1770713304.0,1770716904.091,57.834638,12.307197666666665,57.83463355054891,12.307197728331325,3.675,2.5,2.5,2.0621574245243286,5,5,Reverse,92.6,5.512499999999999,1
1770713305.0,1770716905.094,57.83463633333334,12.3071955,57.834634941941125,12.307196614165663,3.675,2.5,2.5,1.9636921469805493,5,5,Reverse,91.7,5.512499999999999,1
1770713306.0,1770716906.091,57.834633000000004,12.307192166666669,57.834633970970565,12.307194390416166,3.675,2.5,2.5,1.74527655150317,5,5,Reverse,90.8,5.512499999999999,1
1770713307.0,1770716907.094,57.83462833333333,12.307184166666666,57.83463115215194,12.307189278541415,3.675,2.5,2.5,1.5498597403204293,5,5,Reverse,90.0,5.512499999999999,1
1770713308.0,1770716908.088,57.83462433333334,12.307183000000002,57.83462774274264,12.307186139270708,3.675,2.5,2.5,1.3224950503044675,5,5,Reverse,89.3,5.512499999999999,1
1770713309.0,1770716909.092,57.83460766666667,12.307183833333333,57.834617704704655,12.30718498630202,12.3,2.5,2.5,1.0690195625163863,4,4,Reverse,88.8,18.450000000000003,1
1770713310.0,1770716910.086,57.83458266666666,12.307188499999999,57.83460018568566,12.30718674315101,3.325,2.5,2.5,0.9844713998837129,5,5,Reverse,88.9,4.987500000000001,1
1770713311.0,1770716911.089,57.834567,12.307187833333334,57.83458359284283,12.307187288242172,3.325,2.5,2.5,0.9943293890321865,5,5,Reverse,89.4,4.987500000000001,1
1770713312.0,1770716912.093,57.83455466666666,12.3071895,57.83456912975475,12.307188394121086,3.325,2.5,2.5,0.9968989424335438,5,5,Reverse,89.6,4.987500000000001,1
1770713313.0,1770716913.087,57.834568000000004,12.307206833333332,57.83456856487737,12.307197613727208,3.15,2.5,2.5,1.131574505571728,6,6,Reverse,89.8,4.725,1
1770713314.0,1770716914.093,57.83457266666666,12.307198166666668,57.834570615772016,12.307197890196939,4.050000000000001,2.5,2.5,1.0065411087838712,4,4,Reverse,89.5,6.075000000000001,1
1770713315.0,1770716915.082,57.83458116666667,12.307216000000002,57.834575891219345,12.30720694509847,4.050000000000001,2.5,2.5,1.2073876311967404,4,4,Reverse,89.4,6.075000000000001,1
1770713316.0,1770716916.09,57.83458,12.307210666666666,57.834577945609674,12.307208805882569,4.050000000000001,2.5,2.5,1.1899499011724992,4,4,Reverse,89.2,6.075000000000001,1
1770713317.0,1770716917.085,57.8345875,12.307205166666666,57.83458272280484,12.307206986274617,4.050000000000001,2.5,2.5,1.2700943182970867,4,4,Reverse,89.2,6.075000000000001,1
1770713318.0,1770716918.088,57.83459633333334,12.307190166666665,57.83458952806909,12.307198576470642,4.050000000000001,2.5,2.5,1.517954624244923,4,4,Reverse,89.1,6.075000000000001,1
1770713319.0,1770716919.093,57.83460866666666,12.307177999999999,57.83459909736787,12.30718828823532,4.050000000000001,2.5,2.5,1.944532236163207,4,4,Reverse,89.0,6.075000000000001,1
1770713320.0,1770716920.086,57.83461366666667,12.307177833333332,57.83460638201727,12.307183060784325,4.050000000000001,2.5,2.5,2.2664649636606433,5,5,Reverse,89.2,6.075000000000001,1
1770713321.0,1770716921.092,57.83461916666667,12.30718133333333,57.83461277434197,12.307182197058829,4.050000000000001,2.5,2.5,2.4903774171431645,4,4,Reverse,89.5,6.075000000000001,1
1770713322.0,1770716922.086,57.83462216666667,12.307181166666664,57.83461747050432,12.307181681862746,4.050000000000001,2.5,2.5,2.620024034180936,4,4,Reverse,89.5,6.075000000000001,1
1770713323.0,1770716923.09,57.834615500000005,12.30719183333333,57.83461648525216,12.30718675759804,4.050000000000001,2.5,2.5,2.4942921478109676,4,4,Reverse,89.6,6.075000000000001,1
1770713324.0,1770716924.094,57.834608333333335,12.307195000000002,57.83461240929275,12.30719087879902,4.050000000000001,2.5,2.5,2.304572371883759,4,4,Reverse,89.7,6.075000000000001,1
1770713325.0,1770716925.088,57.8346,12.307204000000002,57.83460620464638,12.307197439399511,4.050000000000001,2.5,2.5,1.9910528197501578,4,4,Reverse,89.9,6.075000000000001,1
1770713326.0,1770716926.106,57.83459183333333,12.307214166666665,57.83459901898985,12.307205803033089,4.050000000000001,2.5,2.5,1.57423657524271,4,4,Reverse,89.9,6.075000000000001,1
1770713327.0,1770716927.096,57.83458266666666,12.307225666666666,57.834590842828256,12.307215734849876,4.050000000000001,2.5,2.5,1.345431356559097,4,4,Reverse,89.9,6.075000000000001,1
1770713328.0,1770716928.089,57.834577499999995,12.307229333333332,57.83458417141413,12.307222534091604,3.675,2.5,2.5,1.155864959006173,5,5,Reverse,89.6,5.512499999999999,1
1770713329.0,1770716929.096,57.83456133333334,12.307229333333332,57.83457275237373,12.307225933712468,3.675,2.5,2.5,1.1893217336946933,5,5,Reverse,88.8,5.512499999999999,1
1770713330.0,1770716930.099,57.83455716666667,12.307246166666667,57.8345649595202,12.307236050189568,3.675,2.5,2.5,1.3866225390849585,5,5,Reverse,87.5,5.512499999999999,1
1770713331.0,1770716931.093,57.83453783333333,12.307258833333332,57.83455139642677,12.30724744176145,3.15,2.5,2.5,1.888668534618955,6,6,Reverse,85.6,4.725,1
1770713344.0,1770716944.091,57.834579,12.307288999999999,57.83456519821338,12.307268220880724,249.75,2.5,2.5,-0.1129704843214845,0,0,Reverse,0.0,374.625,0
1770713345.0,1770716945.079,57.83461483333334,12.307298833333334,57.83459001577336,12.30728352710703,25.55,2.5,2.5,0.11326585989195839,5,5,Reverse,77.9,38.325,1
1770713346.0,1770716946.096,57.834698166666676,12.307289500000001,57.83464409122002,12.307286513553516,25.55,2.5,2.5,0.8792938347594383,5,5,Reverse,77.0,38.325,1
1770713362.0,1770716962.079,57.834808,12.307227666666666,57.83472604561001,12.30725709011009,249.75,2.5,2.5,0.7608875130615755,0,0,Reverse,0.0,374.625,0
1770713363.0,1770716963.081,57.83481366666667,12.307216833333333,57.83476985613834,12.307236961721712,11.799999999999999,2.5,2.5,1.4160364316531808,3,3,Reverse,84.1,17.7,1
1770713364.0,1770716964.08,57.834799499999995,12.307215833333332,57.83478467806917,12.307226397527522,11.799999999999999,2.5,2.5,1.748222335455069,3,3,Reverse,84.1,17.7,1
1770713365.0,1770716965.082,57.834841000000004,12.307189333333334,57.83481283903458,12.307207865430428,11.799999999999999,2.5,2.5,2.3351958076538475,3,3,Reverse,83.9,17.7,1
1770713366.0,1770716966.083,57.834862333333334,12.3071895,57.83483758618396,12.307198682715214,11.775,2.5,2.5,2.847946320115061,3,3,Reverse,84.1,17.6625,1
1770713367.0,1770716967.092,57.83487333333334,12.307185166666667,57.83485545975865,12.30719192469094,11.775,2.5,2.5,3.2711527428293694,3,3,Reverse,84.2,17.6625,1
1770713387.0,1770716987.091,57.83475833333333,12.3072555,57.83480689654599,12.30722371234547,249.75,2.5,2.5,-0.024162159063375405,0,0,Reverse,0.0,374.625,0
1770713388.0,1770716988.096,57.83472583333334,12.307275666666666,57.83476636493967,12.307249689506069,5.125,2.5,2.5,0.17165609028619652,5,5,Reverse,83.0,7.6875,1
1770713389.0,1770716989.079,57.83468866666667,12.307294000000002,57.834727515803166,12.307271844753036,5.125,2.5,2.5,0.3686712385103033,5,5,Reverse,82.2,7.6875,1
1770713390.0,1770716990.081,57.8346595,12.307295833333335,57.834693507901584,12.307283839043185,5.125,2.5,2.5,0.44553914292836494,5,5,Reverse,81.7,7.6875,1
1770713391.0,1770716991.096,57.83462733333334,12.307305000000001,57.83466042061746,12.307294419521593,5.125,2.5,2.5,0.6650575068307893,5,5,Reverse,81.2,7.6875,1
1770713392.0,1770716992.093,57.834596499999996,12.307309833333333,57.83462846030873,12.307302126427462,5.125,2.5,2.5,1.159136685552363,5,5,Reverse,80.9,7.6875,1
1770713393.0,1770716993.098,57.83459249999999,12.3073125,57.83461048015436,12.307307313213732,3.55,2.5,2.5,1.2917288022422517,6,6,Reverse,80.9,5.324999999999999,1
1770713394.0,1770716994.09,57.83460133333333,12.307311333333333,57.834605906743846,12.307309323273532,3.55,2.5,2.5,1.0996502036467721,6,6,Reverse,80.5,5.324999999999999,1
1770713395.0,1770716995.084,57.834593,12.307314,57.83459945337192,12.307311661636765,3.55,2.5,2.5,1.0338027565546835,6,6,Reverse,80.1,5.324999999999999,1
1770713396.0,1770716996.098,57.83458616666667,12.307326,57.834592810019295,12.307318830818383,3.625,2.5,2.5,1.196561723759921,5,5,Reverse,80.2,5.4375,1
1770713397.0,1770716997.092,57.834576500000004,12.307328,57.83458465500965,12.307323415409192,2.9499999999999997,2.5,2.5,1.3576636813178067,6,6,Reverse,80.1,4.425,1
1770713398.0,1770716998.097,57.834573166666665,12.3073245,57.83457891083816,12.307323957704595,2.9499999999999997,2.5,2.5,1.3079692449618134,6,6,Reverse,80.1,4.425,1
1770713399.0,1770716999.086,57.834578166666674,12.307314166666666,57.83457853875242,12.30731906218563,2.9499999999999997,2.5,2.5,1.1171642520582625,6,6,Reverse,80.0,4.425,1
1770713400.0,1770717000.096,57.834574833333335,12.307314833333331,57.83457668604287,12.307316947759482,2.9499999999999997,2.5,2.5,0.9014599660802571,6,6,Reverse,80.0,4.425,1
1770713401.0,1770717001.099,57.83456683333334,12.307322333333332,57.83457175968811,12.307319640546407,2.9499999999999997,2.5,2.5,0.9161755889418951,6,6,Reverse,80.1,4.425,1
1770713402.0,1770717002.096,57.834562999999996,12.307335166666666,57.83456737984405,12.307327403606536,2.9499999999999997,2.5,2.5,1.1176406917642998,6,6,Reverse,80.1,4.425,1
1770713403.0,1770717003.1,57.834561,12.307346833333334,57.83456418992203,12.307337118469935,2.9499999999999997,2.5,2.5,1.4000457484191473,6,6,Reverse,80.0,4.425,1
1770713404.0,1770717004.103,57.83456866666667,12.307343,57.834566428294345,12.307340059234967,2.9499999999999997,2.5,2.5,1.348779940719334,6,6,Reverse,80.0,4.425,1
1770713405.0,1770717005.098,57.834566333333335,12.307331500000002,57.83456638081384,12.307335779617485,2.9,2.5,2.5,1.1230841857404263,7,7,Reverse,79.9,4.35,1
1770713406.0,1770717006.093,57.83457,12.307319166666666,57.83456819040692,12.307327473142076,2.9,2.5,2.5,1.083961203162925,7,7,Reverse,79.8,4.35,1
1770713407.0,1770717007.097,57.834566166666676,12.307328166666666,57.8345671785368,12.307327819904371,2.9,2.5,2.5,0.9558059819869573,7,7,Reverse,79.7,4.35,1
1770713408.0,1770717008.101,57.834572166666675,12.307332,57.83456967260174,12.307329909952186,2.9,2.5,2.5,0.9521405352950583,7,7,Reverse,79.7,4.35,1
1770713409.0,1770717009.098,57.83456866666667,12.307342000000002,57.8345691696342,12.307335954976093,2.9,2.5,2.5,1.07226728112296,7,7,Reverse,79.6,4.35,1
1770713410.0,1770717010.1,57.83457283333334,12.307336166666667,57.83457100148377,12.307336060821381,2.9,2.5,2.5,0.9896207861315942,7,7,Reverse,79.5,4.35,1
1770713411.0,1770717011.086,57.83456983333334,12.307338833333331,57.83457041740856,12.307337447077355,2.9,2.5,2.5,0.963534944179564,7,7,Reverse,79.3,4.35,1
1770713412.0,1770717012.097,57.834571499999996,12.307331166666666,57.834570958704276,12.307334306872011,2.9499999999999997,2.5,2.5,0.8510807766305134,6,6,Reverse,79.1,4.425,1
1770713413.0,1770717013.086,57.834572166666675,12.307327000000003,57.834571562685475,12.307330653436006,2.9499999999999997,2.5,2.5,0.7553354236163241,6,6,Reverse,78.9,4.425,1
1770713414.0,1770717014.097,57.83456433333334,12.307320833333332,57.83456794800941,12.30732574338467,2.9499999999999997,2.5,2.5,0.6563927340017485,6,6,Reverse,78.7,4.425,1
1770713415.0,1770717015.091,57.834576166666665,12.307319166666666,57.834572057338036,12.307322455025668,2.9499999999999997,2.5,2.5,0.8261346822877623,6,6,Reverse,78.5,4.425,1
1770713416.0,1770717016.096,57.834570666666664,12.307336333333334,57.83457136200235,12.3073293941795,2.9499999999999997,2.5,2.5,1.0239239332875125,6,6,Reverse,78.4,4.425,1
1770713417.0,1770717017.088,57.83458433333333,12.307345166666668,57.83457784766784,12.307337280423084,2.9499999999999997,2.5,2.5,1.516101673972976,6,6,Reverse,78.5,4.425,1
1770713418.0,1770717018.092,57.83458816666666,12.307345833333333,57.834583007167254,12.307341556878209,2.9499999999999997,2.5,2.5,1.8274530707597951,6,6,Reverse,78.7,4.425,1
1770713419.0,1770717019.097,57.834586666666674,12.307348333333334,57.83458483691696,12.30734494510577,2.9499999999999997,2.5,2.5,1.9458718773461687,6,6,Reverse,78.8,4.425,1
1770713420.0,1770717020.091,57.83458183333334,12.3073545,57.83458333512515,12.307349722552885,4.0,2.5,2.5,1.935370274231557,5,5,Reverse,78.8,6.0,1
1770713421.0,1770717021.094,57.83458483333334,12.307359166666666,57.83458408422924,12.307354444609777,4.0,2.5,2.5,2.0025887143791117,5,5,Reverse,78.8,6.0,1
1770713422.0,1770717022.08,57.83459416666666,12.307361166666665,57.834589125447955,12.30735780563822,4.0,2.5,2.5,2.1386695414890524,5,5,Reverse,78.9,6.0,1
1770713423.0,1770717023.091,57.834586666666674,12.307357666666666,57.834587896057315,12.307357736152444,4.0,2.5,2.5,1.9292522069529932,5,5,Reverse,78.9,6.0,1
1770713424.0,1770717024.093,57.83458099999999,12.307347166666666,57.83458444802865,12.307352451409555,4.0,2.5,2.5,1.5994658443871739,5,5,Reverse,78.9,6.0,1
1770713425.0,1770717025.079,57.83457533333333,12.307343333333332,57.83457989068099,12.307347892371443,4.0,2.5,2.5,1.2593498995463932,5,5,Reverse,78.8,6.0,1
1770713426.0,1770717026.097,57.83457466666667,12.307345999999999,57.834577278673834,12.30734694618572,3.95,2.5,2.5,1.1031388023617885,6,6,Reverse,79.0,5.925000000000001,1
1770713427.0,1770717027.081,57.834568499999996,12.307346333333332,57.83457288933691,12.307346639759526,3.95,2.5,2.5,0.9630434502652705,6,6,Reverse,79.0,5.925000000000001,1
1770713428.0,1770717028.094,57.834582,12.307339500000001,57.834577444668454,12.307343069879764,3.95,2.5,2.5,1.0001737618311566,6,6,Reverse,79.0,5.925000000000001,1
1770713429.0,1770717029.101,57.83459116666666,12.307328666666669,57.83458430566756,12.307335868273217,2.9,2.5,2.5,1.1969746955057874,7,7,Reverse,79.0,4.35,1
1770713430.0,1770717030.091,57.834602499999995,12.307319500000002,57.834593402833775,12.30732768413661,2.9,2.5,2.5,1.5495114808227268,7,7,Reverse,79.0,4.35,1
1770713431.0,1770717031.097,57.834605833333335,12.307309000000002,57.83459961808356,12.307318342068305,2.9,2.5,2.5,1.808184200713316,7,7,Reverse,78.9,4.35,1
1770713432.0,1770717032.092,57.83459916666667,12.307307500000002,57.83459939237511,12.307312921034153,2.9,2.5,2.5,1.705724501267019,7,7,Reverse,78.8,4.35,1
1770713433.0,1770717033.096,57.834599833333336,12.307300333333334,57.83459961285423,12.307306627183744,2.9,2.5,2.5,1.5735801557281688,7,7,Reverse,78.6,4.35,1
1770713434.0,1770717034.101,57.834606833333325,12.307302833333331,57.83460322309377,12.307304730258538,2.9,2.5,2.5,1.5646726426642812,7,7,Reverse,78.8,4.35,1
1770713435.0,1770717035.094,57.834605833333335,12.307293,57.83460452821355,12.307298865129269,2.9,2.5,2.5,1.4791546247242104,7,7,Reverse,78.6,4.35,1
1770713436.0,1770717036.099,57.834601166666666,12.307289833333334,57.83460284744011,12.3072943492313,2.9499999999999997,2.5,2.5,1.3020007283690371,6,6,Reverse,78.6,4.425,1
1770713437.0,1770717037.094,57.834599833333336,12.307283833333335,57.834601340386726,12.307289091282318,2.9,2.5,2.5,1.154879650648806,7,7,Reverse,78.6,4.35,1
1770713438.0,1770717038.098,57.83460433333333,12.307278166666666,57.83460283686003,12.307283628974492,2.9,2.5,2.5,1.1313572489023678,7,7,Reverse,78.5,4.35,1
1770713439.0,1770717039.102,57.83460483333333,12.307274833333334,57.83460383509668,12.307279231153913,2.9,2.5,2.5,1.1110528539314062,7,7,Reverse,78.5,4.35,1
1770713440.0,1770717040.096,57.834605499999995,12.307269833333331,57.834604667548334,12.307274532243623,2.9,2.5,2.5,1.145108617490365,7,7,Reverse,78.6,4.35,1
1770713441.0,1770717041.091,57.83460449999999,12.307268666666667,57.834604583774166,12.307271599455145,2.9,2.5,2.5,1.1545399899139732,7,7,Reverse,78.7,4.35,1
1770713442.0,1770717042.094,57.83460449999999,12.307263166666667,57.834604541887074,12.307267383060905,2.9499999999999997,2.5,2.5,1.18126917446903,6,6,Reverse,78.8,4.425,1
1770713443.0,1770717043.089,57.834603,12.307249666666667,57.83460377094354,12.307258524863787,2.9499999999999997,2.5,2.5,1.2911274150507726,6,6,Reverse,78.9,4.425,1
1770713444.0,1770717044.126,57.83459216666667,12.307206666666666,57.834597968805106,12.307232595765226,2.9499999999999997,2.5,2.5,1.997365671887906,6,6,Reverse,78.7,4.425,1
1770713445.0,1770717045.098,57.834577833333334,12.307164,57.83458790106922,12.307198297882612,2.9,2.5,2.5,3.0019669619648335,7,7,Reverse,78.5,4.35,1
1770713446.0,1770717046.093,57.834570666666664,12.307143666666665,57.83457928386794,12.30717098227464,2.9,2.5,2.5,3.6162540781339967,7,7,Reverse,78.7,4.35,1
1770713447.0,1770717047.097,57.83456683333334,12.307139500000002,57.83457305860064,12.30715524113732,2.9,2.5,2.5,3.656145180440882,7,7,Reverse,78.9,4.35,1
1770713448.0,1770717048.101,57.83456549999999,12.3071255,57.83456927930032,12.30714037056866,2.9,2.5,2.5,3.705503011837489,7,7,Reverse,78.8,4.35,1
1770713449.0,1770717049.096,57.83456983333334,12.3071115,57.83456955631683,12.30712593528433,2.9,2.5,2.5,3.732476871215823,7,7,Reverse,78.8,4.35,1
1770713450.0,1770717050.099,57.834567,12.307105833333333,57.834568278158415,12.307115884308832,2.9,2.5,2.5,3.619776407111964,7,7,Reverse,78.9,4.35,1
1770713451.0,1770717051.093,57.83455766666666,12.307107499999999,57.834562972412535,12.307111692154415,2.9,2.5,2.5,3.239749152989158,7,7,Reverse,79.0,4.35,1
1770713452.0,1770717052.1,57.83454933333334,12.307110166666666,57.83455615287294,12.307110929410541,2.9,2.5,2.5,2.863542812768256,7,7,Reverse,79.2,4.35,1
1770713453.0,1770717053.093,57.83454516666667,12.307124166666664,57.8345506597698,12.307117548038603,2.9,2.5,2.5,2.388387782003444,7,7,Reverse,79.2,4.35,1
1770713454.0,1770717054.097,57.83454416666667,12.307122333333332,57.83454741321824,12.307119940685967,2.9,2.5,2.5,2.091118814883254,7,7,Reverse,79.4,4.35,1
1770713455.0,1770717055.091,57.83454633333334,12.307135,57.83454687327579,12.307127470342984,2.9,2.5,2.5,1.8987550560436528,7,7,Reverse,79.2,4.35,1
1770713456.0,1770717056.096,57.83454083333333,12.307153333333334,57.83454385330456,12.30714040183816,2.9,2.5,2.5,1.6690062876286866,7,7,Reverse,79.1,4.35,1
1770713457.0,1770717057.09,57.83454233333334,12.307168833333332,57.83454309331895,12.307154617585745,2.9,2.5,2.5,1.5843654944679697,7,7,Reverse,78.6,4.35,1
1770713458.0,1770717058.093,57.83454533333334,12.307162333333334,57.83454421332614,12.30715847545954,2.9,2.5,2.5,1.4741273967433486,7,7,Reverse,78.4,4.35,1
1770713459.0,1770717059.087,57.83454533333334,12.3071625,57.83454477332974,12.307160487729771,3.975,2.5,2.5,1.3543687662402009,6,6,Reverse,78.2,5.9625,1
1770713460.0,1770717060.093,57.83454216666667,12.307175166666665,57.83454346999821,12.307167827198217,3.975,2.5,2.5,1.1501223730846892,6,6,Reverse,78.0,5.9625,1
1770713461.0,1770717061.098,57.834537166666664,12.307193666666668,57.83454031833244,12.307180746932444,3.975,2.5,2.5,1.0605975814595978,6,6,Reverse,77.8,5.9625,1
1770713462.0,1770717062.091,57.83454216666667,12.307197833333332,57.834541242499554,12.307189290132888,3.975,2.5,2.5,1.04739306642898,6,6,Reverse,77.5,5.9625,1
1770713463.0,1770717063.096,57.83453633333333,12.307204333333335,57.83453878791644,12.30719681173311,3.975,2.5,2.5,0.9282277555834229,6,6,Reverse,77.4,5.9625,1
1770713464.0,1770717064.089,57.834528666666664,12.307221333333333,57.83453372729155,12.307209072533222,3.975,2.5,2.5,0.8723616730437702,6,6,Reverse,77.3,5.9625,1
1770713465.0,1770717065.094,57.83452033333333,12.307227000000001,57.834527030312444,12.307218036266612,2.9,2.5,2.5,0.7794602270607114,7,7,Reverse,77.0,4.35,1
1770713466.0,1770717066.098,57.834513,12.307229833333334,57.83452001515622,12.307223934799973,2.9,2.5,2.5,0.627059822472549,7,7,Reverse,76.4,4.35,1
1770713467.0,1770717067.094,57.834506,12.307221333333333,57.83451300757811,12.307222634066653,2.9,2.5,2.5,0.6727568704348451,7,7,Reverse,76.0,4.35,1
1770713468.0,1770717068.097,57.83450216666667,12.307222166666667,57.83450758712239,12.30722240036666,2.9,2.5,2.5,0.6758488478181587,7,7,Reverse,75.6,4.35,1
1770713469.0,1770717069.101,57.83449883333333,12.307234666666666,57.83450321022786,12.307228533516662,2.9,2.5,2.5,0.4799445004317725,7,7,Reverse,75.5,4.35,1
1770713470.0,1770717070.096,57.83449316666667,12.307239000000001,57.83449818844726,12.307233766758332,2.9,2.5,2.5,0.41663834348516193,7,7,Reverse,75.7,4.35,1
1770713471.0,1770717071.089,57.83448683333333,12.307248333333332,57.83449251089029,12.307241050045832,2.9,2.5,2.5,0.5074972185497807,7,7,Reverse,75.2,4.35,1
1770713472.0,1770717072.093,57.834484499999995,12.307257166666666,57.834488505445144,12.307249108356249,2.9,2.5,2.5,0.48811990415810125,7,7,Reverse,75.1,4.35,1
1770713473.0,1770717073.098,57.834476166666676,12.307264000000002,57.83448233605591,12.307256554178126,2.9,2.5,2.5,0.5877602042273407,7,7,Reverse,75.0,4.35,1
1770713474.0,1770717074.091,57.834469000000006,12.307278666666665,57.834475668027956,12.307267610422395,2.9,2.5,2.5,0.7492237953493899,7,7,Reverse,74.8,4.35,1
1770713475.0,1770717075.087,57.834468,12.307281499999998,57.83447183401398,12.307274555211198,2.9,2.5,2.5,0.6401870999588327,7,7,Reverse,74.8,4.35,1
1770713476.0,1770717076.091,57.83446649999999,12.307286833333334,57.834469167006986,12.307280694272265,2.9,2.5,2.5,0.48114763598708665,7,7,Reverse,74.8,4.35,1
1770713477.0,1770717077.096,57.8344585,12.307287833333332,57.83446383350349,12.3072842638028,2.9,2.5,2.5,0.5801323420261727,7,7,Reverse,74.9,4.35,1
1770713478.0,1770717078.09,57.83445416666667,12.307293499999998,57.834459000085076,12.307288881901398,2.9,2.5,2.5,0.6782378070875468,7,7,Reverse,74.3,4.35,1
1770713479.0,1770717079.092,57.83444916666667,12.307307333333332,57.834454083375874,12.307298107617365,2.9,2.5,2.5,0.8403932912644387,7,7,Reverse,74.1,4.35,1
1770713480.0,1770717080.098,57.834437166666675,12.307298333333332,57.834445625021274,12.30729822047535,2.9,2.5,2.5,1.2694708681576694,7,7,Reverse,74.2,4.35,1
1770713481.0,1770717081.092,57.834427999999996,12.307303333333333,57.83443681251064,12.307300776904341,2.9,2.5,2.5,1.64422490015557,7,7,Reverse,74.0,4.35,1
1770713482.0,1770717082.087,57.834423833333325,12.307316166666665,57.83443032292198,12.307308471785502,3.1,2.5,2.5,1.8341042614073544,6,6,Reverse,73.8,4.65,1
1770713483.0,1770717083.091,57.83442633333334,12.307315833333332,57.83442832812766,12.307312152559417,3.1,2.5,2.5,1.7170187756006356,6,6,Reverse,73.7,4.65,1
1770713484.0,1770717084.096,57.83441616666667,12.307319333333332,57.834422247397164,12.307315742946376,3.1,2.5,2.5,1.9048853743203942,6,6,Reverse,73.5,4.65,1
1770713485.0,1770717085.089,57.83441333333334,12.307324000000001,57.83441779036525,12.307319871473188,3.1,2.5,2.5,1.9924510125282053,6,6,Reverse,73.1,4.65,1
1770713486.0,1770717086.093,57.83441183333333,12.307332333333333,57.83441481184929,12.30732610240326,3.1,2.5,2.5,2.009844260518289,6,6,Reverse,72.7,4.65,1
1770713487.0,1770717087.097,57.834416499999996,12.3073305,57.834415655924644,12.30732830120163,2.875,2.5,2.5,1.7918397574258305,7,7,Reverse,72.3,4.3125,1
1770713488.0,1770717088.091,57.834424000000006,12.307335499999999,57.83441982796232,12.307331900600815,2.875,2.5,2.5,1.4037180950709924,7,7,Reverse,71.9,4.3125,1
1770713489.0,1770717089.095,57.834426666666666,12.307336166666667,57.8344232473145,12.30733403363374,2.875,2.5,2.5,1.1188855085765277,7,7,Reverse,71.8,4.3125,1
1770713490.0,1770717090.101,57.834423666666666,12.307346166666665,57.83442345699058,12.307340100150203,2.875,2.5,2.5,0.9803594116856267,7,7,Reverse,71.4,4.3125,1
1770713491.0,1770717091.096,57.834425833333334,12.307342166666668,57.83442464516196,12.307341133408435,2.875,2.5,2.5,0.7364119646603937,7,7,Reverse,70.7,4.3125,1
1770713492.0,1770717092.09,57.83443183333334,12.307337666666667,57.83442823924765,12.307339400037552,2.875,2.5,2.5,0.725051257024713,7,7,Reverse,70.2,4.3125,1
1770713493.0,1770717093.094,57.834433499999996,12.3073335,57.83443086962382,12.307336450018775,2.875,2.5,2.5,0.7313810839279986,7,7,Reverse,69.6,4.3125,1
1770713494.0,1770717094.097,57.83443033333333,12.307341333333333,57.83443060147857,12.307338891676055,2.875,2.5,2.5,0.5420670387219501,7,7,Reverse,69.3,4.3125,1
1770713495.0,1770717095.092,57.83443316666667,12.3073335,57.83443188407262,12.307336195838028,2.875,2.5,2.5,0.5906842789860209,7,7,Reverse,69.0,4.3125,1
1770713496.0,1770717096.096,57.834439999999994,12.307340333333332,57.83443594203631,12.30733826458568,2.875,2.5,2.5,0.65572993680585,7,7,Reverse,69.0,4.3125,1
1770713497.0,1770717097.102,57.83444566666667,12.307347166666666,57.83444080435149,12.307342715626174,2.875,2.5,2.5,0.8173680417386885,7,7,Reverse,69.3,4.3125,1
1770713498.0,1770717098.096,57.83444866666667,12.307344833333332,57.83444473550908,12.307343774479753,2.875,2.5,2.5,0.9269892933728394,7,7,Reverse,69.5,4.3125,1
1770713499.0,1770717099.083,57.83444666666666,12.3073445,57.834445701087866,12.307344137239875,2.875,2.5,2.5,0.8922550537857714,7,7,Reverse,69.6,4.3125,1
1770713500.0,1770717100.091,57.83444633333333,12.307326,57.8344460172106,12.307335068619938,2.875,2.5,2.5,1.1381081945849452,7,7,Reverse,69.4,4.3125,1
1770713501.0,1770717101.096,57.83444466666666,12.307330666666667,57.83444534193863,12.307332867643302,2.875,2.5,2.5,1.0831672731914992,7,7,Reverse,69.4,4.3125,1
1770713502.0,1770717102.092,57.834442,12.307325666666667,57.834443670969314,12.307329267154985,2.875,2.5,2.5,1.159330890249041,7,7,Reverse,69.3,4.3125,1
1770713503.0,1770717103.096,57.834439499999995,12.307315833333332,57.834441585484655,12.307322550244159,2.875,2.5,2.5,1.3551389657774544,7,7,Reverse,69.1,4.3125,1
1770713504.0,1770717104.09,57.834440166666674,12.307312666666666,57.83444087607567,12.307317608455412,2.875,2.5,2.5,1.3777109128251424,7,7,Reverse,69.0,4.3125,1
1770713505.0,1770717105.096,57.834437166666675,12.307319,57.83443902137117,12.307318304227707,2.875,2.5,2.5,1.2809617058058347,7,7,Reverse,69.2,4.3125,1
1770713506.0,1770717106.096,57.834439833333334,12.307314,57.83443942735225,12.307316152113852,2.875,2.5,2.5,1.1838733094152378,7,7,Reverse,69.3,4.3125,1
1770713507.0,1770717107.092,57.834439999999994,12.307305666666666,57.834439713676126,12.30731090939026,2.875,2.5,2.5,1.1698499447436348,7,7,Reverse,69.2,4.3125,1
1770713508.0,1770717108.098,57.83443833333334,12.307300666666666,57.83443902350473,12.307305788028463,2.875,2.5,2.5,1.0976476560617758,7,7,Reverse,69.0,4.3125,1
1770713509.0,1770717109.091,57.834439,12.307296666666666,57.834439011752366,12.307301227347564,2.875,2.5,2.5,1.0595979923463201,7,7,Reverse,68.7,4.3125,1
1770713510.0,1770717110.096,57.834442,12.307296833333332,57.83444050587619,12.307299030340449,2.875,2.5,2.5,1.0444738150178676,7,7,Reverse,68.7,4.3125,1
1770713511.0,1770717111.079,57.83444133333334,12.307303333333333,57.83444091960476,12.307301181836891,2.875,2.5,2.5,0.9329898531925043,7,7,Reverse,69.0,4.3125,1
1770713512.0,1770717112.096,57.834434333333334,12.307305166666668,57.83443762646905,12.307303174251778,2.875,2.5,2.5,0.807715178008177,7,7,Reverse,69.2,4.3125,1
1770713513.0,1770717113.096,57.834438666666664,12.307305666666666,57.834438146567855,12.307304420459223,2.875,2.5,2.5,0.7251136539135381,7,7,Reverse,69.1,4.3125,1
1770713514.0,1770717114.091,57.834437333333334,12.307310333333332,57.834437739950594,12.307307376896278,2.875,2.5,2.5,0.6641446281008166,7,7,Reverse,69.0,4.3125,1
1770713515.0,1770717115.088,57.834438500000005,12.307298333333332,57.8344381199753,12.307302855114804,2.875,2.5,2.5,0.6056160125625094,7,7,Reverse,69.0,4.3125,1
1770713516.0,1770717116.092,57.83444233333333,12.3073005,57.834440226654316,12.307301677557403,2.875,2.5,2.5,0.6857936728046677,7,7,Reverse,68.3,4.3125,1
1770713517.0,1770717117.097,57.834438500000005,12.3072995,57.83443936332716,12.3073005887787,2.875,2.5,2.5,0.5410222643612597,7,7,Reverse,68.1,4.3125,1
1770713518.0,1770717118.09,57.834435666666664,12.307302833333331,57.834437514996914,12.307301711056017,2.875,2.5,2.5,0.4683953021836539,7,7,Reverse,68.2,4.3125,1
1770713519.0,1770717119.095,57.83444033333333,12.307291000000001,57.83443892416512,12.307296355528008,2.9499999999999997,2.5,2.5,0.4810055746549939,6,6,Reverse,68.2,4.425,1
1770713520.0,1770717120.09,57.834437333333334,12.307292333333331,57.83443812874923,12.30729434443067,2.9499999999999997,2.5,2.5,0.385153768255044,6,6,Reverse,68.2,4.425,1
1770713521.0,1770717121.104,57.83444183333333,12.307285666666667,57.83443998104128,12.30729000554867,2.9499999999999997,2.5,2.5,0.4661906971139146,6,6,Reverse,68.4,4.425,1
1770713522.0,1770717122.088,57.83444599999999,12.307279999999999,57.834442990520635,12.307285002774334,2.9499999999999997,2.5,2.5,0.599987405245785,6,6,Reverse,68.4,4.425,1
1770713523.0,1770717123.092,57.834444,12.307274,57.83444349526032,12.307279501387166,2.875,2.5,2.5,0.5948193283319855,7,7,Reverse,68.8,4.3125,1
1770713524.0,1770717124.097,57.834438666666664,12.307270999999998,57.834441080963494,12.307275250693582,2.875,2.5,2.5,0.6384840749783975,7,7,Reverse,69.1,4.3125,1
1770713525.0,1770717125.091,57.83443633333333,12.307272166666667,57.83443870714841,12.307273708680125,2.925,2.5,2.5,0.6065925355437568,6,6,Reverse,69.6,4.387499999999999,1
1770713526.0,1770717126.095,57.834441166666664,12.307264166666668,57.834439936907536,12.307268937673397,2.925,2.5,2.5,0.7056294668108454,6,6,Reverse,69.7,4.387499999999999,1
1770713527.0,1770717127.089,57.834430999999995,12.307274666666668,57.83443546845377,12.307271802170032,2.925,2.5,2.5,0.6492926336272217,6,6,Reverse,69.8,4.387499999999999,1
1770713528.0,1770717128.094,57.834434166666675,12.307263666666666,57.83443481756022,12.30726773441835,2.925,2.5,2.5,0.6917919227767714,6,6,Reverse,69.8,4.387499999999999,1
1770713529.0,1770717129.089,57.83443483333334,12.307274666666668,57.83443482544678,12.307271200542509,2.925,2.5,2.5,0.5939294761952192,6,6,Reverse,70.0,4.387499999999999,1
1770713530.0,1770717130.092,57.834433999999995,12.307268333333331,57.83443441272339,12.30726976693792,2.925,2.5,2.5,0.6410106027033122,6,6,Reverse,70.2,4.387499999999999,1
1770713531.0,1770717131.096,57.83443333333333,12.307272666666666,57.83443387302836,12.307271216802294,2.875,2.5,2.5,0.6663014190395312,7,7,Reverse,70.4,4.3125,1
1770713532.0,1770717132.09,57.834439833333334,12.307283333333332,57.83443685318085,12.307277275067813,3.1,2.5,2.5,0.7365130365963682,6,6,Reverse,70.2,4.65,1
1770713533.0,1770717133.094,57.8344435,12.307274666666668,57.83444017659042,12.30727597086724,3.125,2.5,2.5,0.874728044609673,5,5,Reverse,70.4,4.6875,1
1770713534.0,1770717134.098,57.83444333333333,12.307274500000002,57.83444175496188,12.307275235433622,3.1,2.5,2.5,0.8660170852823851,6,6,Reverse,70.8,4.65,1
1770713535.0,1770717135.085,57.83444433333334,12.307284833333332,57.834443044147605,12.307280034383476,3.1,2.5,2.5,0.7848391966736634,6,6,Reverse,70.8,4.65,1
1770713536.0,1770717136.088,57.8344495,12.307298166666666,57.834446272073805,12.307289100525072,3.1,2.5,2.5,0.9365363343765509,6,6,Reverse,70.8,4.65,1
1770713537.0,1770717137.092,57.83445683333333,12.307295166666666,57.83445155270356,12.307292133595869,3.1,2.5,2.5,1.0055078561118176,6,6,Reverse,70.9,4.65,1
1770713538.0,1770717138.097,57.834468666666666,12.307289166666665,57.83446010968512,12.307290650131266,3.1,2.5,2.5,1.2473914581370058,6,6,Reverse,70.9,4.65,1
1770713539.0,1770717139.098,57.834467,12.307305333333334,57.83446355484256,12.3072979917323,3.1,2.5,2.5,1.3692259539326526,6,6,Reverse,71.2,4.65,1
1770713540.0,1770717140.096,57.834464499999996,12.307314499999999,57.83446402742128,12.30730624586615,3.1,2.5,2.5,1.4002301356456897,6,6,Reverse,71.7,4.65,1
1770713541.0,1770717141.094,57.834466166666665,12.3073085,57.83446509704397,12.307307372933074,3.1,2.5,2.5,1.2565343811738077,6,6,Reverse,72.0,4.65,1
1770713542.0,1770717142.092,57.83445066666666,12.307321833333333,57.834457881855315,12.307314603133204,3.1,2.5,2.5,1.3161772353633485,6,6,Reverse,72.4,4.65,1
1770713543.0,1770717143.096,57.8344475,12.307330333333335,57.83445269092766,12.30732246823327,3.1,2.5,2.5,1.4378701313309086,6,6,Reverse,72.2,4.65,1
1770713544.0,1770717144.093,57.834447,12.307324000000001,57.83444984546383,12.307323234116636,3.1,2.5,2.5,1.3740191745150283,6,6,Reverse,72.3,4.65,1
1770713545.0,1770717145.096,57.83444566666667,12.307321666666667,57.834447756065245,12.30732245039165,3.1,2.5,2.5,1.3084936240114526,6,6,Reverse,72.2,4.65,1
1770713546.0,1770717146.079,57.83444983333334,12.307316500000002,57.83444879469929,12.307319475195827,3.1,2.5,2.5,1.0981147429479001,6,6,Reverse,72.2,4.65,1
1770713547.0,1770717147.091,57.834444166666664,12.307316666666669,57.83444648068298,12.307318070931247,3.1,2.5,2.5,1.0535725943190208,6,6,Reverse,72.2,4.65,1
1770713548.0,1770717148.09,57.83444849999999,12.307310833333334,57.83444749034149,12.30731445213229,3.1,2.5,2.5,0.8546042451975202,6,6,Reverse,71.9,4.65,1
1770713549.0,1770717149.098,57.83445633333334,12.307305833333333,57.83445191183741,12.307310142732812,3.1,2.5,2.5,0.7811617704877362,6,6,Reverse,71.6,4.65,1
1770713550.0,1770717150.079,57.83445433333333,12.307309166666668,57.83445312258537,12.30730965469974,3.1,2.5,2.5,0.693471386898801,6,6,Reverse,71.2,4.65,1
1770713551.0,1770717151.091,57.834460166666666,12.307300166666668,57.83445664462602,12.307304910683204,3.1,2.5,2.5,0.6469875406126117,6,6,Reverse,70.8,4.65,1
1770713552.0,1770717152.096,57.83445966666667,12.307289666666668,57.834458155646345,12.307297288674937,3.1,2.5,2.5,0.6711886444752193,6,6,Reverse,70.5,4.65,1
1770713553.0,1770717153.079,57.834462,12.307274500000002,57.834460077823174,12.307285894337468,3.1,2.5,2.5,0.893272832625356,6,6,Reverse,70.0,4.65,1
1770713554.0,1770717154.096,57.83445716666667,12.307275833333332,57.83445862224492,12.3072808638354,3.1,2.5,2.5,0.8789036272299626,6,6,Reverse,69.6,4.65,1
1770713555.0,1770717155.085,57.83446049999999,12.307270666666666,57.83445956112246,12.307275765251033,3.1,2.5,2.5,0.8379659202553995,6,6,Reverse,69.3,4.65,1
1770713556.0,1770717156.093,57.83446116666667,12.307263,57.834460363894564,12.307269382625517,3.1,2.5,2.5,0.8839520418062689,6,6,Reverse,69.0,4.65,1
1770713557.0,1770717157.097,57.834464833333335,12.307269666666665,57.834462598613946,12.307269524646092,3.1,2.5,2.5,0.7781963257912492,6,6,Reverse,69.0,4.65,1
1770713558.0,1770717158.092,57.834468666666666,12.307271666666669,57.83446563264031,12.30727059565638,3.1,2.5,2.5,0.7546817204624406,6,6,Reverse,68.6,4.65,1
1770713559.0,1770717159.096,57.83446949999999,12.307262666666668,57.83446756632015,12.307266631161523,3.1,2.5,2.5,0.7188285362431923,6,6,Reverse,68.3,4.65,1
1770713560.0,1770717160.089,57.83446933333333,12.30727,57.83446844982674,12.307268315580762,3.1,2.5,2.5,0.6842971079231348,6,6,Reverse,68.2,4.65,1
1770713561.0,1770717161.096,57.83447283333333,12.307261166666668,57.83447064158003,12.307264741123715,3.1,2.5,2.5,0.7151453056238134,6,6,Reverse,68.0,4.65,1
1770713562.0,1770717162.088,57.834462,12.307273666666667,57.83446632079002,12.307269203895192,3.1,2.5,2.5,0.7229404988880921,6,6,Reverse,67.8,4.65,1
1770713563.0,1770717163.091,57.834467499999995,12.307266666666665,57.83446691039501,12.307267935280928,3.1,2.5,2.5,0.5713983992905227,6,6,Reverse,67.4,4.65,1
1770713564.0,1770717164.096,57.8344625,12.307270333333333,57.834464705197504,12.30726913430713,3.1,2.5,2.5,0.5177816688633259,6,6,Reverse,67.3,4.65,1
1770713565.0,1770717165.091,57.83445516666667,12.3072755,57.83445993593209,12.307272317153565,3.1,2.5,2.5,0.6556681790089367,6,6,Reverse,67.2,4.65,1
1770713566.0,1770717166.096,57.83445516666667,12.307273833333333,57.83445755129938,12.30727307524345,3.1,2.5,2.5,0.6717177702013433,6,6,Reverse,66.8,4.65,1
1770713567.0,1770717167.089,57.83445433333333,12.307274666666668,57.83445594231635,12.30727387095506,3.1,2.5,2.5,0.6686262681059251,6,6,Reverse,66.8,4.65,1
1770713568.0,1770717168.094,57.83445066666666,12.307274666666668,57.83445330449151,12.307274268810863,3.1,2.5,2.5,0.719844847410972,6,6,Reverse,66.6,4.65,1
1770713569.0,1770717169.083,57.834441,12.3072795,57.83444715224575,12.307276884405432,3.1,2.5,2.5,0.9573380730822663,6,6,Reverse,66.2,4.65,1
1770713570.0,1770717170.079,57.834435166666665,12.307282500000001,57.83444115945621,12.307279692202716,3.1,2.5,2.5,1.1960973633595198,6,6,Reverse,66.3,4.65,1
1770713571.0,1770717171.079,57.834423666666666,12.307295333333332,57.834432413061435,12.307287512768024,3.1,2.5,2.5,1.6330943636134867,6,6,Reverse,66.3,4.65,1
1770713572.0,1770717172.083,57.83442433333333,12.307298166666666,57.83442837319738,12.307292839717345,3.1,2.5,2.5,1.8179816823809642,6,6,Reverse,66.4,4.65,1
1770713573.0,1770717173.085,57.834424999999996,12.307299166666667,57.83442668659869,12.307296003192006,3.1,2.5,2.5,1.8396625635207802,6,6,Reverse,66.5,4.65,1
1770713574.0,1770717174.08,57.8344265,12.307298833333334,57.83442659329935,12.30729741826267,3.1,2.5,2.5,1.7285630559547083,6,6,Reverse,66.6,4.65,1
1770713575.0,1770717175.093,57.83442616666666,12.307297166666668,57.834426379983,12.30729729246467,3.1,2.5,2.5,1.5653952582367727,6,6,Reverse,66.7,4.65,1
1770713576.0,1770717176.079,57.83443366666667,12.307288666666667,57.834430023324835,12.307292979565668,3.1,2.5,2.5,1.286833583318459,6,6,Reverse,66.7,4.65,1
1770713577.0,1770717177.091,57.834436833333335,12.307282666666667,57.834433428329085,12.307287823116168,3.1,2.5,2.5,1.144081316252314,6,6,Reverse,66.7,4.65,1
1770713578.0,1770717178.096,57.834436499999995,12.307283500000002,57.834434964164544,12.307285661558085,3.1,2.5,2.5,0.950983909826686,6,6,Reverse,66.8,4.65,1
1770713579.0,1770717179.079,57.834436999999994,12.307284833333332,57.83443598208227,12.307285247445709,3.1,2.5,2.5,0.7708720805708095,6,6,Reverse,66.7,4.65,1
1770713580.0,1770717180.092,57.83444133333334,12.307279166666667,57.8344386577078,12.307282207056188,3.1,2.5,2.5,0.7646946529963631,6,6,Reverse,66.9,4.65,1
1770713581.0,1770717181.099,57.83444433333334,12.307273666666667,57.83444149552057,12.307277936861427,3.1,2.5,2.5,0.8375718536954817,6,6,Reverse,67.0,4.65,1
1770713582.0,1770717182.091,57.83443883333333,12.307276833333333,57.83444016442695,12.30727738509738,3.1,2.5,2.5,0.7417679110657851,6,6,Reverse,67.1,4.65,1
1770713583.0,1770717183.096,57.83443483333334,12.307279666666666,57.83443749888014,12.307278525882023,3.1,2.5,2.5,0.6959827428179917,6,6,Reverse,67.1,4.65,1
1770713584.0,1770717184.081,57.83442933333334,12.307287666666666,57.83443341610674,12.307283096274345,3.1,2.5,2.5,0.7763082075933316,6,6,Reverse,67.1,4.65,1
1770713585.0,1770717185.093,57.83443283333333,12.307281833333331,57.834433124720036,12.307282464803837,3.1,2.5,2.5,0.6648640556489755,6,6,Reverse,67.4,4.65,1
1770713586.0,1770717186.089,57.83443533333334,12.307279833333332,57.83443422902669,12.307281149068585,3.1,2.5,2.5,0.5563927843713091,6,6,Reverse,67.4,4.65,1
1770713587.0,1770717187.094,57.834438166666665,12.307275166666667,57.83443619784668,12.307278157867627,3.1,2.5,2.5,0.5287465049298836,6,6,Reverse,67.4,4.65,1
1770713588.0,1770717188.079,57.83443916666667,12.3072755,57.83443768225667,12.307276828933812,3.1,2.5,2.5,0.532184757140653,6,6,Reverse,67.1,4.65,1
1770713589.0,1770717189.093,57.83443883333333,12.307267833333333,57.834438257795,12.307272331133573,3.4499999999999997,2.5,2.5,0.6349955083842974,5,5,Reverse,67.2,5.175,1
1770713590.0,1770717190.096,57.83442016666666,12.307289333333332,57.83442921223083,12.307280832233452,3.4499999999999997,2.5,2.5,0.660414263820983,5,5,Reverse,67.2,5.175,1
1770713591.0,1770717191.085,57.83440949999999,12.307308833333332,57.83441935611541,12.307294832783391,3.15,2.5,2.5,0.5508837536560334,6,6,Reverse,67.0,4.725,1
1770713592.0,1770717192.096,57.83439683333333,12.307327000000003,57.834408094724374,12.307310916391698,3.15,2.5,2.5,0.4347695682511375,6,6,Reverse,66.9,4.725,1
1770713593.0,1770717193.079,57.83439533333333,12.307326,57.83440171402885,12.307318458195848,3.15,2.5,2.5,0.41014450791855855,6,6,Reverse,66.7,4.725,1
1770713594.0,1770717194.083,57.83439883333334,12.307324333333334,57.8344002736811,12.30732139576459,3.4499999999999997,2.5,2.5,0.31094180513021247,5,5,Reverse,66.7,5.175,1
1770713595.0,1770717195.087,57.83439883333334,12.307327000000003,57.83439955350722,12.307324197882297,3.4499999999999997,2.5,2.5,0.3129395526673247,5,5,Reverse,66.9,5.175,1
1770713596.0,1770717196.079,57.83439933333334,12.307329333333334,57.834399443420274,12.307326765607815,3.4499999999999997,2.5,2.5,0.32323950539728413,5,5,Reverse,66.9,5.175,1
1770713597.0,1770717197.081,57.83440066666667,12.307330833333333,57.834400055043474,12.307328799470575,3.4499999999999997,2.5,2.5,0.3356777113584088,5,5,Reverse,67.0,5.175,1
1770713598.0,1770717198.08,57.83440433333333,12.307328833333335,57.8344021941884,12.307328816401954,3.4499999999999997,2.5,2.5,0.3041259759023796,5,5,Reverse,67.0,5.175,1
1770713599.0,1770717199.093,57.8344105,12.307322333333332,57.8344063470942,12.307325574867644,3.4499999999999997,2.5,2.5,0.3709776737807465,5,5,Reverse,67.3,5.175,1
1770713600.0,1770717200.08,57.83441116666666,12.307325833333334,57.83440875688043,12.307325704100489,3.4499999999999997,2.5,2.5,0.4154173467170181,5,5,Reverse,67.5,5.175,1
1770713601.0,1770717201.079,57.834413833333336,12.307319166666666,57.83441129510688,12.307322435383577,3.4499999999999997,2.5,2.5,0.458626941353287,5,5,Reverse,67.6,5.175,1
1770713602.0,1770717202.08,57.83441566666667,12.307313833333334,57.83441348088678,12.307318134358455,3.4499999999999997,2.5,2.5,0.5179209922507022,5,5,Reverse,67.6,5.175,1
1770713603.0,1770717203.089,57.83441800000001,12.307317000000001,57.83441574044339,12.307317567179227,3.4499999999999997,2.5,2.5,0.525968021065407,5,5,Reverse,67.6,5.175,1
1770713604.0,1770717204.096,57.83441966666666,12.307323,57.834417703555026,12.307320283589615,3.4499999999999997,2.5,2.5,0.5968532021242622,5,5,Reverse,67.7,5.175,1
1770713605.0,1770717205.089,57.83442566666666,12.307322,57.83442168511085,12.307321141794807,3.4499999999999997,2.5,2.5,0.6804388672846206,5,5,Reverse,67.9,5.175,1
1770713606.0,1770717206.091,57.834427166666664,12.307319833333334,57.834424425888756,12.30732048756407,3.4499999999999997,2.5,2.5,0.6342829842865506,5,5,Reverse,68.1,5.175,1
1770713607.0,1770717207.085,57.83443066666667,12.307318666666667,57.83442754627771,12.307319577115369,3.4499999999999997,2.5,2.5,0.6162108833194618,5,5,Reverse,68.1,5.175,1
1770713608.0,1770717208.079,57.83443049999999,12.307324333333334,57.83442902313885,12.307321955224351,3.4499999999999997,2.5,2.5,0.5840648567142384,5,5,Reverse,68.3,5.175,1
1770713609.0,1770717209.092,57.83443016666667,12.307331166666666,57.83442959490276,12.307326560945508,3.1,2.5,2.5,0.5490137487661998,6,6,Reverse,68.8,4.65,1
1770713610.0,1770717210.079,57.83442866666666,12.307337500000001,57.83442913078471,12.307332030472756,3.1,2.5,2.5,0.4839649102954361,6,6,Reverse,69.5,4.65,1
1770713611.0,1770717211.094,57.83443183333334,12.307335166666666,57.83443048205903,12.307333598569711,3.1,2.5,2.5,0.4768313918465201,6,6,Reverse,70.1,4.65,1
1770713612.0,1770717212.08,57.83443166666666,12.307336166666667,57.83443107436284,12.30733488261819,3.1,2.5,2.5,0.4619718863598546,6,6,Reverse,70.7,4.65,1
1770713613.0,1770717213.079,57.83443466666666,12.307333333333334,57.83443287051475,12.30733410797576,3.1,2.5,2.5,0.552246984862803,6,6,Reverse,71.3,4.65,1
1770713614.0,1770717214.088,57.834437333333334,12.307338,57.83443510192404,12.30733605398788,3.1,2.5,2.5,0.6340594558393489,6,6,Reverse,71.9,4.65,1
1770713615.0,1770717215.096,57.834429833333324,12.307350166666668,57.83443246762868,12.307343110327274,3.1,2.5,2.5,0.6331015754861754,6,6,Reverse,72.4,4.65,1
1770713616.0,1770717216.096,57.83441633333334,12.307364833333335,57.83442440048101,12.307353971830304,3.1,2.5,2.5,1.0210096161965674,6,6,Reverse,72.8,4.65,1
1770713617.0,1770717217.083,57.834419833333335,12.307361666666669,57.83442211690717,12.307357819248487,3.1,2.5,2.5,1.0430784707706993,6,6,Reverse,72.9,4.65,1
1770713618.0,1770717218.091,57.83441733333334,12.307371333333332,57.834419725120256,12.30736457629091,3.1,2.5,2.5,1.1290817624095555,6,6,Reverse,73.5,4.65,1
1770713619.0,1770717219.08,57.83441533333333,12.3073745,57.8344175292268,12.307369538145455,3.1,2.5,2.5,1.163988890902243,6,6,Reverse,74.0,4.65,1
1770713620.0,1770717220.079,57.83441200000001,12.307378166666668,57.8344147646134,12.30737385240606,3.1,2.5,2.5,1.2235343235671954,6,6,Reverse,74.7,4.65,1
1770713621.0,1770717221.096,57.83440766666666,12.307381999999999,57.83441121564003,12.30737792620303,3.1,2.5,2.5,1.3356308830054417,6,6,Reverse,75.1,4.65,1
1770713622.0,1770717222.08,57.8344045,12.307380166666666,57.83440785782001,12.307379046434848,3.1,2.5,2.5,1.3788918429599253,6,6,Reverse,75.5,4.65,1
1770713623.0,1770717223.094,57.83440399999999,12.307382166666665,57.83440592891,12.307380606550756,3.1,2.5,2.5,1.3857132723140726,6,6,Reverse,75.7,4.65,1
1770713624.0,1770717224.086,57.83441066666666,12.307372166666669,57.834408297788336,12.307376386608713,3.1,2.5,2.5,1.1963793464242554,6,6,Reverse,76.2,4.65,1
1770713625.0,1770717225.092,57.83441133333334,12.307369000000001,57.83440981556084,12.307372693304357,3.1,2.5,2.5,0.9998006971916895,6,6,Reverse,76.6,4.65,1
1770713626.0,1770717226.079,57.8344085,12.307365,57.83440915778042,12.30736884665218,3.1,2.5,2.5,0.9368134876072436,6,6,Reverse,76.8,4.65,1
1770713627.0,1770717227.081,57.83440933333333,12.307351666666667,57.83440924555688,12.307360256659424,3.1,2.5,2.5,1.0045866755901383,6,6,Reverse,77.1,4.65,1
1770713628.0,1770717228.096,57.83441116666666,12.307340500000002,57.83441020611177,12.307350378329712,3.1,2.5,2.5,1.1294322135441284,6,6,Reverse,77.3,4.65,1
1770713629.0,1770717229.082,57.83441200000001,12.307338,57.834411103055885,12.307344189164857,3.1,2.5,2.5,1.0973091647484068,6,6,Reverse,77.6,4.65,1
1770713630.0,1770717230.094,57.83440933333333,12.307336833333332,57.83441021819461,12.307340511249095,3.1,2.5,2.5,1.0140997184009541,6,6,Reverse,77.9,4.65,1
1770713631.0,1770717231.088,57.83440900000001,12.3073305,57.83440960909731,12.307335505624547,3.1,2.5,2.5,1.0062261601420663,6,6,Reverse,78.3,4.65,1
1770713632.0,1770717232.081,57.8344075,12.307335833333331,57.83440855454865,12.30733566947894,3.1,2.5,2.5,0.9110052751224702,6,6,Reverse,78.5,4.65,1
1770713633.0,1770717233.08,57.83440783333334,12.307339333333335,57.834408193940995,12.307337501406137,3.1,2.5,2.5,0.8091261473614716,6,6,Reverse,79.0,4.65,1
1770713634.0,1770717234.082,57.83440333333333,12.307335666666665,57.834405763637164,12.3073365840364,3.1,2.5,2.5,0.7938959636627935,6,6,Reverse,79.2,4.65,1
1770713635.0,1770717235.094,57.83440266666666,12.307336166666667,57.83440421515191,12.307336375351534,3.1,2.5,2.5,0.7395939336470565,6,6,Reverse,79.2,4.65,1
1770713636.0,1770717236.09,57.83440716666667,12.307323166666666,57.83440569090929,12.307329771009101,3.1,2.5,2.5,0.7321107208119273,6,6,Reverse,79.2,4.65,1
1770713637.0,1770717237.093,57.83440649999999,12.307316500000002,57.83440609545464,12.307323135504552,3.1,2.5,2.5,0.7565068439983965,6,6,Reverse,78.9,4.65,1
1770713638.0,1770717238.079,57.83440399999999,12.307313333333331,57.834405047727316,12.307318234418942,3.1,2.5,2.5,0.7658081699965178,6,6,Reverse,78.6,4.65,1
1770713639.0,1770717239.079,57.83440916666667,12.307314499999999,57.834407107196995,12.30731636720947,3.1,2.5,2.5,0.6786705469077464,6,6,Reverse,78.3,4.65,1
1770713640.0,1770717240.09,57.834405,12.307317000000001,57.83440605359849,12.307316683604736,3.1,2.5,2.5,0.6097092032119151,6,6,Reverse,78.5,4.65,1
1770713641.0,1770717241.096,57.83440083333333,12.307326333333332,57.834403443465916,12.307321508469034,3.1,2.5,2.5,0.7131265792743354,6,6,Reverse,78.3,4.65,1
1770713642.0,1770717242.08,57.8343955,12.307325666666667,57.83439947173296,12.30732358756785,3.1,2.5,2.5,0.8695395360879049,6,6,Reverse,78.1,4.65,1
1770713643.0,1770717243.088,57.834396,12.307319,57.834397735866474,12.307321293783925,3.1,2.5,2.5,0.8224242625073863,6,6,Reverse,77.9,4.65,1
1770713644.0,1770717244.092,57.83440083333333,12.307318833333333,57.834399284599904,12.30732006355863,3.1,2.5,2.5,0.6417134864775076,6,6,Reverse,78.1,4.65,1
1770713645.0,1770717245.1,57.83440133333333,12.307318666666667,57.83440030896662,12.307319365112647,3.1,2.5,2.5,0.5162029155199065,6,6,Reverse,78.3,4.65,1
1770713646.0,1770717246.09,57.834400499999994,12.307319166666666,57.834400404483304,12.307319265889657,3.1,2.5,2.5,0.45025356595258875,6,6,Reverse,78.5,4.65,1
1770713647.0,1770717247.085,57.83440316666667,12.30731633333333,57.83440178557499,12.307317799611495,3.1,2.5,2.5,0.3435219385081938,6,6,Reverse,78.6,4.65,1
1770713648.0,1770717248.088,57.83440383333333,12.307316666666669,57.83440280945416,12.30731723313908,3.4499999999999997,2.5,2.5,0.26080615077623726,5,5,Reverse,78.9,5.175,1
1770713649.0,1770717249.085,57.83440883333333,12.307315833333332,57.834405821393744,12.307316533236207,3.4499999999999997,2.5,2.5,0.27885808471918483,5,5,Reverse,79.0,5.175,1
1770713650.0,1770717250.085,57.83441566666667,12.307309333333334,57.83441074403021,12.30731293328477,3.4499999999999997,2.5,2.5,0.45440799684404,5,5,Reverse,79.2,5.175,1
1770713651.0,1770717251.099,57.83441733333334,12.3073035,57.83441403868177,12.307308216642385,3.4499999999999997,2.5,2.5,0.5701495914604078,5,5,Reverse,79.2,5.175,1
1770713652.0,1770717252.083,57.834419833333335,12.307302333333332,57.83441693600756,12.30730527498786,3.4499999999999997,2.5,2.5,0.6441819610556346,5,5,Reverse,79.2,5.175,1
1770713653.0,1770717253.079,57.834421000000006,12.307303333333333,57.83441896800378,12.307304304160596,3.4499999999999997,2.5,2.5,0.6689942604428969,5,5,Reverse,79.1,5.175,1
1770713654.0,1770717254.096,57.83442133333333,12.307302,57.83442015066856,12.307303152080298,3.4499999999999997,2.5,2.5,0.6316230410140673,5,5,Reverse,79.2,5.175,1
1770713655.0,1770717255.079,57.834417833333326,12.307324000000001,57.83441899200094,12.30731357604015,3.1,2.5,2.5,0.8931281784768232,6,6,Reverse,79.2,4.65,1
1770713656.0,1770717256.079,57.83441733333334,12.307332333333333,57.83441816266714,12.307322954686741,3.1,2.5,2.5,1.1555511360014792,6,6,Reverse,79.5,4.65,1
1770713657.0,1770717257.084,57.834415166666666,12.307330666666667,57.834416664666904,12.307326810676704,3.125,2.5,2.5,1.2845360703554294,6,6,Reverse,79.4,4.6875,1
1770713658.0,1770717258.092,57.83441549999999,12.307328,57.83441608233345,12.307327405338352,3.125,2.5,2.5,1.2866261902059766,6,6,Reverse,79.3,4.6875,1
1770713659.0,1770717259.096,57.83441483333333,12.307331833333334,57.83441545783339,12.307329619335844,3.125,2.5,2.5,1.312290942843906,6,6,Reverse,79.4,4.6875,1
1770713660.0,1770717260.091,57.83441133333334,12.307336000000001,57.83441339558336,12.307332809667923,3.125,2.5,2.5,1.410889347429589,6,6,Reverse,79.4,4.6875,1
1770713661.0,1770717261.097,57.83440716666667,12.3073365,57.83441028112502,12.30733465483396,2.875,2.5,2.5,1.553740184364153,7,7,Reverse,79.2,4.3125,1
1770713662.0,1770717262.079,57.834405,12.307330666666667,57.83440764056251,12.307332660750314,2.875,2.5,2.5,1.593744739694798,7,7,Reverse,79.2,4.3125,1
1770713663.0,1770717263.095,57.8344085,12.307324000000001,57.834408070281256,12.307328330375158,2.875,2.5,2.5,1.3584076120905033,7,7,Reverse,79.0,4.3125,1
1770713664.0,1770717264.096,57.83440283333333,12.307320333333333,57.83440545180729,12.307324331854245,2.875,2.5,2.5,1.3063221086576515,7,7,Reverse,78.6,4.3125,1
1770713665.0,1770717265.096,57.83440216666666,12.307325166666665,57.834403809236974,12.307324749260456,2.875,2.5,2.5,1.2355302053323605,7,7,Reverse,78.0,4.3125,1
1770713666.0,1770717266.096,57.83439833333333,12.307326499999999,57.83440107128516,12.307325624630227,2.875,2.5,2.5,1.2350827406848814,7,7,Reverse,77.5,4.3125,1
1770713667.0,1770717267.092,57.83439633333334,12.3073305,57.834398702309244,12.307328062315113,2.875,2.5,2.5,1.2425882867133242,7,7,Reverse,77.0,4.3125,1
1770713668.0,1770717268.095,57.834393166666665,12.307339166666669,57.83439593448796,12.307333614490892,2.875,2.5,2.5,1.3806209736945811,7,7,Reverse,76.5,4.3125,1
1770713669.0,1770717269.09,57.834395166666674,12.307335166666666,57.83439555057731,12.307334390578779,2.875,2.5,2.5,1.2977059779140947,7,7,Reverse,76.2,4.3125,1
1770713670.0,1770717270.094,57.83439983333333,12.307328166666666,57.834397691955324,12.307331278622723,2.875,2.5,2.5,1.069960613513222,7,7,Reverse,75.8,4.3125,1
1770713671.0,1770717271.09,57.834400499999994,12.307319,57.83439909597766,12.307325139311361,2.875,2.5,2.5,0.8844039309304642,7,7,Reverse,75.3,4.3125,1
1770713672.0,1770717272.091,57.83440016666667,12.307330166666668,57.834399631322164,12.307327652989015,2.875,2.5,2.5,0.803474349234094,7,7,Reverse,75.2,4.3125,1
1770713673.0,1770717273.079,57.834403,12.307329333333334,57.83440131566108,12.307328493161174,2.875,2.5,2.5,0.6385024707180433,7,7,Reverse,75.1,4.3125,1
1770713674.0,1770717274.092,57.83440949999999,12.307326666666665,57.83440540783054,12.307327579913919,2.875,2.5,2.5,0.6964614788730784,7,7,Reverse,75.1,4.3125,1
1770713675.0,1770717275.096,57.83441116666666,12.307318166666668,57.8344082872486,12.307322873290294,2.875,2.5,2.5,0.793488935599714,7,7,Reverse,75.2,4.3125,1
1770713676.0,1770717276.079,57.83441500000001,12.307314,57.8344116436243,12.307318436645147,2.875,2.5,2.5,0.9278283582543531,7,7,Reverse,75.1,4.3125,1
1770713677.0,1770717277.094,57.834416,12.3073125,57.83441382181215,12.307315468322573,2.875,2.5,2.5,0.9493394513036287,7,7,Reverse,75.5,4.3125,1
1770713678.0,1770717278.088,57.834419,12.307314666666665,57.83441641090607,12.307315067494619,2.875,2.5,2.5,0.9161907934582647,7,7,Reverse,75.5,4.3125,1
1770713679.0,1770717279.095,57.834422333333336,12.3073055,57.834419372119704,12.30731028374731,2.875,2.5,2.5,0.9955916687666709,7,7,Reverse,75.5,4.3125,1
1770713680.0,1770717280.083,57.83442433333333,12.307299333333333,57.83442185272652,12.307304808540321,2.875,2.5,2.5,1.102675408016691,7,7,Reverse,75.7,4.3125,1
1770713681.0,1770717281.093,57.834424999999996,12.307303833333332,57.83442342636326,12.307304320936828,2.875,2.5,2.5,1.0299779299477385,7,7,Reverse,75.8,4.3125,1
1770713682.0,1770717282.088,57.834425833333334,12.307311833333332,57.83442462984829,12.30730807713508,2.875,2.5,2.5,0.9932094515987818,7,7,Reverse,75.3,4.3125,1
1770713683.0,1770717283.083,57.83442166666667,12.307315000000001,57.834423148257486,12.30731153856754,2.875,2.5,2.5,0.9203723960427009,7,7,Reverse,75.1,4.3125,1
1770713684.0,1770717284.098,57.83441833333333,12.307320166666667,57.83442074079541,12.307315852617103,2.875,2.5,2.5,0.9169738877233913,7,7,Reverse,74.8,4.3125,1
1770713685.0,1770717285.079,57.834424166666665,12.307314499999999,57.83442245373104,12.30731517630855,2.875,2.5,2.5,0.8401937300604163,7,7,Reverse,74.6,4.3125,1
1770713686.0,1770717286.096,57.83443016666667,12.307309000000002,57.83442631019885,12.307312088154276,2.875,2.5,2.5,0.9278947041762142,7,7,Reverse,74.6,4.3125,1
1770713687.0,1770717287.089,57.834426666666666,12.307307833333335,57.83442648843276,12.307309960743806,2.875,2.5,2.5,0.7747078439266395,7,7,Reverse,74.4,4.3125,1
1770713688.0,1770717288.091,57.834425499999995,12.307307833333335,57.834425994216375,12.30730889703857,2.875,2.5,2.5,0.604386611751152,7,7,Reverse,74.0,4.3125,1
1770713689.0,1770717289.089,57.834423833333325,12.307300166666668,57.83442491377485,12.307304531852619,2.875,2.5,2.5,0.5509577286466265,7,7,Reverse,73.6,4.3125,1
1770713690.0,1770717290.091,57.83442766666667,12.307291833333332,57.83442629022076,12.307298182592975,2.8499999999999996,2.5,2.5,0.6412601941433257,7,7,Reverse,73.0,4.2749999999999995,1
1770713691.0,1770717291.098,57.834432,12.307284166666667,57.83442914511038,12.307291174629821,2.8499999999999996,2.5,2.5,0.804986043171994,7,7,Reverse,72.5,4.2749999999999995,1
1770713692.0,1770717292.101,57.834440166666674,12.307275166666667,57.83443465588853,12.307283170648244,2.8499999999999996,2.5,2.5,1.1481561221706118,7,7,Reverse,71.8,4.2749999999999995,1
1770713693.0,1770717293.094,57.83443883333333,12.30727,57.834436744610926,12.307276585324123,2.8499999999999996,2.5,2.5,1.27054397513627,7,7,Reverse,71.4,4.2749999999999995,1
1770713694.0,1770717294.1,57.83444333333333,12.3072635,57.83444003897213,12.307270042662061,2.8499999999999996,2.5,2.5,1.451279494273376,7,7,Reverse,70.8,4.2749999999999995,1
1770713695.0,1770717295.091,57.8344475,12.307263166666667,57.834443769486064,12.307266604664363,2.8499999999999996,2.5,2.5,1.6029875278995218,7,7,Reverse,70.2,4.2749999999999995,1
1770713696.0,1770717296.1,57.83445416666667,12.307263833333332,57.834448968076366,12.307265218998849,2.8499999999999996,2.5,2.5,1.7729568619363174,7,7,Reverse,69.8,4.2749999999999995,1
1770713697.0,1770717297.092,57.83445533333334,12.307259666666669,57.834452150704855,12.307262442832759,2.8499999999999996,2.5,2.5,1.8260755152044466,7,7,Reverse,69.6,4.2749999999999995,1
1770713698.0,1770717298.096,57.83445416666667,12.307259666666669,57.83445315868576,12.307261054749713,2.8499999999999996,2.5,2.5,1.7782695043680035,7,7,Reverse,69.4,4.2749999999999995,1
1770713699.0,1770717299.079,57.83445566666666,12.307256333333331,57.83445441267621,12.307258694041522,2.8499999999999996,2.5,2.5,1.7441894460262988,7,7,Reverse,69.0,4.2749999999999995,1
1770713700.0,1770717300.085,57.83445633333334,12.3072585,57.83445537300478,12.30725859702076,2.8499999999999996,2.5,2.5,1.6867594799038066,7,7,Reverse,68.8,4.2749999999999995,1
1770713701.0,1770717301.096,57.83445066666666,12.307263,57.83445301983572,12.30726079851038,2.8499999999999996,2.5,2.5,1.461051450802853,7,7,Reverse,68.6,4.2749999999999995,1
1770713702.0,1770717302.096,57.8344405,12.307272000000001,57.83444675991786,12.307266399255191,2.8499999999999996,2.5,2.5,1.2594516337113755,7,7,Reverse,68.2,4.2749999999999995,1
1770713703.0,1770717303.09,57.83442766666667,12.307279833333332,57.83443721329226,12.307273116294262,2.8499999999999996,2.5,2.5,1.3553803813159033,7,7,Reverse,67.9,4.2749999999999995,1
1770713704.0,1770717304.093,57.834427166666664,12.307276833333333,57.834432189979466,12.307274974813797,2.8499999999999996,2.5,2.5,1.227828333506662,7,7,Reverse,67.3,4.2749999999999995,1
1770713705.0,1770717305.103,57.834423833333325,12.307280333333331,57.83442801165639,12.307277654073564,2.8499999999999996,2.5,2.5,1.090195277358564,7,7,Reverse,67.0,4.2749999999999995,1
1770713706.0,1770717306.091,57.83441849999999,12.307282833333334,57.83442325582819,12.307280243703449,2.8499999999999996,2.5,2.5,1.022235776512992,7,7,Reverse,66.7,4.2749999999999995,1
1770713707.0,1770717307.091,57.834416,12.307282500000001,57.834419627914095,12.307281371851726,2.8499999999999996,2.5,2.5,0.9508139010755167,7,7,Reverse,66.4,4.2749999999999995,1
1770713708.0,1770717308.079,57.83441200000001,12.307282500000001,57.83441581395705,12.307281935925863,4.050000000000001,2.5,2.5,0.926231778230625,6,6,Reverse,66.1,6.075000000000001,1
1770713709.0,1770717309.096,57.83440616666667,12.307290166666666,57.83441099031186,12.307286051296265,4.050000000000001,2.5,2.5,1.021810371787911,6,6,Reverse,65.8,6.075000000000001,1
1770713710.0,1770717310.079,57.83440399999999,12.307303999999998,57.83440749515593,12.307295025648132,4.050000000000001,2.5,2.5,1.1951211390051681,6,6,Reverse,65.4,6.075000000000001,1
1770713711.0,1770717311.079,57.83440266666666,12.307311833333332,57.834405080911296,12.307303429490732,4.050000000000001,2.5,2.5,1.3412693994837595,6,6,Reverse,65.3,6.075000000000001,1
1770713712.0,1770717312.087,57.83442433333333,12.307307333333332,57.83441470712231,12.307305381412032,4.050000000000001,2.5,2.5,1.3689674063059942,6,6,Reverse,64.8,6.075000000000001,1
1770713713.0,1770717313.091,57.834440166666674,12.307302333333332,57.834427436894494,12.307303857372682,2.8499999999999996,2.5,2.5,1.3361348509576028,7,7,Reverse,65.5,4.2749999999999995,1
1770713714.0,1770717314.096,57.834445499999994,12.307306166666669,57.834436468447244,12.307305012019675,2.8499999999999996,2.5,2.5,1.3513039437373169,7,7,Reverse,65.9,4.2749999999999995,1
1770713715.0,1770717315.08,57.83445383333333,12.30731,57.83444515089028,12.307307506009836,2.8499999999999996,2.5,2.5,1.387298057139789,7,7,Reverse,66.0,4.2749999999999995,1
1770713716.0,1770717316.094,57.83445316666666,12.307313500000001,57.834449158778476,12.307310503004919,2.8499999999999996,2.5,2.5,1.462747603486256,7,7,Reverse,66.0,4.2749999999999995,1
1770713717.0,1770717317.09,57.8344625,12.307311499999999,57.834455829389235,12.307311001502459,2.8499999999999996,2.5,2.5,1.3669494032656115,7,7,Reverse,65.9,4.2749999999999995,1
1770713718.0,1770717318.091,57.83446633333333,12.307302166666666,57.83446108136128,12.307306584084563,2.8499999999999996,2.5,2.5,1.1485366822914098,7,7,Reverse,66.0,4.2749999999999995,1
1770713719.0,1770717319.096,57.83447516666667,12.307299333333333,57.83446812401398,12.307302958708949,2.8499999999999996,2.5,2.5,0.9788631551014416,7,7,Reverse,65.9,4.2749999999999995,1
1770713720.0,1770717320.079,57.83447516666667,12.307303000000001,57.83447164534032,12.307302979354475,2.8499999999999996,2.5,2.5,0.9045551205076986,7,7,Reverse,66.0,4.2749999999999995,1
1770713721.0,1770717321.088,57.834476333333335,12.307297833333333,57.83447398933683,12.307300406343904,2.8499999999999996,2.5,2.5,0.6841504193595997,7,7,Reverse,66.2,4.2749999999999995,1
1770713722.0,1770717322.09,57.834471666666666,12.307289666666668,57.83447282800175,12.307295036505286,4.050000000000001,2.5,2.5,0.7378071016586543,6,6,Reverse,66.2,6.075000000000001,1
1770713723.0,1770717323.095,57.8344655,12.307287333333333,57.83446916400087,12.30729118491931,4.074999999999999,2.5,2.5,0.8293977401277224,6,6,Reverse,66.0,6.112499999999999,1
1770713724.0,1770717324.09,57.83446266666667,12.3072885,57.83446591533377,12.307289842459655,4.074999999999999,2.5,2.5,0.8662902402307445,6,6,Reverse,65.9,6.112499999999999,1
1770713725.0,1770717325.096,57.8344685,12.307279999999999,57.83446720766688,12.307284921229826,4.074999999999999,2.5,2.5,0.8451710032113495,6,6,Reverse,65.8,6.112499999999999,1
1770713726.0,1770717326.081,57.83446300000001,12.307285333333335,57.834465103833445,12.307285127281581,4.074999999999999,2.5,2.5,0.6993745993071445,6,6,Reverse,65.9,6.112499999999999,1
1770713727.0,1770717327.092,57.83447016666667,12.307276166666668,57.83446763525006,12.307280646974124,4.074999999999999,2.5,2.5,0.6770544221200264,6,6,Reverse,65.8,6.112499999999999,1
1770713728.0,1770717328.098,57.83448,12.307261000000002,57.83447381762503,12.307270823487062,4.074999999999999,2.5,2.5,0.8428928976150755,6,6,Reverse,65.7,6.112499999999999,1
1770713729.0,1770717329.09,57.834493499999994,12.307257333333332,57.83448365881251,12.307264078410197,2.8499999999999996,2.5,2.5,0.9805037834599679,7,7,Reverse,66.1,4.2749999999999995,1
1770713730.0,1770717330.094,57.83450016666667,12.307258999999998,57.834491912739594,12.307261539205099,2.9,2.5,2.5,1.0083887166545966,6,6,Reverse,66.7,4.35,1
1770713731.0,1770717331.088,57.834509499999996,12.307249500000001,57.834500706369795,12.307255519602549,2.8499999999999996,2.5,2.5,1.1000955121207925,7,7,Reverse,67.2,4.2749999999999995,1
1770713732.0,1770717332.096,57.834519666666665,12.307241166666666,57.83451018651823,12.307248343134608,2.8499999999999996,2.5,2.5,1.272832469199277,7,7,Reverse,67.5,4.2749999999999995,1
1770713733.0,1770717333.088,57.83451933333334,12.307246000000001,57.83451475992578,12.307247171567305,2.8499999999999996,2.5,2.5,1.139622222656984,7,7,Reverse,67.6,4.2749999999999995,1
1770713734.0,1770717334.093,57.834518499999994,12.307234833333332,57.83451662996289,12.307241002450318,2.8499999999999996,2.5,2.5,1.1591508752146937,7,7,Reverse,67.8,4.2749999999999995,1
1770713735.0,1770717335.096,57.834525166666666,12.307230833333332,57.83452089831478,12.307235917891825,2.8499999999999996,2.5,2.5,1.16899024130477,7,7,Reverse,67.6,4.2749999999999995,1
1770713736.0,1770717336.091,57.834528166666665,12.307228666666667,57.83452453249072,12.307232292279245,2.8499999999999996,2.5,2.5,1.1107127522306657,7,7,Reverse,67.6,4.2749999999999995,1
1770713737.0,1770717337.095,57.834528166666665,12.307227166666667,57.834526349578695,12.307229729472956,2.8499999999999996,2.5,2.5,1.0206457706361998,7,7,Reverse,67.5,4.2749999999999995,1
1770713738.0,1770717338.09,57.83452333333333,12.307231833333333,57.83452484145601,12.307230781403145,2.8499999999999996,2.5,2.5,0.8270320792985186,7,7,Reverse,67.5,4.2749999999999995,1
1770713739.0,1770717339.096,57.834515333333336,12.307238166666666,57.83452008739467,12.307234474034905,2.8499999999999996,2.5,2.5,0.9397920542118597,7,7,Reverse,67.4,4.2749999999999995,1
1770713740.0,1770717340.081,57.83451633333334,12.307226166666664,57.83451821036401,12.307230320350785,2.8499999999999996,2.5,2.5,1.0119478626207994,7,7,Reverse,67.2,4.2749999999999995,1
1770713741.0,1770717341.093,57.834512833333335,12.3072315,57.83451552184867,12.307230910175393,2.8499999999999996,2.5,2.5,1.0381642109870899,7,7,Reverse,67.0,4.2749999999999995,1
1770713742.0,1770717342.098,57.834509499999996,12.307229166666666,57.834512510924334,12.307230038421029,2.8499999999999996,2.5,2.5,1.0791167161225577,7,7,Reverse,66.8,4.2749999999999995,1
1770713743.0,1770717343.092,57.834507,12.307229666666668,57.834509755462165,12.307229852543848,2.8499999999999996,2.5,2.5,1.1033342159913493,7,7,Reverse,66.5,4.2749999999999995,1
1770713744.0,1770717344.096,57.83449649999999,12.307233833333331,57.83450312773108,12.30723184293859,2.8499999999999996,2.5,2.5,1.3501006028956632,7,7,Reverse,66.6,4.2749999999999995,1
1770713745.0,1770717345.091,57.83448166666667,12.307241166666666,57.83449239719887,12.307236504802628,2.8499999999999996,2.5,2.5,1.852769491364351,7,7,Reverse,66.6,4.2749999999999995,1
1770713746.0,1770717346.096,57.83448799999999,12.307243999999999,57.83449019859943,12.307240252401314,2.8499999999999996,2.5,2.5,1.8721881522117758,7,7,Reverse,66.6,4.2749999999999995,1
1770713747.0,1770717347.09,57.83448766666667,12.3072465,57.83448893263305,12.307243376200656,2.8499999999999996,2.5,2.5,1.8063194573395573,7,7,Reverse,66.2,4.2749999999999995,1
1770713748.0,1770717348.092,57.834483166666665,12.307251333333333,57.83448604964986,12.307247354766995,2.8499999999999996,2.5,2.5,1.7944609413987753,7,7,Reverse,66.1,4.2749999999999995,1
1770713749.0,1770717349.087,57.834480166666665,12.307246166666667,57.83448310815826,12.307246760716831,2.8499999999999996,2.5,2.5,1.7379241062685025,7,7,Reverse,66.1,4.2749999999999995,1
1770713750.0,1770717350.093,57.83447783333333,12.307245499999999,57.834480470745795,12.307246130358415,2.8499999999999996,2.5,2.5,1.6759809870936602,7,7,Reverse,65.9,4.2749999999999995,1
1770713751.0,1770717351.087,57.83448,12.307225666666666,57.8344802353729,12.307235898512541,2.8499999999999996,2.5,2.5,1.5587717632281999,7,7,Reverse,65.9,4.2749999999999995,1
1770713752.0,1770717352.091,57.834478833333336,12.307229833333334,57.834479534353115,12.307232865922938,2.8499999999999996,2.5,2.5,1.2936616163220167,7,7,Reverse,65.7,4.2749999999999995,1
1770713753.0,1770717353.093,57.834480666666664,12.307228000000002,57.83448010050989,12.30723043296147,2.8499999999999996,2.5,2.5,1.0622048859872002,7,7,Reverse,66.0,4.2749999999999995,1
1770713754.0,1770717354.091,57.834478833333336,12.307234833333332,57.834479466921614,12.3072326331474,2.8499999999999996,2.5,2.5,0.9805411038433106,7,7,Reverse,66.1,4.2749999999999995,1
1770713755.0,1770717355.096,57.834481833333335,12.307233499999999,57.834480650127475,12.3072330665737,2.8499999999999996,2.5,2.5,0.8804079681073305,7,7,Reverse,66.5,4.2749999999999995,1
