timestamp,raw_lat,raw_lon,filt_lat,filt_lon,raw_unc_m,filt_unc_m,hdop,speed_kmh,sats_used,sats_in_view,direction
1770562746.9734688,57.83435050,12.30718517,57.83435217,12.30718900,2.400,3.751,1.220,1.49,7,7,Stopped
1770562747.9719963,57.83434750,12.30716150,57.83434983,12.30717525,2.400,3.149,1.220,2.33,7,7,Reverse
1770562748.9672103,57.83434600,12.30715317,57.83434792,12.30716421,2.400,2.648,1.220,1.97,7,7,Reverse
1770562749.9639053,57.83435000,12.30713733,57.83434896,12.30715077,2.400,2.500,1.220,2.10,7,7,Reverse
1770562750.968734,57.83436233,12.30713150,57.83435565,12.30714114,3.505,2.500,2.380,1.88,5,5,Reverse
1770562751.9642823,57.83438833,12.30713300,57.83437199,12.30713707,2.838,2.500,1.680,3.34,6,6,Reverse
1770562752.9692636,57.83439833,12.30713750,57.83438516,12.30713728,2.848,2.500,1.690,3.36,6,6,Stopped
1770562753.9661705,57.83438983,12.30712517,57.83438750,12.30713123,2.848,2.500,1.690,1.89,6,6,Reverse
1770562754.970818,57.83438867,12.30712100,57.83438808,12.30712611,2.848,2.500,1.690,1.56,6,6,Reverse
1770562755.9685729,57.83439183,12.30711983,57.83438996,12.30712297,2.848,2.500,1.690,1.61,6,6,Stopped
1770562756.95006,57.83439700,12.30711700,57.83439348,12.30711999,6.000,2.500,9.980,1.81,4,4,Stopped
1770562757.967465,57.83439883,12.30711883,57.83439616,12.30711941,6.000,2.500,9.970,1.57,4,4,Stopped
1770562758.950013,57.83440450,12.30712550,57.83440033,12.30712245,6.000,2.500,9.950,1.61,4,4,Stopped
1770562759.9705224,57.83440667,12.30713250,57.83440350,12.30712748,6.000,2.500,9.930,1.66,4,4,Forward
1770562760.9664822,57.83441617,12.30712383,57.83440983,12.30712566,2.886,2.500,1.730,2.45,5,5,Stopped
1770562761.9707584,57.83446567,12.30716283,57.83443775,12.30714424,2.886,2.500,1.730,3.81,5,5,Forward
1770562762.9711213,57.83451117,12.30718883,57.83447446,12.30716654,2.305,2.500,1.120,5.13,7,7,Forward
1770562763.9709876,57.83455217,12.30721150,57.83451331,12.30718902,2.305,2.500,1.120,6.04,7,7,Forward
1770562764.9709892,57.83457567,12.30723333,57.83454449,12.30721118,2.305,2.500,1.120,6.06,7,7,Forward
1770562765.9686506,57.83459600,12.30725100,57.83457024,12.30723109,2.305,2.500,1.120,5.63,7,7,Forward
1770562766.9709036,57.83461150,12.30726917,57.83459087,12.30725013,2.305,2.500,1.120,5.14,7,7,Forward
1770562767.958141,57.83461583,12.30727383,57.83460335,12.30726198,2.305,2.500,1.120,4.75,7,7,Forward
1770562768.951253,57.83461500,12.30728567,57.83460918,12.30727382,3.152,2.500,2.010,4.19,5,5,Forward
1770562769.9536862,57.83461417,12.30728800,57.83461167,12.30728091,3.152,2.500,2.010,3.67,5,5,Forward
1770562770.965873,57.83462200,12.30729033,57.83461684,12.30728562,3.152,2.500,2.010,3.77,5,5,Forward
1770562771.9543917,57.83463267,12.30728267,57.83462475,12.30728414,3.152,2.500,2.010,4.21,5,5,Stopped
1770562772.9652796,57.83464083,12.30729667,57.83463279,12.30729041,3.152,2.500,2.010,4.31,5,5,Forward
1770562773.94998,57.83465083,12.30729733,57.83464181,12.30729387,3.152,2.500,2.010,4.28,5,5,Forward
1770562774.9685073,57.83465533,12.30729000,57.83464857,12.30729193,6.000,2.500,9.700,4.01,4,4,Stopped
1770562775.9498622,57.83466050,12.30728600,57.83465454,12.30728897,6.000,2.500,9.680,3.77,4,4,Stopped
1770562779.957397,57.83470333,12.30727383,57.83467893,12.30728140,6.000,2.500,99.990,4.04,0,0,Reverse
1770562780.9630127,57.83471067,12.30727500,57.83469480,12.30727820,6.000,2.500,10.680,3.90,3,3,Stopped
1770562781.9594314,57.83471550,12.30727033,57.83470515,12.30727427,6.000,2.500,10.670,3.72,3,3,Reverse
1770562782.9498065,57.83471800,12.30729717,57.83471158,12.30728572,6.000,2.500,10.660,3.52,3,3,Forward
1770562783.950147,57.83473767,12.30729000,57.83472462,12.30728786,6.000,2.500,10.650,3.90,3,3,Stopped
1770562784.953149,57.83474667,12.30727867,57.83473564,12.30728326,6.000,2.500,10.640,3.95,3,3,Reverse
1770562785.9607172,57.83476250,12.30728183,57.83474907,12.30728255,6.000,2.500,10.630,4.28,3,3,Stopped
1770562786.9529834,57.83476267,12.30726400,57.83475587,12.30727327,6.000,2.500,10.610,4.14,3,3,Reverse
1770562787.9626536,57.83475617,12.30726883,57.83475602,12.30727105,6.000,2.500,10.600,3.57,3,3,Stopped
1770562788.9542344,57.83476983,12.30725467,57.83476293,12.30726286,6.000,2.500,10.590,3.92,3,3,Reverse
1770562789.9537866,57.83464583,12.30723300,57.83470438,12.30724793,6.000,2.500,10.580,1.49,3,3,Reverse
1770562790.9589808,57.83462467,12.30722850,57.83466452,12.30723822,4.048,2.500,2.950,1.26,4,4,Reverse
1770562791.964444,57.83458233,12.30723500,57.83462343,12.30723661,4.057,2.500,2.960,0.91,4,4,Stopped
1770562792.956301,57.83457533,12.30724817,57.83459938,12.30724239,4.057,2.500,2.960,1.07,4,4,Forward
1770562793.9650896,57.83459117,12.30725833,57.83459527,12.30725036,4.057,2.500,2.960,0.84,4,4,Forward
1770562794.954536,57.83454467,12.30725133,57.83456997,12.30725085,4.057,2.500,2.960,0.54,4,4,Stopped
1770562795.9687362,57.83452517,12.30724267,57.83454757,12.30724676,3.543,2.500,2.420,0.66,5,5,Reverse
1770562796.9631386,57.83450350,12.30723683,57.83452553,12.30724180,3.543,2.500,2.420,0.73,5,5,Reverse
1770562797.9599493,57.83449067,12.30724633,57.83450810,12.30724406,3.543,2.500,2.420,1.10,5,5,Stopped
1770562798.9653718,57.83447433,12.30723367,57.83449122,12.30723887,3.543,2.500,2.420,0.31,5,5,Reverse
1770562799.9499006,57.83445217,12.30721167,57.83447169,12.30722527,3.543,2.500,2.420,1.36,5,5,Reverse
1770562800.9649084,57.83445267,12.30721200,57.83446218,12.30721863,3.543,2.500,2.420,0.78,5,5,Reverse
1770562801.9507697,57.83445517,12.30721917,57.83445867,12.30721890,3.543,2.500,2.420,0.40,5,5,Stopped
1770562802.9527283,57.83445750,12.30722733,57.83445809,12.30722312,3.543,2.500,2.420,0.86,5,5,Forward
1770562803.962622,57.83448183,12.30722850,57.83446996,12.30722581,3.543,2.500,2.420,2.55,5,5,Stopped
1770562804.951406,57.83447250,12.30721217,57.83447123,12.30721899,3.543,2.500,2.420,1.97,5,5,Reverse
1770562805.9534886,57.83447150,12.30720117,57.83447136,12.30721008,3.543,2.500,2.420,1.94,5,5,Reverse
1770562806.9691505,57.83448817,12.30720500,57.83447977,12.30720754,3.543,2.500,2.420,2.31,5,5,Stopped
1770562807.9510822,57.83449117,12.30720050,57.83448547,12.30720402,3.543,2.500,2.420,2.23,5,5,Reverse
1770562808.9681797,57.83450317,12.30721650,57.83449432,12.30721026,4.086,2.500,2.990,2.22,4,4,Forward
1770562809.9663014,57.83450767,12.30722300,57.83450099,12.30721663,2.838,2.500,1.680,2.10,6,6,Forward
1770562810.9527843,57.83451667,12.30723800,57.83450883,12.30722731,3.343,2.500,2.210,2.27,5,5,Forward
1770562811.968995,57.83452850,12.30725317,57.83451866,12.30724024,3.343,2.500,2.210,3.03,5,5,Forward
1770562812.953482,57.83453283,12.30727350,57.83452575,12.30725687,3.343,2.500,2.210,3.40,5,5,Forward
1770562813.9499636,57.83453983,12.30728383,57.83453279,12.30727035,3.343,2.500,2.210,3.36,5,5,Forward
1770562814.964015,57.83454283,12.30728800,57.83453781,12.30727918,3.371,2.500,2.240,3.15,5,5,Forward
1770562815.9613194,57.83453783,12.30729917,57.83453782,12.30728917,3.371,2.500,2.240,2.74,5,5,Forward
1770562816.957489,57.83452383,12.30729967,57.83453083,12.30729442,5.238,2.500,4.200,1.60,4,4,Forward
1770562817.9535336,57.83450817,12.30729767,57.83451950,12.30729604,5.229,2.500,4.190,0.71,4,4,Stopped
1770562818.9662576,57.83450567,12.30728983,57.83451258,12.30729294,5.229,2.500,4.190,1.39,4,4,Stopped
1770562819.9502265,57.83454617,12.30735150,57.83452937,12.30732222,5.229,2.500,4.190,2.70,4,4,Forward
1770562820.9676054,57.83458700,12.30741417,57.83455819,12.30736819,3.343,2.500,2.210,4.59,5,5,Forward
1770562821.9574845,57.83461217,12.30744583,57.83458518,12.30740701,3.343,2.500,2.210,4.78,5,5,Forward
1770562822.9514234,57.83463633,12.30748250,57.83461076,12.30744476,3.343,2.500,2.210,5.23,5,5,Forward
1770562823.9661424,57.83466517,12.30751667,57.83463796,12.30748071,3.343,2.500,2.210,5.87,5,5,Forward
1770562824.9706993,57.83469400,12.30754200,57.83466598,12.30751136,3.343,2.500,2.210,6.11,5,5,Forward
1770562825.970877,57.83471283,12.30756533,57.83468941,12.30753834,3.343,2.500,2.210,6.04,5,5,Forward
1770562826.964646,57.83472783,12.30759233,57.83470862,12.30756534,3.343,2.500,2.210,6.23,5,5,Forward
1770562827.9694848,57.83474250,12.30761083,57.83472556,12.30758809,3.343,2.500,2.210,6.17,5,5,Forward
1770562828.9711506,57.83474750,12.30762267,57.83473653,12.30760538,3.343,2.500,2.210,5.34,5,5,Forward
1770562829.9635487,57.83475233,12.30762917,57.83474443,12.30761727,3.343,2.500,2.210,4.67,5,5,Forward
1770562830.9533653,57.83474567,12.30761467,57.83474505,12.30761597,3.343,2.500,2.210,3.53,5,5,Stopped
1770562831.9540362,57.83462467,12.30754133,57.83468486,12.30757865,5.200,2.500,4.160,2.47,4,4,Reverse
1770562832.953212,57.83462033,12.30752117,57.83465260,12.30754991,3.362,2.500,2.230,2.20,5,5,Reverse
1770562833.9643624,57.83461317,12.30751500,57.83463288,12.30753245,5.200,2.500,4.160,1.92,4,4,Reverse
1770562834.960004,57.83461900,12.30750683,57.83462594,12.30751964,5.190,2.500,4.150,1.11,4,4,Reverse
1770562835.9672055,57.83461550,12.30749433,57.83462072,12.30750699,3.343,2.500,2.210,0.28,5,5,Reverse
1770562836.969085,57.83460850,12.30747600,57.83461461,12.30749149,3.343,2.500,2.210,0.42,5,5,Reverse
1770562837.954684,57.83456333,12.30744367,57.83458897,12.30746758,3.343,2.500,2.210,1.24,5,5,Reverse
1770562838.9743626,57.83456283,12.30744500,57.83457590,12.30745629,2.514,2.500,1.340,1.27,6,6,Reverse
1770562839.9529114,57.83458200,12.30744700,57.83457895,12.30745165,3.343,2.500,2.210,0.29,5,5,Reverse
1770562840.964742,57.83459150,12.30744233,57.83458523,12.30744699,4.143,2.500,3.050,1.16,4,4,Reverse
1770562841.9601269,57.83460767,12.30743767,57.83459645,12.30744233,4.152,2.500,3.060,2.26,4,4,Reverse
1770562842.9504628,57.83462000,12.30743350,57.83460822,12.30743791,4.152,2.500,3.060,2.69,4,4,Reverse
1770562843.9634268,57.83460833,12.30741850,57.83460828,12.30742821,4.152,2.500,3.060,1.71,4,4,Reverse
1770562844.9709382,57.83461450,12.30740950,57.83461139,12.30741885,4.152,2.500,3.060,2.22,4,4,Reverse
1770562845.9500947,57.83460683,12.30739233,57.83460911,12.30740559,4.162,2.500,3.070,1.98,4,4,Reverse
1770562846.9532955,57.83460350,12.30738917,57.83460631,12.30739738,4.162,2.500,3.070,1.34,4,4,Reverse
1770562847.9540772,57.83458017,12.30738350,57.83459324,12.30739044,4.162,2.500,3.070,0.08,4,4,Reverse
1770562848.9603055,57.83457250,12.30738383,57.83458287,12.30738714,4.162,2.500,3.070,0.60,4,4,Stopped
1770562849.9542363,57.83456733,12.30738167,57.83457510,12.30738440,4.162,2.500,3.070,0.84,4,4,Stopped
1770562850.9495032,57.83456850,12.30738100,57.83457180,12.30738270,6.000,2.500,9.950,0.65,3,3,Stopped
1770562851.951193,57.83457250,12.30737933,57.83457215,12.30738102,6.000,2.500,9.940,0.56,3,3,Stopped
1770562852.9535332,57.83458050,12.30736450,57.83457633,12.30737276,6.000,2.500,9.930,2.34,3,3,Reverse
1770562853.9645503,57.83452667,12.30734733,57.83455150,12.30736005,3.000,2.500,1.850,0.39,5,5,Reverse
1770562854.9651625,57.83449400,12.30734367,57.83452275,12.30735186,3.000,2.500,1.850,0.98,5,5,Reverse
1770562855.9499707,57.83447467,12.30732700,57.83449871,12.30733943,3.000,2.500,1.850,1.94,5,5,Reverse
1770562856.9681282,57.83446400,12.30730933,57.83448135,12.30732438,3.000,2.500,1.850,2.24,5,5,Reverse
1770562857.9747317,57.83445167,12.30730450,57.83446651,12.30731444,3.000,2.500,1.850,1.47,5,5,Reverse
1770562858.9709494,57.83444183,12.30730083,57.83445417,12.30730764,2.905,2.500,1.750,1.05,6,6,Reverse
1770562859.949593,57.83443750,12.30730450,57.83444584,12.30730607,2.905,2.500,1.750,0.62,6,6,Stopped
1770562860.9705632,57.83443200,12.30730667,57.83443892,12.30730637,2.905,2.500,1.750,0.58,6,6,Stopped
1770562861.9560761,57.83443250,12.30731750,57.83443571,12.30731193,2.962,2.500,1.810,1.21,5,5,Forward
1770562862.949627,57.83442750,12.30731217,57.83443160,12.30731205,2.962,2.500,1.810,0.37,5,5,Stopped
1770562863.9505892,57.83442567,12.30730500,57.83442864,12.30730853,2.962,2.500,1.810,0.29,5,5,Reverse
1770562864.9509947,57.83442033,12.30730967,57.83442448,12.30730910,2.962,2.500,1.810,0.30,5,5,Stopped
1770562865.9685721,57.83441800,12.30731100,57.83442124,12.30731005,2.962,2.500,1.810,0.23,5,5,Stopped
1770562866.9533768,57.83443233,12.30731383,57.83442679,12.30731194,2.962,2.500,1.810,0.40,5,5,Stopped
1770562867.9693785,57.83444167,12.30731233,57.83443423,12.30731214,2.905,2.500,1.750,0.36,6,6,Stopped
1770562868.9661522,57.83445433,12.30731517,57.83444428,12.30731365,2.905,2.500,1.750,0.87,6,6,Stopped
1770562869.9739752,57.83446100,12.30730717,57.83445264,12.30731041,2.914,2.500,1.760,0.90,6,6,Stopped
1770562870.9662619,57.83446867,12.30730067,57.83446065,12.30730554,2.914,2.500,1.760,1.28,6,6,Reverse
1770562871.964038,57.83447350,12.30729983,57.83446708,12.30730269,2.410,2.500,1.230,1.28,7,7,Stopped
1770562872.9509223,57.83446983,12.30729717,57.83446846,12.30729993,2.410,2.500,1.230,0.14,7,7,Stopped
1770562873.9537513,57.83447100,12.30728233,57.83446973,12.30729113,2.552,2.500,1.380,0.95,6,6,Reverse
1770562874.970611,57.83447817,12.30727150,57.83447395,12.30728131,2.552,2.500,1.380,1.17,6,6,Reverse
1770562875.9666166,57.83448833,12.30726767,57.83448114,12.30727449,2.552,2.500,1.380,1.23,6,6,Reverse
1770562876.9644415,57.83448417,12.30727567,57.83448265,12.30727508,2.552,2.500,1.380,0.53,6,6,Stopped
1770562877.9541419,57.83449233,12.30726600,57.83448749,12.30727054,2.552,2.500,1.380,0.87,6,6,Reverse
1770562878.9535773,57.83449183,12.30727417,57.83448966,12.30727235,2.552,2.500,1.380,0.27,6,6,Stopped
1770562879.9618897,57.83449917,12.30726900,57.83449442,12.30727068,2.552,2.500,1.380,0.73,6,6,Stopped
1770562880.966008,57.83450233,12.30726433,57.83449837,12.30726750,2.552,2.500,1.380,0.83,6,6,Stopped
1770562881.9495697,57.83449783,12.30727100,57.83449810,12.30726925,2.552,2.500,1.380,0.69,6,6,Stopped
1770562882.9695752,57.83449600,12.30727850,57.83449705,12.30727388,2.552,2.500,1.380,0.90,6,6,Forward
1770562883.969951,57.83448983,12.30727833,57.83449344,12.30727610,2.552,2.500,1.380,0.84,6,6,Stopped
1770562884.9706528,57.83448900,12.30725800,57.83449122,12.30726705,2.552,2.500,1.380,1.69,6,6,Reverse
1770562885.966321,57.83449350,12.30725617,57.83449236,12.30726161,2.552,2.500,1.380,0.96,6,6,Reverse
1770562886.9610262,57.83449350,12.30725067,57.83449293,12.30725614,2.552,2.500,1.380,1.20,6,6,Reverse
1770562887.9667327,57.83448833,12.30724500,57.83449063,12.30725057,3.019,2.500,1.870,1.38,5,5,Reverse
1770562888.9635887,57.83449467,12.30724000,57.83449265,12.30724528,3.019,2.500,1.870,1.17,5,5,Reverse
1770562889.9595985,57.83448033,12.30723650,57.83448649,12.30724089,3.019,2.500,1.870,1.18,5,5,Reverse
1770562890.9527776,57.83446067,12.30722533,57.83447358,12.30723311,3.019,2.500,1.870,2.26,5,5,Reverse
1770562891.9732466,57.83445517,12.30721467,57.83446437,12.30722389,3.019,2.500,1.870,2.20,5,5,Reverse
1770562892.9643621,57.83445617,12.30719750,57.83446027,12.30721069,3.019,2.500,1.870,2.86,5,5,Reverse
1770562893.957715,57.83444033,12.30719617,57.83445030,12.30720343,3.019,2.500,1.870,3.47,5,5,Reverse
1770562894.966564,57.83444400,12.30719950,57.83444715,12.30720147,2.552,2.500,1.380,1.94,6,6,Stopped
1770562895.9509075,57.83445750,12.30719800,57.83445233,12.30719973,2.552,2.500,1.380,1.64,6,6,Stopped
1770562896.9700997,57.83445733,12.30720300,57.83445483,12.30720137,2.552,2.500,1.380,1.35,6,6,Stopped
1770562897.9513726,57.83444850,12.30722067,57.83445166,12.30721102,2.552,2.500,1.380,0.07,6,6,Forward
1770562898.9705522,57.83444133,12.30723633,57.83444650,12.30722367,2.552,2.500,1.380,0.63,6,6,Forward
1770562899.9504948,57.83443717,12.30724300,57.83444183,12.30723334,2.552,2.500,1.380,0.62,6,6,Forward
1770562900.9539442,57.83442583,12.30723900,57.83443383,12.30723617,2.552,2.500,1.380,1.26,6,6,Stopped
1770562901.9690595,57.83442700,12.30723833,57.83443042,12.30723725,2.552,2.500,1.380,0.87,6,6,Stopped
1770562902.9527788,57.83443117,12.30725233,57.83443079,12.30724479,2.552,2.500,1.380,0.34,6,6,Forward
1770562903.9602888,57.83442183,12.30726750,57.83442631,12.30725615,2.552,2.500,1.380,0.99,6,6,Forward
1770562904.9663336,57.83442167,12.30727483,57.83442399,12.30726549,2.552,2.500,1.380,1.08,6,6,Forward
1770562905.959002,57.83441783,12.30728517,57.83442091,12.30727533,2.552,2.500,1.380,1.20,6,6,Forward
1770562906.9565082,57.83441017,12.30728000,57.83441554,12.30727766,2.552,2.500,1.380,0.88,6,6,Stopped
1770562907.972813,57.83440900,12.30728417,57.83441227,12.30728092,2.552,2.500,1.380,0.55,6,6,Stopped
1770562908.966589,57.83440750,12.30728000,57.83440988,12.30728046,2.552,2.500,1.380,0.20,6,6,Stopped
1770562909.9649107,57.83440750,12.30728033,57.83440869,12.30728040,2.552,2.500,1.380,0.47,6,6,Stopped
1770562910.9542987,57.83440450,12.30727767,57.83440660,12.30727903,2.552,2.500,1.380,0.34,6,6,Stopped
1770562911.9670117,57.83440900,12.30727550,57.83440780,12.30727727,2.552,2.500,1.380,0.95,6,6,Stopped
1770562912.9534397,57.83440533,12.30727817,57.83440657,12.30727772,2.552,2.500,1.380,0.48,6,6,Stopped
1770562913.9709716,57.83439983,12.30728383,57.83440320,12.30728077,2.552,2.500,1.380,0.32,6,6,Stopped
1770562914.962972,57.83440067,12.30727783,57.83440193,12.30727930,2.552,2.500,1.380,1.08,6,6,Stopped
1770562915.9707491,57.83440167,12.30727650,57.83440180,12.30727790,2.552,2.500,1.380,1.27,6,6,Stopped
1770562916.966211,57.83440183,12.30727817,57.83440182,12.30727803,2.552,2.500,1.380,1.22,6,6,Stopped
1770562917.9589102,57.83439167,12.30727883,57.83439674,12.30727843,2.552,2.500,1.380,1.47,6,6,Stopped
1770562918.96716,57.83438683,12.30727983,57.83439179,12.30727913,2.552,2.500,1.380,1.51,6,6,Stopped
1770562919.9625027,57.83439600,12.30728783,57.83439389,12.30728348,2.552,2.500,1.380,0.19,6,6,Forward
1770562920.9694667,57.83439517,12.30729233,57.83439453,12.30728791,2.552,2.500,1.380,0.40,6,6,Forward
1770562921.964114,57.83438800,12.30729183,57.83439127,12.30728987,2.552,2.500,1.380,1.00,6,6,Stopped
1770562922.953681,57.83439017,12.30730050,57.83439072,12.30729519,2.552,2.500,1.380,0.88,6,6,Forward
1770562923.9677749,57.83438667,12.30731083,57.83438869,12.30730301,2.552,2.500,1.380,1.30,6,6,Forward
1770562924.9623618,57.83438367,12.30731950,57.83438618,12.30731125,3.029,2.500,1.880,1.47,5,5,Forward
1770562925.9667497,57.83438217,12.30732883,57.83438417,12.30732004,3.029,2.500,1.880,1.63,5,5,Forward
1770562926.9636755,57.83437950,12.30733317,57.83438184,12.30732661,3.029,2.500,1.880,1.52,5,5,Forward
1770562927.959667,57.83439833,12.30732950,57.83439008,12.30732805,3.038,2.500,1.890,1.50,5,5,Stopped
1770562928.9646952,57.83441667,12.30731083,57.83440338,12.30731944,2.943,2.500,1.790,1.09,6,6,Reverse
1770562929.9499373,57.83441850,12.30730267,57.83441094,12.30731105,2.943,2.500,1.790,0.14,6,6,Reverse
1770562930.970473,57.83442633,12.30729350,57.83441864,12.30730228,2.943,2.500,1.790,0.56,6,6,Reverse
1770562931.9628322,57.83443100,12.30729267,57.83442482,12.30729747,2.943,2.500,1.790,0.37,6,6,Reverse
1770562932.9585452,57.83442700,12.30728367,57.83442591,12.30729057,2.943,2.500,1.790,0.82,6,6,Reverse
1770562933.964541,57.83442350,12.30727350,57.83442470,12.30728203,2.943,2.500,1.790,1.38,6,6,Reverse
1770562934.959813,57.83442567,12.30728000,57.83442519,12.30728102,2.943,2.500,1.790,1.11,6,6,Stopped
1770562935.9651365,57.83443150,12.30728300,57.83442834,12.30728201,2.943,2.500,1.790,0.80,6,6,Stopped
1770562936.963621,57.83443967,12.30728167,57.83443400,12.30728184,2.943,2.500,1.790,1.58,6,6,Stopped
1770562937.9578953,57.83443967,12.30727100,57.83443684,12.30727642,2.952,2.500,1.800,0.93,6,6,Reverse
1770562938.9535227,57.83444217,12.30726967,57.83443950,12.30727304,2.952,2.500,1.800,1.06,6,6,Stopped
1770562939.9591753,57.83444500,12.30726900,57.83444225,12.30727102,2.952,2.500,1.800,1.06,6,6,Stopped
1770562940.9646025,57.83444317,12.30727017,57.83444271,12.30727059,2.952,2.500,1.800,0.55,6,6,Stopped
1770562941.952942,57.83443917,12.30727417,57.83444094,12.30727238,2.952,2.500,1.800,0.34,6,6,Stopped
1770562942.9664216,57.83444233,12.30726967,57.83444164,12.30727102,2.952,2.500,1.800,0.77,6,6,Stopped
1770562943.9542801,57.83443367,12.30726567,57.83443765,12.30726835,2.952,2.500,1.800,0.89,6,6,Stopped
1770562944.9696035,57.83442267,12.30726583,57.83443016,12.30726709,2.952,2.500,1.800,1.59,6,6,Stopped
1770562945.9499018,57.83441900,12.30726133,57.83442458,12.30726421,2.952,2.500,1.800,1.08,6,6,Stopped
1770562946.96044,57.83441983,12.30725617,57.83442221,12.30726019,2.952,2.500,1.800,0.47,6,6,Reverse
1770562947.9653904,57.83441600,12.30725350,57.83441910,12.30725684,2.952,2.500,1.800,1.02,6,6,Stopped
1770562948.9616868,57.83442583,12.30726167,57.83442247,12.30725926,2.952,2.500,1.800,1.14,6,6,Stopped
1770562949.9710526,57.83442033,12.30726033,57.83442140,12.30725979,2.952,2.500,1.800,0.48,6,6,Stopped
1770562950.966315,57.83441950,12.30725883,57.83442045,12.30725931,2.952,2.500,1.800,0.61,6,6,Stopped
1770562951.9728837,57.83440817,12.30725717,57.83441431,12.30725824,2.952,2.500,1.800,0.92,6,6,Stopped
1770562952.967598,57.83440033,12.30725300,57.83440732,12.30725562,2.419,2.500,1.240,1.41,7,7,Stopped
1770562953.9712782,57.83439700,12.30725417,57.83440216,12.30725489,2.419,2.500,1.240,1.21,7,7,Stopped
1770562954.9665349,57.83439200,12.30725500,57.83439708,12.30725495,2.419,2.500,1.240,1.24,7,7,Stopped
1770562955.9560785,57.83440033,12.30725750,57.83439871,12.30725622,2.419,2.500,1.240,0.44,7,7,Stopped
1770562956.9720352,57.83438683,12.30725400,57.83439277,12.30725511,2.962,2.500,1.810,1.14,6,6,Stopped
1770562957.9647417,57.83438217,12.30725067,57.83438747,12.30725289,2.962,2.500,1.810,1.51,6,6,Stopped
1770562958.9709888,57.83437083,12.30724717,57.83437915,12.30725003,2.419,2.500,1.240,2.33,7,7,Stopped
1770562959.9663436,57.83436250,12.30725883,57.83437083,12.30725443,2.419,2.500,1.240,2.53,7,7,Forward
1770562960.9510424,57.83435050,12.30726133,57.83436066,12.30725788,2.419,2.500,1.240,3.17,7,7,Forward
1770562961.9670987,57.83435033,12.30725917,57.83435550,12.30725852,2.419,2.500,1.240,2.06,7,7,Stopped
1770562962.9630735,57.83435417,12.30726250,57.83435483,12.30726051,2.419,2.500,1.240,1.16,7,7,Stopped
1770562963.9705913,57.83435933,12.30726217,57.83435708,12.30726134,2.419,2.500,1.240,0.49,7,7,Stopped
1770562964.968474,57.83435933,12.30725883,57.83435821,12.30726009,2.419,2.500,1.240,0.23,7,7,Stopped
1770562965.974674,57.83435883,12.30725833,57.83435852,12.30725921,2.419,2.500,1.240,0.43,7,7,Stopped
1770562966.9685748,57.83435767,12.30725300,57.83435809,12.30725610,2.419,2.500,1.240,0.60,7,7,Stopped
1770562967.9717212,57.83436017,12.30725133,57.83435913,12.30725372,2.419,2.500,1.240,0.30,7,7,Stopped
1770562968.9662633,57.83435950,12.30724017,57.83435932,12.30724694,2.419,2.500,1.240,1.01,7,7,Reverse
1770562969.9671113,57.83436033,12.30724317,57.83435982,12.30724505,2.419,2.500,1.240,0.28,7,7,Stopped
1770562970.9741254,57.83436533,12.30723650,57.83436258,12.30724078,2.419,2.500,1.240,0.86,7,7,Reverse
1770562971.9667656,57.83436900,12.30722933,57.83436579,12.30723506,2.419,2.500,1.240,1.33,7,7,Reverse
1770562972.9500253,57.83436033,12.30723250,57.83436306,12.30723378,2.419,2.500,1.240,0.57,7,7,Stopped
1770562973.9721687,57.83436267,12.30722600,57.83436286,12.30722989,2.419,2.500,1.240,0.56,7,7,Reverse
1770562974.9706354,57.83436533,12.30722100,57.83436410,12.30722544,2.419,2.500,1.240,0.83,7,7,Reverse
1770562975.959887,57.83436350,12.30722967,57.83436380,12.30722756,2.419,2.500,1.240,0.48,7,7,Stopped
1770562976.9691038,57.83436400,12.30723250,57.83436390,12.30723003,2.419,2.500,1.240,0.50,7,7,Stopped
1770562977.9646134,57.83436283,12.30722283,57.83436337,12.30722643,2.419,2.500,1.240,0.71,7,7,Reverse
1770562978.9708054,57.83436417,12.30723183,57.83436377,12.30722913,2.419,2.500,1.240,0.35,7,7,Stopped
1770562979.9661198,57.83436767,12.30723683,57.83436572,12.30723298,2.419,2.500,1.240,0.68,7,7,Forward
1770562980.9796684,57.83437217,12.30723150,57.83436894,12.30723224,2.419,2.500,1.240,0.58,7,7,Stopped
1770562981.9748843,57.83437900,12.30723350,57.83437397,12.30723287,2.238,2.500,1.050,1.01,8,8,Stopped
1770562982.9712446,57.83438050,12.30723267,57.83437724,12.30723277,2.238,2.500,1.050,0.88,8,8,Stopped
1770562983.9683974,57.83438417,12.30723233,57.83438070,12.30723255,2.238,2.500,1.050,0.91,8,8,Stopped
1770562984.9737167,57.83439317,12.30723733,57.83438693,12.30723494,2.238,2.500,1.050,1.50,8,8,Stopped
1770562985.9696643,57.83440200,12.30724083,57.83439447,12.30723789,2.238,2.500,1.050,1.92,8,8,Stopped
1770562986.9661527,57.83440400,12.30724200,57.83439923,12.30723994,2.238,2.500,1.050,1.46,8,8,Stopped
1770562987.9707386,57.83440183,12.30723617,57.83440053,12.30723806,2.314,2.500,1.130,0.52,7,7,Stopped
1770562988.9687212,57.83440233,12.30724000,57.83440143,12.30723903,2.314,2.500,1.130,0.45,7,7,Stopped
1770562989.964633,57.83439867,12.30724833,57.83440005,12.30724368,2.314,2.500,1.130,1.08,7,7,Forward
1770562990.9744365,57.83440350,12.30725450,57.83440178,12.30724909,2.314,2.500,1.130,0.86,7,7,Forward
1770562991.9655306,57.83440867,12.30726333,57.83440522,12.30725621,2.314,2.500,1.130,1.04,7,7,Forward
1770562992.9719095,57.83441400,12.30727033,57.83440961,12.30726327,2.314,2.500,1.130,1.27,7,7,Forward
1770562993.9671905,57.83440917,12.30727267,57.83440939,12.30726797,2.238,2.500,1.050,1.04,8,8,Forward
1770562994.9706438,57.83440967,12.30727967,57.83440953,12.30727382,2.238,2.500,1.050,1.17,8,8,Forward
1770562995.967476,57.83441067,12.30728100,57.83441010,12.30727741,2.238,2.500,1.050,0.69,8,8,Forward
1770562996.9660342,57.83442217,12.30728317,57.83441613,12.30728029,2.238,2.500,1.050,1.24,8,8,Stopped
1770562997.9611893,57.83441933,12.30728417,57.83441773,12.30728223,2.238,2.500,1.050,0.54,8,8,Stopped
1770562998.9671872,57.83442100,12.30728133,57.83441937,12.30728178,2.238,2.500,1.050,0.21,8,8,Stopped
1770562999.972936,57.83441633,12.30728400,57.83441785,12.30728289,2.238,2.500,1.050,0.74,8,8,Stopped
1770563000.971113,57.83441200,12.30728117,57.83441492,12.30728203,2.238,2.500,1.050,0.91,8,8,Stopped
1770563001.9647245,57.83440900,12.30727800,57.83441196,12.30728001,2.238,2.500,1.050,1.14,8,8,Stopped
1770563002.9704006,57.83440700,12.30727750,57.83440948,12.30727876,2.238,2.500,1.050,1.23,8,8,Stopped
1770563003.968608,57.83441167,12.30728250,57.83441057,12.30728063,2.238,2.500,1.050,0.70,8,8,Stopped
1770563004.9530506,57.83441150,12.30728050,57.83441104,12.30728056,2.238,2.500,1.050,0.36,8,8,Stopped
1770563005.970649,57.83441283,12.30727617,57.83441194,12.30727837,2.238,2.500,1.050,0.14,8,8,Stopped
1770563006.9718966,57.83440750,12.30727467,57.83440972,12.30727652,2.238,2.500,1.050,0.59,8,8,Stopped
1770563007.9711351,57.83440200,12.30727150,57.83440586,12.30727401,2.238,2.500,1.050,1.11,8,8,Stopped
1770563008.9662333,57.83440117,12.30727100,57.83440351,12.30727250,2.238,2.500,1.050,0.89,8,8,Stopped
1770563009.973411,57.83440400,12.30726050,57.83440376,12.30726650,2.238,2.500,1.050,1.16,8,8,Reverse
1770563010.9686446,57.83440283,12.30726417,57.83440329,12.30726533,2.238,2.500,1.050,0.38,8,8,Stopped
1770563011.9690585,57.83440067,12.30725483,57.83440198,12.30726008,2.238,2.500,1.050,0.98,8,8,Reverse
1770563012.9666004,57.83439600,12.30724333,57.83439899,12.30725171,2.238,2.500,1.050,1.67,8,8,Reverse
1770563013.9658005,57.83440100,12.30724467,57.83440000,12.30724819,2.238,2.500,1.050,0.76,8,8,Reverse
1770563014.9708662,57.83440433,12.30724683,57.83440216,12.30724751,2.238,2.500,1.050,0.72,8,8,Stopped
1770563015.9681127,57.83440950,12.30724350,57.83440583,12.30724551,2.238,2.500,1.050,1.07,8,8,Stopped
1770563016.973907,57.83441333,12.30725550,57.83440958,12.30725050,2.238,2.500,1.050,1.23,8,8,Forward
1770563017.9697042,57.83440700,12.30725683,57.83440829,12.30725367,2.238,2.500,1.050,0.68,8,8,Stopped
1770563018.959879,57.83440017,12.30724233,57.83440423,12.30724800,2.238,2.500,1.050,1.10,8,8,Reverse
1770563019.9715917,57.83438567,12.30723600,57.83439495,12.30724200,2.276,2.500,1.090,2.19,7,7,Reverse
1770563020.9680715,57.83438667,12.30723017,57.83439081,12.30723608,2.276,2.500,1.090,1.67,7,7,Reverse
1770563021.9728618,57.83438800,12.30723267,57.83438940,12.30723438,2.276,2.500,1.090,0.89,7,7,Stopped
1770563022.9682493,57.83438433,12.30723683,57.83438687,12.30723560,2.276,2.500,1.090,0.84,7,7,Stopped
1770563023.9647267,57.83437883,12.30723550,57.83438285,12.30723555,2.276,2.500,1.090,1.04,7,7,Stopped
1770563024.9708464,57.83437933,12.30723067,57.83438109,12.30723311,2.276,2.500,1.090,1.07,7,7,Stopped
1770563025.9665096,57.83438200,12.30723317,57.83438155,12.30723314,2.276,2.500,1.090,0.58,7,7,Stopped
1770563026.9550178,57.83438583,12.30723617,57.83438369,12.30723465,2.276,2.500,1.090,0.29,7,7,Stopped
1770563027.970546,57.83437833,12.30724450,57.83438101,12.30723958,2.276,2.500,1.090,0.86,7,7,Forward
1770563028.974572,57.83439133,12.30724467,57.83438617,12.30724212,2.276,2.500,1.090,0.94,7,7,Stopped
1770563029.9714227,57.83439183,12.30723017,57.83438900,12.30723614,2.276,2.500,1.090,1.60,7,7,Reverse
1770563030.9662354,57.83439533,12.30722617,57.83439217,12.30723116,2.276,2.500,1.090,1.58,7,7,Reverse
1770563031.971294,57.83438783,12.30722083,57.83439000,12.30722599,2.276,2.500,1.090,1.50,7,7,Reverse
1770563032.967018,57.83438017,12.30721217,57.83438508,12.30721908,2.276,2.500,1.090,2.01,7,7,Reverse
1770563033.9540677,57.83438283,12.30720900,57.83438396,12.30721404,2.276,2.500,1.090,1.59,7,7,Reverse
1770563034.9692507,57.83438117,12.30721050,57.83438256,12.30721227,2.276,2.500,1.090,1.12,7,7,Stopped
1770563035.9682527,57.83436700,12.30722067,57.83437478,12.30721647,2.276,2.500,1.090,2.24,7,7,Forward
1770563036.962346,57.83436483,12.30723167,57.83436981,12.30722407,2.276,2.500,1.090,2.01,7,7,Forward
1770563037.9688592,57.83436917,12.30722383,57.83436949,12.30722395,2.276,2.500,1.090,1.45,7,7,Stopped
1770563038.973128,57.83437317,12.30722100,57.83437133,12.30722248,2.238,2.500,1.050,1.35,8,8,Stopped
1770563039.972584,57.83436450,12.30722183,57.83436791,12.30722215,2.238,2.500,1.050,2.78,8,8,Stopped
1770563040.9762034,57.83436450,12.30723467,57.83436621,12.30722841,2.238,2.500,1.050,2.51,8,8,Forward
1770563041.9710994,57.83436883,12.30723883,57.83436752,12.30723362,2.276,2.500,1.090,1.29,7,7,Forward
1770563042.9686043,57.83437333,12.30725017,57.83437043,12.30724189,2.276,2.500,1.090,1.33,7,7,Forward
1770563043.9636185,57.83436900,12.30724883,57.83436971,12.30724536,2.276,2.500,1.090,0.78,7,7,Forward
1770563044.9600143,57.83436383,12.30725133,57.83436677,12.30724835,2.276,2.500,1.090,1.33,7,7,Stopped
1770563045.9524326,57.83437050,12.30725517,57.83436864,12.30725176,2.276,2.500,1.090,0.55,7,7,Forward
1770563046.9708388,57.83436750,12.30726933,57.83436807,12.30726055,2.276,2.500,1.090,1.75,7,7,Forward
1770563047.9659398,57.83436500,12.30726633,57.83436653,12.30726344,2.276,2.500,1.090,0.96,7,7,Stopped
1770563048.95392,57.83436067,12.30726517,57.83436360,12.30726430,2.276,2.500,1.090,1.77,7,7,Stopped
1770563049.9681437,57.83435717,12.30726300,57.83436038,12.30726365,2.238,2.500,1.050,1.92,8,8,Stopped
1770563050.9550655,57.83435983,12.30726000,57.83436011,12.30726183,2.238,2.500,1.050,0.99,8,8,Stopped
1770563051.9724355,57.83435800,12.30726117,57.83435905,12.30726150,2.276,2.500,1.090,1.05,7,7,Stopped
1770563052.9662971,57.83434917,12.30725683,57.83435411,12.30725916,2.276,2.500,1.090,1.89,7,7,Stopped
1770563053.9707704,57.83434950,12.30726050,57.83435181,12.30725983,2.276,2.500,1.090,1.56,7,7,Stopped
1770563054.967426,57.83435117,12.30725517,57.83435149,12.30725750,2.276,2.500,1.090,1.50,8,8,Stopped
1770563055.963653,57.83434800,12.30725200,57.83434974,12.30725475,2.238,2.500,1.050,1.83,8,8,Stopped
1770563056.9714346,57.83434650,12.30725717,57.83434812,12.30725596,2.238,2.500,1.050,1.85,8,8,Stopped
1770563057.9748135,57.83436450,12.30724717,57.83435631,12.30725156,2.276,2.500,1.090,0.44,7,7,Reverse
1770563058.971001,57.83437350,12.30723550,57.83436491,12.30724353,2.238,2.500,1.050,1.00,8,8,Reverse
1770563059.969568,57.83439650,12.30722733,57.83438070,12.30723543,2.238,2.500,1.050,3.11,8,8,Reverse
1770563060.9738443,57.83441617,12.30721933,57.83439843,12.30722738,2.238,2.500,1.050,4.14,8,8,Reverse
1770563061.969398,57.83441167,12.30720400,57.83440505,12.30721569,2.238,2.500,1.050,2.75,8,8,Reverse
1770563062.9681094,57.83440767,12.30719933,57.83440636,12.30720751,2.238,2.500,1.050,1.39,8,8,Reverse
1770563063.9708483,57.83441967,12.30719033,57.83441301,12.30719892,2.238,2.500,1.050,2.23,8,8,Reverse
1770563064.9661117,57.83443583,12.30718583,57.83442442,12.30719238,2.238,2.500,1.050,3.11,8,8,Reverse
1770563065.9738007,57.83444633,12.30718067,57.83443538,12.30718652,2.238,2.500,1.050,3.46,8,8,Reverse
1770563066.9595842,57.83444433,12.30717250,57.83443986,12.30717951,2.238,2.500,1.050,2.36,8,8,Reverse
1770563067.965358,57.83445217,12.30717267,57.83444601,12.30717609,2.238,2.500,1.050,2.29,8,8,Reverse
1770563068.9720664,57.83445400,12.30716800,57.83445001,12.30717204,2.238,2.500,1.050,2.01,8,8,Reverse
1770563069.9674504,57.83445383,12.30716600,57.83445192,12.30716902,2.238,2.500,1.050,1.64,8,8,Stopped
1770563070.974153,57.83444583,12.30716417,57.83444888,12.30716659,2.238,2.500,1.050,0.48,8,8,Stopped
1770563071.9691703,57.83445350,12.30716317,57.83445119,12.30716488,2.238,2.500,1.050,1.28,8,8,Stopped
1770563072.9663422,57.83444933,12.30716300,57.83445026,12.30716394,2.238,2.500,1.050,0.78,8,8,Stopped
1770563073.9723198,57.83445583,12.30715700,57.83445305,12.30716047,2.238,2.500,1.050,1.19,8,8,Reverse
1770563074.9681873,57.83446033,12.30715017,57.83445669,12.30715532,2.238,2.500,1.050,1.53,8,8,Reverse
1770563075.9729118,57.83445583,12.30714533,57.83445626,12.30715033,2.238,2.500,1.050,0.86,8,8,Reverse
1770563076.9698193,57.83446367,12.30714900,57.83445996,12.30714966,2.238,2.500,1.050,1.29,8,8,Stopped
1770563077.9653807,57.83446900,12.30715350,57.83446448,12.30715158,2.238,2.500,1.050,1.69,8,8,Stopped
1770563078.9728572,57.83447417,12.30715950,57.83446932,12.30715554,2.238,2.500,1.050,2.08,8,8,Forward
1770563079.9675417,57.83447033,12.30715467,57.83446983,12.30715510,2.238,2.500,1.050,1.33,8,8,Stopped
1770563080.9712927,57.83447283,12.30716167,57.83447133,12.30715839,2.238,2.500,1.050,1.45,8,8,Stopped
1770563081.969561,57.83447233,12.30715750,57.83447183,12.30715794,2.238,2.500,1.050,1.32,8,8,Stopped
1770563082.9662743,57.83448083,12.30716733,57.83447633,12.30716264,2.238,2.500,1.050,2.15,8,8,Forward
1770563083.971956,57.83447117,12.30716667,57.83447375,12.30716465,2.238,2.500,1.050,0.50,8,8,Stopped
1770563084.971183,57.83446750,12.30717933,57.83447062,12.30717199,2.238,2.500,1.050,1.27,8,8,Forward
1770563085.9731052,57.83446767,12.30718533,57.83446915,12.30717866,2.238,2.500,1.050,1.21,8,8,Forward
1770563086.9691837,57.83446833,12.30718850,57.83446874,12.30718358,2.238,2.500,1.050,1.12,8,8,Forward
1770563087.971738,57.83446067,12.30717883,57.83446470,12.30718121,2.238,2.500,1.050,0.33,8,8,Stopped
1770563088.969301,57.83446017,12.30719217,57.83446243,12.30718669,2.238,2.500,1.050,1.09,8,8,Forward
1770563089.9680576,57.83446333,12.30719700,57.83446288,12.30719184,2.238,2.500,1.050,1.21,8,8,Forward
1770563090.973029,57.83445817,12.30720600,57.83446053,12.30719892,2.238,2.500,1.050,1.50,8,8,Forward
1770563091.9681394,57.83445750,12.30721483,57.83445901,12.30720688,2.238,2.500,1.050,1.63,8,8,Forward
1770563092.9643214,57.83446450,12.30722150,57.83446176,12.30721419,2.238,2.500,1.050,1.55,8,8,Forward
1770563093.9677536,57.83447367,12.30722600,57.83446771,12.30722009,2.238,2.500,1.050,1.92,8,8,Forward
1770563094.9655895,57.83448450,12.30723583,57.83447611,12.30722796,2.238,2.500,1.050,2.87,8,8,Forward
1770563095.9653294,57.83448967,12.30724800,57.83448289,12.30723798,2.238,2.500,1.050,3.07,8,8,Forward
1770563096.968131,57.83449567,12.30725650,57.83448928,12.30724724,2.238,2.500,1.050,3.23,8,8,Forward
1770563097.9535098,57.83448767,12.30725633,57.83448847,12.30725179,2.238,2.500,1.050,1.63,8,8,Forward
1770563098.9673302,57.83448250,12.30725517,57.83448549,12.30725348,2.276,2.500,1.090,0.66,7,7,Stopped
1770563099.9672942,57.83448967,12.30725817,57.83448758,12.30725582,2.276,2.500,1.090,1.39,7,7,Stopped
1770563100.9705696,57.83448800,12.30725567,57.83448779,12.30725574,2.276,2.500,1.090,0.87,7,7,Stopped
1770563101.9693656,57.83448767,12.30725300,57.83448773,12.30725437,2.276,2.500,1.090,0.71,7,7,Stopped
1770563102.9680808,57.83448817,12.30725267,57.83448795,12.30725352,2.276,2.500,1.090,0.86,7,7,Stopped
1770563103.9745495,57.83448917,12.30725100,57.83448856,12.30725226,2.276,2.500,1.090,1.02,7,7,Stopped
1770563104.9662433,57.83448550,12.30724817,57.83448703,12.30725021,2.238,2.500,1.050,0.61,8,8,Stopped
1770563105.9725642,57.83448500,12.30724117,57.83448601,12.30724569,2.238,2.500,1.050,0.91,8,8,Reverse
1770563106.9673839,57.83448850,12.30722650,57.83448726,12.30723609,2.238,2.500,1.050,2.20,8,8,Reverse
1770563107.9731512,57.83448117,12.30721983,57.83448421,12.30722796,2.238,2.500,1.050,1.61,8,8,Reverse
1770563108.9687095,57.83447667,12.30721667,57.83448044,12.30722232,2.238,2.500,1.050,1.28,8,8,Reverse
1770563109.9659622,57.83447000,12.30721300,57.83447522,12.30721766,2.238,2.500,1.050,1.41,8,8,Reverse
1770563110.9718018,57.83446433,12.30721183,57.83446978,12.30721475,2.238,2.500,1.050,1.22,8,8,Stopped
1770563111.967324,57.83445600,12.30720850,57.83446289,12.30721162,2.238,2.500,1.050,1.78,8,8,Stopped
1770563112.9731617,57.83445067,12.30720767,57.83445678,12.30720964,2.238,2.500,1.050,1.64,8,8,Stopped
1770563113.9693837,57.83445050,12.30721133,57.83445364,12.30721049,2.248,2.500,1.060,0.66,7,7,Stopped
1770563114.9644504,57.83444883,12.30721300,57.83445124,12.30721174,2.248,2.500,1.060,0.51,7,7,Stopped
1770563115.9739165,57.83445350,12.30722217,57.83445237,12.30721696,2.248,2.500,1.060,0.64,7,7,Forward
1770563116.9672618,57.83446083,12.30722433,57.83445660,12.30722064,2.400,2.500,1.220,1.39,6,6,Forward
1770563117.9620671,57.83446783,12.30722817,57.83446222,12.30722441,2.400,2.500,1.220,1.76,6,6,Forward
1770563118.9706166,57.83446317,12.30722267,57.83446269,12.30722354,2.324,2.500,1.140,0.62,7,7,Stopped
1770563119.976514,57.83446733,12.30722717,57.83446501,12.30722535,2.324,2.500,1.140,1.18,7,7,Stopped
1770563120.9693823,57.83446483,12.30722817,57.83446492,12.30722676,2.324,2.500,1.140,0.69,7,7,Stopped
1770563121.9660642,57.83446500,12.30722617,57.83446496,12.30722646,2.324,2.500,1.140,0.46,7,7,Stopped
1770563122.9707882,57.83446283,12.30722833,57.83446390,12.30722740,2.324,2.500,1.140,0.17,7,7,Stopped
1770563123.9665544,57.83446350,12.30723367,57.83446370,12.30723053,2.324,2.500,1.140,0.62,7,7,Stopped
1770563124.964792,57.83445550,12.30723167,57.83445960,12.30723110,2.324,2.500,1.140,0.52,7,7,Stopped
1770563125.9687533,57.83444967,12.30723133,57.83445463,12.30723122,2.324,2.500,1.140,0.86,7,7,Stopped
1770563126.9644415,57.83444317,12.30723117,57.83444890,12.30723119,2.324,2.500,1.140,1.21,7,7,Stopped
1770563127.9728715,57.83444117,12.30723267,57.83444503,12.30723193,2.324,2.500,1.140,0.75,7,7,Stopped
1770563128.967552,57.83443850,12.30723400,57.83444177,12.30723296,2.324,2.500,1.140,0.75,7,7,Stopped
1770563129.973118,57.83443750,12.30723650,57.83443963,12.30723473,2.324,2.500,1.140,0.61,7,7,Stopped
1770563130.9693525,57.83443650,12.30723933,57.83443807,12.30723703,2.324,2.500,1.140,0.58,7,7,Stopped
1770563131.9645927,57.83443250,12.30723800,57.83443528,12.30723752,2.324,2.500,1.140,0.91,7,7,Stopped
1770563132.97078,57.83443417,12.30723983,57.83443472,12.30723867,2.324,2.500,1.140,0.24,7,7,Stopped
1770563133.9661777,57.83443300,12.30724400,57.83443386,12.30724134,2.324,2.500,1.140,0.31,7,7,Stopped
1770563134.972063,57.83443600,12.30724367,57.83443493,12.30724250,2.238,2.500,1.050,0.48,8,8,Stopped
1770563135.9708316,57.83443767,12.30724617,57.83443630,12.30724433,2.238,2.500,1.050,0.42,8,8,Stopped
1770563136.9523852,57.83443983,12.30724917,57.83443807,12.30724675,2.238,2.500,1.050,0.59,8,8,Stopped
1770563137.9757955,57.83444250,12.30725217,57.83444028,12.30724946,2.238,2.500,1.050,0.73,8,8,Stopped
1770563138.966657,57.83444517,12.30725700,57.83444272,12.30725323,2.238,2.500,1.050,1.20,8,8,Forward
1770563139.9720204,57.83444133,12.30725200,57.83444203,12.30725261,2.276,2.500,1.090,0.33,7,7,Stopped
1770563140.970295,57.83442567,12.30723817,57.83443385,12.30724539,2.238,2.500,1.050,1.93,8,8,Reverse
1770563141.9734454,57.83442700,12.30723600,57.83443042,12.30724070,2.238,2.500,1.050,1.40,8,8,Reverse
1770563142.971319,57.83443550,12.30723833,57.83443296,12.30723951,2.238,2.500,1.050,0.72,8,8,Stopped
1770563143.970189,57.83443467,12.30723717,57.83443381,12.30723834,2.238,2.500,1.050,0.49,8,8,Stopped
1770563144.9711502,57.83443967,12.30724700,57.83443674,12.30724267,2.238,2.500,1.050,0.85,8,8,Forward
1770563145.9684749,57.83443800,12.30724733,57.83443737,12.30724500,2.238,2.500,1.050,0.21,8,8,Stopped
1770563146.9545825,57.83442467,12.30724333,57.83443102,12.30724417,2.238,2.500,1.050,1.48,8,8,Stopped
1770563147.9682398,57.83442300,12.30724717,57.83442701,12.30724567,2.238,2.500,1.050,1.21,8,8,Stopped
1770563148.9714193,57.83441467,12.30724400,57.83442084,12.30724483,2.238,2.500,1.050,1.72,8,8,Stopped
1770563149.970618,57.83440900,12.30724300,57.83441492,12.30724392,2.238,2.500,1.050,1.95,8,8,Stopped
1770563150.9707568,57.83440400,12.30725033,57.83440946,12.30724713,2.238,2.500,1.050,1.97,8,8,Stopped
1770563151.9644551,57.83440400,12.30725483,57.83440673,12.30725098,2.238,2.500,1.050,1.33,8,8,Forward
1770563152.9713776,57.83439817,12.30725167,57.83440245,12.30725132,2.238,2.500,1.050,1.76,8,8,Stopped
1770563153.9659822,57.83439833,12.30725333,57.83440039,12.30725233,2.238,2.500,1.050,1.32,8,8,Stopped
1770563154.9706516,57.83440433,12.30725933,57.83440236,12.30725583,2.238,2.500,1.050,0.69,8,8,Forward
1770563155.9690306,57.83440533,12.30725700,57.83440385,12.30725642,2.333,2.500,1.150,1.04,7,7,Stopped
1770563156.9526482,57.83440783,12.30725733,57.83440584,12.30725687,2.333,2.500,1.150,1.07,7,7,Stopped
1770563157.970742,57.83441650,12.30726150,57.83441117,12.30725919,2.333,2.500,1.150,0.76,7,7,Stopped
1770563158.966344,57.83441583,12.30726300,57.83441350,12.30726109,2.333,2.500,1.150,0.32,7,7,Stopped
1770563159.9713988,57.83441850,12.30726500,57.83441600,12.30726305,2.333,2.500,1.150,0.26,7,7,Stopped
1770563160.9772897,57.83442567,12.30727417,57.83442083,12.30726861,2.333,2.500,1.150,0.89,7,7,Forward
1770563161.9731503,57.83443583,12.30728133,57.83442833,12.30727497,2.333,2.500,1.150,1.72,7,7,Forward
1770563162.9698262,57.83443883,12.30728483,57.83443358,12.30727990,2.333,2.500,1.150,1.21,7,7,Forward
1770563163.9654074,57.83444083,12.30728650,57.83443721,12.30728320,2.333,2.500,1.150,1.07,7,7,Stopped
1770563164.961625,57.83443900,12.30728383,57.83443810,12.30728352,2.333,2.500,1.150,0.76,7,7,Stopped
1770563165.9660795,57.83444283,12.30728733,57.83444047,12.30728543,2.333,2.500,1.150,0.81,7,7,Stopped
1770563166.9727967,57.83444483,12.30728867,57.83444265,12.30728705,2.238,2.500,1.050,0.28,8,8,Stopped
1770563167.968781,57.83444717,12.30728900,57.83444491,12.30728802,2.238,2.500,1.050,0.09,8,8,Stopped
1770563168.954149,57.83444033,12.30728033,57.83444262,12.30728418,2.333,2.500,1.150,1.23,7,7,Reverse
1770563169.9707172,57.83443700,12.30727667,57.83443981,12.30728042,2.333,2.500,1.150,1.27,7,7,Reverse
1770563170.968427,57.83443583,12.30727483,57.83443782,12.30727763,2.333,2.500,1.150,1.14,7,7,Stopped
1770563171.9623783,57.83443300,12.30727100,57.83443541,12.30727431,2.333,2.500,1.150,1.67,7,7,Stopped
1770563172.9685073,57.83443433,12.30727367,57.83443487,12.30727399,2.333,2.500,1.150,1.17,7,7,Stopped
1770563173.9650567,57.83443867,12.30727983,57.83443677,12.30727691,2.238,2.500,1.050,0.38,8,8,Stopped
1770563174.9723377,57.83444200,12.30728517,57.83443938,12.30728104,2.238,2.500,1.050,0.52,8,8,Forward
1770563175.9684584,57.83444333,12.30728650,57.83444136,12.30728377,2.238,2.500,1.050,0.28,8,8,Stopped
1770563176.9710224,57.83444233,12.30728500,57.83444185,12.30728438,2.238,2.500,1.050,0.27,8,8,Stopped
1770563177.9685962,57.83444417,12.30728667,57.83444301,12.30728553,2.238,2.500,1.050,0.11,8,8,Stopped
1770563178.9712646,57.83444350,12.30728567,57.83444325,12.30728560,2.238,2.500,1.050,0.31,8,8,Stopped
1770563179.9719322,57.83444300,12.30728517,57.83444313,12.30728538,2.238,2.500,1.050,0.43,8,8,Stopped
1770563180.9662192,57.83444383,12.30728667,57.83444348,12.30728602,2.238,2.500,1.050,0.26,8,8,Stopped
1770563181.9720514,57.83444283,12.30728767,57.83444316,12.30728685,2.238,2.500,1.050,0.46,8,8,Stopped
1770563182.9690642,57.83444550,12.30729333,57.83444433,12.30729009,2.238,2.500,1.050,0.41,8,8,Stopped
1770563183.9641128,57.83443967,12.30729133,57.83444200,12.30729071,2.238,2.500,1.050,0.70,8,8,Stopped
1770563184.9697258,57.83444067,12.30729300,57.83444133,12.30729186,2.238,2.500,1.050,0.28,8,8,Stopped
1770563185.9651363,57.83444617,12.30730083,57.83444375,12.30729634,2.238,2.500,1.050,0.71,8,8,Forward
1770563186.9719865,57.83444667,12.30730300,57.83444521,12.30729967,2.238,2.500,1.050,0.55,8,8,Stopped
1770563187.9663973,57.83444967,12.30730483,57.83444744,12.30730225,2.238,2.500,1.050,0.89,8,8,Stopped
1770563188.9540923,57.83444750,12.30730000,57.83444747,12.30730113,2.238,2.500,1.050,0.38,8,8,Stopped
1770563189.9711607,57.83444750,12.30729867,57.83444748,12.30729990,2.238,2.500,1.050,0.50,8,8,Stopped
1770563190.9662707,57.83444683,12.30729800,57.83444716,12.30729895,2.238,2.500,1.050,0.37,8,8,Stopped
1770563191.97398,57.83445150,12.30730533,57.83444933,12.30730214,2.333,2.500,1.150,0.81,7,7,Stopped
1770563192.966209,57.83445267,12.30730300,57.83445100,12.30730257,2.333,2.500,1.150,0.91,7,7,Stopped
1770563193.9612968,57.83445150,12.30730233,57.83445125,12.30730245,2.333,2.500,1.150,0.73,7,7,Stopped
1770563194.96963,57.83445533,12.30730917,57.83445329,12.30730581,2.333,2.500,1.150,1.26,7,7,Stopped
1770563195.9649966,57.83445767,12.30731650,57.83445548,12.30731115,2.333,2.500,1.150,1.60,7,7,Forward
1770563196.9712121,57.83445467,12.30731783,57.83445507,12.30731449,2.333,2.500,1.150,1.34,7,7,Stopped
1770563197.9663594,57.83445300,12.30731667,57.83445404,12.30731558,2.333,2.500,1.150,0.93,7,7,Stopped
1770563198.9613419,57.83444550,12.30731133,57.83444977,12.30731346,2.333,2.500,1.150,0.77,7,7,Stopped
1770563199.968736,57.83444617,12.30731200,57.83444797,12.30731273,2.333,2.500,1.150,0.16,7,7,Stopped
1770563200.9623706,57.83444400,12.30730983,57.83444598,12.30731128,2.333,2.500,1.150,0.06,7,7,Stopped
1770563201.9660597,57.83444317,12.30730833,57.83444458,12.30730981,2.333,2.500,1.150,0.09,7,7,Stopped
1770563202.9662323,57.83443817,12.30730383,57.83444137,12.30730682,2.333,2.500,1.150,0.58,7,7,Stopped
1770563203.9722006,57.83442717,12.30729550,57.83443427,12.30730116,2.333,2.500,1.150,0.74,7,7,Reverse
1770563204.9669878,57.83441717,12.30728650,57.83442572,12.30729383,2.238,2.500,1.050,0.93,8,8,Reverse
1770563205.9730463,57.83440617,12.30727567,57.83441594,12.30728475,2.238,2.500,1.050,1.15,8,8,Reverse
1770563206.9675593,57.83439467,12.30726433,57.83440530,12.30727454,2.238,2.500,1.050,1.53,8,8,Reverse
1770563207.9738991,57.83438133,12.30725133,57.83439332,12.30726294,2.238,2.500,1.050,2.27,8,8,Reverse
1770563208.9716904,57.83437333,12.30723783,57.83438333,12.30725039,2.238,2.500,1.050,1.97,8,8,Reverse
1770563209.9682233,57.83436717,12.30723133,57.83437525,12.30724086,2.238,2.500,1.050,2.32,8,8,Reverse
1770563210.9534004,57.83436600,12.30723083,57.83437062,12.30723585,2.333,2.500,1.150,1.84,7,7,Reverse
1770563211.958776,57.83436633,12.30723067,57.83436848,12.30723326,2.333,2.500,1.150,1.37,7,7,Stopped
1770563212.9644666,57.83436967,12.30723133,57.83436907,12.30723229,2.333,2.500,1.150,0.81,7,7,Stopped
1770563213.9696069,57.83436933,12.30723217,57.83436920,12.30723223,2.333,2.500,1.150,0.66,7,7,Stopped
1770563214.955431,57.83436767,12.30722883,57.83436843,12.30723053,2.333,2.500,1.150,0.77,7,7,Stopped
1770563215.9593146,57.83436783,12.30723233,57.83436813,12.30723143,2.333,2.500,1.150,0.65,7,7,Stopped
1770563216.9664447,57.83436833,12.30723433,57.83436823,12.30723288,2.333,2.500,1.150,0.64,7,7,Stopped
1770563217.966089,57.83436583,12.30722717,57.83436703,12.30723002,2.333,2.500,1.150,1.21,7,7,Stopped
1770563218.970114,57.83436067,12.30722533,57.83436385,12.30722768,2.333,2.500,1.150,1.70,7,7,Stopped
1770563219.9606316,57.83436067,12.30722717,57.83436226,12.30722742,2.333,2.500,1.150,1.25,7,7,Stopped
1770563220.970598,57.83436833,12.30723400,57.83436530,12.30723071,2.333,2.500,1.150,0.37,7,7,Stopped
1770563221.9662395,57.83437017,12.30723417,57.83436773,12.30723244,2.333,2.500,1.150,0.33,7,7,Stopped
1770563222.9559832,57.83436733,12.30722867,57.83436753,12.30723055,2.333,2.500,1.150,0.44,7,7,Stopped
1770563223.9550982,57.83435933,12.30722150,57.83436343,12.30722603,2.333,2.500,1.150,1.40,7,7,Reverse
1770563224.965046,57.83436317,12.30721850,57.83436330,12.30722226,2.333,2.500,1.150,1.04,7,7,Reverse
1770563225.9740531,57.83436917,12.30721983,57.83436623,12.30722105,2.333,2.500,1.150,0.59,7,7,Stopped
1770563226.9645498,57.83437883,12.30722650,57.83437253,12.30722377,2.333,2.500,1.150,0.60,7,7,Stopped
1770563227.9734774,57.83438517,12.30723333,57.83437885,12.30722855,2.333,2.500,1.150,0.75,7,7,Forward
1770563228.9688284,57.83439167,12.30724283,57.83438526,12.30723569,2.333,2.500,1.150,1.21,7,7,Forward
1770563229.9689336,57.83439383,12.30724950,57.83438955,12.30724260,2.333,2.500,1.150,1.13,7,7,Forward
1770563230.953406,57.83439117,12.30725133,57.83439036,12.30724697,2.333,2.500,1.150,0.41,7,7,Forward
1770563231.9656653,57.83438717,12.30724800,57.83438876,12.30724748,2.333,2.500,1.150,0.86,7,7,Stopped
1770563232.9541516,57.83438367,12.30724800,57.83438621,12.30724774,2.419,2.500,1.240,1.06,6,6,Stopped
1770563233.956945,57.83438967,12.30725467,57.83438794,12.30725120,2.333,2.500,1.150,0.29,7,7,Forward
1770563234.961886,57.83439100,12.30725950,57.83438947,12.30725535,2.333,2.500,1.150,0.25,7,7,Forward
1770563235.9701164,57.83439383,12.30726500,57.83439165,12.30726018,2.333,2.500,1.150,0.13,7,7,Forward
1770563236.9663541,57.83439017,12.30726600,57.83439091,12.30726309,2.333,2.500,1.150,0.67,7,7,Stopped
1770563237.9579916,57.83437950,12.30725350,57.83438520,12.30725829,2.333,2.500,1.150,1.91,7,7,Reverse
1770563238.9665825,57.83438200,12.30725100,57.83438360,12.30725465,2.333,2.500,1.150,1.16,7,7,Reverse
1770563239.9620476,57.83438317,12.30724867,57.83438338,12.30725166,2.419,2.500,1.240,0.94,6,6,Stopped
1770563240.9575958,57.83438383,12.30724433,57.83438361,12.30724800,2.419,2.500,1.240,1.04,6,6,Reverse
1770563241.962472,57.83439267,12.30725167,57.83438814,12.30724983,2.419,2.500,1.240,0.16,6,6,Stopped
1770563242.9535136,57.83439433,12.30725100,57.83439124,12.30725042,2.429,2.500,1.250,0.35,6,6,Stopped
1770563243.965365,57.83439083,12.30724867,57.83439103,12.30724954,2.429,2.500,1.250,0.50,6,6,Stopped
1770563244.9640844,57.83438850,12.30724017,57.83438977,12.30724485,2.429,2.500,1.250,1.14,6,6,Reverse
1770563245.9540665,57.83439767,12.30724400,57.83439372,12.30724443,2.429,2.500,1.250,0.74,6,6,Stopped
1770563246.9631429,57.83441083,12.30725233,57.83440228,12.30724838,2.429,2.500,1.250,1.05,6,6,Forward
1770563247.9572594,57.83441300,12.30725400,57.83440764,12.30725119,2.429,2.500,1.250,0.75,6,6,Stopped
1770563248.965206,57.83442133,12.30726000,57.83441449,12.30725560,2.429,2.500,1.250,1.31,6,6,Forward
1770563249.9608214,57.83443017,12.30726650,57.83442233,12.30726105,2.429,2.500,1.250,1.60,6,6,Forward
1770563250.9659755,57.83442833,12.30726883,57.83442533,12.30726494,2.429,2.500,1.250,0.88,6,6,Forward
1770563251.96225,57.83442250,12.30726750,57.83442391,12.30726622,2.429,2.500,1.250,1.06,6,6,Stopped
1770563252.9675407,57.83442400,12.30726633,57.83442396,12.30726628,2.429,2.500,1.250,0.84,6,6,Stopped
1770563253.953716,57.83443483,12.30726633,57.83442940,12.30726631,2.429,2.500,1.250,0.55,6,6,Stopped
1770563254.9588282,57.83443917,12.30727050,57.83443428,12.30726840,2.429,2.500,1.250,0.49,6,6,Stopped
1770563255.955638,57.83443600,12.30726700,57.83443514,12.30726770,2.429,2.500,1.250,0.31,6,6,Stopped
1770563256.962397,57.83443867,12.30726317,57.83443690,12.30726543,2.429,2.500,1.250,0.38,6,6,Stopped
1770563257.9673738,57.83443167,12.30725100,57.83443429,12.30725822,2.429,2.500,1.250,1.40,6,6,Reverse
1770563258.962223,57.83442233,12.30724267,57.83442831,12.30725044,2.429,2.500,1.250,2.30,6,6,Reverse
1770563259.968933,57.83442967,12.30724550,57.83442899,12.30724797,2.429,2.500,1.250,1.20,6,6,Stopped
1770563260.9631295,57.83442650,12.30724567,57.83442774,12.30724682,2.429,2.500,1.250,1.29,6,6,Stopped
1770563261.9610445,57.83443633,12.30724350,57.83443204,12.30724516,2.429,2.500,1.250,0.34,6,6,Stopped
1770563262.9536471,57.83445433,12.30725917,57.83444319,12.30725216,2.429,2.500,1.250,1.33,6,6,Forward
1770563263.960309,57.83443967,12.30726250,57.83444143,12.30725733,2.429,2.500,1.250,1.53,6,6,Forward
1770563264.9565766,57.83445133,12.30727500,57.83444638,12.30726617,2.429,2.500,1.250,1.60,6,6,Forward
1770563265.962083,57.83445217,12.30727100,57.83444927,12.30726858,2.429,2.500,1.250,0.16,6,6,Stopped
1770563266.9577854,57.83446250,12.30728167,57.83445589,12.30727512,2.429,2.500,1.250,0.80,6,6,Forward
1770563267.9517202,57.83446967,12.30728733,57.83446278,12.30728123,2.429,2.500,1.250,0.91,6,6,Forward
1770563268.9607508,57.83447250,12.30729250,57.83446764,12.30728686,2.543,2.500,1.370,0.96,5,5,Forward
1770563269.9655163,57.83447933,12.30730800,57.83447349,12.30729743,2.543,2.500,1.370,1.92,5,5,Forward
1770563270.9621599,57.83448350,12.30731533,57.83447849,12.30730638,2.543,2.500,1.370,1.88,5,5,Forward
1770563271.9517674,57.83448483,12.30732117,57.83448166,12.30731377,2.552,2.500,1.380,1.77,5,5,Forward
1770563272.95115,57.83448133,12.30732633,57.83448150,12.30732005,2.552,2.500,1.380,1.63,5,5,Forward
1770563273.9518151,57.83448800,12.30732733,57.83448475,12.30732369,2.552,2.500,1.380,1.66,5,5,Forward
1770563274.9626832,57.83449950,12.30732867,57.83449212,12.30732618,2.429,2.500,1.250,2.17,6,6,Stopped
1770563275.9548495,57.83451800,12.30735000,57.83450506,12.30733809,2.429,2.500,1.250,2.75,6,6,Forward
1770563276.9659455,57.83452517,12.30737750,57.83451511,12.30735780,2.981,2.500,1.830,3.06,6,6,Forward
1770563277.951373,57.83453050,12.30738600,57.83452281,12.30737190,2.333,2.500,1.150,2.35,7,7,Forward
1770563278.9669774,57.83454333,12.30739633,57.83453307,12.30738412,2.333,2.500,1.150,2.53,7,7,Forward
1770563279.9542108,57.83453883,12.30740700,57.83453595,12.30739556,2.333,2.500,1.150,1.60,7,7,Forward
1770563280.9672065,57.83453283,12.30740550,57.83453439,12.30740053,2.333,2.500,1.150,0.57,7,7,Forward
1770563281.963725,57.83452283,12.30739517,57.83452861,12.30739785,2.333,2.500,1.150,0.46,7,7,Stopped
1770563282.9513648,57.83452483,12.30739733,57.83452672,12.30739759,2.429,2.500,1.250,0.47,6,6,Stopped
1770563283.9563272,57.83451883,12.30739533,57.83452278,12.30739646,2.429,2.500,1.250,0.45,6,6,Stopped
1770563284.961978,57.83449783,12.30739983,57.83451031,12.30739815,2.429,2.500,1.250,2.27,6,6,Stopped
1770563285.9685733,57.83448700,12.30739033,57.83449865,12.30739424,2.429,2.500,1.250,2.25,6,6,Reverse
1770563286.9624257,57.83447117,12.30737600,57.83448491,12.30738512,2.429,2.500,1.250,2.80,6,6,Reverse
1770563287.968297,57.83446283,12.30737467,57.83447387,12.30737989,2.429,2.500,1.250,2.72,6,6,Reverse
1770563288.9638958,57.83445567,12.30735183,57.83446477,12.30736586,2.429,2.500,1.250,2.57,6,6,Reverse
1770563289.962483,57.83444033,12.30733300,57.83445255,12.30734943,2.429,2.500,1.250,3.25,6,6,Reverse
1770563290.958194,57.83444183,12.30737100,57.83444719,12.30736022,2.429,2.500,1.250,2.79,6,6,Forward
1770563291.9504597,57.83444333,12.30737433,57.83444526,12.30736727,2.429,2.500,1.250,2.19,6,6,Forward
1770563292.958112,57.83444017,12.30737050,57.83444271,12.30736889,2.552,2.500,1.380,2.16,5,5,Stopped
1770563293.963016,57.83442967,12.30735683,57.83443619,12.30736286,2.552,2.500,1.380,2.34,5,5,Reverse
1770563294.959165,57.83442350,12.30734600,57.83442985,12.30735443,2.552,2.500,1.380,2.34,5,5,Reverse
1770563295.9566493,57.83442317,12.30733267,57.83442651,12.30734355,2.552,2.500,1.380,2.29,5,5,Reverse
1770563296.9604404,57.83440967,12.30732083,57.83441809,12.30733219,2.552,2.500,1.380,3.07,5,5,Reverse
1770563297.9574666,57.83439617,12.30730650,57.83440713,12.30731935,2.552,2.500,1.380,3.80,5,5,Reverse
1770563298.9535744,57.83438367,12.30729550,57.83439540,12.30730742,2.552,2.500,1.380,4.11,5,5,Reverse
1770563299.9547825,57.83438900,12.30729583,57.83439220,12.30730163,2.552,2.500,1.380,2.80,5,5,Reverse
1770563300.9641523,57.83439250,12.30729267,57.83439235,12.30729715,2.552,2.500,1.380,1.88,5,5,Reverse
1770563301.9594324,57.83438350,12.30730333,57.83438792,12.30730024,2.552,2.500,1.380,2.39,5,5,Stopped
1770563302.9566479,57.83437433,12.30729117,57.83438113,12.30729570,2.552,2.500,1.380,2.65,5,5,Reverse
1770563303.9531014,57.83437283,12.30727600,57.83437698,12.30728585,2.619,2.500,1.450,2.04,4,4,Reverse
1770563304.9537334,57.83438067,12.30726750,57.83437882,12.30727668,2.619,2.500,1.450,1.06,4,4,Reverse
1770563305.9619572,57.83437400,12.30726650,57.83437641,12.30727159,2.619,2.500,1.450,1.24,4,4,Reverse
1770563306.957279,57.83435817,12.30725033,57.83436729,12.30726096,2.619,2.500,1.450,2.42,4,4,Reverse
1770563307.9627473,57.83435383,12.30724317,57.83436056,12.30725206,2.619,2.500,1.450,2.29,4,4,Reverse
1770563308.958009,57.83434750,12.30723833,57.83435403,12.30724520,2.619,2.500,1.450,2.42,4,4,Reverse
1770563309.9555607,57.83434533,12.30723017,57.83434968,12.30723768,2.619,2.500,1.450,2.19,4,4,Reverse
1770563310.9539967,57.83433350,12.30722817,57.83434159,12.30723292,2.619,2.500,1.450,2.57,4,4,Reverse
1770563319.9530287,57.83431300,12.30725383,57.83432730,12.30724338,6.000,2.500,27.600,2.32,4,4,Forward
1770563320.9535675,57.83432917,12.30726917,57.83432823,12.30725627,4.248,2.500,3.160,2.03,5,5,Forward
1770563321.9539602,57.83435067,12.30727717,57.83433945,12.30726672,4.248,2.500,3.160,1.21,5,5,Forward
1770563322.959819,57.83433833,12.30725117,57.83433889,12.30725894,3.190,2.500,2.050,0.34,6,6,Reverse
1770563323.9653633,57.83434833,12.30727850,57.83434361,12.30726872,3.190,2.500,2.050,1.90,6,6,Forward
1770563324.9548883,57.83435983,12.30730783,57.83435172,12.30728828,3.190,2.500,2.050,2.69,6,6,Forward
1770563325.9684708,57.83436283,12.30730250,57.83435728,12.30729539,3.190,2.500,2.050,2.15,6,6,Forward
1770563326.95399,57.83437100,12.30731917,57.83436414,12.30730728,3.190,2.500,2.050,2.78,6,6,Forward
1770563327.953124,57.83437450,12.30732900,57.83436932,12.30731814,3.190,2.500,2.050,3.06,6,6,Forward
1770563328.9515095,57.83436283,12.30731783,57.83436608,12.30731799,3.190,2.500,2.050,2.02,6,6,Stopped
1770563329.9610043,57.83437083,12.30731300,57.83436845,12.30731549,3.190,2.500,2.050,1.83,6,6,Stopped
1770563330.964173,57.83437233,12.30730267,57.83437039,12.30730908,3.190,2.500,2.050,1.71,6,6,Reverse
1770563331.9529953,57.83438433,12.30732000,57.83437736,12.30731454,3.190,2.500,2.050,2.08,6,6,Forward
1770563335.9598088,57.83437483,12.30733917,57.83437610,12.30732685,6.000,2.500,25.420,0.89,4,4,Forward
1770563336.9537258,57.83439350,12.30736200,57.83438480,12.30734443,3.305,2.500,2.170,2.12,5,5,Forward
1770563337.9682128,57.83444700,12.30741467,57.83441590,12.30737955,3.305,2.500,2.170,1.92,5,5,Forward
1770563338.9663112,57.83447917,12.30744367,57.83444753,12.30741161,2.343,2.500,1.160,0.80,7,7,Forward
1770563339.9584858,57.83451217,12.30746100,57.83447985,12.30743630,2.343,2.500,1.160,0.71,7,7,Forward
1770563340.9683814,57.83453967,12.30748483,57.83450976,12.30746057,2.343,2.500,1.160,1.04,7,7,Forward
1770563341.95994,57.83456500,12.30749850,57.83453738,12.30747953,2.343,2.500,1.160,1.64,7,7,Forward
1770563342.9579132,57.83457833,12.30751083,57.83455786,12.30749518,2.343,2.500,1.160,1.19,7,7,Forward
1770563343.953468,57.83459367,12.30751633,57.83457576,12.30750576,2.343,2.500,1.160,0.58,7,7,Forward
1770563344.9533641,57.83460100,12.30752100,57.83458838,12.30751338,2.343,2.500,1.160,0.11,7,7,Forward
1770563345.9670508,57.83460917,12.30752450,57.83459877,12.30751894,2.343,2.500,1.160,0.38,7,7,Forward
1770563346.9544904,57.83461800,12.30752667,57.83460839,12.30752280,2.343,2.500,1.160,0.44,7,7,Forward
1770563347.968256,57.83462350,12.30752950,57.83461594,12.30752615,2.343,2.500,1.160,0.71,7,7,Stopped
1770563348.9627626,57.83462483,12.30752433,57.83462039,12.30752524,2.343,2.500,1.160,0.73,7,7,Stopped
1770563349.954185,57.83459983,12.30750617,57.83461011,12.30751570,2.238,2.500,1.050,2.14,8,8,Reverse
1770563350.9616628,57.83458617,12.30749417,57.83459814,12.30750494,2.667,2.500,1.500,2.09,7,7,Reverse
1770563351.9536932,57.83456983,12.30747500,57.83458399,12.30748997,2.667,2.500,1.500,2.41,7,7,Reverse
1770563352.9661374,57.83455150,12.30746683,57.83456774,12.30747840,2.667,2.500,1.500,3.04,7,7,Reverse
1770563353.9642088,57.83455233,12.30745667,57.83456004,12.30746753,2.667,2.500,1.500,1.61,7,7,Reverse
1770563354.968985,57.83454967,12.30744600,57.83455485,12.30745677,2.667,2.500,1.500,0.93,7,7,Reverse
1770563355.9532614,57.83456683,12.30745200,57.83456084,12.30745438,2.667,2.500,1.500,0.21,7,7,Stopped
1770563356.9605799,57.83457367,12.30745450,57.83456725,12.30745444,2.429,2.500,1.250,0.63,6,6,Stopped
1770563357.96506,57.83458350,12.30745483,57.83457538,12.30745464,2.429,2.500,1.250,0.53,6,6,Stopped
1770563358.973983,57.83458367,12.30744567,57.83457952,12.30745015,2.429,2.500,1.250,1.33,6,6,Reverse
1770563359.9692307,57.83459467,12.30743767,57.83458709,12.30744391,2.343,2.500,1.160,1.75,7,7,Reverse
1770563360.9548914,57.83460183,12.30743833,57.83459446,12.30744112,2.343,2.500,1.160,1.09,7,7,Stopped
1770563361.9708166,57.83461283,12.30744350,57.83460365,12.30744231,2.343,2.500,1.160,0.42,7,7,Stopped
1770563362.964334,57.83461667,12.30744333,57.83461016,12.30744282,2.343,2.500,1.160,0.52,7,7,Stopped
1770563363.9536107,57.83462483,12.30744767,57.83461750,12.30744524,2.343,2.500,1.160,0.30,7,7,Stopped
1770563364.9672203,57.83462167,12.30745133,57.83461958,12.30744829,2.352,2.500,1.170,0.78,7,7,Stopped
1770563365.9669366,57.83462350,12.30743467,57.83462154,12.30744148,2.352,2.500,1.170,1.37,7,7,Reverse
1770563366.9735894,57.83461767,12.30742133,57.83461960,12.30743141,2.238,2.500,1.050,1.92,8,8,Reverse
1770563367.953297,57.83460933,12.30740550,57.83461447,12.30741845,2.238,2.500,1.050,1.91,8,8,Reverse
1770563368.96155,57.83459500,12.30738583,57.83460473,12.30740214,2.667,2.500,1.500,2.70,7,7,Reverse
1770563369.9544094,57.83458467,12.30737200,57.83459470,12.30738707,2.667,2.500,1.500,2.59,7,7,Reverse
1770563370.9547427,57.83458867,12.30736650,57.83459168,12.30737679,2.667,2.500,1.500,1.56,7,7,Reverse
1770563371.954855,57.83458783,12.30736283,57.83458976,12.30736981,2.667,2.500,1.500,1.10,7,7,Reverse
1770563372.9547234,57.83458167,12.30735933,57.83458571,12.30736457,2.667,2.500,1.500,0.95,7,7,Reverse
1770563373.954155,57.83457700,12.30735700,57.83458136,12.30736079,2.667,2.500,1.500,0.90,7,7,Reverse
1770563374.9647286,57.83457533,12.30735367,57.83457834,12.30735723,2.667,2.500,1.500,0.91,7,7,Reverse
1770563375.9532487,57.83457533,12.30735117,57.83457684,12.30735420,2.667,2.500,1.500,0.73,7,7,Stopped
1770563376.9676237,57.83458333,12.30735817,57.83458009,12.30735618,2.667,2.500,1.500,0.96,7,7,Stopped
1770563377.9547408,57.83457383,12.30736217,57.83457696,12.30735917,2.667,2.500,1.500,0.80,7,7,Stopped
1770563378.9716127,57.83456833,12.30736417,57.83457265,12.30736167,2.667,2.500,1.500,0.66,7,7,Stopped
1770563379.9640725,57.83458683,12.30737750,57.83457974,12.30736959,2.667,2.500,1.500,1.40,7,7,Forward
1770563380.9602582,57.83459933,12.30738767,57.83458954,12.30737863,2.343,2.500,1.160,1.70,7,7,Forward
1770563381.9512625,57.83462233,12.30739767,57.83460593,12.30738815,2.343,2.500,1.160,3.02,7,7,Forward
1770563382.9515746,57.83462550,12.30740533,57.83461572,12.30739674,2.343,2.500,1.160,2.32,7,7,Forward
1770563383.973257,57.83463633,12.30740883,57.83462603,12.30740279,2.343,2.500,1.160,2.33,7,7,Forward
1770563384.9498816,57.83465117,12.30741583,57.83463860,12.30740931,2.343,2.500,1.160,2.76,7,7,Forward
1770563385.9546356,57.83466233,12.30741217,57.83465046,12.30741074,2.724,2.500,1.560,3.03,6,6,Stopped
1770563386.9561882,57.83467600,12.30742033,57.83466323,12.30741554,2.343,2.500,1.160,3.54,7,7,Forward
1770563387.9625578,57.83467767,12.30742217,57.83467045,12.30741885,2.343,2.500,1.160,2.71,7,7,Stopped
1770563388.9660137,57.83467467,12.30741200,57.83467256,12.30741543,2.343,2.500,1.160,1.69,7,7,Reverse
1770563389.961597,57.83467483,12.30741117,57.83467370,12.30741330,2.343,2.500,1.160,1.52,7,7,Stopped
1770563390.9672506,57.83467533,12.30740167,57.83467451,12.30740748,2.343,2.500,1.160,1.46,7,7,Reverse
1770563391.9644642,57.83467283,12.30738883,57.83467367,12.30739816,2.343,2.500,1.160,1.46,7,7,Reverse
1770563392.9601145,57.83467600,12.30737817,57.83467484,12.30738816,2.819,2.500,1.660,2.02,6,6,Reverse
1770563393.9509149,57.83466933,12.30735817,57.83467209,12.30737316,2.819,2.500,1.660,2.09,6,6,Reverse
1770563394.9536898,57.83466683,12.30735233,57.83466946,12.30736275,2.819,2.500,1.660,1.68,6,6,Reverse
1770563395.956579,57.83466600,12.30734417,57.83466773,12.30735346,2.819,2.500,1.660,1.85,6,6,Reverse
1770563396.9513922,57.83465750,12.30735000,57.83466261,12.30735173,2.819,2.500,1.660,0.96,6,6,Stopped
1770563397.9562192,57.83463667,12.30735167,57.83464964,12.30735170,3.286,2.500,2.150,0.59,5,5,Stopped
1770563398.9534829,57.83461567,12.30733350,57.83463265,12.30734260,2.819,2.500,1.660,1.68,6,6,Reverse
1770563399.960536,57.83460633,12.30733533,57.83461949,12.30733897,2.810,2.500,1.650,1.51,6,6,Reverse
1770563400.9674876,57.83460200,12.30731950,57.83461075,12.30732923,2.810,2.500,1.650,0.98,6,6,Reverse
1770563401.9618328,57.83458733,12.30730800,57.83459904,12.30731862,2.810,2.500,1.650,1.44,6,6,Reverse
1770563402.951492,57.83459667,12.30731533,57.83459785,12.30731697,2.810,2.500,1.650,0.30,6,6,Stopped
1770563403.9603121,57.83459367,12.30730550,57.83459576,12.30731124,2.810,2.500,1.650,0.30,6,6,Reverse
1770563404.9535253,57.83458850,12.30729450,57.83459213,12.30730287,2.810,2.500,1.650,0.52,6,6,Reverse
1770563405.9622416,57.83457917,12.30727967,57.83458565,12.30729127,2.810,2.500,1.650,0.91,6,6,Reverse
1770563406.9556289,57.83456617,12.30725950,57.83457591,12.30727538,2.810,2.500,1.650,1.94,6,6,Reverse
1770563407.9537923,57.83458183,12.30726200,57.83457887,12.30726869,2.810,2.500,1.650,1.37,6,6,Reverse
1770563408.9511356,57.83457833,12.30725700,57.83457860,12.30726285,2.810,2.500,1.650,0.91,6,6,Reverse
1770563409.9566753,57.83457400,12.30725283,57.83457630,12.30725784,2.810,2.500,1.650,0.62,6,6,Reverse
1770563410.9533386,57.83457217,12.30725350,57.83457423,12.30725567,2.810,2.500,1.650,0.43,6,6,Stopped
1770563411.9623349,57.83457200,12.30725583,57.83457312,12.30725575,2.810,2.500,1.650,0.32,6,6,Stopped
1770563412.9544919,57.83459000,12.30727067,57.83458156,12.30726321,2.810,2.500,1.650,1.95,6,6,Forward
1770563413.9512417,57.83458350,12.30725950,57.83458253,12.30726135,2.810,2.500,1.650,1.15,6,6,Stopped
1770563414.9622328,57.83458067,12.30726700,57.83458160,12.30726418,2.810,2.500,1.650,1.28,6,6,Stopped
1770563415.9539595,57.83456817,12.30725267,57.83457488,12.30725842,2.810,2.500,1.650,0.11,6,6,Reverse
1770563416.968792,57.83458017,12.30726550,57.83457752,12.30726196,2.810,2.500,1.650,1.11,6,6,Forward
1770563417.963692,57.83457667,12.30727183,57.83457710,12.30726690,2.667,2.500,1.500,1.26,7,7,Forward
1770563418.960288,57.83457200,12.30726433,57.83457455,12.30726562,2.667,2.500,1.500,0.76,7,7,Stopped
1770563419.96713,57.83455750,12.30726067,57.83456602,12.30726314,2.667,2.500,1.500,0.48,7,7,Stopped
1770563420.9545028,57.83455817,12.30727183,57.83456210,12.30726749,2.657,2.500,1.490,1.06,7,7,Forward
1770563421.9664779,57.83454467,12.30728133,57.83455338,12.30727441,2.657,2.500,1.490,1.87,7,7,Forward
1770563422.9620085,57.83453467,12.30727350,57.83454402,12.30727396,2.657,2.500,1.490,1.33,7,7,Stopped
1770563423.9537232,57.83454333,12.30728400,57.83454368,12.30727898,2.657,2.500,1.490,1.16,7,7,Forward
1770563424.9586868,57.83453683,12.30728117,57.83454026,12.30728007,2.657,2.500,1.490,0.71,7,7,Stopped
1770563425.9537878,57.83454100,12.30728067,57.83454063,12.30728037,2.657,2.500,1.490,0.23,7,7,Stopped
1770563426.966044,57.83453817,12.30729117,57.83453940,12.30728577,2.657,2.500,1.490,0.94,7,7,Forward
1770563427.9544506,57.83453733,12.30729467,57.83453837,12.30729022,2.657,2.500,1.490,0.82,7,7,Forward
1770563428.9663713,57.83454917,12.30730883,57.83454377,12.30729953,2.657,2.500,1.490,1.48,7,7,Forward
1770563429.9543793,57.83455150,12.30732017,57.83454763,12.30730985,2.657,2.500,1.490,1.55,7,7,Forward
1770563430.969309,57.83455417,12.30732450,57.83455090,12.30731717,2.657,2.500,1.490,1.56,7,7,Forward
1770563431.9550202,57.83456483,12.30732567,57.83455787,12.30732142,2.657,2.500,1.490,2.06,7,7,Forward
1770563432.9610932,57.83456133,12.30732517,57.83455960,12.30732329,2.657,2.500,1.490,1.62,7,7,Stopped
1770563433.9659555,57.83455900,12.30732450,57.83455930,12.30732390,2.657,2.500,1.490,1.48,7,7,Stopped
1770563434.963197,57.83454850,12.30731350,57.83455390,12.30731870,2.657,2.500,1.490,0.57,7,7,Reverse
1770563435.9674098,57.83452533,12.30728917,57.83453962,12.30730393,2.657,2.500,1.490,1.08,7,7,Reverse
1770563436.9536798,57.83450517,12.30727017,57.83452239,12.30728705,2.657,2.500,1.490,1.97,7,7,Reverse
1770563437.9700215,57.83448400,12.30725600,57.83450320,12.30727152,2.657,2.500,1.490,2.62,7,7,Reverse
1770563438.96596,57.83448083,12.30724417,57.83449201,12.30725785,2.657,2.500,1.490,2.38,7,7,Reverse
1770563439.9534318,57.83448133,12.30725033,57.83448667,12.30725409,2.657,2.500,1.490,1.44,7,7,Reverse
1770563440.9540758,57.83447150,12.30724450,57.83447909,12.30724929,2.657,2.500,1.490,1.38,7,7,Reverse
1770563441.9538789,57.83445433,12.30724050,57.83446671,12.30724490,2.657,2.500,1.490,1.82,7,7,Reverse
1770563442.968145,57.83443883,12.30722717,57.83445277,12.30723603,2.657,2.500,1.490,2.18,7,7,Reverse
1770563443.964059,57.83440317,12.30719683,57.83442797,12.30721643,2.657,2.500,1.490,3.93,7,7,Reverse
1770563444.9694388,57.83437250,12.30717167,57.83440023,12.30719405,2.657,2.500,1.490,5.01,7,7,Reverse
1770563445.9686286,57.83435933,12.30717600,57.83437978,12.30718502,2.657,2.500,1.490,4.66,7,7,Reverse
1770563446.9745994,57.83434450,12.30716750,57.83436214,12.30717626,2.657,2.500,1.490,4.57,7,7,Reverse
1770563447.9588962,57.83434400,12.30717250,57.83435307,12.30717438,2.657,2.500,1.490,3.69,7,7,Stopped
1770563448.9537277,57.83433417,12.30716400,57.83434362,12.30716919,2.657,2.500,1.490,3.76,7,7,Reverse
1770563449.9555168,57.83431833,12.30716450,57.83433098,12.30716685,2.657,2.500,1.490,3.94,7,7,Stopped
1770563450.953911,57.83430967,12.30717217,57.83432032,12.30716951,2.657,2.500,1.490,3.84,7,7,Stopped
1770563451.959632,57.83431900,12.30718150,57.83431966,12.30717550,2.657,2.500,1.490,2.39,7,7,Forward
1770563452.952228,57.83433150,12.30718883,57.83432558,12.30718217,2.657,2.500,1.490,1.01,7,7,Forward
1770563453.961799,57.83434250,12.30719617,57.83433404,12.30718917,2.657,2.500,1.490,0.53,7,7,Forward
1770563454.9553525,57.83433850,12.30719867,57.83433627,12.30719392,2.657,2.500,1.490,0.86,7,7,Forward
1770563455.9511492,57.83433533,12.30719233,57.83433580,12.30719313,2.657,2.500,1.490,0.36,7,7,Stopped
1770563456.949252,57.83434250,12.30721067,57.83433915,12.30720190,2.657,2.500,1.490,0.76,7,7,Forward
1770563457.968534,57.83433767,12.30722233,57.83433841,12.30721211,2.657,2.500,1.490,0.92,7,7,Forward
1770563458.9504805,57.83433783,12.30723300,57.83433812,12.30722256,2.657,2.500,1.490,1.13,7,7,Forward
1770563459.9578424,57.83432100,12.30721667,57.83432956,12.30721961,2.657,2.500,1.490,1.05,7,7,Stopped
1770563460.9708323,57.83431050,12.30722333,57.83432003,12.30722147,2.657,2.500,1.490,1.89,7,7,Stopped
1770563461.963666,57.83430267,12.30722000,57.83431135,12.30722074,2.657,2.500,1.490,1.32,7,7,Stopped
1770563462.9528253,57.83429417,12.30721583,57.83430276,12.30721828,2.924,2.500,1.770,1.48,6,6,Stopped
1770563463.961249,57.83429100,12.30721300,57.83429688,12.30721564,2.924,2.500,1.770,1.53,6,6,Stopped
1770563464.953862,57.83429300,12.30721200,57.83429494,12.30721382,2.924,2.500,1.770,1.13,6,6,Stopped
1770563465.96373,57.83430033,12.30722367,57.83429764,12.30721874,2.924,2.500,1.770,0.93,6,6,Forward
1770563466.961983,57.83429583,12.30721850,57.83429673,12.30721862,2.657,2.500,1.490,0.45,7,7,Stopped
1770563467.9529603,57.83429517,12.30722950,57.83429595,12.30722406,2.657,2.500,1.490,1.09,7,7,Forward
1770563468.9596179,57.83427717,12.30721850,57.83428656,12.30722128,2.657,2.500,1.490,2.16,7,7,Stopped
1770563469.9547813,57.83426333,12.30721183,57.83427495,12.30721656,2.657,2.500,1.490,2.85,7,7,Reverse
1770563470.9594293,57.83425850,12.30720217,57.83426672,12.30720936,2.657,2.500,1.490,2.84,7,7,Reverse
1770563471.966158,57.83427017,12.30720433,57.83426844,12.30720685,2.657,2.500,1.490,1.84,7,7,Stopped
1770563472.952885,57.83427767,12.30720550,57.83427306,12.30720617,2.657,2.500,1.490,1.01,7,7,Stopped
1770563473.957761,57.83427000,12.30720400,57.83427153,12.30720509,3.314,2.500,2.180,1.64,6,6,Stopped
1770563474.9567924,57.83427300,12.30722133,57.83427226,12.30721321,3.314,2.500,2.180,1.84,6,6,Forward
1770563475.9607918,57.83427350,12.30722900,57.83427288,12.30722111,3.314,2.500,2.180,1.72,6,6,Forward
1770563476.9556727,57.83429633,12.30724083,57.83428461,12.30723097,3.314,2.500,2.180,0.28,6,6,Forward
1770563477.9614148,57.83429867,12.30725583,57.83429164,12.30724340,3.314,2.500,2.180,1.09,6,6,Forward
1770563478.953516,57.83430817,12.30725983,57.83429990,12.30725162,3.314,2.500,2.180,0.49,6,6,Forward
1770563479.9542685,57.83432100,12.30726800,57.83431045,12.30725981,3.314,2.500,2.180,0.45,6,6,Forward
1770563480.9544659,57.83433250,12.30727983,57.83432148,12.30726982,2.657,2.500,1.490,0.64,7,7,Forward
1770563481.9647264,57.83434033,12.30728517,57.83433090,12.30727749,2.657,2.500,1.490,1.07,7,7,Forward
1770563482.9579496,57.83436000,12.30732333,57.83434545,12.30730041,2.657,2.500,1.490,2.82,7,7,Forward
1770563483.966312,57.83441200,12.30738950,57.83437873,12.30734496,2.657,2.500,1.490,5.52,7,7,Forward
1770563484.9735093,57.83443450,12.30740333,57.83440661,12.30737415,2.657,2.500,1.490,5.44,7,7,Forward
1770563485.961262,57.83444300,12.30739850,57.83442481,12.30738632,2.657,2.500,1.490,5.17,7,7,Forward
1770563486.966446,57.83445133,12.30740283,57.83443807,12.30739458,3.200,2.500,2.060,5.10,6,6,Forward
1770563487.96151,57.83446033,12.30740750,57.83444920,12.30740104,3.200,2.500,2.060,4.97,6,6,Forward
1770563488.9665773,57.83446150,12.30740850,57.83445535,12.30740477,3.200,2.500,2.060,3.98,6,6,Forward
1770563489.963935,57.83447400,12.30741250,57.83446468,12.30740863,3.200,2.500,2.060,3.97,6,6,Forward
1770563490.95784,57.83448900,12.30743300,57.83447684,12.30742082,4.629,2.500,3.560,4.22,5,5,Forward
1770563491.9530807,57.83450983,12.30745517,57.83449334,12.30743799,4.629,2.500,3.560,4.99,5,5,Forward
1770563492.9577093,57.83453467,12.30747950,57.83451400,12.30745875,4.638,2.500,3.570,5.54,5,5,Forward
1770563493.969231,57.83454900,12.30749833,57.83453150,12.30747854,4.638,2.500,3.570,5.42,5,5,Forward
1770563494.9511452,57.83455050,12.30752567,57.83454100,12.30750210,4.638,2.500,3.570,5.11,5,5,Forward
1770563495.957035,57.83455700,12.30755267,57.83454900,12.30752738,4.638,2.500,3.570,5.41,5,5,Forward
1770563496.960893,57.83455967,12.30757183,57.83455433,12.30754961,4.638,2.500,3.570,5.22,5,5,Forward
1770563497.957126,57.83457317,12.30758567,57.83456375,12.30756764,4.648,2.500,3.580,4.64,5,5,Forward
1770563498.9533548,57.83458233,12.30759383,57.83457304,12.30758074,6.000,2.500,19.020,4.29,4,4,Forward
1770563499.9572136,57.83462417,12.30762083,57.83459860,12.30760078,6.000,2.500,18.990,5.35,4,4,Forward
1770563500.950766,57.83464117,12.30764167,57.83461989,12.30762123,4.086,2.500,2.990,5.88,5,5,Forward
1770563501.9499638,57.83467017,12.30766800,57.83464503,12.30764461,4.086,2.500,2.990,6.37,5,5,Forward
1770563502.957689,57.83467167,12.30766867,57.83465835,12.30765664,4.086,2.500,2.990,4.92,5,5,Forward
1770563503.9536903,57.83467950,12.30767700,57.83466892,12.30766682,4.086,2.500,2.990,4.63,5,5,Forward
1770563504.9561896,57.83469333,12.30770100,57.83468113,12.30768391,4.086,2.500,2.990,4.95,5,5,Forward
1770563505.9544232,57.83469800,12.30770883,57.83468956,12.30769637,4.086,2.500,2.990,4.45,5,5,Forward
1770563506.961781,57.83470667,12.30771967,57.83469812,12.30770802,4.181,2.500,3.090,4.20,4,4,Forward
1770563507.9546306,57.83471450,12.30773467,57.83470631,12.30772134,4.181,2.500,3.090,3.49,4,4,Forward
1770563508.9617257,57.83471650,12.30773950,57.83471140,12.30773042,4.181,2.500,3.090,3.07,4,4,Forward
1770563509.9561188,57.83472367,12.30774017,57.83471754,12.30773529,4.181,2.500,3.090,4.02,4,4,Forward
1770563510.9533243,57.83470833,12.30773583,57.83471293,12.30773556,4.181,2.500,3.090,3.56,4,4,Stopped
1770563511.9589336,57.83471017,12.30773100,57.83471155,12.30773328,4.171,2.500,3.080,2.24,4,4,Stopped
1770563512.952805,57.83471333,12.30773283,57.83471244,12.30773306,4.171,2.500,3.080,2.44,4,4,Stopped
1770563513.9533446,57.83470017,12.30771683,57.83470630,12.30772495,4.171,2.500,3.080,3.07,4,4,Reverse
1770563514.9567273,57.83468650,12.30771200,57.83469640,12.30771847,4.171,2.500,3.080,3.10,4,4,Reverse
1770563515.9545681,57.83468783,12.30768800,57.83469212,12.30770324,4.171,2.500,3.080,2.44,4,4,Reverse
1770563516.954096,57.83468167,12.30767783,57.83468689,12.30769053,4.076,2.500,2.980,1.92,5,5,Reverse
1770563517.9630828,57.83470467,12.30768417,57.83469578,12.30768735,4.076,2.500,2.980,2.95,5,5,Stopped
1770563518.9523997,57.83472467,12.30770550,57.83471022,12.30769643,2.905,2.500,1.750,3.39,6,6,Forward
1770563519.9569538,57.83474450,12.30774100,57.83472736,12.30771871,6.000,2.500,17.120,4.02,3,3,Forward
1770563520.9610806,57.83475867,12.30775350,57.83474301,12.30773611,6.000,2.500,17.110,3.82,3,3,Forward
1770563521.9664886,57.83477550,12.30776333,57.83475926,12.30774972,6.000,2.500,7.170,4.28,4,4,Forward
1770563522.9616206,57.83479183,12.30777983,57.83477555,12.30776478,3.686,2.500,2.570,5.11,5,5,Forward
1770563523.9569986,57.83480633,12.30779267,57.83479094,12.30777872,3.686,2.500,2.570,5.43,5,5,Forward
1770563524.9524825,57.83481533,12.30780350,57.83480314,12.30779111,4.600,2.500,3.530,5.01,4,4,Forward
1770563525.9621813,57.83482933,12.30781367,57.83481623,12.30780239,4.600,2.500,3.530,5.07,4,4,Forward
1770563526.9561007,57.83484117,12.30782017,57.83482870,12.30781128,3.686,2.500,2.570,5.17,5,5,Forward
1770563527.949795,57.83485033,12.30783133,57.83483952,12.30782131,6.000,2.500,18.090,5.38,4,4,Forward
1770563528.953747,57.83485733,12.30783983,57.83484843,12.30783057,6.000,2.500,18.060,5.25,4,4,Forward
1770563529.9516551,57.83486633,12.30784100,57.83485738,12.30783578,6.000,2.500,18.030,4.79,4,4,Forward
1770563530.9567854,57.83487300,12.30784750,57.83486519,12.30784164,6.000,2.500,18.000,4.81,4,4,Forward
1770563531.9511378,57.83487900,12.30785233,57.83487209,12.30784699,6.000,2.500,17.970,4.82,4,4,Forward
1770563532.9547007,57.83489383,12.30786550,57.83488296,12.30785624,6.000,2.500,17.940,5.22,4,4,Forward
1770563533.953034,57.83491267,12.30787683,57.83489782,12.30786654,6.000,2.500,17.910,5.56,4,4,Forward
1770563534.9556603,57.83493300,12.30788767,57.83491541,12.30787710,6.000,2.500,17.880,5.81,4,4,Forward
1770563535.9672394,57.83495117,12.30789417,57.83493329,12.30788563,6.000,2.500,17.850,5.98,4,4,Forward
1770563536.9523635,57.83496717,12.30790167,57.83495023,12.30789365,6.000,2.500,17.820,6.18,4,4,Forward
1770563537.9583127,57.83498233,12.30790400,57.83496628,12.30789883,6.000,2.500,17.790,6.17,4,4,Forward
1770563538.9631538,57.83500000,12.30790250,57.83498314,12.30790066,6.000,2.500,17.760,6.38,4,4,Stopped
1770563539.954823,57.83501800,12.30790333,57.83500057,12.30790200,6.000,2.500,17.730,6.71,4,4,Stopped
1770563540.966953,57.83503283,12.30790283,57.83501670,12.30790242,6.000,2.500,17.700,6.97,4,4,Stopped
1770563541.9591863,57.83503583,12.30790183,57.83502627,12.30790212,6.000,2.500,17.670,6.73,4,4,Stopped
1770563542.955803,57.83504200,12.30788933,57.83503413,12.30789573,6.000,2.500,17.640,6.22,4,4,Reverse
1770563543.9559834,57.83504417,12.30788483,57.83503915,12.30789028,6.000,2.500,17.610,5.88,4,4,Reverse
1770563544.9566758,57.83504450,12.30787233,57.83504183,12.30788131,6.000,2.500,17.580,5.40,4,4,Reverse
1770563545.9662986,57.83499200,12.30781667,57.83501691,12.30784899,6.000,2.500,17.550,4.58,4,4,Reverse
1770563546.9564493,57.83495650,12.30778583,57.83498671,12.30781741,3.667,2.500,2.550,4.27,5,5,Reverse
1770563547.970807,57.83475350,12.30761800,57.83487010,12.30771771,3.667,2.500,2.550,1.67,5,5,Reverse
1770563548.9624565,57.83464400,12.30752783,57.83475705,12.30762277,2.895,2.500,1.740,0.76,6,6,Reverse
1770563549.9583328,57.83457283,12.30748250,57.83466494,12.30755263,2.895,2.500,1.740,1.26,6,6,Reverse
1770563550.9578314,57.83450833,12.30742533,57.83458664,12.30748898,2.895,2.500,1.740,0.44,6,6,Reverse
1770563551.9595158,57.83447167,12.30738850,57.83452915,12.30743874,2.895,2.500,1.740,0.15,6,6,Reverse
1770563552.9677887,57.83443900,12.30734933,57.83448408,12.30739404,2.895,2.500,1.740,0.61,6,6,Reverse
1770563553.9624622,57.83439067,12.30732783,57.83443737,12.30736094,2.895,2.500,1.740,1.36,6,6,Reverse
1770563554.953376,57.83434533,12.30730383,57.83439135,12.30733238,3.190,2.500,2.050,2.49,5,5,Reverse
1770563555.9537294,57.83434000,12.30730633,57.83436568,12.30731936,3.190,2.500,2.050,2.51,5,5,Reverse
1770563556.9426408,57.83433500,12.30729900,57.83435034,12.30730918,6.000,2.500,6.990,2.74,4,4,Reverse
1770563557.9549642,57.83432550,12.30728467,57.83433792,12.30729692,6.000,2.500,6.990,3.24,4,4,Reverse
1770563558.9527557,57.83430600,12.30727867,57.83432196,12.30728779,6.000,2.500,6.980,3.62,4,4,Reverse
1770563559.956783,57.83429517,12.30726617,57.83430856,12.30727698,6.000,2.500,6.980,3.91,4,4,Reverse
1770563560.9533608,57.83427950,12.30726233,57.83429403,12.30726966,6.000,2.500,6.970,3.95,4,4,Reverse
1770563561.966558,57.83425850,12.30725983,57.83427627,12.30726475,6.000,2.500,6.970,4.32,4,4,Reverse
1770563562.9542627,57.83424767,12.30724167,57.83426197,12.30725321,6.000,2.500,6.960,4.45,4,4,Reverse
1770563563.9559758,57.83423333,12.30723300,57.83424765,12.30724310,6.000,2.500,6.960,4.59,4,4,Reverse
1770563564.955042,57.83421817,12.30723000,57.83423291,12.30723655,6.000,2.500,6.950,4.79,4,4,Reverse
1770563565.9592333,57.83422567,12.30721867,57.83422929,12.30722761,6.000,2.500,6.950,3.38,4,4,Reverse
1770563566.956788,57.83422483,12.30721883,57.83422706,12.30722322,3.181,2.500,2.040,2.26,5,5,Reverse
1770563567.9538052,57.83422583,12.30721817,57.83422645,12.30722069,3.181,2.500,2.040,1.33,5,5,Stopped
1770563575.9542346,57.83406100,12.30705150,57.83414372,12.30713610,6.000,2.500,36.880,5.45,4,4,Reverse
1770563576.969817,57.83402883,12.30700983,57.83408628,12.30707297,4.019,2.500,2.920,6.01,5,5,Reverse
1770563577.9562643,57.83409317,12.30707217,57.83408972,12.30707257,4.019,2.500,2.920,2.77,5,5,Stopped
1770563578.9615936,57.83411300,12.30706500,57.83410136,12.30706878,2.648,2.500,1.480,2.28,5,5,Reverse
1770563579.9573588,57.83412200,12.30707667,57.83411168,12.30707272,2.648,2.500,1.480,1.22,5,5,Forward
1770563580.9617884,57.83411667,12.30707467,57.83411417,12.30707370,6.000,2.500,6.090,1.63,4,4,Stopped
1770563581.9685564,57.83412717,12.30707933,57.83412067,12.30707651,6.000,2.500,6.090,1.33,4,4,Stopped
1770563582.9623604,57.83413550,12.30705950,57.83412809,12.30706801,2.648,2.500,1.480,1.24,5,5,Reverse
1770563583.9558513,57.83412550,12.30706817,57.83412679,12.30706809,2.648,2.500,1.480,0.53,5,5,Stopped
1770563584.9643974,57.83411283,12.30706883,57.83411981,12.30706846,2.762,2.500,1.600,0.63,5,5,Stopped
1770563585.9536238,57.83410233,12.30706633,57.83411107,12.30706740,2.762,2.500,1.600,0.87,5,5,Stopped
1770563586.9530568,57.83409767,12.30707683,57.83410437,12.30707212,2.762,2.500,1.600,0.13,5,5,Forward
1770563587.9608028,57.83409500,12.30707400,57.83409968,12.30707306,2.762,2.500,1.600,0.40,5,5,Stopped
1770563588.9563282,57.83409917,12.30708200,57.83409943,12.30707753,2.886,2.500,1.730,1.03,6,6,Forward
1770563589.9524918,57.83409500,12.30709733,57.83409721,12.30708743,3.648,2.500,2.530,2.02,5,5,Forward
1770563590.9525878,57.83409833,12.30710483,57.83409777,12.30709613,3.648,2.500,2.530,2.00,5,5,Forward
1770563591.9667227,57.83412133,12.30708783,57.83410955,12.30709198,3.648,2.500,2.530,0.19,5,5,Reverse
1770563592.9536774,57.83412783,12.30708000,57.83411869,12.30708599,3.648,2.500,2.530,0.19,5,5,Reverse
1770563593.9599352,57.83413367,12.30707700,57.83412618,12.30708150,3.638,2.500,2.520,0.08,5,5,Reverse
1770563594.9564106,57.83414183,12.30706850,57.83413401,12.30707500,3.638,2.500,2.520,0.80,5,5,Reverse
1770563595.954693,57.83411233,12.30706033,57.83412317,12.30706767,3.638,2.500,2.520,1.16,5,5,Reverse
1770563596.9544961,57.83409767,12.30705633,57.83411042,12.30706200,2.886,2.500,1.730,1.17,6,6,Reverse
1770563597.9585156,57.83408867,12.30705467,57.83409954,12.30705833,2.886,2.500,1.730,0.99,6,6,Reverse
1770563598.968874,57.83407817,12.30705133,57.83408885,12.30705483,2.886,2.500,1.730,1.11,6,6,Reverse
1770563599.954297,57.83406867,12.30704400,57.83407876,12.30704942,2.886,2.500,1.730,1.63,6,6,Reverse
1770563601.9531198,57.83404183,12.30703017,57.83406030,12.30703979,6.000,2.500,38.790,2.12,4,4,Reverse
1770563602.9539735,57.83404350,12.30704500,57.83405190,12.30704240,2.886,2.500,1.730,0.93,6,6,Stopped
1770563603.9546912,57.83404283,12.30705683,57.83404737,12.30704961,2.886,2.500,1.730,0.99,6,6,Forward
1770563604.953846,57.83404250,12.30706117,57.83404493,12.30705539,2.886,2.500,1.730,1.04,6,6,Forward
1770563605.9547756,57.83404050,12.30707483,57.83404272,12.30706511,2.886,2.500,1.730,1.58,6,6,Forward
1770563606.9540467,57.83402900,12.30705233,57.83403586,12.30705872,2.886,2.500,1.730,1.19,6,6,Reverse
1770563607.9521782,57.83403533,12.30705650,57.83403560,12.30705761,2.886,2.500,1.730,1.10,6,6,Stopped
1770563608.9660087,57.83404033,12.30706167,57.83403796,12.30705964,2.343,2.500,1.160,1.19,7,7,Stopped
1770563609.9614108,57.83404917,12.30706317,57.83404357,12.30706140,2.343,2.500,1.160,1.35,7,7,Stopped
1770563610.960384,57.83405950,12.30707483,57.83405153,12.30706812,2.343,2.500,1.160,0.87,7,7,Forward
1770563611.9534545,57.83407400,12.30708800,57.83406277,12.30707806,2.343,2.500,1.160,0.18,7,7,Forward
1770563612.9671247,57.83408833,12.30710000,57.83407555,12.30708903,2.343,2.500,1.160,0.33,7,7,Forward
1770563613.9622233,57.83409667,12.30711217,57.83408611,12.30710060,2.343,2.500,1.160,0.58,7,7,Forward
1770563614.9529243,57.83410850,12.30711833,57.83409730,12.30710947,2.343,2.500,1.160,0.27,7,7,Forward
1770563615.9659684,57.83411633,12.30712883,57.83410682,12.30711915,2.343,2.500,1.160,0.54,7,7,Forward
1770563616.9515104,57.83413183,12.30712383,57.83411933,12.30712149,2.343,2.500,1.160,0.81,7,7,Stopped
1770563617.9675608,57.83414350,12.30712750,57.83413141,12.30712450,2.343,2.500,1.160,0.77,7,7,Stopped
1770563618.9587424,57.83415683,12.30712733,57.83414412,12.30712591,2.343,2.500,1.160,1.08,7,7,Stopped
1770563619.9682047,57.83417267,12.30712333,57.83415839,12.30712462,2.343,2.500,1.160,1.59,7,7,Stopped
1770563620.9661717,57.83418600,12.30712450,57.83417220,12.30712456,2.343,2.500,1.160,1.60,7,7,Stopped
1770563621.9623053,57.83419683,12.30713167,57.83418452,12.30712811,2.343,2.500,1.160,1.40,7,7,Forward
1770563622.958278,57.83420433,12.30712917,57.83419442,12.30712864,2.343,2.500,1.160,1.37,7,7,Stopped
1770563626.9587877,57.83422667,12.30712900,57.83421055,12.30712882,6.000,2.500,40.820,0.96,4,4,Stopped
1770563627.9595451,57.83423133,12.30712183,57.83422094,12.30712533,3.981,2.500,2.880,0.86,5,5,Reverse
1770563628.966089,57.83424333,12.30714317,57.83423214,12.30713425,3.981,2.500,2.880,1.12,5,5,Forward
1770563629.9509883,57.83424533,12.30714717,57.83423873,12.30714071,2.876,2.500,1.720,0.79,6,6,Forward
1770563630.9696045,57.83424950,12.30714783,57.83424412,12.30714427,2.876,2.500,1.720,1.33,6,6,Forward
1770563631.9634628,57.83424250,12.30713500,57.83424331,12.30713964,2.343,2.500,1.160,0.07,7,7,Reverse
1770563632.97195,57.83424100,12.30711833,57.83424215,12.30712898,2.343,2.500,1.160,0.46,7,7,Reverse
1770563633.9539323,57.83424800,12.30712517,57.83424508,12.30712708,2.343,2.500,1.160,0.61,7,7,Stopped
1770563634.9630804,57.83425150,12.30711583,57.83424829,12.30712145,2.343,2.500,1.160,0.59,7,7,Reverse
1770563635.9708917,57.83425683,12.30711250,57.83425256,12.30711698,2.343,2.500,1.160,0.95,7,7,Reverse
1770563636.9521406,57.83426017,12.30710517,57.83425636,12.30711107,2.343,2.500,1.160,0.62,7,7,Reverse
1770563637.962872,57.83426933,12.30710700,57.83426285,12.30710904,2.343,2.500,1.160,0.89,7,7,Stopped
1770563638.968748,57.83426650,12.30709600,57.83426467,12.30710252,2.343,2.500,1.160,0.40,7,7,Reverse
1770563639.969265,57.83425667,12.30707467,57.83426067,12.30708859,2.343,2.500,1.160,2.52,7,7,Reverse
1770563640.9725487,57.83426283,12.30707483,57.83426175,12.30708171,2.343,2.500,1.160,1.39,7,7,Reverse
1770563641.968799,57.83426217,12.30706217,57.83426196,12.30707194,2.343,2.500,1.160,2.03,7,7,Reverse
1770563642.9631028,57.83425650,12.30704750,57.83425923,12.30705972,2.343,2.500,1.160,2.72,7,7,Reverse
1770563643.970971,57.83425467,12.30704200,57.83425695,12.30705086,2.343,2.500,1.160,2.55,7,7,Reverse
1770563644.9532235,57.83425383,12.30703583,57.83425539,12.30704335,2.343,2.500,1.160,2.45,7,7,Reverse
1770563645.9622948,57.83425600,12.30703117,57.83425570,12.30703726,2.343,2.500,1.160,2.28,7,7,Reverse
1770563646.9676003,57.83426167,12.30703483,57.83425868,12.30703604,2.343,2.500,1.160,1.57,7,7,Stopped
1770563647.964562,57.83426417,12.30704000,57.83426142,12.30703802,2.343,2.500,1.160,1.37,7,7,Stopped
1770563648.9529974,57.83427767,12.30704600,57.83426955,12.30704201,2.343,2.500,1.160,0.44,7,7,Forward
1770563649.9666002,57.83428317,12.30705017,57.83427636,12.30704609,2.343,2.500,1.160,0.59,7,7,Forward
1770563650.9544618,57.83429250,12.30705583,57.83428443,12.30705096,2.343,2.500,1.160,0.83,7,7,Forward
1770563651.9732974,57.83429217,12.30705167,57.83428830,12.30705131,2.343,2.500,1.160,0.37,7,7,Stopped
1770563652.9638057,57.83428683,12.30704883,57.83428757,12.30705007,2.343,2.500,1.160,1.27,7,7,Stopped
1770563653.9631512,57.83428667,12.30704533,57.83428712,12.30704770,2.343,2.500,1.160,1.44,7,7,Stopped
1770563654.9693208,57.83428450,12.30704250,57.83428581,12.30704510,2.343,2.500,1.160,1.61,7,7,Stopped
1770563655.950637,57.83428650,12.30704583,57.83428615,12.30704547,2.343,2.500,1.160,1.18,7,7,Stopped
1770563656.9530184,57.83429050,12.30705367,57.83428833,12.30704957,2.343,2.500,1.160,0.66,7,7,Forward
1770563657.9646306,57.83429100,12.30705767,57.83428966,12.30705362,2.867,2.500,1.710,0.69,6,6,Forward
1770563658.9610448,57.83428633,12.30705550,57.83428800,12.30705456,2.867,2.500,1.710,1.31,6,6,Stopped
1770563659.968352,57.83428817,12.30704817,57.83428808,12.30705136,2.867,2.500,1.710,1.43,6,6,Stopped
1770563660.965926,57.83429400,12.30705117,57.83429104,12.30705126,2.867,2.500,1.710,0.56,6,6,Stopped
1770563661.959661,57.83431133,12.30706733,57.83430119,12.30705930,2.867,2.500,1.710,0.84,6,6,Forward
1770563662.966,57.83432700,12.30708200,57.83431409,12.30707065,2.343,2.500,1.160,1.79,7,7,Forward
1770563663.9660306,57.83433983,12.30709033,57.83432696,12.30708049,2.343,2.500,1.160,1.91,7,7,Forward
1770563664.9674182,57.83435533,12.30709783,57.83434115,12.30708916,2.343,2.500,1.160,2.39,7,7,Forward
1770563665.9525225,57.83436617,12.30711650,57.83435366,12.30710283,2.343,2.500,1.160,2.74,7,7,Forward
1770563666.9528892,57.83437867,12.30713933,57.83436616,12.30712108,2.343,2.500,1.160,3.12,7,7,Forward
1770563667.9680295,57.83438233,12.30714550,57.83437425,12.30713329,2.343,2.500,1.160,2.53,7,7,Forward
1770563668.96607,57.83438917,12.30715317,57.83438171,12.30714323,2.343,2.500,1.160,2.53,7,7,Forward
1770563669.9711523,57.83439150,12.30715550,57.83438660,12.30714936,2.343,2.500,1.160,1.80,7,7,Forward
1770563670.9648015,57.83439400,12.30715600,57.83439030,12.30715268,2.343,2.500,1.160,1.03,7,7,Stopped
1770563671.96251,57.83439633,12.30715967,57.83439332,12.30715617,2.343,2.500,1.160,0.77,7,7,Forward
1770563672.9665797,57.83439733,12.30717283,57.83439533,12.30716450,2.343,2.500,1.160,1.06,7,7,Forward
1770563673.964073,57.83440450,12.30717317,57.83439991,12.30716884,2.343,2.500,1.160,0.96,7,7,Forward
1770563674.9538615,57.83440667,12.30717783,57.83440329,12.30717333,2.343,2.500,1.160,1.11,7,7,Forward
1770563675.9659066,57.83440683,12.30719250,57.83440506,12.30718292,2.343,2.500,1.160,1.69,7,7,Forward
1770563676.954066,57.83440550,12.30720550,57.83440528,12.30719421,2.343,2.500,1.160,1.98,7,7,Forward
1770563677.9517221,57.83441167,12.30721350,57.83440847,12.30720385,2.343,2.500,1.160,1.56,7,7,Forward
1770563678.9539325,57.83441433,12.30722867,57.83441140,12.30721626,2.343,2.500,1.160,1.87,7,7,Forward
1770563679.958538,57.83442050,12.30723333,57.83441595,12.30722480,2.343,2.500,1.160,1.62,7,7,Forward
1770563680.9540813,57.83441867,12.30724267,57.83441731,12.30723373,2.343,2.500,1.160,1.70,7,7,Forward
1770563681.967702,57.83441750,12.30724317,57.83441740,12.30723845,2.343,2.500,1.160,0.92,7,7,Forward
1770563682.9583228,57.83441767,12.30723450,57.83441754,12.30723647,2.343,2.500,1.160,0.28,7,7,Stopped
1770563683.9663453,57.83441583,12.30722700,57.83441668,12.30723174,2.343,2.500,1.160,0.83,7,7,Reverse
1770563684.9536896,57.83441167,12.30721967,57.83441418,12.30722570,2.343,2.500,1.160,1.16,7,7,Reverse
1770563685.9670506,57.83441133,12.30723133,57.83441275,12.30722852,2.343,2.500,1.160,0.60,7,7,Stopped
1770563686.9645102,57.83441367,12.30724083,57.83441321,12.30723468,2.343,2.500,1.160,0.76,7,7,Forward
1770563687.9542453,57.83441350,12.30723133,57.83441336,12.30723300,2.343,2.500,1.160,0.22,7,7,Stopped
1770563688.9705234,57.83441050,12.30722483,57.83441193,12.30722892,2.343,2.500,1.160,0.74,7,7,Reverse
1770563689.9540944,57.83440400,12.30722450,57.83440796,12.30722671,2.343,2.500,1.160,1.20,7,7,Stopped
1770563690.9531443,57.83439800,12.30721350,57.83440298,12.30722010,2.343,2.500,1.160,1.52,7,7,Reverse
1770563691.9511044,57.83440000,12.30720850,57.83440149,12.30721430,2.343,2.500,1.160,1.38,7,7,Reverse
1770563692.9612732,57.83440367,12.30720450,57.83440258,12.30720940,2.343,2.500,1.160,0.51,7,7,Reverse
1770563693.968864,57.83440233,12.30720250,57.83440246,12.30720595,2.343,2.500,1.160,0.62,7,7,Reverse
1770563694.956809,57.83440233,12.30719683,57.83440239,12.30720139,2.343,2.500,1.160,0.49,7,7,Reverse
1770563695.9612198,57.83439650,12.30719900,57.83439945,12.30720020,2.343,2.500,1.160,1.27,7,7,Stopped
1770563696.9628737,57.83439050,12.30719250,57.83439497,12.30719635,2.343,2.500,1.160,1.57,7,7,Reverse
1770563697.9519196,57.83438617,12.30719117,57.83439057,12.30719376,2.343,2.500,1.160,1.47,7,7,Stopped
1770563698.953604,57.83437583,12.30718933,57.83438320,12.30719155,2.476,2.500,1.300,2.28,6,6,Stopped
1770563699.9552112,57.83437550,12.30718517,57.83437935,12.30718836,2.343,2.500,1.160,1.48,7,7,Stopped
1770563700.9735012,57.83437733,12.30717350,57.83437834,12.30718093,2.343,2.500,1.160,0.71,7,7,Reverse
1770563701.9672987,57.83437133,12.30717433,57.83437484,12.30717763,2.343,2.500,1.160,1.05,7,7,Stopped
1770563702.9533055,57.83437250,12.30716833,57.83437367,12.30717298,2.343,2.500,1.160,0.61,7,7,Reverse
1770563703.9588406,57.83437150,12.30717033,57.83437258,12.30717166,2.343,2.500,1.160,0.88,7,7,Stopped
1770563704.9545817,57.83437300,12.30716517,57.83437279,12.30716841,2.343,2.500,1.160,0.24,7,7,Stopped
1770563705.9623854,57.83436933,12.30716483,57.83437106,12.30716662,2.343,2.500,1.160,0.61,7,7,Stopped
1770563706.9608278,57.83437267,12.30716433,57.83437186,12.30716548,2.476,2.500,1.300,0.24,6,6,Stopped
1770563707.953022,57.83437583,12.30716933,57.83437385,12.30716741,2.476,2.500,1.300,0.59,6,6,Stopped
1770563708.9599798,57.83437783,12.30716817,57.83437584,12.30716779,2.476,2.500,1.300,0.49,6,6,Stopped
1770563709.9658906,57.83437833,12.30716450,57.83437709,12.30716614,2.476,2.500,1.300,0.53,6,6,Stopped
1770563710.9531136,57.83437933,12.30716217,57.83437821,12.30716415,2.476,2.500,1.300,0.89,6,6,Stopped
1770563711.9661207,57.83438033,12.30716133,57.83437927,12.30716274,2.476,2.500,1.300,1.24,6,6,Stopped
1770563712.954263,57.83438033,12.30716550,57.83437980,12.30716412,2.343,2.500,1.160,1.13,7,7,Stopped
1770563713.9628925,57.83438033,12.30716650,57.83438007,12.30716531,2.343,2.500,1.160,0.84,7,7,Stopped
1770563714.9662907,57.83438333,12.30716450,57.83438170,12.30716491,2.343,2.500,1.160,0.69,7,7,Stopped
1770563715.9574606,57.83438517,12.30716167,57.83438343,12.30716329,2.343,2.500,1.160,1.16,7,7,Stopped
1770563716.9538448,57.83439000,12.30716783,57.83438672,12.30716556,2.343,2.500,1.160,1.47,7,7,Stopped
1770563717.9643967,57.83438933,12.30716583,57.83438803,12.30716570,2.343,2.500,1.160,0.99,7,7,Stopped
1770563718.9708467,57.83439150,12.30716700,57.83438976,12.30716635,2.343,2.500,1.160,0.91,7,7,Stopped
1770563719.9534707,57.83439100,12.30716900,57.83439038,12.30716767,2.343,2.500,1.160,1.04,7,7,Stopped
1770563720.9645417,57.83439100,12.30717050,57.83439069,12.30716909,2.343,2.500,1.160,0.92,7,7,Stopped
1770563721.9526777,57.83439167,12.30717467,57.83439118,12.30717188,2.343,2.500,1.160,1.04,7,7,Stopped
1770563722.9663353,57.83439333,12.30717183,57.83439226,12.30717186,2.343,2.500,1.160,0.49,7,7,Stopped
1770563723.9635408,57.83439300,12.30717583,57.83439263,12.30717384,2.371,2.500,1.190,0.61,6,6,Stopped
1770563724.9683056,57.83439350,12.30717050,57.83439306,12.30717217,2.343,2.500,1.160,0.51,7,7,Stopped
1770563725.9661753,57.83439367,12.30717217,57.83439337,12.30717217,2.343,2.500,1.160,0.38,7,7,Stopped
1770563726.953572,57.83438817,12.30716350,57.83439077,12.30716783,2.343,2.500,1.160,0.46,7,7,Reverse
1770563727.9596941,57.83438733,12.30716083,57.83438905,12.30716433,2.343,2.500,1.160,0.33,7,7,Reverse
1770563728.9550982,57.83438500,12.30715167,57.83438702,12.30715800,2.343,2.500,1.160,0.80,7,7,Reverse
1770563729.9512868,57.83437967,12.30714767,57.83438335,12.30715283,2.343,2.500,1.160,0.61,7,7,Reverse
1770563730.9660068,57.83437867,12.30715467,57.83438101,12.30715375,2.343,2.500,1.160,0.44,7,7,Stopped
1770563731.9508982,57.83438217,12.30715583,57.83438159,12.30715479,2.848,2.500,1.690,0.58,6,6,Stopped
1770563732.9591901,57.83438417,12.30716067,57.83438288,12.30715773,2.848,2.500,1.690,0.62,6,6,Stopped
1770563733.9662726,57.83438783,12.30715900,57.83438535,12.30715836,2.848,2.500,1.690,0.63,6,6,Stopped
1770563734.9511018,57.83439050,12.30716683,57.83438793,12.30716260,2.848,2.500,1.690,0.17,6,6,Forward
1770563735.9567676,57.83439433,12.30716783,57.83439113,12.30716522,2.848,2.500,1.690,0.42,6,6,Stopped
1770563736.9557102,57.83439450,12.30718933,57.83439282,12.30717727,2.848,2.500,1.690,1.28,6,6,Forward
1770563737.9536018,57.83440200,12.30719150,57.83439741,12.30718439,2.848,2.500,1.690,0.94,6,6,Forward
1770563738.9554007,57.83441583,12.30720717,57.83440662,12.30719578,2.848,2.500,1.690,1.89,6,6,Forward
1770563739.9618473,57.83442267,12.30721750,57.83441464,12.30720664,2.848,2.500,1.690,2.40,6,6,Forward
1770563740.9533136,57.83440967,12.30721050,57.83441216,12.30720857,2.848,2.500,1.690,1.09,6,6,Stopped
1770563741.965149,57.83441150,12.30721033,57.83441183,12.30720945,2.848,2.500,1.690,0.61,6,6,Stopped
1770563742.9541888,57.83441117,12.30721700,57.83441150,12.30721323,2.848,2.500,1.690,1.04,6,6,Forward
1770563743.9561186,57.83441283,12.30722617,57.83441217,12.30721970,3.886,2.500,2.780,1.25,5,5,Forward
1770563744.9652307,57.83442183,12.30724983,57.83441700,12.30723476,3.886,2.500,2.780,1.96,5,5,Forward
1770563745.9594784,57.83442633,12.30725433,57.83442167,12.30724455,3.886,2.500,2.780,1.20,5,5,Forward
1770563746.9574082,57.83442883,12.30725133,57.83442525,12.30724794,3.886,2.500,2.780,0.62,5,5,Forward
1770563747.9508247,57.83444133,12.30726567,57.83443329,12.30725680,3.886,2.500,2.780,1.32,5,5,Forward
1770563748.9538956,57.83444683,12.30726717,57.83444006,12.30726199,3.886,2.500,2.780,1.66,5,5,Forward
1770563749.9532695,57.83446167,12.30728450,57.83445086,12.30727324,3.886,2.500,2.780,2.04,5,5,Forward
1770563750.9568837,57.83446250,12.30728367,57.83445668,12.30727845,3.886,2.500,2.780,1.96,5,5,Forward
1770563751.954318,57.83446417,12.30728017,57.83446042,12.30727931,3.876,2.500,2.770,1.82,5,5,Stopped
1770563752.953974,57.83447283,12.30729233,57.83446663,12.30728582,3.876,2.500,2.770,2.09,5,5,Forward
1770563753.9531102,57.83449217,12.30731400,57.83447940,12.30729991,3.876,2.500,2.770,2.40,5,5,Forward
1770563754.9611676,57.83448633,12.30729517,57.83448287,12.30729754,2.848,2.500,1.690,1.14,6,6,Stopped
1770563755.9539263,57.83448683,12.30730350,57.83448485,12.30730052,2.848,2.500,1.690,1.11,6,6,Stopped
1770563756.9553375,57.83449100,12.30731367,57.83448792,12.30730709,2.848,2.500,1.690,1.82,6,6,Forward
1770563757.9585168,57.83448850,12.30730833,57.83448821,12.30730771,2.848,2.500,1.690,1.60,6,6,Stopped
1770563758.9544363,57.83448317,12.30729650,57.83448569,12.30730211,2.838,2.500,1.680,0.81,6,6,Reverse
1770563759.9548855,57.83447250,12.30727483,57.83447909,12.30728847,2.838,2.500,1.680,0.91,6,6,Reverse
1770563760.9706185,57.83447167,12.30727133,57.83447538,12.30727990,2.838,2.500,1.680,0.97,6,6,Reverse
1770563761.9556403,57.83446617,12.30726650,57.83447077,12.30727320,2.838,2.500,1.680,0.77,6,6,Reverse
1770563762.952592,57.83445783,12.30725017,57.83446430,12.30726168,2.838,2.500,1.680,1.79,6,6,Reverse
1770563763.9569187,57.83445833,12.30723950,57.83446132,12.30725059,2.838,2.500,1.680,2.11,6,6,Reverse
1770563764.9639025,57.83445367,12.30722783,57.83445749,12.30723921,2.838,2.500,1.680,2.22,6,6,Reverse
1770563765.9610972,57.83444267,12.30722550,57.83445008,12.30723236,2.838,2.500,1.680,2.34,6,6,Reverse
1770563766.958932,57.83444217,12.30722250,57.83444612,12.30722743,2.838,2.500,1.680,1.30,6,6,Reverse
1770563767.9622638,57.83442983,12.30720633,57.83443798,12.30721688,2.838,2.500,1.680,1.73,6,6,Reverse
1770563768.952807,57.83441850,12.30718617,57.83442824,12.30720152,2.981,2.500,1.830,2.86,5,5,Reverse
1770563769.9630604,57.83441333,12.30717083,57.83442079,12.30718618,2.981,2.500,1.830,2.78,5,5,Reverse
1770563770.9568102,57.83440667,12.30715700,57.83441373,12.30717159,2.981,2.500,1.830,2.35,5,5,Reverse
1770563771.9552894,57.83441033,12.30716383,57.83441203,12.30716771,2.981,2.500,1.830,1.57,5,5,Reverse
1770563772.9549313,57.83441150,12.30717267,57.83441176,12.30717019,2.981,2.500,1.830,0.85,5,5,Stopped
1770563773.9589143,57.83441567,12.30718283,57.83441372,12.30717651,2.981,2.500,1.830,0.62,5,5,Forward
1770563774.9547927,57.83441667,12.30718367,57.83441519,12.30718009,2.981,2.500,1.830,0.10,5,5,Forward
1770563775.9588068,57.83440917,12.30717667,57.83441218,12.30717838,2.981,2.500,1.830,0.43,5,5,Stopped
1770563776.9528034,57.83440883,12.30718833,57.83441051,12.30718336,2.981,2.500,1.830,0.58,5,5,Forward
1770563777.962781,57.83440800,12.30719550,57.83440925,12.30718943,2.981,2.500,1.830,0.79,5,5,Forward
1770563778.9539638,57.83439567,12.30719800,57.83440246,12.30719371,2.981,2.500,1.830,1.77,5,5,Forward
1770563779.9539378,57.83436417,12.30717117,57.83438331,12.30718244,2.981,2.500,1.830,3.37,5,5,Reverse
1770563780.9501123,57.83436700,12.30717133,57.83437516,12.30717689,2.981,2.500,1.830,2.22,5,5,Reverse
1770563781.951694,57.83436083,12.30717250,57.83436799,12.30717469,2.981,2.500,1.830,1.96,5,5,Stopped
1770563782.9600492,57.83435700,12.30716633,57.83436250,12.30717051,2.981,2.500,1.830,1.83,5,5,Reverse
1770563783.9556046,57.83435517,12.30717117,57.83435883,12.30717084,2.981,2.500,1.830,1.41,5,5,Stopped
1770563784.962456,57.83434450,12.30716700,57.83435167,12.30716892,2.981,2.500,1.830,1.49,5,5,Stopped
1770563785.947833,57.83434217,12.30717567,57.83434692,12.30717229,2.981,2.500,1.830,1.37,5,5,Stopped
1770563786.9561772,57.83433900,12.30717650,57.83434296,12.30717440,2.981,2.500,1.830,1.36,5,5,Stopped
1770563787.9698856,57.83433617,12.30717267,57.83433956,12.30717353,2.981,2.500,1.830,1.91,5,5,Stopped
1770563788.9646316,57.83434233,12.30718583,57.83434095,12.30717968,2.838,2.500,1.680,1.30,6,6,Forward
1770563789.960152,57.83434483,12.30719150,57.83434289,12.30718559,2.838,2.500,1.680,1.22,6,6,Forward
1770563790.9665337,57.83435733,12.30718850,57.83435011,12.30718705,2.838,2.500,1.680,2.21,6,6,Stopped
1770563791.9643643,57.83434117,12.30717517,57.83434564,12.30718111,2.838,2.500,1.680,2.62,6,6,Reverse
1770563792.959203,57.83432900,12.30717100,57.83433732,12.30717605,2.838,2.500,1.680,3.17,6,6,Reverse
1770563793.9535723,57.83433733,12.30717400,57.83433733,12.30717503,2.838,2.500,1.680,1.91,6,6,Stopped
1770563794.9538817,57.83433500,12.30717250,57.83433616,12.30717376,2.838,2.500,1.680,1.75,6,6,Stopped
1770563795.9563565,57.83433617,12.30717800,57.83433616,12.30717588,2.829,2.500,1.670,1.51,6,6,Stopped
1770563796.951711,57.83433417,12.30717283,57.83433517,12.30717436,2.829,2.500,1.670,1.52,6,6,Stopped
1770563797.9538562,57.83432967,12.30717700,57.83433242,12.30717568,2.829,2.500,1.670,1.52,6,6,Stopped
1770563798.9539406,57.83433683,12.30718233,57.83433462,12.30717901,2.829,2.500,1.670,0.92,6,6,Stopped
1770563799.9553416,57.83434917,12.30719783,57.83434190,12.30718842,2.829,2.500,1.670,0.76,6,6,Forward
1770563800.9560301,57.83435250,12.30721717,57.83434720,12.30720279,2.829,2.500,1.670,0.57,6,6,Forward
1770563801.952537,57.83435617,12.30723083,57.83435168,12.30721681,2.829,2.500,1.670,0.85,6,6,Forward
1770563802.9550564,57.83435700,12.30723417,57.83435434,12.30722549,2.829,2.500,1.670,0.53,6,6,Forward
1770563803.9542398,57.83436183,12.30724033,57.83435809,12.30723291,2.829,2.500,1.670,0.73,6,6,Forward
1770563804.9604752,57.83436533,12.30725950,57.83436171,12.30724621,2.829,2.500,1.670,1.08,6,6,Forward
1770563805.9555368,57.83437817,12.30727900,57.83436994,12.30726260,2.829,2.500,1.670,1.50,6,6,Forward
1770563806.959408,57.83437767,12.30729383,57.83437380,12.30727822,2.829,2.500,1.670,1.33,6,6,Forward
1770563807.9574156,57.83438317,12.30729650,57.83437848,12.30728736,2.829,2.500,1.670,0.93,6,6,Forward
1770563808.9607437,57.83439333,12.30730883,57.83438591,12.30729810,2.829,2.500,1.670,1.32,6,6,Forward
1770563809.9536016,57.83439567,12.30732433,57.83439079,12.30731121,2.829,2.500,1.670,1.18,6,6,Forward
1770563810.954438,57.83439167,12.30731733,57.83439123,12.30731427,2.829,2.500,1.670,0.42,6,6,Stopped
1770563811.9557798,57.83439400,12.30732117,57.83439261,12.30731772,2.829,2.500,1.670,0.31,6,6,Forward
1770563812.9559379,57.83438817,12.30732050,57.83439039,12.30731911,2.829,2.500,1.670,0.86,6,6,Stopped
1770563813.9625468,57.83438850,12.30731967,57.83438945,12.30731939,2.829,2.500,1.670,0.78,6,6,Stopped
1770563814.9539642,57.83439383,12.30732017,57.83439164,12.30731978,2.829,2.500,1.670,0.48,6,6,Stopped
1770563815.9543777,57.83440167,12.30732733,57.83439665,12.30732356,2.829,2.500,1.670,0.44,6,6,Forward
1770563816.9593487,57.83440517,12.30733167,57.83440091,12.30732761,2.829,2.500,1.670,0.66,6,6,Forward
1770563817.9567919,57.83440633,12.30734083,57.83440362,12.30733422,2.829,2.500,1.670,0.67,6,6,Forward
1770563818.9625933,57.83441050,12.30735817,57.83440706,12.30734619,2.343,2.500,1.160,1.00,7,7,Forward
1770563819.9586816,57.83440967,12.30734617,57.83440836,12.30734618,2.829,2.500,1.670,0.21,6,6,Stopped
1770563820.9631915,57.83440817,12.30735317,57.83440827,12.30734967,2.829,2.500,1.670,0.49,6,6,Forward
1770563821.9539342,57.83442133,12.30736850,57.83441480,12.30735909,2.829,2.500,1.670,0.91,6,6,Forward
1770563822.9514046,57.83442917,12.30737767,57.83442198,12.30736838,2.371,2.500,1.190,1.34,6,6,Forward
1770563823.9603353,57.83443383,12.30738667,57.83442791,12.30737752,2.343,2.500,1.160,1.95,7,7,Forward
1770563824.9527497,57.83442867,12.30737367,57.83442829,12.30737559,2.371,2.500,1.190,0.94,6,6,Stopped
1770563825.9549494,57.83442700,12.30737583,57.83442764,12.30737571,2.371,2.500,1.190,1.18,6,6,Stopped
1770563826.9543083,57.83442900,12.30737150,57.83442832,12.30737361,2.371,2.500,1.190,0.95,6,6,Stopped
1770563827.9531775,57.83443017,12.30736750,57.83442924,12.30737055,2.371,2.500,1.190,0.91,6,6,Stopped
1770563828.9566061,57.83443117,12.30738533,57.83443021,12.30737794,2.371,2.500,1.190,1.50,6,6,Forward
1770563829.9554944,57.83442383,12.30739183,57.83442702,12.30738489,2.371,2.500,1.190,1.37,6,6,Forward
1770563830.9621587,57.83442200,12.30739067,57.83442451,12.30738778,2.371,2.500,1.190,0.76,6,6,Stopped
1770563831.9605098,57.83442200,12.30738683,57.83442325,12.30738731,2.371,2.500,1.190,0.20,6,6,Stopped
1770563832.9541407,57.83442050,12.30739083,57.83442188,12.30738907,2.371,2.500,1.190,0.56,6,6,Stopped
1770563833.9602342,57.83442350,12.30738600,57.83442269,12.30738753,2.371,2.500,1.190,0.24,6,6,Stopped
1770563834.9535162,57.83442467,12.30739233,57.83442368,12.30738993,2.371,2.500,1.190,0.66,6,6,Stopped
1770563835.9628484,57.83442800,12.30738783,57.83442584,12.30738888,2.371,2.500,1.190,0.48,6,6,Stopped
1770563836.9582934,57.83442400,12.30738900,57.83442492,12.30738894,2.371,2.500,1.190,0.19,6,6,Stopped
1770563837.9549613,57.83442683,12.30737733,57.83442588,12.30738314,2.371,2.500,1.190,0.69,6,6,Reverse
1770563838.9611244,57.83442767,12.30737467,57.83442677,12.30737890,2.371,2.500,1.190,0.55,6,6,Reverse
1770563839.9534385,57.83443317,12.30735683,57.83442997,12.30736787,2.371,2.500,1.190,1.64,6,6,Reverse
1770563840.9612646,57.83442967,12.30734133,57.83442982,12.30735460,2.371,2.500,1.190,1.56,6,6,Reverse
1770563841.9568925,57.83442800,12.30733367,57.83442891,12.30734413,2.371,2.500,1.190,1.25,6,6,Reverse
1770563842.9541276,57.83442833,12.30732917,57.83442862,12.30733665,2.371,2.500,1.190,0.95,6,6,Reverse
1770563843.9600842,57.83442700,12.30733100,57.83442781,12.30733383,2.371,2.500,1.190,0.21,6,6,Stopped
1770563844.9662483,57.83442700,12.30732967,57.83442741,12.30733175,2.371,2.500,1.190,0.19,6,6,Stopped
1770563845.9556549,57.83442267,12.30732367,57.83442504,12.30732771,2.371,2.500,1.190,0.35,6,6,Reverse
1770563846.9566193,57.83442383,12.30731233,57.83442443,12.30732002,2.371,2.500,1.190,1.09,6,6,Reverse
1770563847.95452,57.83442050,12.30730083,57.83442247,12.30731043,2.371,2.500,1.190,1.29,6,6,Reverse
1770563848.9582245,57.83441750,12.30729833,57.83441998,12.30730438,2.371,2.500,1.190,0.73,6,6,Reverse
1770563849.957302,57.83441350,12.30729617,57.83441674,12.30730027,2.371,2.500,1.190,0.38,6,6,Reverse
1770563850.955402,57.83441183,12.30728583,57.83441429,12.30729305,2.371,2.500,1.190,0.81,6,6,Reverse
1770563851.9537616,57.83441300,12.30726967,57.83441364,12.30728136,2.371,2.500,1.190,1.74,6,6,Reverse
1770563852.959008,57.83440767,12.30727483,57.83441066,12.30727810,2.371,2.500,1.190,0.52,6,6,Stopped
1770563853.9574306,57.83440800,12.30726150,57.83440933,12.30726980,2.371,2.500,1.190,1.09,6,6,Reverse
1770563854.956255,57.83441183,12.30725133,57.83441058,12.30726057,2.371,2.500,1.190,1.39,6,6,Reverse
1770563855.9549563,57.83441583,12.30724767,57.83441321,12.30725412,2.638,2.500,1.470,1.34,5,5,Reverse
1770563856.9561892,57.83441417,12.30724917,57.83441369,12.30725164,2.638,2.500,1.470,0.74,5,5,Stopped
1770563857.953659,57.83441450,12.30724850,57.83441409,12.30725007,2.638,2.500,1.470,0.62,5,5,Stopped
1770563858.9528284,57.83440767,12.30724750,57.83441088,12.30724879,2.638,2.500,1.470,0.87,5,5,Stopped
1770563859.9528372,57.83440367,12.30725400,57.83440727,12.30725139,2.638,2.500,1.470,0.84,5,5,Stopped
1770563860.9572992,57.83439833,12.30724683,57.83440280,12.30724911,2.638,2.500,1.470,1.30,5,5,Stopped
1770563861.9532933,57.83440100,12.30723650,57.83440190,12.30724281,2.638,2.500,1.470,1.46,5,5,Reverse
1770563862.9594347,57.83440050,12.30724450,57.83440120,12.30724365,2.629,2.500,1.460,0.78,5,5,Stopped
1770563863.9507952,57.83440550,12.30725183,57.83440335,12.30724774,2.629,2.500,1.460,0.59,5,5,Forward
1770563864.9525304,57.83440233,12.30727583,57.83440284,12.30726179,2.629,2.500,1.460,0.92,5,5,Forward
1770563865.9567637,57.83439783,12.30728167,57.83440034,12.30727173,2.371,2.500,1.190,0.39,6,6,Forward
1770563866.951066,57.83439733,12.30729383,57.83439884,12.30728278,2.371,2.500,1.190,0.66,6,6,Forward
1770563867.9534004,57.83439600,12.30730500,57.83439742,12.30729389,2.371,2.500,1.190,0.78,6,6,Forward
1770563868.9643836,57.83440750,12.30730167,57.83440246,12.30729778,2.371,2.500,1.190,0.92,6,6,Forward
1770563869.961996,57.83440950,12.30731550,57.83440598,12.30730664,2.371,2.500,1.190,0.95,6,6,Forward
1770563870.9546852,57.83440600,12.30732583,57.83440599,12.30731624,2.371,2.500,1.190,0.96,6,6,Forward
1770563871.9568548,57.83440633,12.30732950,57.83440616,12.30732287,2.371,2.500,1.190,0.57,6,6,Forward
1770563872.9519074,57.83440417,12.30732933,57.83440516,12.30732610,2.371,2.500,1.190,0.34,6,6,Stopped
1770563873.95951,57.83440567,12.30733850,57.83440542,12.30733230,2.371,2.500,1.190,0.67,6,6,Forward
1770563874.9598475,57.83440550,12.30734600,57.83440546,12.30733915,2.371,2.500,1.190,0.75,6,6,Forward
1770563875.954325,57.83440883,12.30734333,57.83440715,12.30734124,2.371,2.500,1.190,0.34,6,6,Stopped
1770563876.951583,57.83441367,12.30733850,57.83441041,12.30733987,2.371,2.500,1.190,0.83,6,6,Stopped
1770563877.9542563,57.83441783,12.30734350,57.83441412,12.30734169,2.371,2.500,1.190,1.10,6,6,Stopped
1770563878.9552302,57.83441167,12.30735550,57.83441289,12.30734859,2.371,2.500,1.190,1.09,6,6,Forward
1770563879.9595935,57.83441050,12.30734467,57.83441170,12.30734663,2.371,2.500,1.190,0.20,6,6,Stopped
1770563880.9659445,57.83440850,12.30734750,57.83441010,12.30734706,2.371,2.500,1.190,0.58,6,6,Stopped
1770563881.95348,57.83440900,12.30735800,57.83440955,12.30735253,2.371,2.500,1.190,1.00,6,6,Forward
1770563882.956434,57.83441367,12.30736100,57.83441161,12.30735677,2.371,2.500,1.190,0.89,6,6,Forward
1770563883.952043,57.83442383,12.30734917,57.83441772,12.30735297,2.371,2.500,1.190,0.85,6,6,Reverse
1770563884.960033,57.83442700,12.30735300,57.83442236,12.30735298,2.371,2.500,1.190,0.68,6,6,Stopped
1770563885.9534621,57.83443467,12.30734017,57.83442851,12.30734657,2.371,2.500,1.190,1.38,6,6,Reverse
1770563886.9550107,57.83443367,12.30734133,57.83443109,12.30734395,2.371,2.500,1.190,0.67,6,6,Stopped
1770563887.9518843,57.83443650,12.30733267,57.83443380,12.30733831,2.371,2.500,1.190,1.13,6,6,Reverse
1770563888.9614,57.83443533,12.30733267,57.83443456,12.30733549,2.371,2.500,1.190,0.71,6,6,Stopped
1770563889.9538336,57.83444117,12.30733133,57.83443787,12.30733341,2.371,2.500,1.190,1.03,6,6,Stopped
1770563890.9628766,57.83444333,12.30733267,57.83444060,12.30733304,2.371,2.500,1.190,1.09,6,6,Stopped
1770563891.953004,57.83444650,12.30732950,57.83444355,12.30733127,2.371,2.500,1.190,1.28,6,6,Stopped
1770563892.9550774,57.83445150,12.30733933,57.83444752,12.30733530,2.371,2.500,1.190,1.50,6,6,Forward
1770563893.9617145,57.83445433,12.30734217,57.83445093,12.30733873,2.371,2.500,1.190,1.22,6,6,Forward
1770563894.9535117,57.83445633,12.30734533,57.83445363,12.30734203,2.371,2.500,1.190,0.99,6,6,Stopped
1770563895.951192,57.83446250,12.30733533,57.83445807,12.30733868,2.371,2.500,1.190,1.11,6,6,Stopped
1770563896.9599216,57.83446950,12.30733783,57.83446378,12.30733826,2.371,2.500,1.190,1.46,6,6,Stopped
1770563897.9561682,57.83447183,12.30732850,57.83446781,12.30733338,2.371,2.500,1.190,1.45,6,6,Reverse
1770563898.954542,57.83447567,12.30730450,57.83447174,12.30731894,2.371,2.500,1.190,2.43,6,6,Reverse
1770563899.956221,57.83447367,12.30731017,57.83447270,12.30731455,2.371,2.500,1.190,1.05,6,6,Reverse
1770563900.9526167,57.83447733,12.30728983,57.83447502,12.30730219,2.371,2.500,1.190,1.04,6,6,Reverse
1770563901.9536324,57.83447517,12.30728667,57.83447509,12.30729443,2.229,2.500,1.040,0.76,7,7,Reverse
1770563902.956252,57.83447583,12.30726050,57.83447546,12.30727746,2.371,2.500,1.190,2.21,6,6,Reverse
1770563903.9645114,57.83447483,12.30725217,57.83447515,12.30726482,2.371,2.500,1.190,2.00,6,6,Reverse
1770563904.9529996,57.83447350,12.30723283,57.83447432,12.30724882,2.371,2.500,1.190,2.73,6,6,Reverse
1770563905.9531503,57.83447800,12.30721600,57.83447616,12.30723241,2.371,2.500,1.190,3.24,6,6,Reverse
1770563906.9576497,57.83447417,12.30720533,57.83447516,12.30721887,2.371,2.500,1.190,2.99,6,6,Reverse
1770563907.9518504,57.83446883,12.30717967,57.83447200,12.30719927,2.371,2.500,1.190,3.00,6,6,Reverse
1770563908.9607399,57.83446617,12.30715983,57.83446908,12.30717955,2.229,2.500,1.040,2.94,7,7,Reverse
1770563909.9628704,57.83446417,12.30715067,57.83446662,12.30716511,2.229,2.500,1.040,2.15,7,7,Reverse
1770563910.9515483,57.83446533,12.30713917,57.83446598,12.30715214,2.229,2.500,1.040,1.82,7,7,Reverse
1770563911.9590073,57.83446250,12.30714067,57.83446424,12.30714640,2.229,2.500,1.040,1.09,7,7,Reverse
1770563912.955145,57.83446200,12.30713317,57.83446312,12.30713978,2.229,2.500,1.040,1.16,7,7,Reverse
1770563913.9534543,57.83446083,12.30713050,57.83446198,12.30713514,2.229,2.500,1.040,0.88,7,7,Reverse
1770563914.953379,57.83445950,12.30713617,57.83446074,12.30713565,2.229,2.500,1.040,0.54,7,7,Stopped
1770563915.9588363,57.83445600,12.30714000,57.83445837,12.30713783,2.229,2.500,1.040,0.68,7,7,Stopped
1770563916.954694,57.83445417,12.30713567,57.83445627,12.30713675,2.229,2.500,1.040,0.46,7,7,Stopped
1770563917.9660654,57.83444967,12.30713217,57.83445297,12.30713446,2.229,2.500,1.040,0.83,7,7,Stopped
1770563918.9605136,57.83444500,12.30711283,57.83444898,12.30712365,2.229,2.500,1.040,2.16,7,7,Reverse
1770563919.9530783,57.83444100,12.30710717,57.83444499,12.30711541,2.229,2.500,1.040,2.17,7,7,Reverse
1770563920.9542205,57.83444050,12.30710217,57.83444275,12.30710879,2.229,2.500,1.040,1.94,7,7,Reverse
1770563921.9586809,57.83444367,12.30710367,57.83444321,12.30710623,2.229,2.500,1.040,1.32,7,7,Stopped
1770563922.965928,57.83443750,12.30710400,57.83444035,12.30710511,2.229,2.500,1.040,1.46,7,7,Stopped
1770563923.9549904,57.83443417,12.30710033,57.83443726,12.30710272,2.229,2.500,1.040,1.63,8,8,Stopped
1770563924.9669018,57.83442817,12.30711083,57.83443271,12.30710678,2.229,2.500,1.040,1.53,8,8,Forward
1770563925.9615448,57.83442467,12.30711500,57.83442869,12.30711089,2.229,2.500,1.040,1.47,8,8,Forward
1770563926.9677675,57.83442067,12.30711867,57.83442468,12.30711478,2.229,2.500,1.040,1.71,8,8,Forward
1770563927.9547677,57.83441683,12.30711683,57.83442076,12.30711581,2.229,2.500,1.040,1.68,8,8,Stopped
1770563928.970624,57.83441317,12.30710350,57.83441696,12.30710965,2.229,2.500,1.040,2.26,8,8,Reverse
1770563929.9544668,57.83441133,12.30709850,57.83441415,12.30710408,2.229,2.500,1.040,2.15,8,8,Reverse
1770563930.963125,57.83440817,12.30712467,57.83441116,12.30711437,2.229,2.500,1.040,1.73,8,8,Forward
1770563931.9541404,57.83441183,12.30712317,57.83441150,12.30711877,2.229,2.500,1.040,0.81,8,8,Forward
1770563932.9533606,57.83440983,12.30712583,57.83441066,12.30712230,2.229,2.500,1.040,0.91,8,8,Forward
1770563933.9600909,57.83441150,12.30711900,57.83441108,12.30712065,2.229,2.500,1.040,0.87,8,8,Stopped
1770563934.9662683,57.83441400,12.30712433,57.83441254,12.30712249,2.229,2.500,1.040,0.44,8,8,Stopped
1770563935.9616668,57.83441633,12.30712533,57.83441444,12.30712391,2.229,2.500,1.040,0.46,8,8,Stopped
1770563936.9674842,57.83442100,12.30711467,57.83441772,12.30711929,2.229,2.500,1.040,1.45,8,8,Reverse
1770563937.955271,57.83442567,12.30710517,57.83442169,12.30711223,2.229,2.500,1.040,1.79,8,8,Reverse
1770563938.957077,57.83441883,12.30709950,57.83442026,12.30710586,2.229,2.500,1.040,1.28,8,8,Reverse
1770563939.9556704,57.83441467,12.30709867,57.83441746,12.30710227,2.229,2.500,1.040,1.07,7,7,Reverse
1770563940.9728813,57.83441183,12.30710650,57.83441465,12.30710438,2.229,2.500,1.040,0.62,7,7,Stopped
1770563941.956597,57.83440250,12.30709950,57.83440857,12.30710194,2.229,2.500,1.040,1.71,8,8,Stopped
1770563942.9541316,57.83439683,12.30709067,57.83440270,12.30709630,2.229,2.500,1.040,2.26,8,8,Reverse
1770563943.954896,57.83439283,12.30709467,57.83439777,12.30709549,2.229,2.500,1.040,1.95,8,8,Stopped
1770563944.9661646,57.83438750,12.30709750,57.83439263,12.30709649,2.229,2.500,1.040,2.09,8,8,Stopped
1770563945.9634004,57.83438967,12.30709667,57.83439115,12.30709658,2.229,2.500,1.040,1.48,8,8,Stopped
1770563946.9600372,57.83438750,12.30710133,57.83438933,12.30709896,2.229,2.500,1.040,1.52,8,8,Stopped
1770563947.9558084,57.83439050,12.30710400,57.83438991,12.30710148,2.229,2.500,1.040,1.10,8,8,Stopped
1770563948.953149,57.83439717,12.30710950,57.83439354,12.30710549,2.229,2.500,1.040,0.33,8,8,Forward
1770563949.9512904,57.83440550,12.30711233,57.83439952,12.30710891,2.229,2.500,1.040,0.65,8,8,Forward
1770563950.9509099,57.83440633,12.30711667,57.83440293,12.30711279,2.229,2.500,1.040,0.46,8,8,Forward
1770563951.959155,57.83440500,12.30713033,57.83440396,12.30712156,2.229,2.500,1.040,1.09,8,8,Forward
1770563952.954669,57.83440683,12.30713500,57.83440540,12.30712828,2.229,2.500,1.040,0.85,8,8,Forward
1770563953.959441,57.83440383,12.30714300,57.83440462,12.30713564,2.229,2.500,1.040,1.19,8,8,Forward
1770563954.9659982,57.83440567,12.30715183,57.83440514,12.30714374,2.229,2.500,1.040,1.33,8,8,Forward
1770563955.9511373,57.83441333,12.30715167,57.83440924,12.30714770,2.229,2.500,1.040,0.83,8,8,Forward
1770563956.9690945,57.83441967,12.30714500,57.83441445,12.30714635,2.229,2.500,1.040,0.79,8,8,Stopped
1770563957.9538805,57.83443017,12.30712483,57.83442231,12.30713559,2.229,2.500,1.040,2.35,8,8,Reverse
1770563958.950929,57.83443717,12.30711900,57.83442974,12.30712730,2.229,2.500,1.040,2.27,8,8,Reverse
1770563959.9532874,57.83444467,12.30710533,57.83443720,12.30711631,2.229,2.500,1.040,2.80,8,8,Reverse
1770563960.9533975,57.83444617,12.30708517,57.83444168,12.30710074,2.229,2.500,1.040,3.28,8,8,Reverse
1770563961.9689157,57.83445250,12.30707683,57.83444709,12.30708879,2.229,2.500,1.040,2.81,8,8,Reverse
1770563962.9538379,57.83446817,12.30706483,57.83445763,12.30707681,2.229,2.500,1.040,3.68,8,8,Reverse
1770563963.9616072,57.83447117,12.30705900,57.83446440,12.30706791,2.229,2.500,1.040,2.92,8,8,Reverse
1770563964.9658618,57.83448017,12.30705200,57.83447228,12.30705995,2.229,2.500,1.040,3.06,8,8,Reverse
1770563965.9630067,57.83447933,12.30704767,57.83447581,12.30705381,2.229,2.500,1.040,2.25,8,8,Reverse
1770563966.9678926,57.83447783,12.30704950,57.83447682,12.30705165,2.229,2.500,1.040,1.45,8,8,Stopped
1770563967.9701595,57.83447367,12.30705283,57.83447524,12.30705224,2.229,2.500,1.040,0.82,8,8,Stopped
1770563968.9529247,57.83447383,12.30704633,57.83447454,12.30704929,2.229,2.500,1.040,1.44,8,8,Stopped
1770563969.9530692,57.83446950,12.30704367,57.83447202,12.30704648,2.229,2.500,1.040,1.40,8,8,Stopped
1770563970.951978,57.83446600,12.30704617,57.83446901,12.30704632,2.229,2.500,1.040,1.20,8,8,Stopped
1770563971.9497833,57.83446667,12.30705100,57.83446784,12.30704866,2.229,2.500,1.040,0.68,8,8,Stopped
1770563972.9528277,57.83446167,12.30705717,57.83446475,12.30705291,2.229,2.500,1.040,0.92,8,8,Forward
1770563973.9601815,57.83446217,12.30705300,57.83446346,12.30705296,2.229,2.500,1.040,1.16,8,8,Stopped
1770563974.9511836,57.83446500,12.30705950,57.83446423,12.30705623,2.229,2.500,1.040,0.59,8,8,Stopped
1770563975.951666,57.83446517,12.30707333,57.83446470,12.30706478,2.229,2.500,1.040,0.45,8,8,Forward
1770563976.9577885,57.83446200,12.30707067,57.83446335,12.30706772,2.229,2.500,1.040,0.64,8,8,Stopped
1770563977.9538424,57.83445850,12.30707683,57.83446092,12.30707228,2.229,2.500,1.040,1.20,8,8,Forward
1770563978.9603615,57.83445500,12.30708617,57.83445796,12.30707922,2.229,2.500,1.040,1.45,8,8,Forward
1770563979.968233,57.83445417,12.30707850,57.83445606,12.30707886,2.229,2.500,1.040,1.21,8,8,Stopped
1770563980.9529836,57.83445383,12.30708633,57.83445495,12.30708260,2.229,2.500,1.040,0.94,8,8,Forward
1770563981.958777,57.83445567,12.30709750,57.83445531,12.30709005,2.229,2.500,1.040,1.11,8,8,Forward
1770563982.9538174,57.83445183,12.30710233,57.83445357,12.30709619,2.229,2.500,1.040,1.14,8,8,Forward
1770563983.9536953,57.83445000,12.30711133,57.83445179,12.30710376,2.229,2.500,1.040,1.38,8,8,Forward
1770563984.951491,57.83445050,12.30712367,57.83445114,12.30711371,2.229,2.500,1.040,1.70,8,8,Forward
1770563985.9513934,57.83445050,12.30712083,57.83445082,12.30711727,2.229,2.500,1.040,1.01,8,8,Forward
1770563986.9591146,57.83445100,12.30712383,57.83445091,12.30712055,2.229,2.500,1.040,0.92,8,8,Stopped
1770563987.969612,57.83445200,12.30712900,57.83445146,12.30712478,2.229,2.500,1.040,1.03,8,8,Forward
1770563988.9526591,57.83445233,12.30713533,57.83445189,12.30713006,2.229,2.500,1.040,1.17,8,8,Forward
1770563989.9665024,57.83445183,12.30714717,57.83445186,12.30713861,2.229,2.500,1.040,1.67,8,8,Forward
1770563990.9540064,57.83445050,12.30713933,57.83445118,12.30713897,2.229,2.500,1.040,0.43,8,8,Stopped
1770563991.960263,57.83445367,12.30714083,57.83445242,12.30713990,2.229,2.500,1.040,0.67,8,8,Stopped
1770563992.9532874,57.83445550,12.30714750,57.83445396,12.30714370,2.229,2.500,1.040,1.12,8,8,Forward
1770563993.9527712,57.83445433,12.30715100,57.83445415,12.30714735,2.229,2.500,1.040,1.06,8,8,Forward
1770563994.9539149,57.83445633,12.30715650,57.83445524,12.30715193,2.286,2.500,1.100,1.41,7,7,Forward
1770563995.9632406,57.83445167,12.30715733,57.83445345,12.30715463,2.286,2.500,1.100,0.90,7,7,Stopped
1770563996.960159,57.83444667,12.30714917,57.83445006,12.30715190,2.229,2.500,1.040,0.38,8,8,Stopped
1770563997.964723,57.83444217,12.30715267,57.83444611,12.30715228,2.229,2.500,1.040,0.70,8,8,Stopped
1770563998.9605293,57.83444317,12.30714483,57.83444464,12.30714856,2.286,2.500,1.100,0.46,7,7,Reverse
1770563999.9565969,57.83444517,12.30712983,57.83444490,12.30713920,2.286,2.500,1.100,1.21,7,7,Reverse
1770564000.954645,57.83444200,12.30713350,57.83444345,12.30713635,2.324,2.500,1.140,0.80,6,6,Stopped
1770564001.9542391,57.83443600,12.30712767,57.83443973,12.30713201,2.324,2.500,1.140,1.52,6,6,Reverse
1770564002.9512875,57.83443500,12.30713300,57.83443736,12.30713250,2.286,2.500,1.100,1.10,7,7,Stopped
1770564003.952873,57.83442883,12.30714867,57.83443310,12.30714059,2.286,2.500,1.100,1.52,7,7,Forward
1770564004.9536104,57.83442617,12.30714767,57.83442963,12.30714413,2.286,2.500,1.100,1.60,7,7,Forward
1770564005.953774,57.83442883,12.30714967,57.83442923,12.30714690,2.286,2.500,1.100,1.13,7,7,Stopped
1770564006.9535022,57.83443117,12.30716550,57.83443020,12.30715620,2.286,2.500,1.100,1.15,7,7,Forward
1770564007.9622993,57.83442833,12.30717900,57.83442927,12.30716760,2.286,2.500,1.100,1.51,7,7,Forward
1770564008.9613981,57.83443017,12.30717817,57.83442972,12.30717288,2.286,2.500,1.100,1.13,7,7,Forward
1770564009.963668,57.83442933,12.30716667,57.83442952,12.30716977,2.229,2.500,1.040,1.08,8,8,Stopped
1770564010.9629068,57.83443167,12.30715500,57.83443060,12.30716239,2.229,2.500,1.040,1.39,8,8,Reverse
1770564011.9686782,57.83443783,12.30714067,57.83443421,12.30715153,2.229,2.500,1.040,1.56,8,8,Reverse
1770564012.9538665,57.83445017,12.30712683,57.83444219,12.30713918,2.229,2.500,1.040,1.73,8,8,Reverse
1770564013.95896,57.83445867,12.30713450,57.83445043,12.30713684,2.229,2.500,1.040,0.77,8,8,Stopped
1770564014.953683,57.83446467,12.30714183,57.83445755,12.30713934,2.229,2.500,1.040,0.90,8,8,Stopped
1770564015.9610093,57.83446283,12.30714000,57.83446019,12.30713967,2.229,2.500,1.040,0.21,8,8,Stopped
1770564016.957113,57.83446183,12.30713750,57.83446101,12.30713858,2.286,2.500,1.100,0.42,7,7,Stopped
1770564017.952859,57.83445783,12.30714383,57.83445942,12.30714121,2.286,2.500,1.100,0.33,7,7,Stopped
1770564018.954195,57.83445817,12.30715150,57.83445879,12.30714635,2.286,2.500,1.100,0.37,7,7,Forward
1770564019.9661343,57.83446117,12.30716067,57.83445998,12.30715351,2.286,2.500,1.100,0.89,7,7,Forward
1770564020.953712,57.83446050,12.30715950,57.83446024,12.30715651,2.286,2.500,1.100,0.42,7,7,Stopped
1770564021.9582584,57.83445717,12.30717417,57.83445870,12.30716534,2.286,2.500,1.100,1.13,7,7,Forward
1770564022.9610255,57.83446167,12.30718017,57.83446019,12.30717275,2.286,2.500,1.100,1.25,7,7,Forward
1770564023.9573312,57.83445917,12.30718117,57.83445968,12.30717696,2.286,2.500,1.100,0.70,7,7,Forward
1770564024.9537253,57.83445383,12.30718467,57.83445675,12.30718081,2.286,2.500,1.100,0.53,7,7,Forward
1770564025.959533,57.83445150,12.30718333,57.83445413,12.30718207,2.286,2.500,1.100,0.55,7,7,Stopped
1770564026.9549732,57.83444733,12.30717983,57.83445073,12.30718095,2.286,2.500,1.100,1.00,7,7,Stopped
1770564027.9602754,57.83444050,12.30718250,57.83444562,12.30718173,2.286,2.500,1.100,1.41,7,7,Stopped
1770564028.9530532,57.83443550,12.30718850,57.83444056,12.30718511,2.286,2.500,1.100,1.33,7,7,Forward
1770564029.9623954,57.83443667,12.30719133,57.83443861,12.30718822,2.286,2.500,1.100,0.67,7,7,Stopped
1770564030.9623806,57.83443217,12.30719583,57.83443539,12.30719203,2.286,2.500,1.100,0.92,7,7,Forward
1770564031.955547,57.83442850,12.30719367,57.83443194,12.30719285,2.286,2.500,1.100,1.04,7,7,Stopped
1770564032.9613428,57.83442867,12.30719167,57.83443031,12.30719226,2.286,2.500,1.100,0.93,7,7,Stopped
1770564033.9660897,57.83442133,12.30718300,57.83442582,12.30718763,2.286,2.500,1.100,1.70,7,7,Reverse
1770564034.9622543,57.83441600,12.30719000,57.83442091,12.30718881,2.286,2.500,1.100,1.42,7,7,Stopped
1770564035.9677727,57.83441250,12.30719467,57.83441670,12.30719174,2.286,2.500,1.100,1.26,7,7,Stopped
1770564036.9532003,57.83440967,12.30719383,57.83441319,12.30719279,2.286,2.500,1.100,1.13,7,7,Stopped
1770564037.954547,57.83440400,12.30718683,57.83440859,12.30718981,2.286,2.500,1.100,1.43,7,7,Stopped
1770564038.9548197,57.83439550,12.30717617,57.83440205,12.30718299,2.286,2.500,1.100,2.24,7,7,Reverse
1770564039.951201,57.83439133,12.30717550,57.83439669,12.30717924,2.286,2.500,1.100,2.14,7,7,Reverse
1770564040.9535155,57.83438883,12.30717333,57.83439276,12.30717629,2.286,2.500,1.100,1.88,7,7,Stopped
1770564041.9629455,57.83438750,12.30718017,57.83439013,12.30717823,2.286,2.500,1.100,1.49,7,7,Stopped
1770564042.953119,57.83438100,12.30717300,57.83438557,12.30717561,2.286,2.500,1.100,1.96,7,7,Stopped
1770564043.9537125,57.83437517,12.30716533,57.83438037,12.30717047,2.286,2.500,1.100,2.33,7,7,Reverse
1770564044.9618573,57.83436983,12.30716400,57.83437510,12.30716724,2.286,2.500,1.100,2.54,7,7,Stopped
1770564045.957803,57.83437183,12.30716667,57.83437347,12.30716695,2.286,2.500,1.100,1.69,7,7,Stopped
1770564046.9646058,57.83437217,12.30716233,57.83437282,12.30716464,2.286,2.500,1.100,1.51,7,7,Stopped
1770564047.9582503,57.83437517,12.30716167,57.83437399,12.30716315,2.286,2.500,1.100,0.75,7,7,Stopped
1770564048.954626,57.83437683,12.30716767,57.83437541,12.30716541,2.286,2.500,1.100,0.32,7,7,Stopped
1770564049.9622433,57.83437833,12.30717400,57.83437687,12.30716971,2.286,2.500,1.100,0.11,7,7,Forward
1770564050.9581468,57.83439067,12.30717083,57.83438377,12.30717027,2.286,2.500,1.100,1.72,7,7,Stopped
1770564051.9529164,57.83439167,12.30717967,57.83438772,12.30717497,2.286,2.500,1.100,1.10,7,7,Forward
1770564052.954157,57.83438567,12.30719567,57.83438669,12.30718532,2.286,2.500,1.100,0.95,7,7,Forward
1770564053.9530916,57.83439250,12.30719850,57.83438960,12.30719191,2.286,2.500,1.100,0.88,7,7,Forward
1770564054.960755,57.83438733,12.30720817,57.83438846,12.30720004,2.286,2.500,1.100,0.76,7,7,Forward
1770564055.9540591,57.83438800,12.30720800,57.83438823,12.30720402,2.286,2.500,1.100,0.44,7,7,Forward
1770564056.960715,57.83437100,12.30720733,57.83437962,12.30720568,2.286,2.500,1.100,1.46,7,7,Stopped
1770564057.957501,57.83437067,12.30721517,57.83437514,12.30721042,2.286,2.500,1.100,1.37,7,7,Forward
1770564058.9649787,57.83437733,12.30720950,57.83437624,12.30720996,2.286,2.500,1.100,0.09,7,7,Stopped
1770564059.9612215,57.83437983,12.30720600,57.83437804,12.30720798,2.286,2.500,1.100,0.34,7,7,Stopped
1770564060.96756,57.83438350,12.30721117,57.83438077,12.30720957,2.286,2.500,1.100,0.31,7,7,Stopped
1770564061.9666672,57.83437850,12.30721217,57.83437963,12.30721087,2.286,2.500,1.100,0.65,7,7,Stopped
1770564062.9568868,57.83438583,12.30721050,57.83438273,12.30721069,2.286,2.500,1.100,0.36,7,7,Stopped
1770564063.9648304,57.83438883,12.30721650,57.83438578,12.30721359,2.229,2.500,1.040,0.88,8,8,Stopped
1770564064.9606552,57.83438533,12.30721900,57.83438556,12.30721630,2.229,2.500,1.040,1.12,8,8,Stopped
1770564065.9659455,57.83439067,12.30721550,57.83438811,12.30721590,2.229,2.500,1.040,0.48,8,8,Stopped
1770564066.962793,57.83439883,12.30720467,57.83439347,12.30721028,2.229,2.500,1.040,0.83,8,8,Reverse
1770564067.9546568,57.83439150,12.30719383,57.83439249,12.30720206,2.229,2.500,1.040,1.16,8,8,Reverse
1770564068.960501,57.83438983,12.30718500,57.83439116,12.30719353,2.229,2.500,1.040,1.31,8,8,Reverse
1770564069.9531562,57.83439133,12.30718200,57.83439125,12.30718776,2.229,2.500,1.040,0.91,8,8,Reverse
1770564070.9567645,57.83439417,12.30717700,57.83439271,12.30718238,2.229,2.500,1.040,0.83,8,8,Reverse
1770564071.9623172,57.83439433,12.30715617,57.83439352,12.30716927,2.229,2.500,1.040,2.14,8,8,Reverse
1770564072.9545014,57.83440317,12.30716483,57.83439834,12.30716705,2.229,2.500,1.040,1.00,8,8,Stopped
1770564073.9609265,57.83440200,12.30717367,57.83440017,12.30717036,2.229,2.500,1.040,0.43,8,8,Stopped
1770564074.9533207,57.83440933,12.30717433,57.83440475,12.30717235,2.229,2.500,1.040,0.71,8,8,Stopped
1770564075.9538078,57.83440750,12.30717517,57.83440613,12.30717376,2.229,2.500,1.040,0.21,8,8,Stopped
1770564076.9673896,57.83441750,12.30718367,57.83441181,12.30717871,2.229,2.500,1.040,1.18,8,8,Forward
1770564077.9570105,57.83442033,12.30718867,57.83441607,12.30718369,2.229,2.500,1.040,1.24,8,8,Forward
1770564078.9599977,57.83441650,12.30719567,57.83441629,12.30718968,2.229,2.500,1.040,1.12,8,8,Forward
1770564079.9533014,57.83442267,12.30720683,57.83441948,12.30719826,2.343,2.500,1.160,1.20,7,7,Forward
1770564080.9536781,57.83441417,12.30721150,57.83441682,12.30720488,2.343,2.500,1.160,1.42,7,7,Forward
1770564081.9542634,57.83441067,12.30721317,57.83441374,12.30720902,2.343,2.500,1.160,1.45,7,7,Forward
1770564082.9534361,57.83440550,12.30721367,57.83440962,12.30721134,2.562,2.500,1.390,1.80,6,6,Stopped
1770564083.9574113,57.83439583,12.30722000,57.83440273,12.30721567,2.276,2.500,1.090,2.56,7,7,Forward
1770564084.9599037,57.83439667,12.30722000,57.83439970,12.30721784,2.276,2.500,1.090,1.77,7,7,Stopped
1770564085.966479,57.83440450,12.30722633,57.83440210,12.30722208,2.276,2.500,1.090,0.83,7,7,Forward
1770564086.9531465,57.83441100,12.30723283,57.83440655,12.30722746,2.276,2.500,1.090,0.96,7,7,Forward
1770564087.9566703,57.83441350,12.30723933,57.83441002,12.30723340,2.562,2.500,1.390,1.22,6,6,Forward
1770564088.962937,57.83441433,12.30724267,57.83441218,12.30723803,2.562,2.500,1.390,1.16,6,6,Forward
1770564089.9606524,57.83441817,12.30723550,57.83441517,12.30723677,2.400,2.500,1.220,0.62,7,7,Stopped
1770564090.9540467,57.83441850,12.30723033,57.83441684,12.30723355,2.400,2.500,1.220,0.46,7,7,Stopped
1770564091.958693,57.83440583,12.30723050,57.83441133,12.30723202,2.400,2.500,1.220,0.99,7,7,Stopped
1770564092.9674306,57.83439783,12.30722883,57.83440458,12.30723043,2.229,2.500,1.040,1.66,8,8,Stopped
1770564093.9515355,57.83439617,12.30722767,57.83440038,12.30722905,2.229,2.500,1.040,1.77,8,8,Stopped
1770564094.9598873,57.83439883,12.30721517,57.83439960,12.30722211,2.229,2.500,1.040,1.57,8,8,Reverse
1770564095.9538834,57.83440100,12.30720767,57.83440030,12.30721489,2.229,2.500,1.040,1.43,8,8,Reverse
1770564096.9541485,57.83439067,12.30720867,57.83439548,12.30721178,2.229,2.500,1.040,2.29,8,8,Stopped
1770564097.9539866,57.83438683,12.30720650,57.83439116,12.30720914,2.229,2.500,1.040,2.42,8,8,Stopped
1770564098.963156,57.83437833,12.30720600,57.83438475,12.30720757,2.229,2.500,1.040,3.08,8,8,Stopped
1770564099.960292,57.83438083,12.30720283,57.83438279,12.30720520,2.229,2.500,1.040,2.56,8,8,Stopped
1770564100.956225,57.83438483,12.30720633,57.83438381,12.30720577,2.229,2.500,1.040,1.85,8,8,Stopped
1770564101.9523635,57.83438533,12.30721450,57.83438457,12.30721013,2.229,2.500,1.040,1.84,8,8,Forward
1770564102.970613,57.83438533,12.30721967,57.83438495,12.30721490,2.229,2.500,1.040,1.72,8,8,Forward
1770564103.9644306,57.83438967,12.30722533,57.83438731,12.30722012,2.229,2.500,1.040,1.28,8,8,Forward
1770564104.9620733,57.83439517,12.30722900,57.83439124,12.30722456,2.229,2.500,1.040,0.64,8,8,Forward
1770564105.9664652,57.83439850,12.30722867,57.83439487,12.30722661,2.229,2.500,1.040,0.50,8,8,Stopped
1770564106.9620934,57.83439717,12.30723450,57.83439602,12.30723056,2.219,2.500,1.030,0.70,8,8,Forward
1770564107.968153,57.83439600,12.30723883,57.83439601,12.30723469,2.219,2.500,1.030,0.84,8,8,Forward
1770564108.9540756,57.83440317,12.30723450,57.83439959,12.30723460,2.219,2.500,1.030,0.68,8,8,Stopped
1770564109.9614837,57.83440583,12.30723750,57.83440271,12.30723605,2.219,2.500,1.030,0.43,8,8,Stopped
1770564110.9686058,57.83440883,12.30723750,57.83440577,12.30723677,2.219,2.500,1.030,0.43,8,8,Stopped
1770564111.9544833,57.83440817,12.30723600,57.83440697,12.30723639,2.219,2.500,1.030,0.59,8,8,Stopped
1770564112.9597726,57.83440717,12.30723517,57.83440707,12.30723578,2.400,2.500,1.220,0.77,7,7,Stopped
1770564113.9662924,57.83440933,12.30723733,57.83440820,12.30723656,2.400,2.500,1.220,0.38,7,7,Stopped
1770564114.9595125,57.83441200,12.30723483,57.83441010,12.30723569,2.400,2.500,1.220,0.59,7,7,Stopped
1770564115.9510522,57.83440717,12.30723000,57.83440863,12.30723285,2.400,2.500,1.220,0.66,7,7,Stopped
1770564116.9659314,57.83440167,12.30722567,57.83440515,12.30722926,2.657,2.500,1.490,1.23,6,6,Reverse
1770564117.9542544,57.83441000,12.30722317,57.83440758,12.30722621,2.657,2.500,1.490,1.06,6,6,Stopped
1770564118.9548502,57.83441267,12.30722300,57.83441012,12.30722461,2.343,2.500,1.160,0.87,7,7,Stopped
1770564119.954782,57.83441933,12.30722100,57.83441473,12.30722280,2.343,2.500,1.160,0.54,7,7,Stopped
1770564120.9590547,57.83442183,12.30722500,57.83441828,12.30722390,2.343,2.500,1.160,0.34,7,7,Stopped
1770564121.9612145,57.83442933,12.30722533,57.83442381,12.30722462,2.343,2.500,1.160,0.04,7,7,Stopped
1770564122.9593654,57.83443883,12.30722767,57.83443132,12.30722614,2.343,2.500,1.160,0.39,7,7,Stopped
1770564123.9541118,57.83444750,12.30722867,57.83443941,12.30722740,2.343,2.500,1.160,0.55,7,7,Stopped
1770564124.9619935,57.83445417,12.30723350,57.83444679,12.30723045,2.343,2.500,1.160,0.70,7,7,Stopped
1770564125.9662635,57.83446000,12.30723150,57.83445339,12.30723098,2.343,2.500,1.160,0.29,7,7,Stopped
1770564126.9569402,57.83446217,12.30722917,57.83445778,12.30723007,2.343,2.500,1.160,0.27,7,7,Stopped
1770564127.9565685,57.83446450,12.30723367,57.83446114,12.30723187,2.343,2.500,1.160,0.19,7,7,Stopped
1770564128.953632,57.83446667,12.30723767,57.83446390,12.30723477,2.552,2.500,1.380,0.34,6,6,Stopped
1770564129.9537206,57.83446317,12.30724733,57.83446354,12.30724105,2.552,2.500,1.380,1.14,6,6,Forward
1770564130.957116,57.83446000,12.30724733,57.83446177,12.30724419,2.552,2.500,1.380,1.12,6,6,Stopped
1770564131.9620655,57.83445117,12.30725317,57.83445647,12.30724868,2.552,2.500,1.380,1.73,6,6,Forward
1770564132.9575372,57.83444383,12.30725167,57.83445015,12.30725017,2.552,2.500,1.380,2.07,6,6,Stopped
1770564133.953913,57.83444433,12.30724750,57.83444724,12.30724884,2.276,2.500,1.090,1.61,7,7,Stopped
1770564134.9601493,57.83444250,12.30723650,57.83444487,12.30724267,2.276,2.500,1.090,1.88,7,7,Reverse
1770564135.967667,57.83444700,12.30723667,57.83444594,12.30723967,2.276,2.500,1.090,0.86,7,7,Stopped
1770564136.965121,57.83444633,12.30723933,57.83444613,12.30723950,2.276,2.500,1.090,0.78,7,7,Stopped
1770564137.9530444,57.83444583,12.30724433,57.83444598,12.30724192,2.276,2.500,1.090,0.48,7,7,Stopped
1770564138.9559588,57.83443283,12.30725800,57.83443941,12.30724996,2.276,2.500,1.090,1.27,7,7,Forward
1770564139.9700897,57.83443267,12.30727433,57.83443604,12.30726215,2.219,2.500,1.030,1.33,8,8,Forward
1770564140.9518096,57.83443000,12.30728033,57.83443302,12.30727124,2.219,2.500,1.030,0.90,8,8,Forward
1770564141.9613955,57.83443417,12.30728383,57.83443359,12.30727754,2.219,2.500,1.030,0.36,8,8,Forward
1770564142.9549172,57.83443183,12.30728433,57.83443271,12.30728093,2.219,2.500,1.030,0.25,8,8,Forward
1770564143.960667,57.83443267,12.30728017,57.83443269,12.30728055,2.219,2.500,1.030,0.39,8,8,Stopped
1770564144.9531221,57.83443483,12.30727500,57.83443376,12.30727778,2.219,2.500,1.030,0.70,8,8,Stopped
1770564145.966154,57.83443150,12.30726950,57.83443263,12.30727364,2.219,2.500,1.030,0.94,8,8,Reverse
1770564146.9535558,57.83443050,12.30726783,57.83443157,12.30727074,2.219,2.500,1.030,0.54,8,8,Stopped
1770564147.956999,57.83443000,12.30726767,57.83443078,12.30726920,2.219,2.500,1.030,0.31,8,8,Stopped
1770564148.9632306,57.83443233,12.30726250,57.83443156,12.30726585,2.219,2.500,1.030,0.57,8,8,Stopped
1770564149.954636,57.83443117,12.30725700,57.83443136,12.30726143,2.219,2.500,1.030,0.96,8,8,Reverse
1770564150.955702,57.83442150,12.30726867,57.83442643,12.30726505,2.219,2.500,1.030,0.95,8,8,Forward
1770564151.954164,57.83441717,12.30727083,57.83442180,12.30726794,2.219,2.500,1.030,1.05,8,8,Stopped
1770564152.9536896,57.83441500,12.30727300,57.83441840,12.30727047,2.219,2.500,1.030,0.87,8,8,Stopped
1770564153.9633574,57.83441367,12.30727500,57.83441603,12.30727273,2.219,2.500,1.030,0.70,8,8,Stopped
1770564154.9545038,57.83441133,12.30728183,57.83441368,12.30727728,2.219,2.500,1.030,0.87,8,8,Forward
1770564155.9524379,57.83441067,12.30729000,57.83441217,12.30728364,2.219,2.500,1.030,1.07,8,8,Forward
1770564156.9641426,57.83440667,12.30729250,57.83440942,12.30728807,2.219,2.500,1.030,1.12,8,8,Forward
1770564157.9532766,57.83440417,12.30729067,57.83440679,12.30728937,2.219,2.500,1.030,0.82,8,8,Stopped
1770564158.9536352,57.83439717,12.30728533,57.83440198,12.30728735,2.219,2.500,1.030,1.28,8,8,Stopped
1770564159.958795,57.83439717,12.30728717,57.83439957,12.30728726,2.219,2.500,1.030,0.89,8,8,Stopped
1770564160.965869,57.83439033,12.30728967,57.83439495,12.30728846,2.219,2.500,1.030,1.42,8,8,Stopped
1770564161.9549158,57.83437950,12.30729917,57.83438723,12.30729381,2.219,2.500,1.030,2.29,8,8,Forward
1770564162.95353,57.83437900,12.30730600,57.83438311,12.30729991,2.219,2.500,1.030,1.69,8,8,Forward
1770564163.9549792,57.83438033,12.30731083,57.83438172,12.30730537,2.219,2.500,1.030,1.18,8,8,Forward
1770564164.9557445,57.83438233,12.30731617,57.83438203,12.30731077,2.276,2.500,1.090,0.93,7,7,Forward
1770564165.9564252,57.83438733,12.30732300,57.83438468,12.30731688,2.619,2.500,1.450,1.13,6,6,Forward
1770564166.9519567,57.83438750,12.30732983,57.83438609,12.30732336,2.552,2.500,1.380,1.29,6,6,Forward
1770564167.9579766,57.83438633,12.30732350,57.83438621,12.30732343,2.552,2.500,1.380,0.51,6,6,Stopped
1770564168.9684298,57.83438233,12.30731700,57.83438427,12.30732021,2.552,2.500,1.380,1.07,6,6,Stopped
1770564169.9619088,57.83437833,12.30732200,57.83438130,12.30732111,2.552,2.500,1.380,1.65,6,6,Stopped
1770564170.95363,57.83437567,12.30732533,57.83437848,12.30732322,2.552,2.500,1.380,1.78,6,6,Stopped
1770564171.952477,57.83436767,12.30732183,57.83437308,12.30732253,2.543,2.500,1.370,2.62,6,6,Stopped
1770564172.9578185,57.83436850,12.30732667,57.83437079,12.30732460,2.219,2.500,1.030,1.86,8,8,Stopped
1770564173.9538388,57.83436650,12.30732650,57.83436864,12.30732555,2.219,2.500,1.030,1.72,8,8,Stopped
1770564174.9536457,57.83436600,12.30732183,57.83436732,12.30732369,2.219,2.500,1.030,1.53,8,8,Stopped
1770564175.958778,57.83436917,12.30732833,57.83436824,12.30732601,2.219,2.500,1.030,1.34,8,8,Stopped
1770564176.9529207,57.83437300,12.30731783,57.83437062,12.30732192,2.343,2.500,1.160,0.53,7,7,Reverse
1770564177.9606223,57.83437617,12.30731417,57.83437339,12.30731804,2.343,2.500,1.160,0.26,7,7,Reverse
1770564178.953589,57.83438100,12.30731733,57.83437720,12.30731769,2.343,2.500,1.160,0.55,7,7,Stopped
1770564179.9521804,57.83438200,12.30731117,57.83437960,12.30731443,2.343,2.500,1.160,0.29,7,7,Stopped
1770564180.9663222,57.83437683,12.30730167,57.83437822,12.30730805,2.219,2.500,1.030,1.12,8,8,Reverse
1770564181.9579928,57.83436650,12.30729783,57.83437236,12.30730294,2.343,2.500,1.160,2.18,7,7,Reverse
1770564182.9591887,57.83436850,12.30729550,57.83437043,12.30729922,2.343,2.500,1.160,1.54,7,7,Reverse
1770564183.9538553,57.83436800,12.30729683,57.83436921,12.30729803,2.343,2.500,1.160,1.34,7,7,Stopped
1770564184.9607384,57.83436567,12.30730083,57.83436744,12.30729943,2.343,2.500,1.160,1.36,7,7,Stopped
1770564185.9528074,57.83437033,12.30731083,57.83436889,12.30730513,2.343,2.500,1.160,0.79,7,7,Forward
1770564186.9629033,57.83436500,12.30730767,57.83436694,12.30730640,2.343,2.500,1.160,0.99,7,7,Stopped
1770564187.9568894,57.83435883,12.30731550,57.83436289,12.30731095,2.343,2.500,1.160,1.54,7,7,Forward
1770564188.9533124,57.83435633,12.30732700,57.83435961,12.30731897,2.343,2.500,1.160,1.65,7,7,Forward
1770564189.951414,57.83437583,12.30735550,57.83436772,12.30733724,2.343,2.500,1.160,2.64,7,7,Forward
1770564190.9531713,57.83438000,12.30736267,57.83437386,12.30734995,2.343,2.500,1.160,2.42,7,7,Forward
1770564191.9612193,57.83437150,12.30736100,57.83437268,12.30735548,2.343,2.500,1.160,1.09,7,7,Forward
1770564192.957605,57.83436583,12.30735700,57.83436926,12.30735624,2.343,2.500,1.160,1.13,7,7,Stopped
1770564193.952953,57.83436633,12.30735717,57.83436780,12.30735670,2.343,2.500,1.160,0.85,7,7,Stopped
1770564194.959543,57.83436283,12.30736233,57.83436531,12.30735952,2.343,2.500,1.160,0.85,7,7,Stopped
1770564195.9545188,57.83437017,12.30737250,57.83436774,12.30736601,2.343,2.500,1.160,1.08,7,7,Forward
1770564196.9539194,57.83437150,12.30736267,57.83436962,12.30736434,2.343,2.500,1.160,0.49,7,7,Stopped
1770564197.959694,57.83437717,12.30736767,57.83437339,12.30736600,2.343,2.500,1.160,1.10,7,7,Stopped
1770564198.963159,57.83437583,12.30736133,57.83437461,12.30736367,2.343,2.500,1.160,0.53,7,7,Stopped
1770564199.9495037,57.83438567,12.30736317,57.83438014,12.30736342,2.343,2.500,1.160,1.45,7,7,Stopped
1770564200.9531922,57.83439050,12.30735717,57.83438532,12.30736029,2.343,2.500,1.160,1.53,7,7,Stopped
1770564201.952636,57.83439483,12.30736283,57.83439008,12.30736156,2.343,2.500,1.160,1.49,7,7,Stopped
1770564202.9579816,57.83439667,12.30736667,57.83439337,12.30736411,2.343,2.500,1.160,1.40,7,7,Stopped
1770564203.963051,57.83439583,12.30736367,57.83439460,12.30736389,2.343,2.500,1.160,0.93,7,7,Stopped
1770564204.9537191,57.83440333,12.30737083,57.83439897,12.30736736,2.343,2.500,1.160,1.60,7,7,Forward
1770564205.9513156,57.83441050,12.30737250,57.83440473,12.30736993,2.343,2.500,1.160,1.97,7,7,Stopped
1770564206.9525738,57.83441683,12.30738283,57.83441078,12.30737638,2.343,2.500,1.160,2.33,7,7,Forward
1770564207.9544377,57.83441983,12.30738017,57.83441531,12.30737827,2.343,2.500,1.160,1.94,7,7,Stopped
1770564208.9638517,57.83442517,12.30737933,57.83442024,12.30737880,2.343,2.500,1.160,1.95,7,7,Stopped
1770564209.9525688,57.83442683,12.30737733,57.83442354,12.30737807,2.343,2.500,1.160,1.50,7,7,Stopped
1770564210.9565148,57.83442350,12.30737333,57.83442352,12.30737570,2.343,2.500,1.160,0.81,7,7,Stopped
1770564211.9620657,57.83441217,12.30736183,57.83441784,12.30736877,2.343,2.500,1.160,0.69,7,7,Reverse
1770564212.956321,57.83441217,12.30737150,57.83441500,12.30737013,2.343,2.500,1.160,0.77,7,7,Stopped
1770564213.9622574,57.83441083,12.30736467,57.83441292,12.30736740,2.343,2.500,1.160,0.29,7,7,Stopped
1770564214.95952,57.83440767,12.30736433,57.83441029,12.30736587,2.343,2.500,1.160,0.41,7,7,Stopped
1770564215.953266,57.83440500,12.30735717,57.83440765,12.30736152,2.343,2.500,1.160,0.39,7,7,Reverse
1770564216.9529903,57.83439933,12.30735233,57.83440349,12.30735693,2.343,2.500,1.160,0.85,7,7,Reverse
1770564217.938499,57.83439750,12.30734767,57.83440049,12.30735230,2.343,2.500,1.160,0.95,7,7,Reverse
1770564218.9530902,57.83439517,12.30734233,57.83439783,12.30734731,2.743,2.500,1.580,0.96,6,6,Reverse
1770564219.9589884,57.83439117,12.30733367,57.83439450,12.30734049,2.743,2.500,1.580,1.16,6,6,Reverse
1770564220.9547987,57.83439183,12.30733883,57.83439317,12.30733966,2.733,2.500,1.570,0.63,6,6,Stopped
1770564221.9605794,57.83439017,12.30733467,57.83439167,12.30733716,2.733,2.500,1.570,0.51,6,6,Stopped
1770564222.9569037,57.83439217,12.30732367,57.83439192,12.30733042,2.733,2.500,1.570,1.32,6,6,Reverse
1770564223.953122,57.83440017,12.30732167,57.83439604,12.30732604,2.343,2.500,1.160,1.47,7,7,Reverse
1770564224.9551451,57.83438817,12.30730183,57.83439210,12.30731394,2.343,2.500,1.160,2.01,7,7,Reverse
1770564225.9553058,57.83438750,12.30729733,57.83438980,12.30730564,2.343,2.500,1.160,1.68,7,7,Reverse
1770564226.9601414,57.83439367,12.30729600,57.83439173,12.30730082,2.343,2.500,1.160,1.32,7,7,Reverse
1770564227.950184,57.83439083,12.30728367,57.83439128,12.30729224,2.343,2.500,1.160,1.92,7,7,Reverse
1770564228.953192,57.83438867,12.30728550,57.83438998,12.30728887,2.343,2.500,1.160,1.49,7,7,Stopped
1770564229.95913,57.83438450,12.30728650,57.83438724,12.30728769,2.343,2.500,1.160,1.80,7,7,Stopped
1770564230.956281,57.83438700,12.30728967,57.83438712,12.30728868,2.343,2.500,1.160,1.11,7,7,Stopped
1770564231.9537745,57.83438300,12.30728383,57.83438506,12.30728625,2.343,2.500,1.160,1.74,7,7,Stopped
1770564232.9525318,57.83438167,12.30728083,57.83438336,12.30728354,2.514,2.500,1.340,1.80,6,6,Stopped
1770564233.958286,57.83437983,12.30728050,57.83438160,12.30728202,2.514,2.500,1.340,1.53,6,6,Stopped
1770564234.9575148,57.83437433,12.30728400,57.83437797,12.30728301,2.514,2.500,1.340,1.94,6,6,Stopped
1770564235.955187,57.83436883,12.30727817,57.83437340,12.30728059,2.343,2.500,1.160,2.22,7,7,Stopped
1770564236.9568102,57.83437050,12.30728267,57.83437195,12.30728163,2.343,2.500,1.160,1.66,7,7,Stopped
1770564237.954027,57.83436500,12.30726833,57.83436847,12.30727498,2.343,2.500,1.160,2.19,7,7,Reverse
1770564238.9613261,57.83437300,12.30726700,57.83437074,12.30727099,2.343,2.500,1.160,0.83,7,7,Reverse
1770564239.9544399,57.83438117,12.30727050,57.83437595,12.30727075,2.343,2.500,1.160,0.23,7,7,Stopped
1770564240.9619427,57.83437767,12.30726350,57.83437681,12.30726712,2.343,2.500,1.160,1.13,7,7,Reverse
1770564241.9599113,57.83438150,12.30726500,57.83437915,12.30726606,2.343,2.500,1.160,0.86,7,7,Stopped
1770564242.953469,57.83438600,12.30726517,57.83438258,12.30726561,2.343,2.500,1.160,0.21,7,7,Stopped
1770564243.961366,57.83439433,12.30727133,57.83438846,12.30726847,2.343,2.500,1.160,0.85,7,7,Stopped
1770564244.9568875,57.83439667,12.30728000,57.83439256,12.30727424,2.343,2.500,1.160,0.98,7,7,Forward
1770564245.9510264,57.83439250,12.30726867,57.83439253,12.30727145,2.343,2.500,1.160,0.45,7,7,Stopped
1770564246.9535115,57.83439500,12.30726883,57.83439377,12.30727014,2.343,2.500,1.160,0.28,7,7,Stopped
1770564247.9517248,57.83438833,12.30726183,57.83439105,12.30726599,2.343,2.500,1.160,1.34,7,7,Reverse
1770564248.9623935,57.83439250,12.30726600,57.83439177,12.30726599,2.343,2.500,1.160,0.84,7,7,Stopped
1770564249.9584653,57.83439717,12.30726883,57.83439447,12.30726741,2.343,2.500,1.160,0.39,7,7,Stopped
1770564250.9521418,57.83440117,12.30726750,57.83439782,12.30726746,2.343,2.500,1.160,0.39,7,7,Stopped
1770564251.9520857,57.83440533,12.30727383,57.83440158,12.30727065,2.343,2.500,1.160,0.66,7,7,Stopped
1770564252.9544952,57.83440533,12.30727050,57.83440345,12.30727057,2.343,2.500,1.160,0.52,7,7,Stopped
1770564253.9614878,57.83441250,12.30726467,57.83440798,12.30726762,2.343,2.500,1.160,0.73,7,7,Stopped
1770564254.9573998,57.83441150,12.30726433,57.83440974,12.30726598,2.343,2.500,1.160,0.24,7,7,Stopped
1770564255.9525604,57.83441767,12.30727117,57.83441370,12.30726857,2.343,2.500,1.160,0.31,7,7,Stopped
1770564256.9527767,57.83442083,12.30727000,57.83441727,12.30726929,2.343,2.500,1.160,0.36,7,7,Stopped
1770564257.9540348,57.83442883,12.30727683,57.83442305,12.30727306,2.343,2.500,1.160,1.10,7,7,Forward
1770564258.9613311,57.83443033,12.30727250,57.83442669,12.30727278,2.343,2.500,1.160,1.25,7,7,Stopped
1770564259.955211,57.83442717,12.30726617,57.83442693,12.30726947,2.343,2.500,1.160,0.85,7,7,Stopped
1770564260.9628716,57.83442183,12.30726017,57.83442438,12.30726482,2.343,2.500,1.160,0.82,7,7,Reverse
1770564261.9606633,57.83442267,12.30725233,57.83442352,12.30725858,2.343,2.500,1.160,0.82,7,7,Reverse
1770564262.9522715,57.83442250,12.30725383,57.83442301,12.30725620,2.343,2.500,1.160,0.76,7,7,Stopped
1770564263.9596477,57.83442333,12.30724717,57.83442317,12.30725169,2.343,2.500,1.160,1.42,7,7,Reverse
1770564264.9526532,57.83442850,12.30725150,57.83442584,12.30725159,2.343,2.500,1.160,0.89,7,7,Stopped
1770564265.9495244,57.83442817,12.30725250,57.83442700,12.30725205,2.343,2.500,1.160,0.15,7,7,Stopped
1770564266.9635856,57.83443300,12.30725950,57.83443000,12.30725577,2.343,2.500,1.160,0.64,7,7,Forward
1770564267.9516933,57.83442933,12.30724817,57.83442967,12.30725197,2.343,2.500,1.160,0.77,7,7,Reverse
1770564268.9512563,57.83443450,12.30724383,57.83443208,12.30724790,2.343,2.500,1.160,0.82,7,7,Reverse
1770564269.956154,57.83442750,12.30724683,57.83442979,12.30724737,2.343,2.500,1.160,0.55,7,7,Stopped
1770564270.9533453,57.83442600,12.30725300,57.83442790,12.30725018,2.343,2.500,1.160,0.82,7,7,Stopped
1770564271.9496143,57.83443450,12.30725867,57.83443120,12.30725443,2.343,2.500,1.160,0.84,7,7,Forward
1770564272.953045,57.83443800,12.30726583,57.83443460,12.30726013,2.343,2.500,1.160,0.91,7,7,Forward
1770564273.9614105,57.83443183,12.30726483,57.83443322,12.30726248,2.343,2.500,1.160,0.39,7,7,Stopped
1770564274.9586036,57.83443750,12.30726733,57.83443536,12.30726491,2.343,2.500,1.160,0.95,7,7,Stopped
1770564275.9514372,57.83443267,12.30726250,57.83443401,12.30726370,2.343,2.500,1.160,0.48,7,7,Stopped
1770564276.960602,57.83443317,12.30726533,57.83443359,12.30726452,2.343,2.500,1.160,0.29,7,7,Stopped
1770564277.9537406,57.83443150,12.30726117,57.83443254,12.30726284,2.343,2.500,1.160,0.47,7,7,Stopped
1770564278.9553037,57.83443900,12.30727233,57.83443577,12.30726759,2.343,2.500,1.160,0.89,7,7,Forward
1770564279.954716,57.83444233,12.30727467,57.83443905,12.30727113,2.343,2.500,1.160,1.20,7,7,Forward
1770564280.9621694,57.83444117,12.30727767,57.83444011,12.30727440,2.343,2.500,1.160,0.79,7,7,Stopped
1770564281.9527428,57.83444267,12.30728050,57.83444139,12.30727745,2.343,2.500,1.160,0.46,7,7,Stopped
1770564282.9539955,57.83445033,12.30728067,57.83444586,12.30727906,2.343,2.500,1.160,1.40,7,7,Stopped
1770564283.953369,57.83445267,12.30728550,57.83444926,12.30728228,2.343,2.500,1.160,1.46,7,7,Stopped
1770564284.9542463,57.83445367,12.30727800,57.83445147,12.30728014,2.343,2.500,1.160,1.18,7,7,Stopped
1770564285.9628272,57.83445000,12.30727583,57.83445073,12.30727799,2.343,2.500,1.160,0.52,7,7,Stopped
1770564286.953293,57.83444750,12.30728167,57.83444912,12.30727983,2.343,2.500,1.160,0.54,7,7,Stopped
1770564287.953583,57.83444067,12.30727633,57.83444489,12.30727808,2.343,2.500,1.160,0.29,7,7,Stopped
1770564288.954629,57.83444367,12.30728367,57.83444428,12.30728087,2.343,2.500,1.160,0.91,7,7,Stopped
1770564289.9513834,57.83443883,12.30728117,57.83444156,12.30728102,2.343,2.500,1.160,0.46,7,7,Stopped
1770564290.9643292,57.83443933,12.30727850,57.83444044,12.30727976,2.343,2.500,1.160,0.35,7,7,Stopped
1770564291.9544299,57.83444433,12.30727133,57.83444239,12.30727555,2.343,2.500,1.160,0.96,7,7,Reverse
1770564292.9537387,57.83444167,12.30726700,57.83444203,12.30727127,2.343,2.500,1.160,0.20,7,7,Reverse
1770564293.9539492,57.83444500,12.30726483,57.83444351,12.30726805,2.343,2.500,1.160,0.73,7,7,Stopped
1770564294.9537485,57.83444350,12.30726733,57.83444351,12.30726769,2.343,2.500,1.160,0.60,7,7,Stopped
1770564295.96422,57.83444267,12.30726617,57.83444309,12.30726693,2.343,2.500,1.160,0.34,7,7,Stopped
1770564296.9562562,57.83443833,12.30726567,57.83444071,12.30726630,2.343,2.500,1.160,0.42,7,7,Stopped
1770564297.9530125,57.83443450,12.30726150,57.83443761,12.30726390,2.343,2.500,1.160,0.59,7,7,Stopped
1770564298.953611,57.83442767,12.30726117,57.83443264,12.30726253,2.343,2.500,1.160,1.21,7,7,Stopped
1770564299.9570749,57.83442700,12.30725367,57.83442982,12.30725810,2.343,2.500,1.160,1.14,7,7,Reverse
1770564300.956392,57.83442667,12.30725600,57.83442824,12.30725705,2.724,2.500,1.560,0.57,6,6,Stopped
1770564301.9591146,57.83442283,12.30725167,57.83442554,12.30725436,2.343,2.500,1.160,0.50,7,7,Stopped
1770564302.9541483,57.83442033,12.30724733,57.83442294,12.30725085,2.343,2.500,1.160,0.50,7,7,Reverse
1770564303.9563923,57.83442600,12.30725717,57.83442447,12.30725401,2.343,2.500,1.160,0.94,7,7,Stopped
1770564304.9513218,57.83442533,12.30725667,57.83442490,12.30725534,2.343,2.500,1.160,0.82,7,7,Stopped
1770564305.964421,57.83442683,12.30726317,57.83442587,12.30725925,2.343,2.500,1.160,0.93,7,7,Forward
1770564306.9535758,57.83442067,12.30725283,57.83442327,12.30725604,2.343,2.500,1.160,0.11,7,7,Stopped
1770564307.9493928,57.83441200,12.30725067,57.83441763,12.30725335,2.343,2.500,1.160,0.83,7,7,Stopped
1770564308.9512448,57.83440517,12.30724733,57.83441140,12.30725034,2.343,2.500,1.160,1.44,7,7,Stopped
1770564309.9577777,57.83439783,12.30724717,57.83440462,12.30724876,2.343,2.500,1.160,1.70,7,7,Stopped
1770564310.9519255,57.83438933,12.30724467,57.83439698,12.30724671,2.343,2.500,1.160,2.10,7,7,Stopped
1770564311.9538572,57.83437617,12.30723817,57.83438657,12.30724244,2.343,2.500,1.160,3.04,7,7,Reverse
1770564312.954773,57.83437600,12.30723167,57.83438129,12.30723705,2.343,2.500,1.160,1.92,7,7,Reverse
1770564313.952677,57.83437233,12.30723233,57.83437681,12.30723469,2.343,2.500,1.160,1.80,7,7,Stopped
1770564314.954643,57.83437833,12.30723167,57.83437757,12.30723318,2.343,2.500,1.160,0.81,7,7,Stopped
1770564315.953814,57.83436950,12.30722983,57.83437354,12.30723151,2.343,2.500,1.160,1.19,7,7,Stopped
1770564316.9581776,57.83437083,12.30723083,57.83437218,12.30723117,2.343,2.500,1.160,0.32,7,7,Stopped
1770564317.9517531,57.83437417,12.30722633,57.83437318,12.30722875,2.343,2.500,1.160,0.74,7,7,Stopped
1770564318.9611452,57.83438483,12.30723467,57.83437900,12.30723171,2.343,2.500,1.160,1.69,7,7,Stopped
1770564319.9527485,57.83438050,12.30723317,57.83437975,12.30723244,2.343,2.500,1.160,0.60,7,7,Stopped
1770564320.9547226,57.83438233,12.30723483,57.83438104,12.30723364,2.343,2.500,1.160,0.68,7,7,Stopped
1770564321.954425,57.83438317,12.30723183,57.83438210,12.30723273,2.343,2.500,1.160,0.51,7,7,Stopped
1770564322.954726,57.83438700,12.30723517,57.83438455,12.30723395,2.343,2.500,1.160,1.17,7,7,Stopped
1770564323.9621456,57.83438217,12.30723033,57.83438336,12.30723214,2.343,2.500,1.160,0.78,7,7,Stopped
1770564324.953808,57.83438983,12.30724200,57.83438660,12.30723707,2.343,2.500,1.160,1.26,7,7,Forward
1770564325.963079,57.83438917,12.30725300,57.83438788,12.30724504,2.343,2.500,1.160,1.36,7,7,Forward
1770564326.9571466,57.83438450,12.30725700,57.83438619,12.30725102,2.219,2.500,1.030,0.81,8,8,Forward
1770564327.954408,57.83439550,12.30726567,57.83439085,12.30725834,2.219,2.500,1.030,2.10,8,8,Forward
1770564328.960657,57.83439550,12.30726833,57.83439317,12.30726334,2.343,2.500,1.160,1.72,7,7,Forward
1770564329.9534936,57.83439650,12.30727583,57.83439484,12.30726959,2.343,2.500,1.160,1.95,7,7,Forward
1770564330.9545953,57.83439633,12.30727717,57.83439558,12.30727338,2.343,2.500,1.160,1.57,7,7,Forward
1770564331.9573178,57.83440100,12.30728233,57.83439829,12.30727785,2.343,2.500,1.160,1.54,7,7,Forward
1770564332.9539864,57.83439500,12.30727250,57.83439665,12.30727518,2.343,2.500,1.160,0.51,7,7,Stopped
1770564333.9671319,57.83439150,12.30726767,57.83439407,12.30727142,2.343,2.500,1.160,0.36,7,7,Reverse
1770564334.954753,57.83439033,12.30727083,57.83439220,12.30727113,2.343,2.500,1.160,0.80,7,7,Stopped
1770564335.9537737,57.83439117,12.30727417,57.83439168,12.30727265,2.343,2.500,1.160,0.74,7,7,Stopped
1770564336.952779,57.83438917,12.30727583,57.83439043,12.30727424,2.343,2.500,1.160,0.75,7,7,Stopped
1770564337.9537868,57.83438650,12.30727667,57.83438846,12.30727545,2.343,2.500,1.160,0.99,7,7,Stopped
1770564338.9633813,57.83438750,12.30728383,57.83438798,12.30727964,2.343,2.500,1.160,1.10,7,7,Forward
1770564339.953293,57.83439017,12.30728917,57.83438907,12.30728441,2.343,2.500,1.160,1.05,7,7,Forward
1770564340.9535546,57.83438717,12.30728633,57.83438812,12.30728537,2.343,2.500,1.160,0.74,7,7,Stopped
1770564341.9607582,57.83439183,12.30728550,57.83438998,12.30728543,2.343,2.500,1.160,0.06,7,7,Stopped
1770564342.9510477,57.83439717,12.30729683,57.83439357,12.30729113,2.514,2.500,1.340,1.02,6,6,Forward
1770564343.9494166,57.83439400,12.30728583,57.83439379,12.30728848,2.514,2.500,1.340,0.31,6,6,Stopped
1770564344.956892,57.83439417,12.30727933,57.83439398,12.30728391,2.514,2.500,1.340,0.54,6,6,Reverse
1770564345.9546335,57.83439400,12.30729300,57.83439399,12.30728845,2.267,2.500,1.080,1.04,7,7,Forward
1770564346.953932,57.83439950,12.30729000,57.83439674,12.30728923,2.219,2.500,1.030,0.23,8,8,Stopped
1770564347.9555373,57.83440083,12.30728950,57.83439879,12.30728936,2.343,2.500,1.160,0.70,7,7,Stopped
1770564348.9570365,57.83440683,12.30728983,57.83440281,12.30728960,2.343,2.500,1.160,0.44,7,7,Stopped
1770564349.9552555,57.83441800,12.30730000,57.83441041,12.30729480,2.343,2.500,1.160,1.36,7,7,Forward
1770564350.9550068,57.83442050,12.30730150,57.83441545,12.30729815,2.343,2.500,1.160,0.81,7,7,Stopped
1770564351.9539154,57.83442233,12.30730100,57.83441889,12.30729957,2.343,2.500,1.160,0.90,7,7,Stopped
1770564352.951753,57.83442533,12.30730167,57.83442211,12.30730062,2.343,2.500,1.160,1.01,7,7,Stopped
1770564353.9555917,57.83443033,12.30730750,57.83442622,12.30730406,2.343,2.500,1.160,1.27,7,7,Forward
1770564354.9571877,57.83442983,12.30730933,57.83442803,12.30730670,2.343,2.500,1.160,0.53,7,7,Stopped
1770564355.9541748,57.83442867,12.30730233,57.83442835,12.30730452,2.343,2.500,1.160,0.02,7,7,Stopped
1770564356.954305,57.83442567,12.30729000,57.83442701,12.30729726,2.343,2.500,1.160,0.79,7,7,Reverse
1770564357.9551475,57.83442567,12.30728433,57.83442634,12.30729080,2.343,2.500,1.160,0.96,7,7,Reverse
1770564358.9609497,57.83442783,12.30728200,57.83442709,12.30728640,2.343,2.500,1.160,0.97,7,7,Reverse
1770564359.955905,57.83442667,12.30727567,57.83442688,12.30728103,2.343,2.500,1.160,1.18,7,7,Reverse
1770564360.955098,57.83442617,12.30727383,57.83442652,12.30727743,2.343,2.500,1.160,0.73,7,7,Reverse
1770564361.9495108,57.83442500,12.30726733,57.83442576,12.30727238,2.343,2.500,1.160,0.70,7,7,Reverse
1770564362.9556963,57.83441783,12.30726350,57.83442180,12.30726794,2.343,2.500,1.160,1.24,7,7,Reverse
1770564363.9611545,57.83441583,12.30725617,57.83441882,12.30726205,2.343,2.500,1.160,1.37,7,7,Reverse
1770564364.9560566,57.83441633,12.30725850,57.83441757,12.30726028,2.343,2.500,1.160,0.89,7,7,Stopped
1770564365.9620926,57.83441767,12.30726033,57.83441762,12.30726031,2.343,2.500,1.160,0.29,7,7,Stopped
1770564366.9494896,57.83441583,12.30726550,57.83441673,12.30726290,2.343,2.500,1.160,0.53,7,7,Stopped
1770564367.954055,57.83440883,12.30726417,57.83441278,12.30726353,2.343,2.500,1.160,1.21,7,7,Stopped
1770564368.952073,57.83441617,12.30727400,57.83441447,12.30726877,2.343,2.500,1.160,0.74,7,7,Forward
1770564369.9552312,57.83441650,12.30727283,57.83441549,12.30727080,2.343,2.500,1.160,0.55,7,7,Stopped
1770564370.9523194,57.83442083,12.30728050,57.83441816,12.30727565,2.343,2.500,1.160,1.27,7,7,Forward
1770564371.952231,57.83441850,12.30727733,57.83441833,12.30727649,2.343,2.500,1.160,0.74,7,7,Stopped
1770564372.9533432,57.83441483,12.30726700,57.83441658,12.30727175,2.343,2.500,1.160,0.30,7,7,Reverse
1770564373.9620936,57.83440783,12.30725767,57.83441221,12.30726471,2.343,2.500,1.160,1.03,7,7,Reverse
1770564374.955286,57.83440700,12.30724917,57.83440960,12.30725694,2.343,2.500,1.160,0.73,7,7,Reverse
1770564375.9575148,57.83440833,12.30725000,57.83440897,12.30725347,2.343,2.500,1.160,0.07,7,7,Reverse
1770564376.9551175,57.83439883,12.30725317,57.83440390,12.30725332,2.343,2.500,1.160,1.23,7,7,Stopped
1770564377.9551647,57.83439800,12.30725333,57.83440095,12.30725333,2.343,2.500,1.160,0.93,7,7,Stopped
1770564378.9708054,57.83439967,12.30724750,57.83440031,12.30725041,2.343,2.500,1.160,0.16,7,7,Stopped
1770564379.9576561,57.83439700,12.30724150,57.83439865,12.30724596,2.286,2.500,1.100,0.45,8,8,Reverse
1770564380.9625342,57.83439967,12.30724133,57.83439916,12.30724364,2.286,2.500,1.100,0.27,8,8,Stopped
1770564381.9603975,57.83439783,12.30723917,57.83439850,12.30724141,2.286,2.500,1.100,0.18,8,8,Stopped
1770564382.9543602,57.83439133,12.30723733,57.83439492,12.30723937,2.286,2.500,1.100,0.82,8,8,Stopped
1770564383.9618058,57.83439200,12.30723683,57.83439346,12.30723810,2.286,2.500,1.100,0.36,8,8,Stopped
1770564384.9541152,57.83438617,12.30723550,57.83438981,12.30723680,2.286,2.500,1.100,1.04,8,8,Stopped
1770564385.9608674,57.83438050,12.30723617,57.83438516,12.30723648,2.286,2.500,1.100,1.52,8,8,Stopped
1770564386.9597857,57.83437750,12.30723833,57.83438133,12.30723741,2.286,2.500,1.100,1.41,8,8,Stopped
1770564387.9556155,57.83438767,12.30723883,57.83438450,12.30723812,2.286,2.500,1.100,0.55,8,8,Stopped
1770564388.951291,57.83439200,12.30723850,57.83438825,12.30723831,2.286,2.500,1.100,0.63,8,8,Stopped
1770564389.953921,57.83439333,12.30724117,57.83439079,12.30723974,2.286,2.500,1.100,0.55,8,8,Stopped
1770564390.9589097,57.83439150,12.30724250,57.83439115,12.30724112,2.286,2.500,1.100,0.25,8,8,Stopped
1770564391.9609606,57.83439283,12.30724383,57.83439199,12.30724248,2.286,2.500,1.100,0.21,8,8,Stopped
1770564392.9492617,57.83439200,12.30724083,57.83439199,12.30724165,2.286,2.500,1.100,0.25,8,8,Stopped
1770564393.9529371,57.83438983,12.30724100,57.83439091,12.30724133,2.448,2.500,1.270,0.39,7,7,Stopped
1770564394.9533803,57.83438983,12.30723950,57.83439037,12.30724041,2.448,2.500,1.270,0.35,7,7,Stopped
1770564395.9534159,57.83439050,12.30723867,57.83439044,12.30723954,2.448,2.500,1.270,0.07,7,7,Stopped
1770564396.9532902,57.83439083,12.30723767,57.83439064,12.30723860,2.448,2.500,1.270,0.20,7,7,Stopped
1770564397.949896,57.83439683,12.30723967,57.83439373,12.30723914,2.448,2.500,1.270,0.92,7,7,Stopped
1770564398.962108,57.83439517,12.30723833,57.83439445,12.30723873,2.286,2.500,1.100,0.26,8,8,Stopped
1770564399.9596596,57.83439867,12.30724117,57.83439656,12.30723995,2.286,2.500,1.100,0.69,8,8,Stopped
1770564400.9524822,57.83439433,12.30723933,57.83439545,12.30723964,2.286,2.500,1.100,0.16,8,8,Stopped
1770564401.960923,57.83439400,12.30723967,57.83439472,12.30723965,2.286,2.500,1.100,0.09,8,8,Stopped
1770564402.954261,57.83439717,12.30723733,57.83439594,12.30723849,2.286,2.500,1.100,0.47,8,8,Stopped
1770564403.9612718,57.83439867,12.30723683,57.83439731,12.30723766,2.286,2.500,1.100,0.59,8,8,Stopped
1770564404.9537377,57.83439550,12.30723683,57.83439640,12.30723725,2.286,2.500,1.100,0.07,8,8,Stopped
1770564405.9620843,57.83439533,12.30723533,57.83439587,12.30723629,2.286,2.500,1.100,0.19,8,8,Stopped
1770564406.9536653,57.83439733,12.30723883,57.83439660,12.30723756,2.286,2.500,1.100,0.56,8,8,Stopped
1770564407.9526074,57.83439817,12.30723667,57.83439738,12.30723711,2.286,2.500,1.100,0.21,8,8,Stopped
1770564408.9622712,57.83439517,12.30723800,57.83439628,12.30723756,2.286,2.500,1.100,0.51,8,8,Stopped
1770564409.953399,57.83439083,12.30723450,57.83439355,12.30723603,2.286,2.500,1.100,1.02,8,8,Stopped
1770564410.9624887,57.83439083,12.30723350,57.83439219,12.30723476,2.286,2.500,1.100,0.86,8,8,Stopped
1770564411.951232,57.83439117,12.30723817,57.83439168,12.30723647,2.286,2.500,1.100,0.91,8,8,Stopped
1770564412.956218,57.83439317,12.30723783,57.83439242,12.30723715,2.286,2.500,1.100,0.49,8,8,Stopped
1770564413.952892,57.83439250,12.30723900,57.83439246,12.30723807,2.286,2.500,1.100,0.69,8,8,Stopped
1770564414.953176,57.83440133,12.30724283,57.83439690,12.30724045,2.286,2.500,1.100,1.07,8,8,Stopped
1770564415.953147,57.83440350,12.30724333,57.83440020,12.30724189,2.286,2.500,1.100,0.84,8,8,Stopped
1770564416.9543474,57.83440483,12.30724300,57.83440252,12.30724245,2.286,2.500,1.100,0.60,8,8,Stopped
1770564417.9536574,57.83441017,12.30724417,57.83440634,12.30724331,2.286,2.500,1.100,0.94,8,8,Stopped
1770564418.9542356,57.83440450,12.30724517,57.83440542,12.30724424,2.286,2.500,1.100,0.53,8,8,Stopped
1770564419.9538107,57.83440433,12.30725050,57.83440488,12.30724737,2.286,2.500,1.100,1.04,8,8,Stopped
1770564420.9662468,57.83440967,12.30724950,57.83440727,12.30724843,2.286,2.500,1.100,0.54,8,8,Stopped
1770564421.9597297,57.83440917,12.30724800,57.83440822,12.30724822,2.286,2.500,1.100,0.18,8,8,Stopped
1770564422.9538393,57.83441017,12.30724667,57.83440919,12.30724744,2.286,2.500,1.100,0.36,8,8,Stopped
1770564423.9535482,57.83441283,12.30724600,57.83441101,12.30724672,2.286,2.500,1.100,0.26,8,8,Stopped
1770564424.9540834,57.83441533,12.30725133,57.83441317,12.30724903,2.286,2.500,1.100,0.49,8,8,Stopped
1770564425.9537065,57.83441567,12.30724867,57.83441442,12.30724885,2.286,2.500,1.100,0.22,8,8,Stopped
1770564426.9615138,57.83441550,12.30725300,57.83441496,12.30725092,2.286,2.500,1.100,0.65,8,8,Stopped
1770564427.9647973,57.83441600,12.30724767,57.83441548,12.30724930,2.286,2.500,1.100,0.59,8,8,Stopped
1770564428.968839,57.83442467,12.30724583,57.83442007,12.30724756,2.286,2.500,1.100,0.72,8,8,Stopped
1770564429.9578524,57.83442467,12.30724200,57.83442237,12.30724478,2.286,2.500,1.100,0.50,8,8,Stopped
1770564430.9628832,57.83442333,12.30724400,57.83442285,12.30724439,2.286,2.500,1.100,0.17,8,8,Stopped
1770564431.9529083,57.83442017,12.30723333,57.83442151,12.30723886,2.286,2.500,1.100,1.31,8,8,Reverse
1770564432.9586742,57.83442117,12.30723417,57.83442134,12.30723651,2.286,2.500,1.100,0.78,8,8,Stopped
1770564433.962307,57.83441717,12.30723300,57.83441925,12.30723476,2.286,2.500,1.100,1.28,8,8,Stopped
1770564434.9600194,57.83442083,12.30723150,57.83442004,12.30723313,2.286,2.500,1.100,0.76,8,8,Stopped
1770564435.9537077,57.83442300,12.30724000,57.83442152,12.30723656,2.286,2.500,1.100,0.66,8,8,Forward
1770564436.9548602,57.83442617,12.30724417,57.83442384,12.30724037,2.286,2.500,1.100,0.66,8,8,Forward
1770564437.9530237,57.83443033,12.30724333,57.83442709,12.30724185,2.286,2.500,1.100,0.22,7,7,Stopped
1770564438.9505198,57.83443783,12.30724767,57.83443246,12.30724476,2.286,2.500,1.100,0.82,7,7,Stopped
1770564439.9532928,57.83443850,12.30725000,57.83443548,12.30724738,2.286,2.500,1.100,0.58,7,7,Stopped
1770564440.9538467,57.83443783,12.30724350,57.83443666,12.30724544,2.286,2.500,1.100,0.41,8,8,Stopped
1770564441.9543722,57.83444000,12.30724433,57.83443833,12.30724489,2.286,2.500,1.100,0.26,8,8,Stopped
1770564442.958429,57.83444150,12.30724333,57.83443991,12.30724411,2.286,2.500,1.100,0.42,8,8,Stopped
1770564443.9536443,57.83444217,12.30724083,57.83444104,12.30724247,2.286,2.500,1.100,0.15,8,8,Stopped
1770564444.9531717,57.83444267,12.30723783,57.83444185,12.30724015,2.286,2.500,1.100,0.18,8,8,Stopped
1770564445.9590642,57.83444467,12.30723833,57.83444326,12.30723924,2.286,2.500,1.100,0.06,8,8,Stopped
1770564446.9495137,57.83444517,12.30724067,57.83444421,12.30723995,2.286,2.500,1.100,0.28,8,8,Stopped
1770564447.951573,57.83444450,12.30724167,57.83444436,12.30724081,2.286,2.500,1.100,0.45,8,8,Stopped
1770564448.9533772,57.83444417,12.30724467,57.83444426,12.30724274,2.286,2.500,1.100,0.70,8,8,Stopped
1770564449.9566436,57.83443933,12.30724217,57.83444180,12.30724245,2.286,2.500,1.100,0.86,8,8,Stopped
1770564450.9579766,57.83443800,12.30723933,57.83443990,12.30724089,2.286,2.500,1.100,0.95,8,8,Stopped
1770564451.955285,57.83443717,12.30723867,57.83443853,12.30723978,2.286,2.500,1.100,0.30,8,8,Stopped
1770564452.954454,57.83443650,12.30724000,57.83443752,12.30723989,2.410,2.500,1.230,0.19,7,7,Stopped
1770564453.9495609,57.83443617,12.30724183,57.83443684,12.30724086,2.410,2.500,1.230,0.25,7,7,Stopped
1770564454.952767,57.83443300,12.30723550,57.83443492,12.30723818,2.410,2.500,1.230,0.80,7,7,Stopped
1770564455.9508607,57.83442983,12.30723617,57.83443238,12.30723717,2.410,2.500,1.230,0.76,7,7,Stopped
1770564456.9535964,57.83442750,12.30722850,57.83442994,12.30723284,2.286,2.500,1.100,0.76,8,8,Reverse
1770564457.953297,57.83442550,12.30722667,57.83442772,12.30722975,2.286,2.500,1.100,0.65,8,8,Stopped
1770564458.9607654,57.83441783,12.30722767,57.83442278,12.30722871,2.286,2.500,1.100,1.20,8,8,Stopped
1770564459.9530232,57.83441733,12.30722217,57.83442005,12.30722544,2.286,2.500,1.100,1.04,8,8,Stopped
1770564460.9546294,57.83441533,12.30722000,57.83441769,12.30722272,2.286,2.500,1.100,0.86,8,8,Stopped
1770564461.9607344,57.83441167,12.30721350,57.83441468,12.30721811,2.286,2.500,1.100,1.30,8,8,Reverse
1770564462.9555547,57.83441117,12.30721400,57.83441292,12.30721605,2.286,2.500,1.100,0.67,8,8,Stopped
1770564463.9507532,57.83441400,12.30721600,57.83441346,12.30721603,2.286,2.500,1.100,0.28,8,8,Stopped
1770564464.9529502,57.83441167,12.30721850,57.83441256,12.30721726,2.286,2.500,1.100,0.34,8,8,Stopped
1770564465.9628053,57.83441500,12.30721983,57.83441378,12.30721855,2.286,2.500,1.100,0.33,8,8,Stopped
1770564466.9604416,57.83441550,12.30721700,57.83441464,12.30721777,2.286,2.500,1.100,0.29,8,8,Stopped
1770564467.9539073,57.83441283,12.30721083,57.83441374,12.30721430,2.286,2.500,1.100,0.82,8,8,Reverse
1770564468.9605284,57.83441367,12.30721183,57.83441370,12.30721307,2.286,2.500,1.100,0.23,8,8,Stopped
1770564469.9540818,57.83441733,12.30721467,57.83441552,12.30721387,2.286,2.500,1.100,0.39,8,8,Stopped
1770564470.953924,57.83441717,12.30720817,57.83441634,12.30721102,2.286,2.500,1.100,0.52,8,8,Stopped
1770564471.9568877,57.83441750,12.30720617,57.83441692,12.30720859,2.286,2.500,1.100,0.54,8,8,Stopped
1770564472.9579566,57.83442150,12.30721000,57.83441921,12.30720930,2.286,2.500,1.100,0.68,8,8,Stopped
1770564473.9558456,57.83442433,12.30720650,57.83442177,12.30720790,2.286,2.500,1.100,0.97,8,8,Stopped
1770564474.951407,57.83442733,12.30719950,57.83442455,12.30720370,2.286,2.500,1.100,1.45,8,8,Reverse
1770564475.9517777,57.83442700,12.30719783,57.83442578,12.30720077,2.286,2.500,1.100,0.99,8,8,Stopped
1770564476.9536865,57.83443000,12.30719800,57.83442789,12.30719938,2.286,2.500,1.100,0.89,8,8,Stopped
1770564477.9539979,57.83442967,12.30720450,57.83442878,12.30720194,2.286,2.500,1.100,0.42,8,8,Stopped
1770564478.9529426,57.83443167,12.30719950,57.83443022,12.30720072,2.286,2.500,1.100,0.68,8,8,Stopped
1770564479.9609418,57.83443383,12.30720550,57.83443203,12.30720311,2.286,2.500,1.100,0.77,8,8,Stopped
1770564480.963145,57.83443233,12.30720117,57.83443218,12.30720214,2.286,2.500,1.100,0.34,8,8,Stopped
1770564481.9601872,57.83443100,12.30719617,57.83443159,12.30719915,2.286,2.500,1.100,0.68,8,8,Stopped
1770564482.955559,57.83442633,12.30719083,57.83442896,12.30719499,2.286,2.500,1.100,1.37,8,8,Reverse
1770564483.9535892,57.83442617,12.30718983,57.83442756,12.30719241,2.286,2.500,1.100,1.02,8,8,Stopped
1770564484.9532042,57.83443117,12.30719017,57.83442937,12.30719129,2.286,2.500,1.100,0.38,8,8,Stopped
1770564485.9503284,57.83443900,12.30719233,57.83443418,12.30719181,2.286,2.500,1.100,0.93,8,8,Stopped
1770564486.957259,57.83444167,12.30719633,57.83443792,12.30719407,2.286,2.500,1.100,0.95,8,8,Stopped
1770564487.9538286,57.83444233,12.30719683,57.83444013,12.30719545,2.286,2.500,1.100,0.61,8,8,Stopped
1770564488.9599652,57.83444333,12.30719917,57.83444173,12.30719731,2.286,2.500,1.100,0.63,8,8,Stopped
1770564489.9555812,57.83444250,12.30720333,57.83444212,12.30720032,2.286,2.500,1.100,0.52,8,8,Stopped
1770564490.952729,57.83443917,12.30720683,57.83444064,12.30720358,2.371,2.500,1.190,0.59,7,7,Stopped
1770564491.9517934,57.83443367,12.30721550,57.83443715,12.30720954,2.371,2.500,1.190,1.40,7,7,Forward
1770564492.9507637,57.83443117,12.30721817,57.83443416,12.30721385,2.371,2.500,1.190,1.38,7,7,Forward
1770564493.9507186,57.83443283,12.30721950,57.83443350,12.30721668,2.286,2.500,1.100,0.97,8,8,Stopped
1770564494.949554,57.83443367,12.30721367,57.83443358,12.30721517,2.286,2.500,1.100,0.53,8,8,Stopped
1770564495.9529612,57.83443417,12.30721600,57.83443387,12.30721559,2.286,2.500,1.100,0.38,8,8,Stopped
1770564496.9520094,57.83443450,12.30721967,57.83443419,12.30721763,2.286,2.500,1.100,0.56,8,8,Stopped
1770564497.953188,57.83444417,12.30720900,57.83443918,12.30721331,2.286,2.500,1.100,1.11,8,8,Reverse
1770564498.9619317,57.83445067,12.30721033,57.83444492,12.30721182,2.286,2.500,1.100,1.50,8,8,Stopped
1770564499.9533343,57.83445883,12.30721083,57.83445188,12.30721133,2.286,2.500,1.100,1.99,8,8,Stopped
1770564500.951676,57.83445767,12.30720883,57.83445477,12.30721008,2.286,2.500,1.100,1.21,8,8,Stopped
1770564501.9546478,57.83445483,12.30722233,57.83445480,12.30721621,2.286,2.500,1.100,0.86,8,8,Forward
1770564502.952587,57.83445033,12.30722350,57.83445257,12.30721985,2.286,2.500,1.100,0.53,8,8,Forward
1770564503.958645,57.83444717,12.30722833,57.83444987,12.30722409,2.286,2.500,1.100,0.75,8,8,Forward
1770564504.9529536,57.83444550,12.30722917,57.83444768,12.30722663,2.286,2.500,1.100,0.81,8,8,Stopped
1770564505.96069,57.83444267,12.30722933,57.83444518,12.30722798,2.286,2.500,1.100,0.96,8,8,Stopped
1770564506.9521575,57.83444267,12.30723617,57.83444392,12.30723207,2.286,2.500,1.100,0.68,8,8,Forward
1770564507.9531024,57.83444267,12.30724750,57.83444329,12.30723979,2.286,2.500,1.100,1.14,8,8,Forward
1770564508.9590237,57.83444083,12.30725450,57.83444206,12.30724714,2.286,2.500,1.100,1.26,8,8,Forward
1770564509.954048,57.83443467,12.30726667,57.83443837,12.30725691,2.286,2.500,1.100,2.03,8,8,Forward
1770564510.9551349,57.83443500,12.30726733,57.83443668,12.30726212,2.286,2.500,1.100,1.31,8,8,Forward
1770564511.9555256,57.83443567,12.30727017,57.83443617,12.30726614,2.286,2.500,1.100,1.08,8,8,Forward
1770564512.953147,57.83443900,12.30726900,57.83443759,12.30726757,2.286,2.500,1.100,0.56,8,8,Stopped
1770564513.9542372,57.83443817,12.30727767,57.83443788,12.30727262,2.286,2.500,1.100,1.30,8,8,Forward
1770564514.9539242,57.83444050,12.30727967,57.83443919,12.30727614,2.286,2.500,1.100,1.26,8,8,Forward
1770564515.9375541,57.83444000,12.30728083,57.83443959,12.30727849,2.286,2.500,1.100,0.97,8,8,Stopped
1770564516.9381535,57.83444500,12.30728150,57.83444230,12.30727999,2.286,2.500,1.100,1.36,8,8,Stopped
1770564517.9493625,57.83444717,12.30727833,57.83444473,12.30727916,2.629,2.500,1.460,1.06,6,6,Stopped
1770564518.9540741,57.83444800,12.30727800,57.83444637,12.30727858,2.629,2.500,1.460,0.83,6,6,Stopped
1770564519.9537983,57.83444217,12.30727950,57.83444427,12.30727904,2.629,2.500,1.460,0.35,6,6,Stopped
1770564520.9497461,57.83444083,12.30728767,57.83444255,12.30728335,2.629,2.500,1.460,0.99,6,6,Forward
1770564521.9528594,57.83444117,12.30728933,57.83444186,12.30728634,2.371,2.500,1.190,0.95,7,7,Stopped
1770564522.9518065,57.83444583,12.30729000,57.83444385,12.30728817,2.371,2.500,1.190,0.98,7,7,Stopped
1770564523.9533713,57.83444367,12.30728333,57.83444376,12.30728575,2.371,2.500,1.190,0.13,7,7,Stopped
1770564524.9609993,57.83444300,12.30727717,57.83444338,12.30728146,2.371,2.500,1.190,0.38,7,7,Reverse
1770564525.9608305,57.83444083,12.30727533,57.83444211,12.30727840,2.371,2.500,1.190,0.47,7,7,Stopped
1770564526.953416,57.83443400,12.30727817,57.83443805,12.30727828,2.371,2.500,1.190,0.95,7,7,Stopped
1770564527.951536,57.83442900,12.30727683,57.83443353,12.30727756,2.286,2.500,1.100,1.13,8,8,Stopped
1770564528.9558263,57.83443083,12.30727483,57.83443218,12.30727620,2.286,2.500,1.100,0.70,8,8,Stopped
1770564529.9542332,57.83442900,12.30726900,57.83443059,12.30727260,2.286,2.500,1.100,1.18,8,8,Reverse
1770564530.9595222,57.83443100,12.30727650,57.83443079,12.30727455,2.286,2.500,1.100,0.44,8,8,Stopped
1770564531.9682114,57.83443467,12.30727267,57.83443273,12.30727361,2.286,2.500,1.100,1.07,8,8,Stopped
1770564532.9615977,57.83443267,12.30727083,57.83443270,12.30727222,2.286,2.500,1.100,0.83,8,8,Stopped
1770564533.95393,57.83443167,12.30727400,57.83443218,12.30727311,2.286,2.500,1.100,0.33,8,8,Stopped
1770564534.9631526,57.83442900,12.30727417,57.83443059,12.30727364,2.286,2.500,1.100,0.19,8,8,Stopped
1770564535.9528592,57.83442483,12.30727350,57.83442771,12.30727357,2.286,2.500,1.100,0.08,8,8,Stopped
1770564536.9509618,57.83441150,12.30726867,57.83441961,12.30727112,2.286,2.500,1.100,1.49,8,8,Stopped
1770564537.9586854,57.83440150,12.30726317,57.83441055,12.30726714,2.286,2.500,1.100,2.19,8,8,Reverse
1770564538.9526024,57.83439750,12.30725967,57.83440403,12.30726340,2.371,2.500,1.190,1.89,7,7,Reverse
1770564539.9527175,57.83438933,12.30725683,57.83439668,12.30726012,2.371,2.500,1.190,2.25,7,7,Stopped
1770564540.969675,57.83438050,12.30724583,57.83438859,12.30725298,2.371,2.500,1.190,3.04,7,7,Reverse
1770564541.9539707,57.83437567,12.30724217,57.83438213,12.30724757,2.371,2.500,1.190,2.79,7,7,Reverse
1770564542.9548635,57.83437617,12.30724267,57.83437915,12.30724512,2.371,2.500,1.190,2.08,7,7,Stopped
1770564543.9565163,57.83436567,12.30724050,57.83437241,12.30724281,2.371,2.500,1.190,2.90,7,7,Stopped
1770564544.9519093,57.83436967,12.30724450,57.83437104,12.30724365,2.286,2.500,1.100,1.33,8,8,Stopped
1770564545.9644213,57.83436700,12.30724350,57.83436902,12.30724358,2.286,2.500,1.100,1.31,8,8,Stopped
1770564546.9517858,57.83436050,12.30725100,57.83436476,12.30724729,2.286,2.500,1.100,1.40,8,8,Forward
1770564547.9512715,57.83436300,12.30725833,57.83436388,12.30725281,2.286,2.500,1.100,0.76,8,8,Forward
1770564548.957045,57.83435800,12.30725917,57.83436094,12.30725599,2.390,2.500,1.210,0.95,7,7,Stopped
1770564549.951468,57.83435583,12.30726533,57.83435839,12.30726066,2.390,2.500,1.210,0.93,7,7,Forward
1770564550.957234,57.83435300,12.30726517,57.83435569,12.30726291,2.390,2.500,1.210,0.69,7,7,Stopped
1770564551.9541087,57.83435517,12.30726583,57.83435543,12.30726437,2.390,2.500,1.210,0.15,7,7,Stopped
1770564552.949319,57.83435967,12.30726617,57.83435755,12.30726527,2.390,2.500,1.210,0.70,7,7,Stopped
1770564553.9565194,57.83438583,12.30727517,57.83437169,12.30727022,2.390,2.500,1.210,2.84,7,7,Forward
1770564554.9620883,57.83441450,12.30729917,57.83439310,12.30728469,2.286,2.500,1.100,5.02,8,8,Forward
1770564555.957488,57.83440717,12.30730500,57.83440013,12.30729485,2.286,2.500,1.100,3.19,8,8,Forward
1770564556.9539857,57.83440733,12.30730700,57.83440373,12.30730092,2.390,2.500,1.210,2.83,7,7,Forward
1770564557.956259,57.83440983,12.30731650,57.83440678,12.30730871,2.390,2.500,1.210,3.05,7,7,Forward
1770564558.9564912,57.83440533,12.30732383,57.83440606,12.30731627,2.390,2.500,1.210,2.32,7,7,Forward
1770564559.9521456,57.83439533,12.30733133,57.83440070,12.30732380,2.390,2.500,1.210,1.59,7,7,Forward
1770564560.9609838,57.83438383,12.30733217,57.83439226,12.30732798,2.390,2.500,1.210,1.50,7,7,Forward
1770564561.9545977,57.83437667,12.30733333,57.83438447,12.30733066,2.390,2.500,1.210,1.61,7,7,Stopped
1770564562.9478369,57.83437700,12.30733733,57.83438073,12.30733400,2.390,2.500,1.210,1.29,7,7,Stopped
1770564563.9544206,57.83437767,12.30734400,57.83437920,12.30733900,2.390,2.500,1.210,1.30,7,7,Forward
1770564564.950673,57.83438550,12.30734483,57.83438235,12.30734192,2.390,2.500,1.210,1.14,7,7,Stopped
1770564565.953997,57.83438617,12.30734633,57.83438426,12.30734412,2.390,2.500,1.210,0.79,7,7,Stopped
1770564566.955992,57.83439100,12.30734833,57.83438763,12.30734623,2.286,2.500,1.100,1.05,8,8,Stopped
1770564567.9513063,57.83438217,12.30735900,57.83438490,12.30735261,2.286,2.500,1.100,2.02,8,8,Forward
1770564568.9565609,57.83438517,12.30735700,57.83438503,12.30735481,2.390,2.500,1.210,1.07,7,7,Stopped
1770564569.9527245,57.83439317,12.30735867,57.83438910,12.30735674,2.390,2.500,1.210,1.51,7,7,Stopped
1770564570.9530723,57.83439900,12.30735833,57.83439405,12.30735754,2.390,2.500,1.210,1.74,7,7,Stopped
1770564571.9537077,57.83439967,12.30734783,57.83439686,12.30735268,2.390,2.500,1.210,1.25,7,7,Reverse
1770564572.9492176,57.83439783,12.30734950,57.83439735,12.30735109,2.486,2.500,1.310,0.58,6,6,Stopped
1770564573.9574978,57.83439033,12.30734283,57.83439384,12.30734696,2.486,2.500,1.310,0.38,6,6,Reverse
1770564574.960643,57.83438967,12.30734067,57.83439175,12.30734381,2.371,2.500,1.190,0.28,7,7,Stopped
1770564575.9561162,57.83438717,12.30733817,57.83438946,12.30734099,2.371,2.500,1.190,0.42,7,7,Stopped
1770564576.952688,57.83438617,12.30733550,57.83438781,12.30733825,2.371,2.500,1.190,0.25,7,7,Stopped
1770564577.9530432,57.83438467,12.30733633,57.83438624,12.30733729,2.371,2.500,1.190,0.45,7,7,Stopped
1770564578.9566996,57.83437883,12.30732517,57.83438254,12.30733123,2.371,2.500,1.190,1.07,7,7,Reverse
1770564579.961989,57.83437950,12.30732100,57.83438102,12.30732611,2.371,2.500,1.190,0.84,7,7,Reverse
1770564580.9564528,57.83438533,12.30731117,57.83438318,12.30731864,2.286,2.500,1.100,0.80,8,8,Reverse
1770564581.9551973,57.83437750,12.30730617,57.83438034,12.30731240,2.286,2.500,1.100,1.47,8,8,Reverse
1770564582.9611216,57.83437433,12.30730067,57.83437734,12.30730654,2.286,2.500,1.100,1.59,8,8,Reverse
1770564583.953735,57.83436950,12.30729867,57.83437342,12.30730260,2.286,2.500,1.100,1.66,8,8,Reverse
1770564584.9511778,57.83436017,12.30729433,57.83436679,12.30729847,2.286,2.500,1.100,2.52,8,8,Reverse
1770564585.9541755,57.83435500,12.30729017,57.83436090,12.30729432,2.286,2.500,1.100,2.53,8,8,Reverse
1770564586.9533088,57.83435567,12.30728733,57.83435828,12.30729083,2.286,2.500,1.100,1.66,8,8,Reverse
1770564587.9517555,57.83435117,12.30728567,57.83435472,12.30728825,2.286,2.500,1.100,1.87,8,8,Stopped
1770564588.960615,57.83434917,12.30728767,57.83435195,12.30728796,2.286,2.500,1.100,1.99,8,8,Stopped
1770564589.9605834,57.83434900,12.30728950,57.83435047,12.30728873,2.286,2.500,1.100,1.96,8,8,Stopped
1770564590.949658,57.83434883,12.30728817,57.83434965,12.30728845,2.286,2.500,1.100,1.86,8,8,Stopped
1770564591.9534795,57.83435600,12.30728733,57.83435283,12.30728789,2.286,2.500,1.100,0.76,8,8,Stopped
1770564592.9599593,57.83436117,12.30728167,57.83435700,12.30728478,2.286,2.500,1.100,0.48,8,8,Stopped
1770564593.9559329,57.83436400,12.30728083,57.83436050,12.30728281,2.286,2.500,1.100,0.50,8,8,Stopped
1770564594.9621055,57.83435767,12.30727350,57.83435908,12.30727815,2.286,2.500,1.100,1.76,8,8,Reverse
1770564595.957165,57.83435583,12.30726450,57.83435746,12.30727133,2.286,2.500,1.100,1.86,8,8,Reverse
1770564596.9527576,57.83436183,12.30726717,57.83435965,12.30726925,2.286,2.500,1.100,0.52,8,8,Stopped
1770564597.9563148,57.83436383,12.30726383,57.83436174,12.30726654,2.286,2.500,1.100,0.40,8,8,Stopped
1770564598.9537716,57.83437067,12.30726417,57.83436620,12.30726535,2.448,2.500,1.270,0.38,7,7,Stopped
1770564599.9611917,57.83437400,12.30726467,57.83437010,12.30726501,2.448,2.500,1.270,0.47,7,7,Stopped
1770564600.967646,57.83437250,12.30725983,57.83437130,12.30726242,2.448,2.500,1.270,0.54,7,7,Stopped
1770564601.9544015,57.83437850,12.30726133,57.83437490,12.30726188,2.448,2.500,1.270,0.43,7,7,Stopped
1770564602.9393678,57.83437567,12.30725583,57.83437528,12.30725886,2.438,2.500,1.260,0.34,7,7,Stopped
1770564603.9531388,57.83437750,12.30724950,57.83437639,12.30725418,2.438,2.500,1.260,0.69,7,7,Reverse
1770564604.953401,57.83438417,12.30725267,57.83438028,12.30725342,2.286,2.500,1.100,0.97,8,8,Stopped
1770564605.9545362,57.83438750,12.30725683,57.83438389,12.30725513,2.286,2.500,1.100,1.09,8,8,Stopped
1770564606.9559114,57.83438450,12.30725517,57.83438419,12.30725515,2.476,2.500,1.300,0.34,6,6,Stopped
1770564607.9574378,57.83438367,12.30725533,57.83438393,12.30725524,2.286,2.500,1.100,0.26,8,8,Stopped
1770564608.9554484,57.83438500,12.30725600,57.83438447,12.30725562,2.286,2.500,1.100,0.22,8,8,Stopped
1770564609.953524,57.83438250,12.30724933,57.83438348,12.30725248,2.286,2.500,1.100,0.56,8,8,Stopped
1770564610.9533312,57.83438200,12.30725133,57.83438274,12.30725191,2.286,2.500,1.100,0.47,8,8,Stopped
1770564611.9522307,57.83437883,12.30724900,57.83438079,12.30725045,2.286,2.500,1.100,0.66,8,8,Stopped
1770564612.9537704,57.83437633,12.30724017,57.83437856,12.30724531,2.286,2.500,1.100,0.90,8,8,Reverse
1770564613.9565752,57.83436983,12.30723033,57.83437420,12.30723782,2.286,2.500,1.100,1.50,8,8,Reverse
1770564614.9509084,57.83437000,12.30722467,57.83437210,12.30723124,2.286,2.500,1.100,1.30,8,8,Reverse
1770564615.9479084,57.83437317,12.30722183,57.83437263,12.30722654,2.390,2.500,1.210,0.77,7,7,Reverse
1770564616.9522848,57.83437150,12.30721417,57.83437207,12.30722035,2.400,2.500,1.220,1.17,6,6,Reverse
1770564617.9514468,57.83437000,12.30720900,57.83437103,12.30721468,2.400,2.500,1.220,1.63,6,6,Reverse
1770564618.954507,57.83436667,12.30720883,57.83436885,12.30721175,2.286,2.500,1.100,1.51,8,8,Stopped
1770564619.960519,57.83436083,12.30721050,57.83436484,12.30721113,2.286,2.500,1.100,1.46,8,8,Stopped
1770564620.9531126,57.83434500,12.30720533,57.83435492,12.30720823,2.286,2.500,1.100,2.86,8,8,Stopped
1770564621.9569738,57.83433517,12.30719850,57.83434504,12.30720337,2.286,2.500,1.100,3.26,8,8,Reverse
1770564622.9688997,57.83432083,12.30719000,57.83433294,12.30719668,2.286,2.500,1.100,4.12,8,8,Reverse
1770564623.9551241,57.83431767,12.30718800,57.83432530,12.30719234,2.286,2.500,1.100,3.42,8,8,Reverse
1770564624.9508317,57.83431700,12.30718117,57.83432115,12.30718675,2.286,2.500,1.100,2.80,8,8,Reverse
1770564625.9683013,57.83431233,12.30717383,57.83431674,12.30718029,2.286,2.500,1.100,2.87,8,8,Reverse
1770564626.9614825,57.83430817,12.30717467,57.83431245,12.30717748,2.286,2.500,1.100,2.90,8,8,Stopped
1770564627.964478,57.83430483,12.30717383,57.83430864,12.30717566,2.286,2.500,1.100,2.66,8,8,Stopped
1770564628.9532335,57.83430217,12.30717100,57.83430541,12.30717333,2.286,2.500,1.100,2.38,8,8,Stopped
1770564629.961605,57.83430633,12.30717233,57.83430587,12.30717283,2.286,2.500,1.100,1.23,8,8,Stopped
1770564630.9616075,57.83430633,12.30717300,57.83430610,12.30717292,2.286,2.500,1.100,1.14,8,8,Stopped
1770564631.9555218,57.83430783,12.30717600,57.83430697,12.30717446,2.286,2.500,1.100,0.89,8,8,Stopped
1770564632.9622838,57.83430683,12.30717517,57.83430690,12.30717481,2.286,2.500,1.100,0.92,8,8,Stopped
1770564633.9568863,57.83430850,12.30717783,57.83430770,12.30717632,2.286,2.500,1.100,0.63,8,8,Stopped
1770564634.9537904,57.83431183,12.30717983,57.83430977,12.30717808,2.286,2.500,1.100,0.25,8,8,Stopped
1770564635.9553382,57.83431667,12.30718167,57.83431322,12.30717987,2.286,2.500,1.100,0.43,8,8,Stopped
1770564636.9536576,57.83432200,12.30718767,57.83431761,12.30718377,2.286,2.500,1.100,0.56,8,8,Forward
1770564637.9506905,57.83432733,12.30719417,57.83432247,12.30718897,2.286,2.500,1.100,1.26,8,8,Forward
1770564638.9569519,57.83433733,12.30720067,57.83432990,12.30719482,2.286,2.500,1.100,2.07,8,8,Forward
1770564639.9526215,57.83434400,12.30720417,57.83433695,12.30719949,2.276,2.500,1.090,2.08,8,8,Forward
1770564640.9535303,57.83434833,12.30721183,57.83434264,12.30720566,2.276,2.500,1.090,1.90,8,8,Forward
1770564641.9547503,57.83435183,12.30721883,57.83434724,12.30721225,2.276,2.500,1.090,1.58,8,8,Forward
1770564642.9497943,57.83436150,12.30722850,57.83435437,12.30722037,2.276,2.500,1.090,2.19,8,8,Forward
1770564643.9534662,57.83436867,12.30723733,57.83436152,12.30722885,2.381,2.500,1.200,2.11,7,7,Forward
1770564644.956214,57.83437033,12.30723933,57.83436593,12.30723409,2.381,2.500,1.200,1.20,7,7,Forward
1770564645.943853,57.83436800,12.30723800,57.83436696,12.30723605,2.381,2.500,1.200,0.40,7,7,Stopped
1770564646.954599,57.83437050,12.30723900,57.83436873,12.30723752,2.381,2.500,1.200,0.21,7,7,Stopped
1770564647.94943,57.83437233,12.30724067,57.83437053,12.30723910,2.381,2.500,1.200,0.25,7,7,Stopped
1770564648.95326,57.83437600,12.30724483,57.83437327,12.30724196,2.381,2.500,1.200,0.40,7,7,Stopped
1770564649.9538805,57.83438417,12.30725300,57.83437872,12.30724748,2.381,2.500,1.200,1.09,7,7,Forward
1770564650.9346812,57.83438033,12.30725050,57.83437952,12.30724899,2.381,2.500,1.200,0.07,7,7,Stopped
1770564651.9557064,57.83438250,12.30725150,57.83438101,12.30725025,2.381,2.500,1.200,0.53,7,7,Stopped
1770564652.9493248,57.83438950,12.30725783,57.83438526,12.30725404,2.381,2.500,1.200,1.04,7,7,Forward
1770564653.940374,57.83438533,12.30725467,57.83438529,12.30725435,2.381,2.500,1.200,0.35,7,7,Stopped
1770564654.949412,57.83439017,12.30725983,57.83438773,12.30725709,2.381,2.500,1.200,0.31,7,7,Stopped
1770564655.955651,57.83439717,12.30726517,57.83439245,12.30726113,2.381,2.500,1.200,0.87,7,7,Forward
1770564656.951076,57.83439750,12.30726417,57.83439497,12.30726265,2.381,2.500,1.200,0.50,7,7,Stopped
1770564657.9492147,57.83440083,12.30726583,57.83439790,12.30726424,2.381,2.500,1.200,0.58,7,7,Stopped
1770564658.9552855,57.83440567,12.30726800,57.83440179,12.30726612,2.381,2.500,1.200,0.70,7,7,Stopped
1770564659.9541106,57.83440700,12.30726833,57.83440439,12.30726723,2.381,2.500,1.200,0.66,7,7,Stopped
1770564660.9540687,57.83440850,12.30726817,57.83440645,12.30726770,2.276,2.500,1.090,0.94,8,8,Stopped
1770564661.9537067,57.83441100,12.30727017,57.83440872,12.30726893,2.276,2.500,1.090,1.36,8,8,Stopped
1770564662.95396,57.83441233,12.30727067,57.83441053,12.30726980,2.276,2.500,1.090,1.11,8,8,Stopped
1770564663.9548478,57.83441733,12.30727433,57.83441393,12.30727207,2.276,2.500,1.090,1.63,8,8,Stopped
1770564664.9501452,57.83441867,12.30727517,57.83441630,12.30727362,2.276,2.500,1.090,1.59,8,8,Stopped
1770564665.9519832,57.83441583,12.30726800,57.83441607,12.30727081,2.276,2.500,1.090,0.93,8,8,Stopped
1770564666.9525719,57.83441100,12.30726333,57.83441353,12.30726707,2.276,2.500,1.090,0.43,8,8,Reverse
1770564667.9585464,57.83440617,12.30726283,57.83440985,12.30726495,2.276,2.500,1.090,0.68,8,8,Stopped
1770564668.9536853,57.83440117,12.30725950,57.83440551,12.30726223,2.276,2.500,1.090,0.94,8,8,Stopped
1770564669.9372444,57.83440617,12.30726633,57.83440584,12.30726428,2.276,2.500,1.090,0.34,8,8,Stopped
1770564670.9613726,57.83440467,12.30726617,57.83440525,12.30726522,2.381,2.500,1.200,0.09,7,7,Stopped
1770564671.9525166,57.83440633,12.30726883,57.83440579,12.30726703,2.381,2.500,1.200,0.47,7,7,Stopped
1770564672.958101,57.83440850,12.30726617,57.83440715,12.30726660,2.381,2.500,1.200,0.09,7,7,Stopped
1770564673.9538405,57.83441383,12.30726850,57.83441049,12.30726755,2.381,2.500,1.200,0.76,7,7,Stopped
1770564674.9590173,57.83441050,12.30726367,57.83441049,12.30726561,2.381,2.500,1.200,0.56,7,7,Stopped
1770564675.9526544,57.83440833,12.30725950,57.83440941,12.30726255,2.381,2.500,1.200,0.34,7,7,Stopped
1770564676.9518628,57.83440717,12.30725767,57.83440829,12.30726011,2.438,2.500,1.260,0.22,7,7,Stopped
1770564677.9536939,57.83440600,12.30725700,57.83440715,12.30725856,2.438,2.500,1.260,0.22,7,7,Stopped
1770564678.953985,57.83441333,12.30726533,57.83441024,12.30726194,2.438,2.500,1.260,1.05,7,7,Forward
1770564679.9485404,57.83441767,12.30727283,57.83441395,12.30726739,2.571,2.500,1.400,1.41,6,6,Forward
1770564680.953095,57.83442133,12.30727550,57.83441764,12.30727144,2.571,2.500,1.400,1.17,6,6,Forward
1770564681.949144,57.83442117,12.30727417,57.83441940,12.30727281,2.571,2.500,1.400,0.40,6,6,Stopped
1770564682.9448068,57.83442650,12.30727533,57.83442295,12.30727407,2.571,2.500,1.400,0.69,6,6,Stopped
1770564683.951,57.83443100,12.30727600,57.83442698,12.30727503,2.571,2.500,1.400,1.00,6,6,Stopped
1770564684.9347377,57.83443267,12.30727383,57.83442982,12.30727443,2.571,2.500,1.400,0.81,6,6,Stopped
1770564685.9549155,57.83443283,12.30727183,57.83443133,12.30727313,2.571,2.500,1.400,0.06,6,6,Stopped
1770564686.9497242,57.83442700,12.30726500,57.83442916,12.30726907,2.562,2.500,1.390,1.28,6,6,Reverse
1770564687.9390464,57.83443233,12.30726550,57.83443075,12.30726728,2.562,2.500,1.390,0.76,6,6,Stopped
1770564688.9503963,57.83443233,12.30726333,57.83443154,12.30726531,2.562,2.500,1.390,0.86,6,6,Stopped
1770564689.947046,57.83443067,12.30726300,57.83443110,12.30726415,2.562,2.500,1.390,0.45,6,6,Stopped
1770564690.9526818,57.83443400,12.30725750,57.83443255,12.30726083,2.562,2.500,1.390,1.00,6,6,Stopped
1770564691.949354,57.83443700,12.30725767,57.83443478,12.30725925,2.562,2.500,1.390,0.92,6,6,Stopped
1770564692.9446104,57.83444417,12.30725750,57.83443947,12.30725837,2.571,2.500,1.400,1.33,5,5,Stopped
1770564693.9501522,57.83444600,12.30727350,57.83444274,12.30726594,2.571,2.500,1.400,1.32,5,5,Forward
1770564694.9458704,57.83444667,12.30726883,57.83444470,12.30726739,2.571,2.500,1.400,0.30,5,5,Stopped
1770564695.951376,57.83444300,12.30727400,57.83444385,12.30727069,2.571,2.500,1.400,0.61,5,5,Stopped
1770564696.9469693,57.83444667,12.30727933,57.83444526,12.30727501,2.571,2.500,1.400,0.42,5,5,Forward
1770564697.9539351,57.83444967,12.30728567,57.83444746,12.30728034,2.571,2.500,1.400,1.24,5,5,Forward
1770564698.949108,57.83444233,12.30727683,57.83444490,12.30727859,2.457,2.500,1.280,0.36,6,6,Stopped
1770564699.9460664,57.83444200,12.30726833,57.83444345,12.30727346,2.457,2.500,1.280,0.79,6,6,Reverse
1770564700.9509065,57.83444017,12.30726467,57.83444181,12.30726906,2.457,2.500,1.280,0.56,6,6,Reverse
1770564701.9372277,57.83443550,12.30726850,57.83443865,12.30726878,2.457,2.500,1.280,0.10,6,6,Stopped
1770564702.953834,57.83443483,12.30726467,57.83443674,12.30726672,2.457,2.500,1.280,0.31,6,6,Stopped
1770564703.9463584,57.83442833,12.30726467,57.83443254,12.30726570,2.457,2.500,1.280,0.45,6,6,Stopped
1770564704.952956,57.83442433,12.30726067,57.83442844,12.30726318,2.457,2.500,1.280,0.45,6,6,Stopped
1770564705.950716,57.83442217,12.30726000,57.83442530,12.30726159,2.457,2.500,1.280,0.22,6,6,Stopped
1770564706.9346697,57.83442033,12.30726000,57.83442282,12.30726080,2.457,2.500,1.280,0.56,6,6,Stopped
1770564707.951341,57.83441833,12.30725850,57.83442058,12.30725965,2.457,2.500,1.280,0.28,6,6,Stopped
1770564708.9517922,57.83441917,12.30725483,57.83441987,12.30725724,2.457,2.500,1.280,0.33,6,6,Stopped
1770564709.9529347,57.83441750,12.30725650,57.83441869,12.30725687,2.457,2.500,1.280,0.82,6,6,Stopped
1770564710.9507205,57.83441767,12.30726117,57.83441818,12.30725902,2.457,2.500,1.280,0.58,6,6,Stopped
1770564711.9438581,57.83442117,12.30726533,57.83441967,12.30726218,2.457,2.500,1.280,0.64,6,6,Stopped
1770564712.9494545,57.83442450,12.30727133,57.83442209,12.30726675,2.571,2.500,1.400,0.96,5,5,Forward
1770564713.9450066,57.83442933,12.30727050,57.83442571,12.30726863,2.571,2.500,1.400,0.42,5,5,Stopped
1770564714.9537787,57.83443517,12.30727367,57.83443044,12.30727115,2.562,2.500,1.390,0.86,5,5,Stopped
1770564715.9392023,57.83443767,12.30727600,57.83443405,12.30727357,2.562,2.500,1.390,0.84,5,5,Stopped
1770564716.9523647,57.83444383,12.30727167,57.83443894,12.30727262,2.562,2.500,1.390,1.36,5,5,Stopped
1770564717.9499207,57.83444133,12.30726950,57.83444014,12.30727106,2.562,2.500,1.390,0.46,5,5,Stopped
1770564718.9462016,57.83444217,12.30726217,57.83444115,12.30726661,2.562,2.500,1.390,0.94,5,5,Reverse
1770564719.9507666,57.83444633,12.30726700,57.83444374,12.30726681,2.562,2.500,1.390,0.77,5,5,Stopped
1770564720.9539115,57.83444367,12.30726733,57.83444370,12.30726707,2.562,2.500,1.390,0.17,5,5,Stopped
1770564721.9535966,57.83444217,12.30727200,57.83444294,12.30726954,2.562,2.500,1.390,0.58,5,5,Stopped
1770564722.9478734,57.83444433,12.30727250,57.83444363,12.30727102,2.562,2.500,1.390,0.17,6,6,Stopped
1770564723.954285,57.83444433,12.30727133,57.83444398,12.30727118,2.562,2.500,1.390,0.19,6,6,Stopped
1770564724.9502041,57.83444650,12.30727100,57.83444524,12.30727109,2.562,2.500,1.390,0.57,5,5,Stopped
1770564725.9537275,57.83444650,12.30727333,57.83444587,12.30727221,2.562,2.500,1.390,0.35,5,5,Stopped
1770564726.9516535,57.83444717,12.30727800,57.83444652,12.30727511,2.562,2.500,1.390,0.33,5,5,Stopped
1770564727.9464984,57.83445233,12.30727533,57.83444943,12.30727522,2.562,2.500,1.390,0.51,5,5,Stopped
1770564728.952263,57.83445000,12.30728033,57.83444971,12.30727778,2.562,2.500,1.390,0.57,5,5,Stopped
1770564729.9368525,57.83444950,12.30727883,57.83444961,12.30727830,2.562,2.500,1.390,0.19,5,5,Stopped
1770564730.9386866,57.83445000,12.30727733,57.83444980,12.30727782,2.562,2.500,1.390,0.54,5,5,Stopped
1770564731.9513078,57.83444833,12.30727467,57.83444907,12.30727624,2.562,2.500,1.390,0.58,5,5,Stopped
1770564732.9371834,57.83445133,12.30727233,57.83445020,12.30727429,2.562,2.500,1.390,0.56,5,5,Stopped
1770564733.9540484,57.83445933,12.30726750,57.83445477,12.30727089,2.562,2.500,1.390,1.36,5,5,Reverse
1770564734.951291,57.83446167,12.30727150,57.83445822,12.30727120,2.286,2.500,1.100,0.71,7,7,Stopped
1770564735.9538383,57.83446083,12.30726667,57.83445953,12.30726893,2.286,2.500,1.100,0.90,7,7,Stopped
1770564736.959008,57.83445900,12.30727167,57.83445926,12.30727030,2.276,2.500,1.090,0.59,8,8,Stopped
1770564737.9495947,57.83445550,12.30727500,57.83445738,12.30727265,2.276,2.500,1.090,0.64,8,8,Stopped
1770564738.969492,57.83445733,12.30727900,57.83445736,12.30727582,2.276,2.500,1.090,0.51,8,8,Stopped
1770564739.9528594,57.83445833,12.30728033,57.83445785,12.30727808,2.276,2.500,1.090,0.69,8,8,Stopped
1770564740.9560208,57.83445683,12.30728267,57.83445734,12.30728037,2.276,2.500,1.090,0.80,8,8,Stopped
1770564741.9537878,57.83445533,12.30728467,57.83445634,12.30728252,2.276,2.500,1.090,0.73,8,8,Stopped
1770564742.9557652,57.83445567,12.30728500,57.83445600,12.30728376,2.276,2.500,1.090,0.25,8,8,Stopped
1770564743.9541812,57.83445067,12.30728800,57.83445333,12.30728588,2.276,2.500,1.090,1.12,8,8,Stopped
1770564744.955621,57.83444850,12.30729167,57.83445092,12.30728877,2.276,2.500,1.090,1.51,8,8,Stopped
1770564745.9548757,57.83445067,12.30727450,57.83445079,12.30728164,2.286,2.500,1.100,1.28,7,7,Reverse
1770564746.949563,57.83445300,12.30726967,57.83445190,12.30727565,2.286,2.500,1.100,0.92,7,7,Reverse
1770564747.956165,57.83445583,12.30726400,57.83445386,12.30726983,2.286,2.500,1.100,1.13,7,7,Reverse
1770564748.952832,57.83445850,12.30726783,57.83445618,12.30726883,2.286,2.500,1.100,0.56,7,7,Stopped
1770564749.9533572,57.83445783,12.30726233,57.83445701,12.30726558,2.286,2.500,1.100,0.65,7,7,Stopped
1770564750.9528568,57.83446000,12.30727050,57.83445850,12.30726804,2.286,2.500,1.100,0.77,7,7,Stopped
1770564751.9494095,57.83446583,12.30727167,57.83446217,12.30726985,2.286,2.500,1.100,1.52,7,7,Stopped
1770564752.9542196,57.83446717,12.30727883,57.83446467,12.30727434,2.276,2.500,1.090,1.63,8,8,Forward
1770564753.9523888,57.83446750,12.30727900,57.83446608,12.30727667,2.276,2.500,1.090,0.99,8,8,Stopped
1770564754.9369931,57.83446867,12.30727300,57.83446738,12.30727484,2.276,2.500,1.090,0.27,8,8,Stopped
1770564755.9508474,57.83446800,12.30726800,57.83446769,12.30727142,2.371,2.500,1.190,0.43,7,7,Reverse
1770564756.9555097,57.83446750,12.30727367,57.83446759,12.30727254,2.371,2.500,1.190,0.33,7,7,Stopped
1770564757.9530048,57.83447083,12.30727817,57.83446921,12.30727535,2.371,2.500,1.190,0.63,7,7,Stopped
1770564758.9511895,57.83446983,12.30727867,57.83446952,12.30727701,2.276,2.500,1.090,0.68,8,8,Stopped
1770564759.9539728,57.83446883,12.30727817,57.83446918,12.30727759,2.276,2.500,1.090,0.61,8,8,Stopped
1770564760.952847,57.83446867,12.30728067,57.83446892,12.30727913,2.276,2.500,1.090,0.78,8,8,Stopped
1770564761.9513347,57.83446817,12.30728283,57.83446854,12.30728098,2.276,2.500,1.090,1.00,8,8,Stopped
1770564762.9465606,57.83447000,12.30729217,57.83446927,12.30728657,2.276,2.500,1.090,1.44,8,8,Forward
1770564763.9536595,57.83447383,12.30730517,57.83447155,12.30729587,2.371,2.500,1.190,1.92,7,7,Forward
1770564764.937028,57.83447617,12.30730800,57.83447386,12.30730194,2.371,2.500,1.190,1.65,7,7,Forward
1770564765.9536808,57.83447867,12.30730217,57.83447626,12.30730205,2.371,2.500,1.190,0.66,7,7,Stopped
1770564766.949905,57.83447650,12.30730883,57.83447638,12.30730544,2.371,2.500,1.190,0.91,7,7,Forward
1770564767.9555542,57.83447683,12.30731917,57.83447661,12.30731230,2.371,2.500,1.190,1.47,7,7,Forward
1770564768.9498103,57.83447700,12.30730050,57.83447680,12.30730640,2.371,2.500,1.190,0.86,7,7,Reverse
1770564769.954954,57.83447933,12.30730383,57.83447807,12.30730512,2.371,2.500,1.190,0.64,7,7,Stopped
1770564770.9536514,57.83448317,12.30730483,57.83448062,12.30730498,2.371,2.500,1.190,0.81,7,7,Stopped
1770564771.952187,57.83448600,12.30730633,57.83448331,12.30730565,2.371,2.500,1.190,0.77,7,7,Stopped
1770564772.9529645,57.83448400,12.30730733,57.83448365,12.30730649,2.371,2.500,1.190,0.41,7,7,Stopped
1770564773.9535232,57.83448400,12.30729283,57.83448383,12.30729966,2.371,2.500,1.190,1.36,7,7,Reverse
1770564774.961663,57.83448267,12.30728767,57.83448325,12.30729367,2.371,2.500,1.190,1.24,7,7,Reverse
1770564775.9516137,57.83448150,12.30729750,57.83448237,12.30729558,2.371,2.500,1.190,0.31,7,7,Stopped
1770564776.9477847,57.83447117,12.30730417,57.83447677,12.30729987,2.371,2.500,1.190,0.89,7,7,Forward
1770564777.9552815,57.83447000,12.30730800,57.83447339,12.30730394,2.371,2.500,1.190,0.72,7,7,Forward
1770564778.9497375,57.83447083,12.30731617,57.83447211,12.30731005,2.371,2.500,1.190,0.96,7,7,Forward
1770564779.9534318,57.83447167,12.30732133,57.83447189,12.30731569,2.371,2.500,1.190,0.91,7,7,Forward
1770564780.9524539,57.83446717,12.30732267,57.83446953,12.30731918,2.371,2.500,1.190,1.15,7,7,Forward
1770564781.9533772,57.83446933,12.30733583,57.83446943,12.30732751,2.371,2.500,1.190,1.47,7,7,Forward
1770564782.9534733,57.83446817,12.30733133,57.83446880,12.30732942,2.371,2.500,1.190,0.58,7,7,Stopped
1770564783.951189,57.83446633,12.30733567,57.83446757,12.30733254,2.371,2.500,1.190,0.89,7,7,Stopped
1770564784.957641,57.83446333,12.30733233,57.83446545,12.30733244,2.371,2.500,1.190,0.39,7,7,Stopped
1770564785.9537609,57.83446617,12.30733200,57.83446581,12.30733222,2.371,2.500,1.190,0.19,7,7,Stopped
1770564786.9479604,57.83446450,12.30734667,57.83446515,12.30733944,2.371,2.500,1.190,1.21,7,7,Forward
1770564787.9544024,57.83447017,12.30734083,57.83446766,12.30734014,2.371,2.500,1.190,0.73,7,7,Stopped
1770564788.9492211,57.83447650,12.30735417,57.83447208,12.30734715,2.371,2.500,1.190,1.43,7,7,Forward
1770564789.9535882,57.83447633,12.30736200,57.83447421,12.30735458,2.371,2.500,1.190,1.22,7,7,Forward
1770564790.9536326,57.83448083,12.30736900,57.83447752,12.30736179,2.371,2.500,1.190,1.49,7,7,Forward
1770564791.9481118,57.83447983,12.30735583,57.83447868,12.30735881,2.371,2.500,1.190,0.37,7,7,Stopped
1770564792.953694,57.83447350,12.30732917,57.83447609,12.30734399,2.371,2.500,1.190,1.98,7,7,Reverse
1770564793.9511063,57.83447467,12.30733200,57.83447538,12.30733799,2.371,2.500,1.190,1.10,7,7,Reverse
1770564794.954024,57.83447350,12.30732250,57.83447444,12.30733025,2.371,2.500,1.190,1.50,7,7,Reverse
1770564795.9508734,57.83446917,12.30732683,57.83447180,12.30732854,2.371,2.500,1.190,1.10,7,7,Stopped
1770564796.957247,57.83446700,12.30734667,57.83446940,12.30733760,2.371,2.500,1.190,1.16,7,7,Forward
1770564797.9555862,57.83446667,12.30735317,57.83446803,12.30734539,2.371,2.500,1.190,1.38,7,7,Forward
1770564798.9496691,57.83446567,12.30735200,57.83446685,12.30734869,2.371,2.500,1.190,1.02,7,7,Stopped
1770564799.9535167,57.83446483,12.30735400,57.83446584,12.30735135,2.371,2.500,1.190,1.06,7,7,Stopped
1770564800.9507594,57.83446650,12.30734567,57.83446617,12.30734851,2.371,2.500,1.190,0.30,7,7,Stopped
1770564801.9535284,57.83447300,12.30734633,57.83446959,12.30734742,2.371,2.500,1.190,1.00,7,7,Stopped
1770564802.9545016,57.83446667,12.30734400,57.83446813,12.30734571,2.371,2.500,1.190,0.42,7,7,Stopped
1770564803.9524572,57.83446633,12.30734217,57.83446723,12.30734394,2.371,2.500,1.190,0.12,7,7,Stopped
1770564804.9557621,57.83446533,12.30734767,57.83446628,12.30734580,2.371,2.500,1.190,0.59,7,7,Stopped
1770564805.9545903,57.83446517,12.30735117,57.83446572,12.30734848,2.371,2.500,1.190,0.80,7,7,Stopped
1770564806.9540906,57.83445883,12.30735733,57.83446228,12.30735291,2.276,2.500,1.090,1.37,8,8,Forward
1770564807.9538226,57.83445817,12.30736800,57.83446022,12.30736045,2.276,2.500,1.090,1.82,8,8,Forward
1770564808.9550805,57.83446033,12.30737450,57.83446028,12.30736748,2.276,2.500,1.090,1.79,8,8,Forward
1770564809.95412,57.83445850,12.30737533,57.83445939,12.30737141,2.276,2.500,1.090,1.67,8,8,Forward
1770564810.949229,57.83445483,12.30736983,57.83445711,12.30737062,2.276,2.500,1.090,1.22,8,8,Stopped
1770564811.9526994,57.83445400,12.30736467,57.83445556,12.30736764,2.276,2.500,1.090,0.78,8,8,Stopped
1770564812.9541292,57.83445417,12.30735283,57.83445486,12.30736024,2.276,2.500,1.090,0.91,8,8,Reverse
1770564813.9378862,57.83445550,12.30734400,57.83445518,12.30735212,2.276,2.500,1.090,0.97,8,8,Reverse
1770564814.9554262,57.83445500,12.30733750,57.83445509,12.30734481,2.276,2.500,1.090,0.91,8,8,Reverse
1770564815.9516103,57.83445433,12.30734583,57.83445471,12.30734532,2.276,2.500,1.090,0.62,8,8,Stopped
1770564816.9533565,57.83445150,12.30734250,57.83445311,12.30734391,2.276,2.500,1.090,0.98,8,8,Stopped
1770564817.9542184,57.83445267,12.30732183,57.83445289,12.30733287,2.276,2.500,1.090,1.30,8,8,Reverse
1770564818.9597805,57.83445417,12.30730300,57.83445353,12.30731794,2.276,2.500,1.090,1.91,8,8,Reverse
1770564819.9569755,57.83445000,12.30729433,57.83445176,12.30730613,2.276,2.500,1.090,1.69,8,8,Reverse
1770564820.9526885,57.83444533,12.30729483,57.83444855,12.30730048,2.276,2.500,1.090,1.22,8,8,Reverse
1770564821.9531958,57.83444417,12.30728317,57.83444636,12.30729183,2.276,2.500,1.090,1.49,8,8,Reverse
1770564822.952859,57.83444383,12.30727950,57.83444510,12.30728566,2.276,2.500,1.090,1.16,8,8,Reverse
1770564823.9526923,57.83444817,12.30726617,57.83444663,12.30727591,2.276,2.500,1.090,1.12,8,8,Reverse
1770564824.9575698,57.83444750,12.30726750,57.83444707,12.30727171,2.276,2.500,1.090,0.48,8,8,Reverse
1770564825.9515254,57.83444867,12.30726450,57.83444787,12.30726810,2.276,2.500,1.090,0.47,8,8,Reverse
1770564826.9537137,57.83445017,12.30726067,57.83444902,12.30726439,2.276,2.500,1.090,0.46,8,8,Reverse
1770564827.9529746,57.83445100,12.30726283,57.83445001,12.30726361,2.352,2.500,1.170,0.32,7,7,Stopped
1770564828.9598134,57.83444683,12.30727517,57.83444842,12.30726939,2.276,2.500,1.090,1.38,8,8,Forward
1770564829.9540722,57.83445150,12.30726483,57.83444996,12.30726711,2.352,2.500,1.170,0.29,7,7,Stopped
1770564830.9536455,57.83445083,12.30726567,57.83445040,12.30726639,2.352,2.500,1.170,0.39,7,7,Stopped
1770564831.936831,57.83445333,12.30725867,57.83445187,12.30726253,2.276,2.500,1.090,0.35,8,8,Reverse
1770564832.9491282,57.83445717,12.30726450,57.83445452,12.30726351,2.276,2.500,1.090,0.60,8,8,Stopped
1770564833.949571,57.83445867,12.30726700,57.83445659,12.30726526,2.276,2.500,1.090,0.66,8,8,Stopped
1770564834.953853,57.83446067,12.30727483,57.83445863,12.30727005,2.352,2.500,1.170,1.02,7,7,Forward
1770564835.95216,57.83445950,12.30727433,57.83445906,12.30727219,2.352,2.500,1.170,0.58,7,7,Stopped
1770564836.938802,57.83445900,12.30727867,57.83445903,12.30727543,2.352,2.500,1.170,0.79,7,7,Stopped
1770564837.9532714,57.83446167,12.30727633,57.83446035,12.30727588,2.352,2.500,1.170,0.35,7,7,Stopped
1770564838.9493022,57.83446333,12.30727400,57.83446184,12.30727494,2.419,2.500,1.240,0.22,7,7,Stopped
1770564839.9593847,57.83446367,12.30727967,57.83446275,12.30727730,2.352,2.500,1.170,0.53,7,7,Stopped
1770564840.9536405,57.83446367,12.30728667,57.83446321,12.30728199,2.352,2.500,1.170,0.88,7,7,Forward
1770564841.9523973,57.83446067,12.30729750,57.83446194,12.30728974,2.352,2.500,1.170,1.54,7,7,Forward
1770564842.9516387,57.83446367,12.30729233,57.83446280,12.30729104,2.352,2.500,1.170,0.56,7,7,Stopped
1770564843.9493973,57.83446533,12.30729600,57.83446407,12.30729352,2.352,2.500,1.170,0.80,7,7,Stopped
1770564844.9539082,57.83446400,12.30730167,57.83446403,12.30729759,2.352,2.500,1.170,1.20,7,7,Forward
1770564845.9508126,57.83446450,12.30730267,57.83446427,12.30730013,2.352,2.500,1.170,1.03,7,7,Stopped
1770564846.94975,57.83446417,12.30731433,57.83446422,12.30730723,2.352,2.500,1.170,1.84,7,7,Forward
1770564847.9523795,57.83446383,12.30730667,57.83446403,12.30730695,2.352,2.500,1.170,0.75,7,7,Stopped
1770564848.9541054,57.83446317,12.30730250,57.83446360,12.30730472,2.352,2.500,1.170,0.26,7,7,Stopped
1770564849.9387927,57.83446083,12.30730750,57.83446221,12.30730611,2.352,2.500,1.170,0.63,7,7,Stopped
1770564850.9505754,57.83446250,12.30730750,57.83446236,12.30730681,2.352,2.500,1.170,0.35,7,7,Stopped
1770564851.9585567,57.83446167,12.30731067,57.83446201,12.30730874,2.352,2.500,1.170,0.44,7,7,Stopped
1770564852.9526165,57.83446433,12.30731667,57.83446317,12.30731270,2.352,2.500,1.170,0.92,7,7,Forward
1770564853.9495378,57.83446517,12.30731517,57.83446417,12.30731393,2.352,2.500,1.170,0.44,7,7,Stopped
1770564854.9563873,57.83446667,12.30731567,57.83446542,12.30731480,2.352,2.500,1.170,0.44,7,7,Stopped
1770564855.952994,57.83446733,12.30730967,57.83446638,12.30731223,2.352,2.500,1.170,0.22,7,7,Stopped
1770564856.957794,57.83447133,12.30729833,57.83446885,12.30730528,2.276,2.500,1.090,0.76,8,8,Reverse
1770564857.9530191,57.83447550,12.30728400,57.83447218,12.30729464,2.276,2.500,1.090,1.39,8,8,Reverse
1770564858.9532797,57.83447467,12.30729717,57.83447342,12.30729590,2.276,2.500,1.090,0.90,8,8,Stopped
1770564859.9524877,57.83447933,12.30728033,57.83447638,12.30728812,2.276,2.500,1.090,0.87,8,8,Reverse
1770564860.9378982,57.83448400,12.30726850,57.83448019,12.30727831,2.276,2.500,1.090,1.52,8,8,Reverse
1770564861.9537988,57.83448550,12.30725750,57.83448284,12.30726790,2.362,2.500,1.180,1.62,7,7,Reverse
1770564862.9497986,57.83449083,12.30724133,57.83448684,12.30725462,2.362,2.500,1.180,2.08,7,7,Reverse
1770564863.9495447,57.83449183,12.30722750,57.83448934,12.30724106,2.362,2.500,1.180,2.01,7,7,Reverse
1770564864.9540813,57.83449383,12.30722017,57.83449158,12.30723061,2.362,2.500,1.180,1.59,7,7,Reverse
1770564865.9502265,57.83449883,12.30720983,57.83449521,12.30722022,2.362,2.500,1.180,1.65,7,7,Reverse
1770564866.9548917,57.83450283,12.30719850,57.83449902,12.30720936,2.362,2.500,1.180,1.74,7,7,Reverse
1770564867.9519677,57.83450117,12.30720417,57.83450009,12.30720676,2.362,2.500,1.180,0.68,7,7,Stopped
1770564868.9585474,57.83450350,12.30719917,57.83450180,12.30720297,2.362,2.500,1.180,0.79,7,7,Reverse
1770564869.9533765,57.83450867,12.30718467,57.83450523,12.30719382,2.362,2.500,1.180,1.69,7,7,Reverse
1770564870.95046,57.83450633,12.30719017,57.83450578,12.30719199,2.362,2.500,1.180,0.81,7,7,Stopped
1770564871.9569275,57.83450617,12.30719433,57.83450597,12.30719316,2.362,2.500,1.180,0.58,7,7,Stopped
1770564872.9523294,57.83450833,12.30719450,57.83450715,12.30719383,2.362,2.500,1.180,0.62,7,7,Stopped
1770564873.9584649,57.83451017,12.30720450,57.83450866,12.30719917,2.362,2.500,1.180,1.30,7,7,Forward
1770564874.9563577,57.83451067,12.30720267,57.83450966,12.30720092,2.362,2.500,1.180,0.98,7,7,Stopped
1770564875.9590774,57.83450950,12.30720483,57.83450958,12.30720287,2.362,2.500,1.180,0.68,7,7,Stopped
1770564876.956605,57.83451617,12.30720517,57.83451287,12.30720402,2.362,2.500,1.180,1.31,7,7,Stopped
1770564877.9507952,57.83451517,12.30720750,57.83451402,12.30720576,2.362,2.500,1.180,0.76,7,7,Stopped
1770564878.9495382,57.83451617,12.30721567,57.83451509,12.30721071,2.362,2.500,1.180,1.12,7,7,Forward
1770564879.9526029,57.83451067,12.30722267,57.83451288,12.30721669,2.362,2.500,1.180,0.83,7,7,Forward
1770564880.948764,57.83450867,12.30722333,57.83451077,12.30722001,2.362,2.500,1.180,0.42,7,7,Stopped
1770564881.9539678,57.83450833,12.30722833,57.83450955,12.30722417,2.362,2.500,1.180,0.70,7,7,Forward
1770564882.951997,57.83450467,12.30723817,57.83450711,12.30723117,2.362,2.500,1.180,1.07,7,7,Forward
1770564883.9546568,57.83450250,12.30724050,57.83450481,12.30723583,2.362,2.500,1.180,0.72,7,7,Forward
1770564884.9550633,57.83449850,12.30724100,57.83450165,12.30723842,2.362,2.500,1.180,0.20,7,7,Stopped
1770564885.9491696,57.83449717,12.30724733,57.83449941,12.30724288,2.362,2.500,1.180,0.45,7,7,Forward
1770564886.9546242,57.83449767,12.30724600,57.83449854,12.30724444,2.362,2.500,1.180,0.36,7,7,Stopped
1770564887.9510303,57.83449617,12.30724650,57.83449735,12.30724547,2.362,2.500,1.180,0.39,7,7,Stopped
1770564888.9534721,57.83449500,12.30724333,57.83449618,12.30724440,2.362,2.500,1.180,0.61,7,7,Stopped
1770564889.9509432,57.83449317,12.30723683,57.83449467,12.30724062,2.362,2.500,1.180,0.88,7,7,Reverse
1770564890.9495754,57.83449033,12.30723417,57.83449250,12.30723739,2.362,2.500,1.180,0.75,7,7,Stopped
1770564891.9518588,57.83448650,12.30722800,57.83448950,12.30723270,2.362,2.500,1.180,1.02,7,7,Reverse
1770564892.9508324,57.83448967,12.30722883,57.83448958,12.30723076,2.362,2.500,1.180,1.01,7,7,Stopped
1770564893.9560513,57.83448567,12.30723467,57.83448763,12.30723272,2.362,2.500,1.180,0.39,7,7,Stopped
1770564894.952916,57.83447767,12.30723233,57.83448265,12.30723252,2.362,2.500,1.180,0.50,7,7,Stopped
1770564895.9359972,57.83447950,12.30722417,57.83448107,12.30722835,2.362,2.500,1.180,1.10,7,7,Reverse
1770564896.9580986,57.83447950,12.30722517,57.83448029,12.30722676,2.362,2.500,1.180,0.82,7,7,Stopped
1770564897.951605,57.83447317,12.30722617,57.83447673,12.30722646,2.362,2.500,1.180,0.46,7,7,Stopped
1770564898.958928,57.83446800,12.30722700,57.83447236,12.30722673,2.362,2.500,1.180,0.55,7,7,Stopped
1770564899.9525993,57.83446417,12.30723417,57.83446826,12.30723045,2.362,2.500,1.180,0.51,7,7,Forward
1770564900.9539373,57.83446367,12.30722983,57.83446597,12.30723014,2.362,2.500,1.180,0.73,7,7,Stopped
1770564901.9544559,57.83446233,12.30723117,57.83446415,12.30723065,2.362,2.500,1.180,0.61,7,7,Stopped
1770564902.950901,57.83446000,12.30724033,57.83446207,12.30723549,2.362,2.500,1.180,0.28,7,7,Forward
1770564903.9537306,57.83444850,12.30724417,57.83445529,12.30723983,2.362,2.500,1.180,1.44,7,7,Forward
1770564904.9515388,57.83445200,12.30724583,57.83445364,12.30724283,2.362,2.500,1.180,0.60,7,7,Stopped
1770564905.9492195,57.83444983,12.30724750,57.83445174,12.30724517,2.362,2.500,1.180,0.52,7,7,Stopped
1770564906.951467,57.83446083,12.30725717,57.83445629,12.30725117,2.362,2.500,1.180,1.26,7,7,Forward
1770564907.9485164,57.83446567,12.30725417,57.83446098,12.30725267,2.362,2.500,1.180,1.36,7,7,Stopped
1770564908.9567645,57.83445833,12.30725583,57.83445965,12.30725425,2.362,2.500,1.180,0.41,7,7,Stopped
1770564909.9520764,57.83446333,12.30726150,57.83446149,12.30725787,2.362,2.500,1.180,0.64,7,7,Forward
1770564910.934786,57.83446550,12.30726383,57.83446350,12.30726085,2.362,2.500,1.180,0.67,7,7,Stopped
1770564911.9547224,57.83446300,12.30726000,57.83446325,12.30726043,2.352,2.500,1.170,0.26,7,7,Stopped
1770564912.950891,57.83445867,12.30725767,57.83446096,12.30725905,2.352,2.500,1.170,0.52,7,7,Stopped
1770564913.962216,57.83445450,12.30725917,57.83445773,12.30725911,2.352,2.500,1.170,0.76,7,7,Stopped
1770564914.9495094,57.83445300,12.30725700,57.83445536,12.30725805,2.352,2.500,1.170,0.63,7,7,Stopped
1770564915.9580252,57.83445150,12.30725133,57.83445343,12.30725469,2.352,2.500,1.170,0.79,7,7,Stopped
1770564916.9554448,57.83444650,12.30724667,57.83444997,12.30725068,2.352,2.500,1.170,1.07,7,7,Reverse
1770564917.9479947,57.83444067,12.30724717,57.83444532,12.30724892,2.352,2.500,1.170,1.30,7,7,Stopped
1770564918.9545248,57.83443833,12.30725350,57.83444182,12.30725121,2.352,2.500,1.170,1.08,7,7,Stopped
1770564919.9509377,57.83443183,12.30725500,57.83443683,12.30725311,2.352,2.500,1.170,1.39,7,7,Stopped
1770564920.956282,57.83443117,12.30725233,57.83443400,12.30725272,2.352,2.500,1.170,1.05,7,7,Stopped
1770564921.950358,57.83443267,12.30725150,57.83443333,12.30725211,2.352,2.500,1.170,0.59,7,7,Stopped
1770564922.9495926,57.83443550,12.30726350,57.83443442,12.30725780,2.352,2.500,1.170,0.97,7,7,Forward
1770564923.9542477,57.83443717,12.30726217,57.83443579,12.30725999,2.352,2.500,1.170,0.35,7,7,Stopped
1770564924.9488344,57.83443533,12.30725250,57.83443556,12.30725624,2.352,2.500,1.170,0.83,7,7,Reverse
1770564925.9496737,57.83444433,12.30725767,57.83443995,12.30725695,2.352,2.500,1.170,1.15,7,7,Stopped
1770564926.9501383,57.83444533,12.30725833,57.83444264,12.30725764,2.352,2.500,1.170,1.04,7,7,Stopped
1770564927.9508598,57.83444833,12.30726267,57.83444549,12.30726016,2.352,2.500,1.170,1.24,7,7,Stopped
1770564928.9519436,57.83445350,12.30726583,57.83444949,12.30726299,2.352,2.500,1.170,1.71,7,7,Stopped
1770564929.9494927,57.83444217,12.30726150,57.83444583,12.30726225,2.352,2.500,1.170,0.45,7,7,Stopped
1770564930.9547858,57.83444267,12.30726617,57.83444425,12.30726421,2.352,2.500,1.170,0.22,7,7,Stopped
1770564931.949468,57.83445067,12.30726717,57.83444746,12.30726569,2.352,2.500,1.170,1.06,7,7,Stopped
1770564932.951007,57.83444933,12.30726550,57.83444840,12.30726559,2.352,2.500,1.170,0.74,7,7,Stopped
1770564933.949424,57.83445700,12.30726683,57.83445270,12.30726621,2.352,2.500,1.170,1.31,7,7,Stopped
1770564934.956138,57.83445633,12.30726550,57.83445452,12.30726586,2.352,2.500,1.170,0.92,7,7,Stopped
1770564935.953291,57.83446950,12.30727600,57.83446201,12.30727093,2.352,2.500,1.170,2.03,7,7,Forward
1770564936.9513774,57.83446767,12.30728033,57.83446484,12.30727563,2.352,2.500,1.170,1.19,7,7,Forward
1770564937.9546537,57.83446700,12.30727683,57.83446592,12.30727623,2.352,2.500,1.170,0.68,7,7,Stopped
1770564938.9511805,57.83445983,12.30728567,57.83446288,12.30728095,2.352,2.500,1.170,0.55,7,7,Forward
1770564939.9536514,57.83446033,12.30728767,57.83446160,12.30728431,2.352,2.500,1.170,0.36,7,7,Stopped
1770564940.9539728,57.83446283,12.30728733,57.83446222,12.30728582,2.352,2.500,1.170,0.05,7,7,Stopped
1770564941.9391656,57.83446967,12.30729267,57.83446594,12.30728924,2.352,2.500,1.170,0.80,7,7,Forward
1770564942.956175,57.83446783,12.30729333,57.83446689,12.30729129,2.352,2.500,1.170,0.37,7,7,Stopped
1770564943.9515035,57.83447083,12.30729600,57.83446886,12.30729364,2.352,2.500,1.170,0.60,7,7,Stopped
1770564944.9492598,57.83447600,12.30730217,57.83447243,12.30729791,2.352,2.500,1.170,1.10,7,7,Forward
1770564945.9537377,57.83447933,12.30731050,57.83447588,12.30730420,2.352,2.500,1.170,1.44,7,7,Forward
1770564946.9428725,57.83448000,12.30729750,57.83447794,12.30730085,2.352,2.500,1.170,0.70,7,7,Stopped
1770564947.9338884,57.83447917,12.30728683,57.83447855,12.30729384,2.352,2.500,1.170,1.21,7,7,Reverse
1770564948.950196,57.83447883,12.30728483,57.83447869,12.30728934,2.352,2.500,1.170,1.02,7,7,Reverse
1770564949.9574451,57.83448167,12.30729417,57.83448018,12.30729175,2.352,2.500,1.170,0.42,7,7,Stopped
1770564950.9495416,57.83448350,12.30729300,57.83448184,12.30729238,2.352,2.500,1.170,0.33,7,7,Stopped
1770564951.9363406,57.83448667,12.30729667,57.83448425,12.30729452,2.352,2.500,1.170,0.77,7,7,Stopped
1770564952.9536371,57.83448767,12.30729650,57.83448596,12.30729551,2.429,2.500,1.250,0.51,6,6,Stopped
1770564953.9494662,57.83448667,12.30729217,57.83448631,12.30729384,2.429,2.500,1.250,0.03,6,6,Stopped
1770564954.9451766,57.83449650,12.30729133,57.83449141,12.30729259,2.429,2.500,1.250,0.88,6,6,Stopped
1770564955.955181,57.83449317,12.30729567,57.83449229,12.30729413,2.429,2.500,1.250,0.36,6,6,Stopped
1770564956.9482074,57.83450150,12.30729117,57.83449689,12.30729265,2.429,2.500,1.250,0.55,6,6,Stopped
1770564957.9531562,57.83450200,12.30729050,57.83449945,12.30729157,2.352,2.500,1.170,0.12,7,7,Stopped
1770564958.9495678,57.83449933,12.30730050,57.83449939,12.30729604,2.352,2.500,1.170,1.01,7,7,Forward
1770564959.9559813,57.83449533,12.30730617,57.83449736,12.30730110,2.352,2.500,1.170,1.30,7,7,Forward
1770564960.9581146,57.83448883,12.30730800,57.83449310,12.30730455,2.352,2.500,1.170,1.41,7,7,Forward
1770564961.9536588,57.83448233,12.30729967,57.83448772,12.30730211,2.352,2.500,1.170,1.50,7,7,Stopped
1770564962.9529848,57.83448217,12.30730083,57.83448494,12.30730147,2.352,2.500,1.170,1.24,7,7,Stopped
1770564963.9492831,57.83448183,12.30731033,57.83448339,12.30730590,2.352,2.500,1.170,1.16,7,7,Forward
1770564964.9532635,57.83448767,12.30730983,57.83448553,12.30730787,2.352,2.500,1.170,0.39,7,7,Stopped
1770564965.9541516,57.83450100,12.30730600,57.83449326,12.30730693,2.352,2.500,1.170,1.69,7,7,Stopped
1770564966.951878,57.83449850,12.30731417,57.83449588,12.30731055,2.352,2.500,1.170,1.19,7,7,Forward
1770564967.9522395,57.83449400,12.30730817,57.83449494,12.30730936,2.352,2.500,1.170,0.63,7,7,Stopped
1770564968.9481957,57.83450000,12.30729383,57.83449747,12.30730160,2.352,2.500,1.170,1.98,7,7,Reverse
1770564969.945248,57.83450400,12.30729533,57.83450074,12.30729846,2.352,2.500,1.170,1.62,7,7,Stopped
1770564970.9515738,57.83449100,12.30729317,57.83449587,12.30729582,2.352,2.500,1.170,0.91,7,7,Stopped
1770564971.958979,57.83448867,12.30728867,57.83449227,12.30729224,2.352,2.500,1.170,0.97,7,7,Reverse
1770564972.951643,57.83448833,12.30729600,57.83449030,12.30729412,2.352,2.500,1.170,0.06,7,7,Stopped
1770564973.9593537,57.83448333,12.30729600,57.83448682,12.30729506,2.352,2.500,1.170,0.25,7,7,Stopped
1770564974.9532685,57.83448400,12.30728700,57.83448541,12.30729103,2.352,2.500,1.170,0.96,7,7,Reverse
1770564975.9520838,57.83449017,12.30729383,57.83448779,12.30729243,2.352,2.500,1.170,0.84,7,7,Stopped
1770564976.9439325,57.83448417,12.30729283,57.83448598,12.30729263,2.352,2.500,1.170,0.40,7,7,Stopped
1770564977.9494913,57.83448333,12.30729783,57.83448466,12.30729523,2.352,2.500,1.170,0.14,7,7,Stopped
1770564978.9495692,57.83447367,12.30730283,57.83447916,12.30729903,2.352,2.500,1.170,0.72,7,7,Forward
1770564979.9537687,57.83447267,12.30730100,57.83447591,12.30730002,2.352,2.500,1.170,0.46,7,7,Stopped
1770564980.9492784,57.83447533,12.30730917,57.83447562,12.30730459,2.352,2.500,1.170,0.48,7,7,Forward
1770564981.9568,57.83447083,12.30731083,57.83447323,12.30730771,2.352,2.500,1.170,0.33,7,7,Stopped
1770564982.9493797,57.83447267,12.30730917,57.83447295,12.30730844,2.352,2.500,1.170,0.02,7,7,Stopped
1770564983.946729,57.83448150,12.30731300,57.83447722,12.30731072,2.352,2.500,1.170,1.05,7,7,Stopped
1770564984.9560716,57.83449100,12.30731550,57.83448411,12.30731311,2.352,2.500,1.170,1.87,7,7,Stopped
1770564985.9342322,57.83451200,12.30732233,57.83449806,12.30731772,2.352,2.500,1.170,3.67,7,7,Forward
1770564986.9567273,57.83451083,12.30733100,57.83450444,12.30732436,2.352,2.500,1.170,2.60,7,7,Forward
1770564987.950193,57.83450933,12.30733417,57.83450689,12.30732926,2.352,2.500,1.170,1.79,7,7,Forward
1770564988.953386,57.83452350,12.30734117,57.83451519,12.30733522,2.352,2.500,1.170,2.99,7,7,Forward
1770564989.9540782,57.83452700,12.30734017,57.83452110,12.30733769,2.352,2.500,1.170,2.54,7,7,Stopped
1770564990.9490829,57.83451450,12.30734517,57.83451780,12.30734143,2.352,2.500,1.170,0.73,7,7,Forward
1770564991.954228,57.83451467,12.30734800,57.83451623,12.30734471,2.352,2.500,1.170,0.69,7,7,Stopped
1770564992.9502912,57.83451083,12.30733633,57.83451353,12.30734052,2.352,2.500,1.170,0.81,7,7,Reverse
1770564993.9457285,57.83450267,12.30733550,57.83450810,12.30733801,2.352,2.500,1.170,0.80,7,7,Stopped
1770564994.954019,57.83449967,12.30733383,57.83450388,12.30733592,2.438,2.500,1.260,0.76,6,6,Stopped
1770564995.9491634,57.83450317,12.30732500,57.83450352,12.30733046,2.438,2.500,1.260,1.03,6,6,Reverse
1770564996.9562645,57.83450267,12.30732250,57.83450310,12.30732648,2.438,2.500,1.260,0.78,6,6,Reverse
1770564997.9504216,57.83450150,12.30732783,57.83450230,12.30732716,2.438,2.500,1.260,0.05,6,6,Stopped
1770564998.9462624,57.83450067,12.30732467,57.83450148,12.30732591,2.438,2.500,1.260,0.16,6,6,Stopped
1770564999.9518042,57.83450583,12.30731850,57.83450366,12.30732221,2.438,2.500,1.260,0.42,6,6,Reverse
1770565000.947908,57.83450750,12.30731450,57.83450558,12.30731835,2.352,2.500,1.170,0.26,7,7,Reverse
1770565001.9537723,57.83449667,12.30731650,57.83450112,12.30731743,2.352,2.500,1.170,1.11,7,7,Stopped
1770565002.9504898,57.83450367,12.30731017,57.83450239,12.30731380,2.352,2.500,1.170,0.26,7,7,Reverse
1770565003.957651,57.83450567,12.30730433,57.83450403,12.30730906,2.352,2.500,1.170,0.73,7,7,Reverse
1770565004.950794,57.83449867,12.30729383,57.83450135,12.30730145,2.352,2.500,1.170,1.31,7,7,Reverse
1770565005.938174,57.83450450,12.30728383,57.83450292,12.30729264,2.352,2.500,1.170,1.55,7,7,Reverse
1770565006.95336,57.83450067,12.30728317,57.83450180,12.30728790,2.352,2.500,1.170,0.90,7,7,Reverse
1770565007.9373596,57.83450733,12.30727533,57.83450456,12.30728162,2.352,2.500,1.170,1.31,7,7,Reverse
1770565008.9539998,57.83450683,12.30727333,57.83450570,12.30727748,2.352,2.500,1.170,0.85,7,7,Reverse
1770565009.953755,57.83450217,12.30728150,57.83450393,12.30727949,2.352,2.500,1.170,0.52,7,7,Stopped
1770565010.9396667,57.83450083,12.30728250,57.83450238,12.30728099,2.352,2.500,1.170,0.58,7,7,Stopped
1770565011.9527302,57.83450050,12.30728350,57.83450144,12.30728225,2.352,2.500,1.170,0.62,7,7,Stopped
1770565012.9494812,57.83451167,12.30727450,57.83450655,12.30727837,2.352,2.500,1.170,1.41,7,7,Reverse
1770565013.9496355,57.83451717,12.30727150,57.83451186,12.30727494,2.343,2.500,1.160,1.71,7,7,Reverse
1770565014.9511552,57.83451750,12.30726517,57.83451468,12.30727005,2.343,2.500,1.160,1.37,7,7,Reverse
1770565015.953208,57.83452517,12.30726400,57.83451992,12.30726703,2.343,2.500,1.160,1.87,7,7,Stopped
1770565016.953221,57.83453450,12.30725417,57.83452721,12.30726060,2.343,2.500,1.160,2.69,7,7,Reverse
1770565017.9495852,57.83455367,12.30725067,57.83454044,12.30725563,2.343,2.500,1.160,4.24,7,7,Reverse
1770565018.9503353,57.83455183,12.30724333,57.83454614,12.30724948,2.343,2.500,1.160,3.28,7,7,Reverse
1770565019.9493096,57.83455833,12.30723467,57.83455223,12.30724207,2.343,2.500,1.160,3.44,7,7,Reverse
1770565020.9550083,57.83456383,12.30723267,57.83455803,12.30723737,2.343,2.500,1.160,3.32,7,7,Reverse
1770565021.951083,57.83456133,12.30723717,57.83455968,12.30723727,2.343,2.500,1.160,2.31,7,7,Stopped
1770565022.949118,57.83455467,12.30724117,57.83455718,12.30723922,2.438,2.500,1.260,1.31,6,6,Stopped
1770565023.954998,57.83454550,12.30723250,57.83455134,12.30723586,2.438,2.500,1.260,1.03,6,6,Stopped
1770565024.9522352,57.83454867,12.30721917,57.83455000,12.30722751,2.438,2.500,1.260,1.93,6,6,Reverse
1770565025.955686,57.83455600,12.30721267,57.83455300,12.30722009,2.343,2.500,1.160,2.24,7,7,Reverse
1770565026.9514713,57.83455667,12.30719983,57.83455483,12.30720996,2.343,2.500,1.160,2.71,7,7,Reverse
1770565027.9355223,57.83456150,12.30718767,57.83455817,12.30719881,2.343,2.500,1.160,2.99,7,7,Reverse
1770565028.961101,57.83455833,12.30719633,57.83455825,12.30719757,2.343,2.500,1.160,1.34,7,7,Stopped
1770565029.9518762,57.83455450,12.30720500,57.83455638,12.30720129,2.343,2.500,1.160,0.66,7,7,Forward
1770565030.9542062,57.83455750,12.30720817,57.83455694,12.30720473,2.438,2.500,1.260,1.03,6,6,Forward
1770565031.9534569,57.83455717,12.30720583,57.83455705,12.30720528,2.438,2.500,1.260,1.13,6,6,Stopped
1770565032.9535477,57.83455433,12.30720383,57.83455569,12.30720456,2.438,2.500,1.260,1.09,6,6,Stopped
1770565033.9529366,57.83455967,12.30719700,57.83455768,12.30720078,2.438,2.500,1.260,1.89,6,6,Reverse
1770565034.9498625,57.83455850,12.30719750,57.83455809,12.30719914,2.438,2.500,1.260,1.41,6,6,Stopped
1770565035.9473271,57.83456050,12.30719500,57.83455929,12.30719707,2.438,2.500,1.260,1.64,6,6,Stopped
1770565036.9522517,57.83455033,12.30719017,57.83455481,12.30719362,2.438,2.500,1.260,1.24,6,6,Reverse
1770565037.947468,57.83454200,12.30719183,57.83454841,12.30719273,2.438,2.500,1.260,1.03,6,6,Stopped
1770565038.952554,57.83453233,12.30719083,57.83454037,12.30719178,2.438,2.500,1.260,1.42,6,6,Stopped
1770565039.9483075,57.83452967,12.30719350,57.83453502,12.30719264,2.438,2.500,1.260,0.81,6,6,Stopped
1770565040.955962,57.83451650,12.30719817,57.83452576,12.30719540,2.438,2.500,1.260,1.38,6,6,Stopped
1770565041.9506607,57.83452033,12.30720733,57.83452305,12.30720137,2.438,2.500,1.260,0.61,6,6,Forward
1770565042.9370513,57.83451500,12.30721017,57.83451902,12.30720577,2.438,2.500,1.260,0.53,6,6,Forward
1770565043.9555655,57.83451267,12.30720633,57.83451584,12.30720605,2.438,2.500,1.260,0.25,6,6,Stopped
1770565044.951589,57.83451617,12.30720667,57.83451601,12.30720636,2.343,2.500,1.160,1.08,7,7,Stopped
1770565045.937079,57.83451250,12.30720217,57.83451425,12.30720426,2.343,2.500,1.160,0.95,7,7,Stopped
1770565046.9505572,57.83450900,12.30719467,57.83451163,12.30719946,2.343,2.500,1.160,1.19,7,7,Reverse
1770565047.9560046,57.83449817,12.30720383,57.83450490,12.30720165,2.343,2.500,1.160,0.58,7,7,Stopped
1770565048.9541109,57.83448517,12.30720117,57.83449503,12.30720141,2.343,2.500,1.160,1.64,7,7,Stopped
1770565049.9371984,57.83448150,12.30719417,57.83448827,12.30719779,2.343,2.500,1.160,1.58,7,7,Reverse
1770565050.9551566,57.83447967,12.30718900,57.83448397,12.30719339,2.343,2.500,1.160,1.47,7,7,Reverse
1770565051.949846,57.83447817,12.30719617,57.83448107,12.30719478,2.343,2.500,1.160,0.56,7,7,Stopped
1770565052.9534135,57.83447783,12.30720300,57.83447945,12.30719889,2.343,2.500,1.160,0.47,7,7,Forward
1770565053.9494274,57.83447450,12.30720867,57.83447697,12.30720378,2.343,2.500,1.160,0.87,7,7,Forward
1770565054.9440603,57.83447533,12.30721267,57.83447615,12.30720822,2.343,2.500,1.160,0.97,7,7,Forward
1770565055.9517748,57.83447400,12.30721417,57.83447508,12.30721119,2.343,2.500,1.160,0.85,7,7,Stopped
1770565056.9493234,57.83447383,12.30721367,57.83447446,12.30721243,2.343,2.500,1.160,0.49,7,7,Stopped
1770565057.9523194,57.83446917,12.30721750,57.83447181,12.30721497,2.343,2.500,1.160,0.69,7,7,Stopped
1770565058.9534302,57.83446817,12.30721800,57.83446999,12.30721648,2.343,2.500,1.160,0.48,7,7,Stopped
1770565059.937743,57.83446950,12.30721133,57.83446974,12.30721391,2.343,2.500,1.160,0.24,7,7,Stopped
1770565060.9495833,57.83446867,12.30720617,57.83446921,12.30721004,2.343,2.500,1.160,0.63,7,7,Reverse
1770565061.9495237,57.83447517,12.30720333,57.83447219,12.30720669,2.343,2.500,1.160,0.52,7,7,Stopped
1770565062.946115,57.83447983,12.30720200,57.83447601,12.30720434,2.343,2.500,1.160,0.71,7,7,Stopped
1770565063.9514759,57.83448183,12.30720100,57.83447892,12.30720267,2.343,2.500,1.160,0.71,7,7,Stopped
1770565064.9547262,57.83448083,12.30720000,57.83447988,12.30720134,2.343,2.500,1.160,0.41,7,7,Stopped
1770565065.9491372,57.83448200,12.30718950,57.83448094,12.30719542,2.343,2.500,1.160,1.04,7,7,Reverse
1770565066.947634,57.83447567,12.30719667,57.83447830,12.30719604,2.343,2.500,1.160,0.55,7,7,Stopped
1770565067.9370925,57.83446383,12.30720567,57.83447107,12.30720085,2.343,2.500,1.160,1.96,7,7,Forward
1770565068.9509096,57.83446800,12.30720233,57.83446953,12.30720159,2.343,2.500,1.160,0.84,7,7,Stopped
1770565069.9551535,57.83446817,12.30720183,57.83446885,12.30720171,2.343,2.500,1.160,0.43,7,7,Stopped
1770565070.9493513,57.83447167,12.30720783,57.83447026,12.30720477,2.343,2.500,1.160,0.37,7,7,Stopped
1770565071.9478643,57.83447117,12.30720983,57.83447071,12.30720730,2.343,2.500,1.160,0.45,7,7,Stopped
1770565072.951573,57.83447383,12.30720950,57.83447227,12.30720840,2.343,2.500,1.160,0.88,7,7,Stopped
1770565073.9495661,57.83446600,12.30721733,57.83446914,12.30721287,2.343,2.500,1.160,0.24,7,7,Forward
1770565074.9443688,57.83446033,12.30722333,57.83446473,12.30721810,2.343,2.500,1.160,0.48,7,7,Forward
1770565075.951471,57.83445433,12.30722833,57.83445953,12.30722322,2.343,2.500,1.160,0.99,7,7,Forward
1770565076.9375193,57.83445767,12.30723500,57.83445860,12.30722911,2.343,2.500,1.160,0.48,7,7,Forward
1770565077.955054,57.83445617,12.30723700,57.83445738,12.30723305,2.343,2.500,1.160,0.49,7,7,Forward
1770565078.949915,57.83445617,12.30724067,57.83445678,12.30723686,2.343,2.500,1.160,0.61,7,7,Forward
1770565079.9533134,57.83445300,12.30723700,57.83445489,12.30723693,2.343,2.500,1.160,0.76,7,7,Stopped
1770565080.9505477,57.83446000,12.30723983,57.83445744,12.30723838,2.343,2.500,1.160,0.44,7,7,Stopped
1770565081.9432156,57.83446117,12.30723867,57.83445931,12.30723852,2.343,2.500,1.160,0.52,7,7,Stopped
1770565082.9533176,57.83446233,12.30723600,57.83446082,12.30723726,2.343,2.500,1.160,0.64,7,7,Stopped
1770565083.956268,57.83446333,12.30723750,57.83446208,12.30723738,2.343,2.500,1.160,0.58,7,7,Stopped
1770565084.9443645,57.83445750,12.30723417,57.83445979,12.30723577,2.343,2.500,1.160,0.41,7,7,Stopped
1770565085.9490938,57.83445750,12.30723450,57.83445864,12.30723514,2.343,2.500,1.160,0.43,7,7,Stopped
1770565086.9372125,57.83445450,12.30723867,57.83445657,12.30723690,2.343,2.500,1.160,0.28,7,7,Stopped
1770565087.950755,57.83445367,12.30723533,57.83445512,12.30723612,2.343,2.500,1.160,0.19,7,7,Stopped
1770565088.9347072,57.83444933,12.30724383,57.83445223,12.30723998,2.343,2.500,1.160,0.58,7,7,Forward
1770565089.9534945,57.83444933,12.30724667,57.83445078,12.30724332,2.343,2.500,1.160,0.52,7,7,Stopped
1770565090.9520774,57.83444883,12.30724167,57.83444981,12.30724249,2.343,2.500,1.160,0.28,7,7,Stopped
1770565091.9435067,57.83444800,12.30724100,57.83444890,12.30724175,2.343,2.500,1.160,0.10,7,7,Stopped
1770565092.95293,57.83444417,12.30724267,57.83444653,12.30724221,2.343,2.500,1.160,0.41,7,7,Stopped
1770565093.9414575,57.83443600,12.30724400,57.83444127,12.30724310,2.343,2.500,1.160,1.05,7,7,Stopped
1770565094.9514384,57.83442683,12.30723967,57.83443405,12.30724139,2.343,2.500,1.160,2.05,7,7,Stopped
1770565095.950063,57.83443033,12.30724017,57.83443219,12.30724078,2.343,2.500,1.160,0.96,7,7,Stopped
1770565096.9456758,57.83442250,12.30724600,57.83442735,12.30724339,2.343,2.500,1.160,1.78,7,7,Stopped
1770565097.950784,57.83442733,12.30725417,57.83442734,12.30724878,2.343,2.500,1.160,1.21,7,7,Forward
1770565098.9532983,57.83442867,12.30725683,57.83442800,12.30725281,2.343,2.500,1.160,0.91,7,7,Forward
1770565099.953907,57.83442100,12.30726533,57.83442450,12.30725907,2.343,2.500,1.160,1.56,7,7,Forward
1770565100.93681,57.83441633,12.30726317,57.83442042,12.30726112,2.343,2.500,1.160,1.41,7,7,Stopped
1770565101.9544137,57.83441500,12.30726617,57.83441771,12.30726364,2.343,2.500,1.160,1.38,7,7,Stopped
1770565102.950071,57.83441767,12.30727000,57.83441769,12.30726682,2.343,2.500,1.160,0.93,7,7,Stopped
1770565103.9361024,57.83441833,12.30727367,57.83441801,12.30727024,2.343,2.500,1.160,0.74,7,7,Forward
1770565104.949322,57.83441767,12.30728050,57.83441784,12.30727537,2.343,2.500,1.160,0.98,7,7,Forward
1770565105.935413,57.83442633,12.30728350,57.83442209,12.30727944,2.343,2.500,1.160,0.86,7,7,Forward
1770565106.9450605,57.83443117,12.30728483,57.83442663,12.30728213,2.343,2.500,1.160,0.99,7,7,Stopped
1770565107.9499388,57.83443667,12.30728167,57.83443165,12.30728190,2.343,2.500,1.160,1.19,7,7,Stopped
1770565108.9498339,57.83443867,12.30728117,57.83443516,12.30728153,2.343,2.500,1.160,1.15,7,7,Stopped
1770565109.9532812,57.83443517,12.30728033,57.83443516,12.30728093,2.343,2.500,1.160,0.41,7,7,Stopped
1770565110.949315,57.83443700,12.30727533,57.83443608,12.30727813,2.343,2.500,1.160,0.61,7,7,Stopped
1770565111.9553132,57.83443400,12.30727517,57.83443504,12.30727665,2.343,2.500,1.160,0.55,7,7,Stopped
1770565112.9494934,57.83443650,12.30726767,57.83443577,12.30727216,2.343,2.500,1.160,0.91,7,7,Reverse
1770565113.9538133,57.83444583,12.30726283,57.83444080,12.30726750,2.343,2.500,1.160,1.39,7,7,Reverse
1770565114.9514904,57.83443933,12.30727017,57.83444007,12.30726883,2.343,2.500,1.160,0.21,7,7,Stopped
1770565115.9478476,57.83443600,12.30726183,57.83443803,12.30726533,2.343,2.500,1.160,0.90,7,7,Reverse
1770565116.9493957,57.83443683,12.30726633,57.83443743,12.30726583,2.343,2.500,1.160,0.35,7,7,Stopped
1770565117.9493074,57.83443867,12.30726383,57.83443805,12.30726483,2.343,2.500,1.160,0.39,7,7,Stopped
1770565118.9538138,57.83443867,12.30726650,57.83443836,12.30726567,2.343,2.500,1.160,0.38,7,7,Stopped
1770565119.9535272,57.83443883,12.30726567,57.83443860,12.30726567,2.343,2.500,1.160,0.38,7,7,Stopped
1770565120.934697,57.83444267,12.30726183,57.83444063,12.30726375,2.333,2.500,1.150,0.29,7,7,Stopped
1770565121.9517798,57.83444033,12.30726867,57.83444048,12.30726621,2.333,2.500,1.150,0.74,7,7,Stopped
1770565122.9491818,57.83444067,12.30726633,57.83444057,12.30726627,2.333,2.500,1.150,0.26,7,7,Stopped
1770565123.950469,57.83444300,12.30726483,57.83444179,12.30726555,2.333,2.500,1.150,0.10,7,7,Stopped
1770565124.9527783,57.83444450,12.30726167,57.83444314,12.30726361,2.333,2.500,1.150,0.31,7,7,Stopped
1770565125.948213,57.83444800,12.30726100,57.83444557,12.30726230,2.333,2.500,1.150,0.50,7,7,Stopped
1770565126.9543967,57.83445067,12.30726733,57.83444812,12.30726482,2.333,2.500,1.150,0.58,7,7,Stopped
1770565127.9368334,57.83444783,12.30726950,57.83444798,12.30726716,2.333,2.500,1.150,0.59,7,7,Stopped
1770565128.9566143,57.83445000,12.30727367,57.83444899,12.30727041,2.333,2.500,1.150,0.59,7,7,Stopped
1770565129.9521782,57.83445117,12.30726567,57.83445008,12.30726804,2.333,2.500,1.150,0.66,7,7,Stopped
1770565130.9477417,57.83445150,12.30726500,57.83445079,12.30726652,2.333,2.500,1.150,0.44,7,7,Stopped
1770565131.9528887,57.83445500,12.30725950,57.83445289,12.30726301,2.333,2.500,1.150,0.89,7,7,Reverse
1770565132.9384172,57.83445517,12.30724683,57.83445403,12.30725492,2.333,2.500,1.150,1.57,7,7,Reverse
1770565133.9368534,57.83445183,12.30724050,57.83445293,12.30724771,2.333,2.500,1.150,1.44,7,7,Reverse
1770565134.9500747,57.83444983,12.30724450,57.83445138,12.30724611,2.676,2.500,1.510,0.70,6,6,Stopped
1770565135.9495163,57.83445067,12.30725267,57.83445102,12.30724939,2.676,2.500,1.510,0.60,6,6,Stopped
1770565136.9445903,57.83446850,12.30725783,57.83445976,12.30725361,2.676,2.500,1.510,2.29,6,6,Forward
1770565137.9350123,57.83447033,12.30726433,57.83446505,12.30725897,2.676,2.500,1.510,1.84,6,6,Forward
1770565138.9444647,57.83447117,12.30726033,57.83446811,12.30725965,2.676,2.500,1.510,1.15,6,6,Stopped
1770565139.9494967,57.83447367,12.30725150,57.83447089,12.30725558,2.676,2.500,1.510,1.20,6,6,Reverse
1770565140.9540505,57.83447500,12.30724717,57.83447294,12.30725137,2.676,2.500,1.510,0.54,6,6,Reverse
1770565141.9521837,57.83447883,12.30723633,57.83447589,12.30724385,2.333,2.500,1.150,0.43,7,7,Reverse
1770565142.9496684,57.83448200,12.30721450,57.83447894,12.30722918,2.333,2.500,1.150,1.08,7,7,Reverse
1770565143.9356658,57.83449233,12.30719850,57.83448564,12.30721384,2.333,2.500,1.150,1.69,7,7,Reverse
1770565144.950533,57.83449883,12.30718450,57.83449224,12.30719917,2.333,2.500,1.150,1.69,7,7,Reverse
1770565145.9416046,57.83449783,12.30717833,57.83449503,12.30718875,2.333,2.500,1.150,1.69,7,7,Reverse
1770565146.9399414,57.83449667,12.30717567,57.83449585,12.30718221,2.676,2.500,1.510,1.42,6,6,Reverse
1770565147.9434543,57.83449817,12.30718233,57.83449701,12.30718227,2.676,2.500,1.510,1.05,6,6,Stopped
1770565148.934652,57.83449550,12.30718033,57.83449625,12.30718130,2.676,2.500,1.510,0.84,6,6,Stopped
1770565149.9513698,57.83449183,12.30717750,57.83449404,12.30717940,2.676,2.500,1.510,0.58,6,6,Stopped
1770565150.9426634,57.83448450,12.30717283,57.83448927,12.30717612,2.676,2.500,1.510,0.99,6,6,Stopped
1770565151.949273,57.83448167,12.30717383,57.83448547,12.30717498,2.676,2.500,1.510,0.68,6,6,Stopped
1770565152.9336216,57.83447883,12.30717367,57.83448215,12.30717432,2.676,2.500,1.510,0.60,6,6,Stopped
1770565153.9514215,57.83447550,12.30718083,57.83447883,12.30717758,2.676,2.500,1.510,0.56,6,6,Stopped
1770565154.9370813,57.83447067,12.30718133,57.83447475,12.30717946,2.333,2.500,1.150,0.60,7,7,Stopped
1770565155.9365737,57.83446667,12.30718617,57.83447071,12.30718281,2.333,2.500,1.150,0.62,7,7,Stopped
1770565156.9512467,57.83445983,12.30718183,57.83446527,12.30718232,2.467,2.500,1.290,1.13,6,6,Stopped
1770565157.9447749,57.83446183,12.30718417,57.83446355,12.30718324,2.467,2.500,1.290,0.42,6,6,Stopped
1770565158.9504058,57.83445900,12.30719017,57.83446128,12.30718671,2.467,2.500,1.290,0.40,6,6,Forward
1770565159.9360375,57.83445583,12.30719950,57.83445855,12.30719310,2.467,2.500,1.290,0.68,6,6,Forward
1770565160.9524112,57.83445383,12.30720300,57.83445619,12.30719805,2.467,2.500,1.290,0.38,6,6,Forward
1770565161.9496782,57.83444700,12.30721033,57.83445160,12.30720419,2.467,2.500,1.290,0.89,6,6,Forward
1770565162.9578586,57.83444550,12.30721383,57.83444855,12.30720901,2.333,2.500,1.150,0.55,7,7,Forward
1770565163.953595,57.83444067,12.30721383,57.83444461,12.30721142,2.333,2.500,1.150,0.79,7,7,Stopped
1770565164.9538643,57.83444050,12.30720833,57.83444255,12.30720988,2.333,2.500,1.150,0.77,7,7,Stopped
1770565165.9406457,57.83444100,12.30720817,57.83444178,12.30720902,2.333,2.500,1.150,0.71,7,7,Stopped
1770565166.949163,57.83443917,12.30720633,57.83444047,12.30720768,2.333,2.500,1.150,0.63,7,7,Stopped
1770565167.9534094,57.83444383,12.30720817,57.83444215,12.30720792,2.333,2.500,1.150,0.53,7,7,Stopped
1770565168.949489,57.83444683,12.30720633,57.83444449,12.30720713,2.333,2.500,1.150,0.85,7,7,Stopped
1770565169.946515,57.83444850,12.30720983,57.83444650,12.30720848,2.333,2.500,1.150,0.95,7,7,Stopped
1770565170.9533684,57.83444567,12.30720167,57.83444608,12.30720507,2.333,2.500,1.150,0.75,7,7,Reverse
1770565171.9492075,57.83445367,12.30720000,57.83444987,12.30720254,2.333,2.500,1.150,1.56,7,7,Stopped
1770565172.9533138,57.83445150,12.30720017,57.83445069,12.30720135,2.333,2.500,1.150,0.80,7,7,Stopped
1770565173.9490752,57.83445400,12.30719583,57.83445234,12.30719859,2.333,2.500,1.150,0.96,7,7,Stopped
1770565174.9546766,57.83445067,12.30720150,57.83445151,12.30720005,2.333,2.500,1.150,0.32,7,7,Stopped
1770565175.9537218,57.83445567,12.30719833,57.83445359,12.30719919,2.333,2.500,1.150,1.05,7,7,Stopped
1770565176.947668,57.83445600,12.30718817,57.83445479,12.30719368,2.333,2.500,1.150,0.81,7,7,Reverse
1770565177.9520435,57.83446350,12.30717967,57.83445915,12.30718667,2.333,2.500,1.150,1.50,7,7,Reverse
1770565178.9493484,57.83446433,12.30717067,57.83446174,12.30717867,2.333,2.500,1.150,1.24,7,7,Reverse
1770565179.9459145,57.83446217,12.30716850,57.83446195,12.30717358,2.333,2.500,1.150,0.44,7,7,Reverse
1770565180.9515383,57.83446350,12.30716117,57.83446273,12.30716738,2.333,2.500,1.150,0.56,7,7,Reverse
1770565181.9457633,57.83445800,12.30715550,57.83446036,12.30716144,2.333,2.500,1.150,0.98,7,7,Reverse
1770565182.9527912,57.83444983,12.30714650,57.83445510,12.30715397,2.333,2.500,1.150,2.06,7,7,Reverse
1770565183.9495785,57.83445517,12.30714050,57.83445513,12.30714723,2.333,2.500,1.150,1.00,7,7,Reverse
1770565184.9365754,57.83445583,12.30713650,57.83445548,12.30714187,2.333,2.500,1.150,0.59,7,7,Reverse
1770565185.950583,57.83445583,12.30712717,57.83445566,12.30713452,2.333,2.500,1.150,0.83,7,7,Reverse
1770565186.9371238,57.83445900,12.30712733,57.83445733,12.30713093,2.333,2.500,1.150,0.18,7,7,Reverse
1770565187.9510658,57.83445900,12.30712783,57.83445816,12.30712938,2.333,2.500,1.150,0.08,7,7,Stopped
1770565188.9497952,57.83445583,12.30712817,57.83445700,12.30712877,2.333,2.500,1.150,0.40,7,7,Stopped
1770565189.951335,57.83445350,12.30712417,57.83445525,12.30712647,2.333,2.500,1.150,0.53,7,7,Stopped
1770565190.951575,57.83445033,12.30712833,57.83445279,12.30712740,2.333,2.500,1.150,0.66,7,7,Stopped
1770565191.940403,57.83444883,12.30713083,57.83445081,12.30712912,2.333,2.500,1.150,0.49,7,7,Stopped
1770565192.9538805,57.83444867,12.30713883,57.83444974,12.30713398,2.333,2.500,1.150,0.57,7,7,Forward
1770565193.938058,57.83444733,12.30713617,57.83444854,12.30713507,2.333,2.500,1.150,0.05,7,7,Stopped
1770565194.937868,57.83444400,12.30713933,57.83444627,12.30713720,2.333,2.500,1.150,0.20,7,7,Stopped
1770565195.95142,57.83443733,12.30714083,57.83444180,12.30713902,2.333,2.500,1.150,0.79,7,7,Stopped
1770565196.9456255,57.83442933,12.30714667,57.83443557,12.30714284,2.333,2.500,1.150,1.52,7,7,Forward
1770565197.9538145,57.83442017,12.30715033,57.83442787,12.30714659,2.333,2.500,1.150,2.15,7,7,Forward
1770565198.9478025,57.83441850,12.30715217,57.83442318,12.30714938,2.333,2.500,1.150,1.67,7,7,Stopped
1770565199.9524066,57.83441683,12.30715883,57.83442001,12.30715411,2.333,2.500,1.150,1.45,7,7,Forward
1770565200.9567747,57.83441983,12.30715883,57.83441992,12.30715647,2.333,2.500,1.150,0.50,7,7,Stopped
1770565201.937582,57.83442017,12.30715967,57.83442004,12.30715807,2.333,2.500,1.150,0.39,7,7,Stopped
1770565202.9534807,57.83442083,12.30715933,57.83442044,12.30715870,2.333,2.500,1.150,0.21,7,7,Stopped
1770565203.9493616,57.83442550,12.30715617,57.83442297,12.30715743,2.333,2.500,1.150,0.25,7,7,Stopped
1770565204.9567358,57.83442817,12.30715950,57.83442557,12.30715847,2.333,2.500,1.150,0.40,7,7,Stopped
1770565205.9491847,57.83443067,12.30715383,57.83442812,12.30715615,2.333,2.500,1.150,0.61,7,7,Stopped
1770565206.9539087,57.83442900,12.30714983,57.83442856,12.30715299,2.333,2.500,1.150,0.86,7,7,Stopped
1770565207.9534338,57.83443617,12.30714233,57.83443236,12.30714766,2.333,2.500,1.150,1.13,7,7,Reverse
1770565208.9381804,57.83443783,12.30714233,57.83443510,12.30714500,2.333,2.500,1.150,0.81,7,7,Stopped
1770565209.9507508,57.83444083,12.30713217,57.83443797,12.30713858,2.333,2.500,1.150,1.35,7,7,Reverse
1770565210.949088,57.83444483,12.30713033,57.83444140,12.30713446,2.333,2.500,1.150,1.03,7,7,Reverse
1770565211.9537554,57.83444917,12.30713667,57.83444528,12.30713556,2.333,2.500,1.150,0.28,7,7,Stopped
1770565212.9411154,57.83445083,12.30713917,57.83444806,12.30713736,2.333,2.500,1.150,0.40,7,7,Stopped
1770565213.9469507,57.83444733,12.30714550,57.83444770,12.30714143,2.333,2.500,1.150,0.97,7,7,Forward
1770565214.9395893,57.83444867,12.30714750,57.83444818,12.30714447,2.333,2.500,1.150,0.81,7,7,Stopped
1770565215.95127,57.83444750,12.30715283,57.83444784,12.30714865,2.333,2.500,1.150,1.09,7,7,Forward
1770565216.9473708,57.83444317,12.30715800,57.83444550,12.30715332,2.333,2.500,1.150,1.48,7,7,Forward
1770565217.950818,57.83444233,12.30716300,57.83444392,12.30715816,2.333,2.500,1.150,1.23,7,7,Forward
1770565218.9536433,57.83444050,12.30717300,57.83444221,12.30716558,2.333,2.500,1.150,1.46,7,7,Forward
1770565219.9505844,57.83443567,12.30718033,57.83443894,12.30717296,2.333,2.500,1.150,1.79,7,7,Forward
1770565220.9456775,57.83442783,12.30719400,57.83443339,12.30718348,2.333,2.500,1.150,2.47,7,7,Forward
1770565221.936702,57.83442217,12.30720533,57.83442778,12.30719441,2.333,2.500,1.150,2.54,7,7,Forward
1770565222.9533074,57.83441650,12.30721583,57.83442214,12.30720512,2.333,2.500,1.150,2.50,7,7,Forward
1770565223.9399614,57.83441183,12.30722917,57.83441699,12.30721714,2.333,2.500,1.150,2.60,7,7,Forward
1770565224.95432,57.83440717,12.30724383,57.83441208,12.30723049,2.333,2.500,1.150,2.53,7,7,Forward
1770565225.9485047,57.83441283,12.30725617,57.83441245,12.30724333,2.333,2.500,1.150,1.64,7,7,Forward
1770565226.9545074,57.83440000,12.30727833,57.83440623,12.30726083,2.333,2.500,1.150,2.62,7,7,Forward
1770565227.9516199,57.83440000,12.30728383,57.83440311,12.30727233,2.333,2.500,1.150,2.19,7,7,Forward
1770565228.9350886,57.83440467,12.30728500,57.83440389,12.30727867,2.676,2.500,1.510,1.33,6,6,Forward
1770565229.9528918,57.83440717,12.30728883,57.83440553,12.30728375,2.676,2.500,1.510,1.06,6,6,Forward
1770565230.9415836,57.83440200,12.30728817,57.83440376,12.30728596,2.676,2.500,1.510,1.42,6,6,Stopped
1770565231.939028,57.83441150,12.30728283,57.83440763,12.30728440,2.676,2.500,1.510,0.15,6,6,Stopped
1770565232.949547,57.83441533,12.30727933,57.83441148,12.30728186,2.676,2.500,1.510,0.44,6,6,Stopped
1770565233.9422212,57.83442250,12.30727033,57.83441699,12.30727610,2.676,2.500,1.510,1.19,6,6,Reverse
1770565234.9370644,57.83442133,12.30727133,57.83441916,12.30727372,2.676,2.500,1.510,0.56,6,6,Stopped
1770565235.9373415,57.83442417,12.30727233,57.83442166,12.30727302,2.676,2.500,1.510,0.77,6,6,Stopped
1770565236.9368525,57.83442717,12.30726500,57.83442442,12.30726901,2.676,2.500,1.510,0.90,6,6,Reverse
1770565237.949276,57.83442550,12.30726750,57.83442496,12.30726826,2.676,2.500,1.510,0.36,6,6,Stopped
1770565238.945405,57.83442267,12.30726950,57.83442381,12.30726888,2.676,2.500,1.510,0.29,6,6,Stopped
1770565239.951669,57.83442067,12.30726867,57.83442224,12.30726877,2.676,2.500,1.510,0.50,6,6,Stopped
1770565240.947433,57.83441300,12.30725967,57.83441762,12.30726422,2.676,2.500,1.510,1.56,7,7,Reverse
1770565241.9402273,57.83441700,12.30726150,57.83441731,12.30726286,2.686,2.500,1.520,0.59,7,7,Stopped
1770565242.9491832,57.83441117,12.30726267,57.83441424,12.30726276,2.686,2.500,1.520,1.07,7,7,Stopped
1770565243.940419,57.83441000,12.30726200,57.83441212,12.30726238,2.686,2.500,1.520,1.01,6,6,Stopped
1770565244.9347854,57.83441083,12.30726450,57.83441148,12.30726344,2.686,2.500,1.520,0.86,6,6,Stopped
1770565245.945129,57.83441617,12.30726283,57.83441382,12.30726314,2.686,2.500,1.520,0.28,6,6,Stopped
1770565246.9370337,57.83441050,12.30726683,57.83441216,12.30726499,2.686,2.500,1.520,0.94,6,6,Stopped
1770565247.9492738,57.83440750,12.30726567,57.83440983,12.30726533,2.686,2.500,1.520,1.11,6,6,Stopped
1770565248.9398692,57.83440533,12.30727800,57.83440758,12.30727166,3.057,2.500,1.910,1.34,5,5,Forward
1770565249.9494755,57.83439867,12.30729433,57.83440312,12.30728300,2.400,2.500,1.220,2.20,6,6,Forward
1770565250.94494,57.83439217,12.30730333,57.83439765,12.30729317,2.400,2.500,1.220,2.56,6,6,Forward
1770565251.9391134,57.83439300,12.30730217,57.83439532,12.30729767,2.400,2.500,1.220,1.86,6,6,Forward
1770565252.9377103,57.83440017,12.30729833,57.83439774,12.30729800,2.400,2.500,1.220,0.65,6,6,Stopped
1770565253.9374185,57.83440867,12.30728667,57.83440321,12.30729233,2.400,2.500,1.220,0.51,6,6,Reverse
1770565254.9434118,57.83440850,12.30729033,57.83440585,12.30729133,2.400,2.500,1.220,0.10,6,6,Stopped
1770565255.9386842,57.83440817,12.30728733,57.83440701,12.30728933,2.400,2.500,1.220,0.62,6,6,Stopped
1770565256.9491048,57.83442000,12.30727150,57.83441350,12.30728042,2.400,2.500,1.220,1.28,6,6,Reverse
1770565257.9377456,57.83442517,12.30726317,57.83441934,12.30727179,2.400,2.500,1.220,1.61,6,6,Reverse
1770565258.936554,57.83443033,12.30726300,57.83442483,12.30726740,2.400,2.500,1.220,1.50,6,6,Reverse
1770565259.93544,57.83443283,12.30725200,57.83442883,12.30725970,2.400,2.500,1.220,1.72,6,6,Reverse
1770565260.9383702,57.83443017,12.30726217,57.83442950,12.30726093,2.400,2.500,1.220,0.65,6,6,Stopped
1770565261.9366093,57.83442900,12.30727017,57.83442925,12.30726555,2.400,2.500,1.220,0.25,6,6,Forward
1770565262.937885,57.83442817,12.30726617,57.83442871,12.30726586,2.400,2.500,1.220,0.55,6,6,Stopped
1770565263.932604,57.83442700,12.30727067,57.83442785,12.30726826,2.400,2.500,1.220,0.12,6,6,Stopped
1770565264.932651,57.83442133,12.30727083,57.83442459,12.30726955,2.400,2.500,1.220,0.74,6,6,Stopped
1770565265.948452,57.83442200,12.30727483,57.83442330,12.30727219,2.400,2.500,1.220,0.24,6,6,Stopped
1770565266.937276,57.83442017,12.30727483,57.83442173,12.30727351,2.400,2.500,1.220,0.46,6,6,Stopped
1770565267.9474008,57.83442150,12.30727567,57.83442162,12.30727459,2.400,2.500,1.220,0.28,6,6,Stopped
1770565268.937382,57.83442167,12.30727200,57.83442164,12.30727329,2.400,2.500,1.220,0.34,6,6,Stopped
1770565269.9378145,57.83442367,12.30726617,57.83442265,12.30726973,2.400,2.500,1.220,0.81,6,6,Reverse
1770565270.945483,57.83442350,12.30726200,57.83442308,12.30726587,2.400,2.500,1.220,1.23,6,6,Reverse
1770565271.93725,57.83442283,12.30726083,57.83442296,12.30726335,2.390,2.500,1.210,1.19,6,6,Stopped
1770565272.9494622,57.83442133,12.30726367,57.83442214,12.30726351,2.324,2.500,1.140,0.40,7,7,Stopped
1770565273.9534853,57.83442083,12.30726333,57.83442149,12.30726342,2.324,2.500,1.140,0.33,7,7,Stopped
1770565274.9374616,57.83441800,12.30726733,57.83441974,12.30726538,2.324,2.500,1.140,0.34,7,7,Stopped
1770565275.9451814,57.83442033,12.30726283,57.83442004,12.30726411,2.324,2.500,1.140,0.73,7,7,Stopped
1770565276.9490502,57.83442100,12.30726383,57.83442052,12.30726397,2.324,2.500,1.140,0.36,7,7,Stopped
1770565277.9495196,57.83441967,12.30726250,57.83442009,12.30726323,2.324,2.500,1.140,0.22,7,7,Stopped
1770565278.9493487,57.83441867,12.30726233,57.83441938,12.30726278,2.324,2.500,1.140,0.35,7,7,Stopped
1770565279.93905,57.83441733,12.30726467,57.83441836,12.30726373,2.324,2.500,1.140,0.63,7,7,Stopped
1770565280.9515512,57.83441867,12.30726617,57.83441851,12.30726495,2.324,2.500,1.140,0.23,7,7,Stopped
1770565281.9499125,57.83441667,12.30726900,57.83441759,12.30726697,2.324,2.500,1.140,0.37,7,7,Stopped
1770565282.9377558,57.83441900,12.30726150,57.83441829,12.30726424,2.324,2.500,1.140,0.40,7,7,Stopped
1770565283.9495444,57.83441467,12.30726933,57.83441648,12.30726678,2.324,2.500,1.140,0.55,7,7,Stopped
1770565284.9328208,57.83441467,12.30727333,57.83441557,12.30727006,2.324,2.500,1.140,0.36,7,7,Stopped
1770565285.9500892,57.83441700,12.30726617,57.83441629,12.30726811,2.324,2.500,1.140,0.46,7,7,Stopped
1770565286.9376113,57.83441750,12.30726117,57.83441689,12.30726464,2.324,2.500,1.140,0.47,7,7,Reverse
1770565287.9423232,57.83441617,12.30726617,57.83441653,12.30726540,2.324,2.500,1.140,0.21,7,7,Stopped
1770565288.9492223,57.83441867,12.30726617,57.83441760,12.30726578,2.324,2.500,1.140,0.22,7,7,Stopped
1770565289.9344964,57.83442450,12.30726100,57.83442105,12.30726339,2.324,2.500,1.140,0.84,7,7,Stopped
1770565290.9344804,57.83442683,12.30725800,57.83442394,12.30726070,2.324,2.500,1.140,0.83,7,7,Stopped
1770565291.9369736,57.83442767,12.30725850,57.83442580,12.30725960,2.324,2.500,1.140,0.34,7,7,Stopped
1770565292.9372973,57.83443200,12.30725483,57.83442890,12.30725722,2.324,2.500,1.140,0.62,7,7,Stopped
1770565293.9447184,57.83443400,12.30725233,57.83443145,12.30725477,2.324,2.500,1.140,0.66,7,7,Stopped
1770565294.9509087,57.83443133,12.30725750,57.83443139,12.30725614,2.324,2.500,1.140,0.24,7,7,Stopped
1770565295.9476292,57.83443350,12.30725817,57.83443245,12.30725715,2.324,2.500,1.140,0.09,7,7,Stopped
1770565296.9438846,57.83443867,12.30725667,57.83443556,12.30725691,2.324,2.500,1.140,0.59,7,7,Stopped
1770565297.9349623,57.83444100,12.30725717,57.83443828,12.30725704,2.324,2.500,1.140,0.63,7,7,Stopped
1770565298.9439647,57.83444283,12.30725367,57.83444056,12.30725535,2.343,2.500,1.160,0.61,6,6,Stopped
1770565299.9342973,57.83445033,12.30724200,57.83444544,12.30724868,2.343,2.500,1.160,1.44,6,6,Reverse
1770565300.9445078,57.83445050,12.30724900,57.83444797,12.30724884,2.343,2.500,1.160,0.66,6,6,Stopped
1770565301.9399776,57.83444883,12.30726017,57.83444840,12.30725450,2.343,2.500,1.160,0.65,6,6,Forward
1770565302.9353209,57.83445000,12.30725883,57.83444920,12.30725667,2.343,2.500,1.160,0.27,6,6,Stopped
1770565303.9445107,57.83444950,12.30726867,57.83444935,12.30726267,2.343,2.500,1.160,0.73,6,6,Forward
1770565304.9371057,57.83445050,12.30727817,57.83444993,12.30727042,2.343,2.500,1.160,1.16,6,6,Forward
1770565305.9343498,57.83445117,12.30728767,57.83445055,12.30727904,2.343,2.500,1.160,1.49,6,6,Forward
1770565306.9386094,57.83445067,12.30728817,57.83445061,12.30728360,2.343,2.500,1.160,0.81,6,6,Forward
1770565307.9429493,57.83445150,12.30729333,57.83445105,12.30728847,2.343,2.500,1.160,0.84,6,6,Forward
1770565308.9509714,57.83445367,12.30729083,57.83445236,12.30728965,2.343,2.500,1.160,0.49,6,6,Stopped
1770565309.9370096,57.83445133,12.30728717,57.83445185,12.30728841,2.343,2.500,1.160,0.47,6,6,Stopped
1770565310.9429636,57.83444900,12.30729983,57.83445042,12.30729412,2.343,2.500,1.160,0.77,6,6,Forward
1770565311.9478807,57.83444817,12.30729717,57.83444929,12.30729564,2.343,2.500,1.160,0.33,6,6,Stopped
1770565312.9376159,57.83444833,12.30729750,57.83444881,12.30729657,2.343,2.500,1.160,0.17,6,6,Stopped
1770565313.9491484,57.83445083,12.30729467,57.83444982,12.30729562,2.343,2.500,1.160,0.42,6,6,Stopped
1770565314.9379895,57.83444500,12.30731733,57.83444741,12.30730648,2.343,2.500,1.160,1.50,6,6,Forward
1770565315.950748,57.83444483,12.30731167,57.83444612,12.30730907,2.324,2.500,1.140,0.64,7,7,Stopped
1770565316.9404292,57.83444667,12.30730867,57.83444639,12.30730887,2.324,2.500,1.140,0.08,7,7,Stopped
1770565317.9393551,57.83444767,12.30731167,57.83444703,12.30731027,2.686,2.500,1.520,0.23,6,6,Stopped
1770565318.9472039,57.83444783,12.30731083,57.83444743,12.30731055,2.686,2.500,1.520,0.30,6,6,Stopped
1770565319.9432375,57.83444550,12.30730250,57.83444647,12.30730653,2.686,2.500,1.520,0.98,6,6,Reverse
1770565320.9493542,57.83444700,12.30731533,57.83444673,12.30731093,2.686,2.500,1.520,0.77,6,6,Forward
1770565321.9436965,57.83444617,12.30731117,57.83444645,12.30731105,2.686,2.500,1.520,0.34,6,6,Stopped
1770565322.9517875,57.83444683,12.30730567,57.83444664,12.30730836,2.686,2.500,1.520,0.20,6,6,Stopped
1770565323.9464884,57.83444750,12.30731833,57.83444707,12.30731335,2.686,2.500,1.520,1.25,6,6,Forward
1770565324.9414527,57.83444583,12.30732133,57.83444645,12.30731734,2.686,2.500,1.520,1.34,6,6,Forward
1770565325.9371328,57.83444717,12.30732433,57.83444681,12.30732084,2.686,2.500,1.520,1.24,6,6,Forward
1770565326.9400134,57.83444983,12.30731083,57.83444832,12.30731583,2.686,2.500,1.520,0.18,6,6,Reverse
1770565327.9352853,57.83445717,12.30730367,57.83445274,12.30730975,2.705,2.500,1.540,0.54,5,5,Reverse
1770565328.938641,57.83446433,12.30729717,57.83445854,12.30730346,2.705,2.500,1.540,0.86,5,5,Reverse
1770565329.9388025,57.83446717,12.30730417,57.83446285,12.30730381,2.705,2.500,1.540,0.99,5,5,Stopped
1770565330.9444168,57.83447233,12.30728800,57.83446759,12.30729591,2.705,2.500,1.540,1.27,5,5,Reverse
1770565331.9365563,57.83447267,12.30728533,57.83447013,12.30729062,2.714,2.500,1.550,1.12,5,5,Reverse
1770565332.9323976,57.83446950,12.30727783,57.83446981,12.30728423,2.714,2.500,1.550,1.22,5,5,Reverse
1770565333.9383817,57.83446783,12.30727017,57.83446882,12.30727720,2.714,2.500,1.550,1.43,5,5,Reverse
1770565334.9384513,57.83446733,12.30727583,57.83446808,12.30727651,2.686,2.500,1.520,0.46,6,6,Stopped
1770565335.9328914,57.83446467,12.30728050,57.83446637,12.30727851,2.695,2.500,1.530,0.15,6,6,Stopped
1770565336.9371214,57.83446467,12.30727817,57.83446552,12.30727834,2.714,2.500,1.550,0.43,5,5,Stopped
1770565337.9328587,57.83446433,12.30728233,57.83446493,12.30728034,2.714,2.500,1.550,0.08,5,5,Stopped
1770565338.9472246,57.83446383,12.30727850,57.83446438,12.30727942,2.714,2.500,1.550,0.62,5,5,Stopped
1770565339.937846,57.83446383,12.30728233,57.83446411,12.30728088,2.714,2.500,1.550,0.21,5,5,Stopped
1770565340.9383585,57.83446450,12.30728683,57.83446430,12.30728385,2.714,2.500,1.550,0.31,5,5,Stopped
1770565341.9379685,57.83446400,12.30728133,57.83446415,12.30728259,2.714,2.500,1.550,0.42,5,5,Stopped
1770565342.9495332,57.83446483,12.30728450,57.83446449,12.30728355,2.695,2.500,1.530,0.28,6,6,Stopped
1770565343.9460473,57.83446083,12.30728267,57.83446266,12.30728311,2.695,2.500,1.530,0.12,6,6,Stopped
1770565344.9406784,57.83445983,12.30728150,57.83446125,12.30728230,2.695,2.500,1.530,0.42,6,6,Stopped
1770565345.945468,57.83445817,12.30727917,57.83445971,12.30728074,2.695,2.500,1.530,0.03,6,6,Stopped
1770565346.9375958,57.83445550,12.30727817,57.83445760,12.30727945,2.695,2.500,1.530,0.28,6,6,Stopped
1770565347.9374168,57.83445450,12.30728317,57.83445605,12.30728131,2.695,2.500,1.530,0.27,6,6,Stopped
1770565348.9374907,57.83445467,12.30728583,57.83445536,12.30728357,2.695,2.500,1.530,0.50,6,6,Stopped
1770565349.936725,57.83444950,12.30728533,57.83445243,12.30728445,2.695,2.500,1.530,0.26,6,6,Stopped
1770565350.933404,57.83444733,12.30729400,57.83444988,12.30728923,2.695,2.500,1.530,0.58,6,6,Forward
1770565351.9494665,57.83444533,12.30729333,57.83444761,12.30729128,2.695,2.500,1.530,0.33,6,6,Stopped
1770565352.945787,57.83444333,12.30728983,57.83444547,12.30729056,2.695,2.500,1.530,0.21,6,6,Stopped
1770565353.9338834,57.83444367,12.30729233,57.83444457,12.30729144,2.695,2.500,1.530,0.19,6,6,Stopped
1770565354.9456394,57.83444450,12.30729467,57.83444453,12.30729306,2.695,2.500,1.530,0.38,6,6,Stopped
1770565355.9513752,57.83444567,12.30729750,57.83444510,12.30729528,2.695,2.500,1.530,0.57,6,6,Stopped
1770565356.936815,57.83444500,12.30730017,57.83444505,12.30729772,2.695,2.500,1.530,0.67,6,6,Stopped
1770565357.9434118,57.83444400,12.30729933,57.83444453,12.30729853,2.695,2.500,1.530,0.59,6,6,Stopped
1770565358.9381258,57.83444233,12.30729933,57.83444343,12.30729893,2.695,2.500,1.530,0.36,6,6,Stopped
1770565359.9439092,57.83444350,12.30729683,57.83444346,12.30729788,2.695,2.500,1.530,0.46,6,6,Stopped
1770565360.9387543,57.83444417,12.30729383,57.83444382,12.30729586,2.695,2.500,1.530,0.56,6,6,Stopped
1770565361.936746,57.83444350,12.30729333,57.83444366,12.30729460,2.695,2.500,1.530,0.08,6,6,Stopped
1770565362.9370039,57.83444467,12.30729350,57.83444416,12.30729405,2.695,2.500,1.530,0.26,6,6,Stopped
1770565363.9460344,57.83444583,12.30729600,57.83444500,12.30729502,2.695,2.500,1.530,0.51,6,6,Stopped
1770565364.9431255,57.83444533,12.30729817,57.83444517,12.30729660,2.695,2.500,1.530,0.38,6,6,Stopped
1770565365.9376216,57.83444467,12.30730000,57.83444492,12.30729830,2.695,2.500,1.530,0.37,6,6,Stopped
1770565366.9420378,57.83444283,12.30729800,57.83444387,12.30729815,2.695,2.500,1.530,0.29,6,6,Stopped
1770565367.9378407,57.83444267,12.30730383,57.83444327,12.30730099,2.695,2.500,1.530,0.40,6,6,Stopped
1770565368.9385529,57.83444300,12.30730433,57.83444314,12.30730266,2.695,2.500,1.530,0.25,6,6,Stopped
1770565369.934256,57.83444350,12.30730600,57.83444332,12.30730433,2.695,2.500,1.530,0.15,6,6,Stopped
1770565370.9469678,57.83444767,12.30731867,57.83444549,12.30731150,2.695,2.500,1.530,1.10,6,6,Forward
1770565371.937816,57.83445133,12.30732783,57.83444841,12.30731967,2.695,2.500,1.530,1.56,6,6,Forward
1770565372.9343197,57.83445367,12.30733200,57.83445104,12.30732583,2.695,2.500,1.530,1.34,6,6,Forward
1770565373.9344454,57.83445433,12.30732800,57.83445269,12.30732692,2.695,2.500,1.530,0.39,6,6,Stopped
1770565374.9470503,57.83445433,12.30733150,57.83445351,12.30732921,2.695,2.500,1.530,0.20,6,6,Stopped
1770565375.9434385,57.83445417,12.30733733,57.83445384,12.30733327,2.695,2.500,1.530,0.63,6,6,Forward
1770565376.9470954,57.83445500,12.30734783,57.83445442,12.30734055,2.695,2.500,1.530,0.96,6,6,Forward
1770565377.936817,57.83445217,12.30734450,57.83445329,12.30734253,2.695,2.500,1.530,0.22,6,6,Stopped
1770565378.932801,57.83445567,12.30736167,57.83445448,12.30735210,2.695,2.500,1.530,0.91,6,6,Forward
1770565379.9403412,57.83445517,12.30736200,57.83445482,12.30735705,2.695,2.500,1.530,0.63,6,6,Forward
1770565380.9522517,57.83445517,12.30735667,57.83445499,12.30735686,2.695,2.500,1.530,0.21,6,6,Stopped
1770565381.9393077,57.83446150,12.30736983,57.83445825,12.30736335,2.695,2.500,1.530,1.02,6,6,Forward
1770565382.9423711,57.83445883,12.30735783,57.83445854,12.30736059,2.695,2.500,1.530,0.85,6,6,Stopped
1770565383.9377909,57.83446433,12.30736433,57.83446144,12.30736246,2.695,2.500,1.530,0.59,6,6,Stopped
1770565384.9418619,57.83446817,12.30736833,57.83446480,12.30736540,2.695,2.500,1.530,0.79,6,6,Stopped
1770565385.937382,57.83447333,12.30739067,57.83446907,12.30737803,3.429,2.500,2.300,2.20,5,5,Forward
1770565386.9462438,57.83447617,12.30741150,57.83447262,12.30739477,2.562,2.500,1.390,2.67,6,6,Forward
1770565387.9496539,57.83447417,12.30743033,57.83447339,12.30741255,2.562,2.500,1.390,2.02,6,6,Forward
1770565388.9375122,57.83448233,12.30743933,57.83447786,12.30742594,2.314,2.500,1.130,2.34,7,7,Forward
1770565389.941677,57.83447833,12.30743800,57.83447810,12.30743197,2.695,2.500,1.530,0.99,6,6,Forward
1770565390.9391506,57.83447083,12.30742150,57.83447447,12.30742674,2.695,2.500,1.530,0.64,6,6,Reverse
1770565391.9325979,57.83446917,12.30741150,57.83447182,12.30741912,2.695,2.500,1.530,1.47,6,6,Reverse
1770565392.9398615,57.83446167,12.30738533,57.83446674,12.30740223,2.695,2.500,1.530,2.92,6,6,Reverse
1770565393.9439173,57.83446017,12.30739433,57.83446345,12.30739828,2.695,2.500,1.530,1.79,6,6,Reverse
1770565394.9504545,57.83445217,12.30738633,57.83445781,12.30739231,2.562,2.500,1.390,2.25,6,6,Reverse
1770565395.9358757,57.83445000,12.30737983,57.83445391,12.30738607,2.562,2.500,1.390,2.26,6,6,Reverse
1770565396.937568,57.83445283,12.30737600,57.83445337,12.30738103,3.429,2.500,2.300,1.91,5,5,Reverse
1770565397.9395509,57.83444933,12.30737500,57.83445135,12.30737802,3.429,2.500,2.300,1.81,5,5,Stopped
1770565398.9371922,57.83445217,12.30738067,57.83445176,12.30737934,3.429,2.500,2.300,0.93,5,5,Stopped
1770565399.95499,57.83445450,12.30737850,57.83445313,12.30737892,3.429,2.500,2.300,0.69,5,5,Stopped
1770565400.9389882,57.83445717,12.30738283,57.83445515,12.30738088,3.429,2.500,2.300,0.93,5,5,Stopped
1770565401.9386427,57.83445483,12.30737600,57.83445499,12.30737844,3.429,2.500,2.300,1.26,5,5,Stopped
1770565402.9466667,57.83445567,12.30737400,57.83445533,12.30737622,2.562,2.500,1.390,0.32,6,6,Stopped
1770565403.9402058,57.83445500,12.30737767,57.83445516,12.30737694,2.562,2.500,1.390,0.07,6,6,Stopped
1770565404.9420552,57.83445217,12.30737350,57.83445367,12.30737522,2.562,2.500,1.390,0.31,6,6,Stopped
1770565405.9407175,57.83444933,12.30737417,57.83445150,12.30737469,2.562,2.500,1.390,0.38,6,6,Stopped
1770565406.9468014,57.83444550,12.30736283,57.83444850,12.30736876,2.562,2.500,1.390,0.70,6,6,Reverse
1770565407.9535344,57.83443367,12.30734383,57.83444108,12.30735630,2.562,2.500,1.390,0.33,6,6,Reverse
1770565408.9493437,57.83442417,12.30733617,57.83443262,12.30734623,2.314,2.500,1.130,0.18,7,7,Reverse
1770565409.945775,57.83441833,12.30734217,57.83442548,12.30734420,2.314,2.500,1.130,0.68,7,7,Stopped
1770565410.941617,57.83441117,12.30733300,57.83441832,12.30733860,2.314,2.500,1.130,0.50,7,7,Reverse
1770565411.946923,57.83440783,12.30733933,57.83441308,12.30733897,2.314,2.500,1.130,1.69,7,7,Stopped
1770565412.9420185,57.83440483,12.30734183,57.83440896,12.30734040,2.314,2.500,1.130,2.27,7,7,Stopped
1770565413.9482932,57.83439933,12.30733050,57.83440414,12.30733545,2.314,2.500,1.130,1.24,7,7,Reverse
1770565414.944164,57.83439983,12.30733350,57.83440199,12.30733447,2.314,2.500,1.130,1.58,7,7,Stopped
1770565415.937796,57.83439733,12.30733617,57.83439966,12.30733532,2.314,2.500,1.130,1.66,7,7,Stopped
1770565416.94424,57.83439183,12.30732867,57.83439575,12.30733199,2.314,2.500,1.130,1.30,7,7,Stopped
1770565417.9519308,57.83438967,12.30732983,57.83439271,12.30733091,2.314,2.500,1.130,1.54,7,7,Stopped
1770565418.9401448,57.83438933,12.30733100,57.83439102,12.30733096,2.314,2.500,1.130,1.30,7,7,Stopped
1770565419.9391162,57.83438650,12.30731667,57.83438876,12.30732381,2.314,2.500,1.130,0.26,7,7,Reverse
1770565420.935332,57.83437900,12.30729867,57.83438388,12.30731124,2.314,2.500,1.130,0.49,7,7,Reverse
1770565421.9434705,57.83437433,12.30729950,57.83437911,12.30730537,2.314,2.500,1.130,0.48,7,7,Reverse
1770565422.9346964,57.83436933,12.30729500,57.83437422,12.30730018,2.314,2.500,1.130,0.64,7,7,Reverse
1770565423.9343708,57.83436717,12.30728667,57.83437069,12.30729343,2.314,2.500,1.130,0.69,7,7,Reverse
1770565424.9511015,57.83435717,12.30728000,57.83436393,12.30728671,2.314,2.500,1.130,1.47,7,7,Reverse
1770565425.9468565,57.83435300,12.30727300,57.83435847,12.30727986,2.314,2.500,1.130,1.53,7,7,Reverse
1770565426.9386396,57.83435733,12.30727983,57.83435790,12.30727984,2.562,2.500,1.390,0.51,6,6,Stopped
1770565427.9491434,57.83435617,12.30727817,57.83435703,12.30727901,2.562,2.500,1.390,0.87,6,6,Stopped
1770565428.9526474,57.83435383,12.30727617,57.83435543,12.30727759,2.562,2.500,1.390,1.07,6,6,Stopped
1770565429.9372144,57.83435700,12.30727783,57.83435622,12.30727771,2.562,2.500,1.390,0.31,6,6,Stopped
1770565430.938572,57.83435567,12.30728433,57.83435594,12.30728102,2.552,2.500,1.380,0.59,6,6,Stopped
1770565431.9441047,57.83435467,12.30727567,57.83435530,12.30727834,2.552,2.500,1.380,0.84,6,6,Stopped
1770565432.9371657,57.83435900,12.30727717,57.83435715,12.30727776,2.552,2.500,1.380,1.01,6,6,Stopped
1770565433.942646,57.83436050,12.30728000,57.83435883,12.30727888,2.552,2.500,1.380,0.58,6,6,Stopped
1770565434.9367087,57.83436333,12.30728183,57.83436108,12.30728036,2.552,2.500,1.380,0.19,6,6,Stopped
1770565435.9446986,57.83436250,12.30727350,57.83436179,12.30727693,2.552,2.500,1.380,0.54,6,6,Reverse
1770565436.9483151,57.83437033,12.30727967,57.83436606,12.30727830,2.552,2.500,1.380,0.71,6,6,Stopped
1770565437.9454231,57.83437467,12.30729150,57.83437036,12.30728490,2.552,2.500,1.380,1.05,6,6,Forward
1770565438.9347854,57.83437050,12.30729367,57.83437043,12.30728928,2.552,2.500,1.380,0.81,6,6,Forward
1770565439.9374533,57.83436750,12.30728933,57.83436897,12.30728931,2.552,2.500,1.380,0.71,6,6,Stopped
1770565440.9519541,57.83436933,12.30729367,57.83436915,12.30729149,2.552,2.500,1.380,0.63,6,6,Stopped
1770565441.9385834,57.83437067,12.30730033,57.83436991,12.30729591,2.552,2.500,1.380,0.49,6,6,Forward
1770565442.9418318,57.83436467,12.30729683,57.83436729,12.30729637,2.552,2.500,1.380,0.84,6,6,Stopped
1770565443.9395666,57.83436733,12.30730050,57.83436731,12.30729844,2.552,2.500,1.380,0.63,6,6,Stopped
1770565444.936835,57.83436900,12.30730483,57.83436816,12.30730163,3.429,2.500,2.300,0.81,5,5,Stopped
1770565445.9325,57.83437350,12.30732433,57.83437083,12.30731298,3.429,2.500,2.300,1.18,5,5,Forward
1770565446.9371283,57.83436917,12.30731700,57.83437000,12.30731499,3.429,2.500,2.300,0.47,5,5,Stopped
1770565447.9383519,57.83437733,12.30732600,57.83437367,12.30732050,3.429,2.500,2.300,1.13,5,5,Forward
1770565448.9345436,57.83438067,12.30734550,57.83437717,12.30733300,3.429,2.500,2.300,1.89,5,5,Forward
1770565449.936527,57.83437783,12.30735550,57.83437750,12.30734425,3.429,2.500,2.300,1.78,5,5,Forward
1770565450.943176,57.83437750,12.30736133,57.83437750,12.30735279,3.429,2.500,2.300,1.28,5,5,Forward
1770565451.939554,57.83437683,12.30736383,57.83437717,12.30735831,2.552,2.500,1.380,1.15,6,6,Forward
1770565452.9395564,57.83437483,12.30736233,57.83437600,12.30736032,2.552,2.500,1.380,1.28,6,6,Stopped
1770565453.9379854,57.83437350,12.30737217,57.83437475,12.30736624,2.552,2.500,1.380,1.95,6,6,Forward
1770565454.9364145,57.83436917,12.30738067,57.83437196,12.30737346,2.552,2.500,1.380,2.19,6,6,Forward
1770565455.9350646,57.83437150,12.30740117,57.83437173,12.30738731,2.552,2.500,1.380,2.50,6,6,Forward
1770565456.9361434,57.83436517,12.30739233,57.83436845,12.30738982,2.552,2.500,1.380,1.51,6,6,Stopped
1770565457.9375958,57.83436567,12.30739650,57.83436706,12.30739316,2.552,2.500,1.380,1.73,6,6,Stopped
1770565458.9371612,57.83435817,12.30739467,57.83436261,12.30739391,2.552,2.500,1.380,1.52,6,6,Stopped
1770565459.9369562,57.83435533,12.30738883,57.83435897,12.30739137,3.429,2.500,2.300,0.91,5,5,Stopped
1770565460.9377062,57.83435283,12.30738033,57.83435590,12.30738585,3.429,2.500,2.300,0.84,5,5,Reverse
1770565461.9350188,57.83434417,12.30738133,57.83435003,12.30738359,3.429,2.500,2.300,1.89,5,5,Stopped
1770565462.9430313,57.83434717,12.30738350,57.83434860,12.30738355,3.429,2.500,2.300,1.21,5,5,Stopped
1770565463.9380026,57.83433950,12.30737217,57.83434405,12.30737786,3.429,2.500,2.300,1.38,5,5,Reverse
1770565464.9443877,57.83434450,12.30738683,57.83434428,12.30738235,3.429,2.500,2.300,1.03,5,5,Forward
1770565465.9421597,57.83434717,12.30739267,57.83434572,12.30738751,3.429,2.500,2.300,0.83,5,5,Forward
1770565466.935261,57.83433983,12.30738950,57.83434278,12.30738850,3.429,2.500,2.300,1.38,5,5,Stopped
1770565467.9442463,57.83434100,12.30738983,57.83434189,12.30738917,3.429,2.500,2.300,1.01,5,5,Stopped
1770565468.938051,57.83434067,12.30738900,57.83434128,12.30738908,3.429,2.500,2.300,0.63,5,5,Stopped
1770565469.9423552,57.83433583,12.30739150,57.83433856,12.30739029,3.429,2.500,2.300,1.31,5,5,Stopped
1770565470.9375973,57.83433933,12.30738317,57.83433894,12.30738673,3.429,2.500,2.300,0.55,5,5,Reverse
1770565471.937278,57.83433483,12.30738433,57.83433689,12.30738553,3.429,2.500,2.300,1.46,5,5,Stopped
1770565472.936742,57.83433317,12.30738383,57.83433503,12.30738468,3.429,2.500,2.300,1.39,5,5,Stopped
1770565473.9349797,57.83433833,12.30738717,57.83433668,12.30738592,3.429,2.500,2.300,0.58,5,5,Stopped
1770565474.9377553,57.83433350,12.30738417,57.83433509,12.30738505,3.429,2.500,2.300,1.07,5,5,Stopped
1770565475.938002,57.83433133,12.30738033,57.83433321,12.30738269,3.429,2.500,2.300,1.20,5,5,Stopped
1770565476.9410586,57.83433750,12.30738600,57.83433536,12.30738434,3.429,2.500,2.300,0.75,5,5,Stopped
1770565477.936859,57.83433083,12.30737233,57.83433309,12.30737834,3.429,2.500,2.300,1.57,5,5,Reverse
1770565478.9475083,57.83433017,12.30737500,57.83433163,12.30737667,3.429,2.500,2.300,1.63,5,5,Stopped
1770565479.9393072,57.83432900,12.30735767,57.83433032,12.30736717,3.429,2.500,2.300,1.62,5,5,Reverse
1770565480.9382253,57.83434117,12.30736417,57.83433574,12.30736567,3.429,2.500,2.300,0.41,5,5,Stopped
1770565481.9376209,57.83434333,12.30734683,57.83433954,12.30735625,3.429,2.500,2.300,1.43,5,5,Reverse
1770565482.9361484,57.83434317,12.30734067,57.83434135,12.30734846,3.429,2.500,2.300,1.14,5,5,Reverse
1770565483.939835,57.83433350,12.30732950,57.83433743,12.30733898,3.429,2.500,2.300,1.57,5,5,Reverse
1770565484.9369736,57.83433650,12.30733033,57.83433696,12.30733466,3.429,2.500,2.300,0.56,5,5,Reverse
1770565485.9361293,57.83433500,12.30732233,57.83433598,12.30732849,3.429,2.500,2.300,0.86,5,5,Reverse
1770565486.9374585,57.83432917,12.30731150,57.83433257,12.30732000,3.429,2.500,2.300,1.94,5,5,Reverse
1770565487.9365451,57.83432667,12.30730633,57.83432962,12.30731317,3.429,2.500,2.300,1.95,5,5,Reverse
1770565488.9383662,57.83432433,12.30729700,57.83432698,12.30730508,3.429,2.500,2.300,1.75,5,5,Reverse
1770565489.9352026,57.83432250,12.30728717,57.83432474,12.30729612,3.429,2.500,2.300,1.64,5,5,Reverse
1770565490.936886,57.83432617,12.30728683,57.83432545,12.30729148,3.429,2.500,2.300,0.91,5,5,Reverse
1770565491.9365795,57.83432433,12.30728550,57.83432489,12.30728849,3.429,2.500,2.300,0.96,5,5,Stopped
1770565492.932935,57.83432350,12.30727950,57.83432420,12.30728399,3.429,2.500,2.300,1.03,5,5,Reverse
1770565493.9351466,57.83432617,12.30727900,57.83432518,12.30728150,3.429,2.500,2.300,0.57,5,5,Stopped
1770565494.9433274,57.83432683,12.30728000,57.83432601,12.30728075,3.429,2.500,2.300,0.33,5,5,Stopped
1770565495.9374657,57.83433000,12.30725400,57.83432800,12.30726737,3.429,2.500,2.300,2.17,5,5,Reverse
1770565496.9409904,57.83432400,12.30724367,57.83432600,12.30725552,3.429,2.500,2.300,2.12,5,5,Reverse
1770565497.9402316,57.83432167,12.30724633,57.83432383,12.30725093,3.429,2.500,2.300,1.08,5,5,Reverse
1770565498.9324653,57.83431850,12.30724700,57.83432117,12.30724896,3.429,2.500,2.300,0.99,5,5,Stopped
1770565499.9405944,57.83431000,12.30723433,57.83431558,12.30724165,3.429,2.500,2.300,1.75,5,5,Reverse
1770565500.9354856,57.83430450,12.30724883,57.83431004,12.30724524,3.429,2.500,2.300,2.34,5,5,Forward
1770565501.9366195,57.83430533,12.30725967,57.83430769,12.30725245,3.429,2.500,2.300,1.51,5,5,Forward
1770565502.9477203,57.83430850,12.30725150,57.83430809,12.30725198,2.552,2.500,1.380,0.88,6,6,Stopped
1770565503.9328105,57.83430900,12.30725917,57.83430855,12.30725557,2.552,2.500,1.380,0.59,6,6,Forward
1770565504.9467242,57.83431250,12.30727033,57.83431052,12.30726295,3.429,2.500,2.300,0.47,5,5,Forward
1770565505.9467952,57.83431217,12.30726117,57.83431135,12.30726206,3.429,2.500,2.300,0.64,5,5,Stopped
1770565506.9378195,57.83430800,12.30725450,57.83430967,12.30725828,3.429,2.500,2.300,1.12,5,5,Reverse
1770565507.933611,57.83431100,12.30726117,57.83431034,12.30725972,3.429,2.500,2.300,0.64,5,5,Stopped
1770565508.938583,57.83431067,12.30725567,57.83431050,12.30725769,3.429,2.500,2.300,0.72,5,5,Stopped
1770565509.9328768,57.83431017,12.30726433,57.83431033,12.30726101,3.429,2.500,2.300,1.02,5,5,Stopped
1770565510.9433522,57.83431300,12.30727617,57.83431167,12.30726859,3.429,2.500,2.300,1.14,5,5,Forward
1770565511.9376915,57.83431100,12.30726750,57.83431133,12.30726805,3.429,2.500,2.300,0.82,5,5,Stopped
1770565512.9387774,57.83431817,12.30728533,57.83431475,12.30727669,3.429,2.500,2.300,1.06,5,5,Forward
1770565513.9366117,57.83431650,12.30727350,57.83431563,12.30727509,3.429,2.500,2.300,0.40,5,5,Stopped
1770565514.9324079,57.83432083,12.30726883,57.83431823,12.30727196,3.429,2.500,2.300,0.38,5,5,Stopped
1770565515.941775,57.83432200,12.30727200,57.83432011,12.30727198,3.429,2.500,2.300,0.04,5,5,Stopped
1770565516.9348037,57.83432383,12.30727050,57.83432197,12.30727124,3.429,2.500,2.300,0.12,5,5,Stopped
1770565517.937278,57.83432917,12.30728133,57.83432557,12.30727629,3.429,2.500,2.300,0.84,5,5,Forward
1770565518.9455533,57.83433883,12.30729050,57.83433220,12.30728339,3.429,2.500,2.300,1.45,5,5,Forward
1770565519.9368002,57.83433617,12.30729533,57.83433418,12.30728936,3.429,2.500,2.300,0.94,5,5,Forward
1770565520.9377646,57.83435483,12.30730733,57.83434451,12.30729835,2.714,2.500,1.550,2.01,6,6,Forward
1770565521.9373853,57.83436483,12.30729983,57.83435467,12.30729909,2.714,2.500,1.550,1.83,6,6,Stopped
1770565522.9371514,57.83437283,12.30728800,57.83436375,12.30729355,2.714,2.500,1.550,2.23,6,6,Reverse
1770565523.9379802,57.83437567,12.30729233,57.83436971,12.30729294,2.714,2.500,1.550,1.53,6,6,Stopped
1770565524.938,57.83438250,12.30730267,57.83437610,12.30729780,2.714,2.500,1.550,1.70,6,6,Forward
1770565525.9438581,57.83437783,12.30730367,57.83437697,12.30730073,2.714,2.500,1.550,0.74,6,6,Stopped
1770565526.9447916,57.83437783,12.30731033,57.83437740,12.30730553,2.714,2.500,1.550,0.77,6,6,Forward
1770565527.9362383,57.83438433,12.30731083,57.83438087,12.30730818,2.714,2.500,1.550,0.80,6,6,Stopped
1770565528.9417186,57.83438017,12.30731067,57.83438052,12.30730943,2.714,2.500,1.550,0.29,6,6,Stopped
1770565529.937769,57.83437983,12.30731933,57.83438018,12.30731438,2.714,2.500,1.550,0.66,6,6,Forward
1770565530.9339194,57.83438633,12.30733817,57.83438325,12.30732627,2.714,2.500,1.550,1.58,6,6,Forward
1770565531.937618,57.83439767,12.30735250,57.83439046,12.30733939,2.714,2.500,1.550,2.24,6,6,Forward
1770565532.944567,57.83440233,12.30735867,57.83439640,12.30734903,2.714,2.500,1.550,2.13,6,6,Forward
1770565533.937498,57.83440783,12.30736583,57.83440212,12.30735743,2.838,2.500,1.680,1.98,5,5,Forward
1770565534.9372919,57.83441017,12.30736567,57.83440614,12.30736155,2.838,2.500,1.680,1.46,5,5,Forward
1770565535.9401805,57.83441000,12.30736150,57.83440807,12.30736152,2.714,2.500,1.550,0.97,6,6,Stopped
1770565536.934873,57.83441833,12.30736350,57.83441320,12.30736251,2.714,2.500,1.550,1.37,6,6,Stopped
1770565537.9422917,57.83442683,12.30736633,57.83442002,12.30736442,2.714,2.500,1.550,1.64,6,6,Stopped
1770565538.9360552,57.83443117,12.30737817,57.83442559,12.30737129,2.714,2.500,1.550,1.79,6,6,Forward
1770565539.9417253,57.83443233,12.30738250,57.83442896,12.30737690,2.714,2.500,1.550,1.61,6,6,Forward
1770565540.9379942,57.83443583,12.30738650,57.83443240,12.30738170,2.714,2.500,1.550,1.57,6,6,Forward
1770565541.9366546,57.83442767,12.30738100,57.83443003,12.30738135,2.714,2.500,1.550,0.57,6,6,Stopped
1770565542.9370742,57.83442700,12.30738633,57.83442852,12.30738384,2.714,2.500,1.550,0.94,6,6,Stopped
1770565543.9441984,57.83442350,12.30738783,57.83442601,12.30738584,2.714,2.500,1.550,1.11,6,6,Stopped
1770565544.9377303,57.83443967,12.30738400,57.83443284,12.30738492,2.714,2.500,1.550,1.31,6,6,Stopped
1770565545.937603,57.83443400,12.30738800,57.83443342,12.30738646,2.714,2.500,1.550,0.61,6,6,Stopped
1770565546.9393764,57.83442583,12.30739750,57.83442963,12.30739198,2.714,2.500,1.550,1.21,6,6,Forward
1770565547.94677,57.83442833,12.30741567,57.83442898,12.30740382,2.714,2.500,1.550,1.91,6,6,Forward
1770565548.9390562,57.83441883,12.30740600,57.83442391,12.30740491,2.714,2.500,1.550,1.37,6,6,Stopped
1770565549.9352195,57.83442383,12.30740967,57.83442387,12.30740729,2.714,2.500,1.550,0.97,6,6,Stopped
1770565550.9325576,57.83442933,12.30740833,57.83442660,12.30740781,2.714,2.500,1.550,0.92,6,6,Stopped
1770565551.937863,57.83443383,12.30741500,57.83443022,12.30741141,2.714,2.500,1.550,1.52,6,6,Forward
1770565552.9365134,57.83442533,12.30741717,57.83442778,12.30741429,2.714,2.500,1.550,1.15,6,6,Stopped
1770565553.9414976,57.83441867,12.30741800,57.83442322,12.30741614,2.714,2.500,1.550,0.97,6,6,Stopped
1770565554.9343765,57.83441583,12.30742333,57.83441953,12.30741974,2.714,2.500,1.550,1.06,6,6,Forward
1770565555.9373097,57.83442117,12.30742417,57.83442035,12.30742195,2.714,2.500,1.550,0.98,6,6,Stopped
1770565556.936731,57.83442483,12.30741417,57.83442259,12.30741806,2.714,2.500,1.550,0.29,6,6,Reverse
1770565557.9383562,57.83443500,12.30741083,57.83442880,12.30741445,2.714,2.500,1.550,1.11,6,6,Reverse
1770565558.9380765,57.83442617,12.30740750,57.83442748,12.30741097,2.714,2.500,1.550,0.21,6,6,Reverse
1770565559.942304,57.83442700,12.30740833,57.83442724,12.30740965,2.714,2.500,1.550,0.51,6,6,Stopped
1770565560.949406,57.83442150,12.30740917,57.83442437,12.30740941,2.714,2.500,1.550,1.15,6,6,Stopped
1770565561.9328506,57.83444033,12.30740217,57.83443235,12.30740579,2.838,2.500,1.680,1.39,5,5,Reverse
1770565562.9399028,57.83443217,12.30739967,57.83443226,12.30740273,2.838,2.500,1.680,0.57,5,5,Stopped
1770565563.9350448,57.83442850,12.30737433,57.83443038,12.30738853,2.838,2.500,1.680,0.97,5,5,Reverse
1770565564.9417892,57.83443100,12.30735400,57.83443069,12.30737127,2.838,2.500,1.680,1.70,5,5,Reverse
1770565565.935686,57.83443933,12.30735933,57.83443501,12.30736530,2.838,2.500,1.680,1.09,5,5,Reverse
1770565566.9411366,57.83444433,12.30735000,57.83443967,12.30735765,2.838,2.500,1.680,1.49,5,5,Reverse
1770565567.9382033,57.83444583,12.30733067,57.83444275,12.30734416,2.838,2.500,1.680,2.02,5,5,Reverse
1770565568.933603,57.83446067,12.30733233,57.83445171,12.30733825,2.838,2.500,1.680,2.72,5,5,Reverse
1770565569.9345605,57.83445567,12.30733683,57.83445369,12.30733754,2.838,2.500,1.680,1.58,5,5,Stopped
1770565570.938159,57.83445950,12.30733500,57.83445659,12.30733627,2.838,2.500,1.680,1.51,5,5,Stopped
1770565571.939862,57.83446350,12.30733033,57.83446005,12.30733330,2.838,2.500,1.680,1.52,5,5,Stopped
1770565572.9357212,57.83446850,12.30731900,57.83446427,12.30732615,2.838,2.500,1.680,2.04,5,5,Reverse
1770565573.9400342,57.83448067,12.30731650,57.83447247,12.30732133,2.838,2.500,1.680,2.48,5,5,Reverse
1770565574.939367,57.83446883,12.30731133,57.83447065,12.30731633,2.838,2.500,1.680,0.83,5,5,Reverse
1770565575.9389462,57.83445617,12.30730767,57.83446341,12.30731200,2.838,2.500,1.680,1.01,5,5,Reverse
1770565576.938616,57.83444950,12.30729950,57.83445645,12.30730575,2.838,2.500,1.680,1.29,5,5,Reverse
1770565577.9380865,57.83445100,12.30728050,57.83445373,12.30729312,2.838,2.500,1.680,1.66,5,5,Reverse
1770565578.9341166,57.83444000,12.30728500,57.83444686,12.30728906,2.838,2.500,1.680,1.26,5,5,Reverse
1770565579.932579,57.83443933,12.30727033,57.83444310,12.30727970,2.838,2.500,1.680,1.48,5,5,Reverse
1770565580.939294,57.83444467,12.30725450,57.83444388,12.30726710,2.838,2.500,1.680,1.68,5,5,Reverse
1770565581.936561,57.83444433,12.30724567,57.83444411,12.30725638,2.838,2.500,1.680,1.71,5,5,Reverse
1770565582.9392912,57.83443617,12.30725800,57.83444014,12.30725719,2.838,2.500,1.680,0.61,5,5,Stopped
1770565583.9362352,57.83441267,12.30724433,57.83442640,12.30725076,2.838,2.500,1.680,2.36,5,5,Reverse
1770565584.9335127,57.83438667,12.30725083,57.83440653,12.30725080,2.838,2.500,1.680,3.72,5,5,Stopped
1770565585.936056,57.83437350,12.30725417,57.83439002,12.30725248,2.838,2.500,1.680,3.70,5,5,Stopped
1770565586.9209208,57.83435617,12.30724617,57.83437309,12.30724932,2.838,2.500,1.680,4.27,5,5,Stopped
1770565587.940619,57.83435283,12.30722567,57.83436296,12.30723750,2.838,2.500,1.680,3.76,5,5,Reverse
1770565588.9327843,57.83434517,12.30722717,57.83435406,12.30723233,2.838,2.500,1.680,3.56,5,5,Reverse
1770565589.938206,57.83434117,12.30723683,57.83434762,12.30723458,2.838,2.500,1.680,3.11,5,5,Stopped
1770565590.9336152,57.83434783,12.30723633,57.83434772,12.30723546,2.838,2.500,1.680,1.94,5,5,Stopped
1770565591.9328613,57.83434883,12.30722133,57.83434828,12.30722840,2.838,2.500,1.680,1.84,5,5,Reverse
1770565592.9326746,57.83435333,12.30721850,57.83435081,12.30722345,2.838,2.500,1.680,1.18,5,5,Reverse
1770565593.940422,57.83434650,12.30723133,57.83434865,12.30722739,2.838,2.500,1.680,1.26,5,5,Forward
1770565594.9325087,57.83434917,12.30723667,57.83434891,12.30723203,4.562,2.500,3.490,1.28,4,4,Forward
1770565595.9217184,57.83435533,12.30723333,57.83435212,12.30723268,2.838,2.500,1.680,1.02,5,5,Stopped
1770565596.9384727,57.83435100,12.30723417,57.83435156,12.30723342,2.838,2.500,1.680,1.39,5,5,Stopped
1770565597.9292054,57.83435283,12.30721133,57.83435220,12.30722238,2.838,2.500,1.680,1.53,5,5,Reverse
1770565598.9379842,57.83436000,12.30722367,57.83435610,12.30722302,2.838,2.500,1.680,1.55,5,5,Stopped
1770565599.9371223,57.83436617,12.30722267,57.83436113,12.30722284,2.724,2.500,1.560,1.34,6,6,Stopped
1770565600.9369917,57.83436317,12.30721333,57.83436215,12.30721809,2.724,2.500,1.560,2.18,6,6,Reverse
1770565601.9441726,57.83437850,12.30722217,57.83437032,12.30722013,2.724,2.500,1.560,0.67,6,6,Stopped
1770565602.934267,57.83438733,12.30722783,57.83437883,12.30722398,2.724,2.500,1.560,0.42,6,6,Forward
1770565603.9382756,57.83437933,12.30723667,57.83437908,12.30723032,2.724,2.500,1.560,1.43,6,6,Forward
1770565604.9342842,57.83438400,12.30723283,57.83438154,12.30723158,2.724,2.500,1.560,1.06,6,6,Stopped
1770565605.9476333,57.83439000,12.30723283,57.83438577,12.30723221,2.724,2.500,1.560,0.91,6,6,Stopped
1770565606.9375315,57.83440250,12.30723333,57.83439414,12.30723277,2.724,2.500,1.560,0.48,6,6,Stopped
1770565607.9367454,57.83441567,12.30724283,57.83440490,12.30723780,2.724,2.500,1.560,0.87,6,6,Forward
1770565608.943142,57.83441333,12.30724933,57.83440912,12.30724357,2.724,2.500,1.560,0.18,6,6,Forward
1770565609.9494293,57.83443233,12.30726233,57.83442073,12.30725295,2.724,2.500,1.560,1.52,6,6,Forward
1770565610.9407716,57.83444867,12.30726717,57.83443470,12.30726006,2.724,2.500,1.560,2.35,6,6,Forward
1770565611.9505894,57.83445650,12.30727200,57.83444560,12.30726603,2.724,2.500,1.560,2.33,6,6,Forward
1770565612.9453695,57.83446533,12.30727533,57.83445547,12.30727068,2.305,2.500,1.120,2.37,7,7,Forward
1770565613.935318,57.83446800,12.30728967,57.83446173,12.30728017,2.305,2.500,1.120,1.60,7,7,Forward
1770565614.937565,57.83448083,12.30730083,57.83447128,12.30729050,2.305,2.500,1.120,2.30,7,7,Forward
1770565615.9379327,57.83448467,12.30731750,57.83447797,12.30730400,2.305,2.500,1.120,2.14,7,7,Forward
1770565616.949163,57.83449383,12.30732867,57.83448590,12.30731633,2.305,2.500,1.120,2.45,7,7,Forward
1770565617.9370897,57.83449567,12.30733533,57.83449079,12.30732583,2.305,2.500,1.120,1.84,7,7,Forward
1770565618.9392617,57.83450867,12.30734717,57.83449973,12.30733650,2.305,2.500,1.120,2.51,7,7,Forward
1770565619.9373143,57.83451717,12.30735883,57.83450845,12.30734767,2.305,2.500,1.120,2.33,7,7,Forward
1770565620.9500234,57.83452483,12.30736617,57.83451664,12.30735692,2.305,2.500,1.120,2.08,7,7,Forward
1770565621.9454787,57.83453817,12.30735233,57.83452740,12.30735463,2.305,2.500,1.120,2.26,7,7,Stopped
1770565622.937839,57.83454167,12.30736717,57.83453453,12.30736090,2.305,2.500,1.120,1.89,7,7,Forward
1770565623.9347558,57.83454017,12.30737017,57.83453735,12.30736553,2.305,2.500,1.120,0.95,7,7,Forward
1770565624.9430964,57.83455550,12.30738183,57.83454643,12.30737368,3.286,2.500,2.150,2.10,5,5,Forward
1770565625.9382713,57.83457367,12.30736600,57.83456005,12.30736984,3.286,2.500,2.150,2.33,5,5,Reverse
1770565626.932479,57.83459533,12.30735400,57.83457769,12.30736192,3.286,2.500,2.150,3.44,5,5,Reverse
1770565627.9350019,57.83460667,12.30735983,57.83459218,12.30736088,3.286,2.500,2.150,3.36,5,5,Stopped
1770565628.9399338,57.83462867,12.30734367,57.83461042,12.30735227,3.286,2.500,2.150,4.25,5,5,Reverse
1770565629.938735,57.83458883,12.30732633,57.83459963,12.30733930,3.286,2.500,2.150,1.89,5,5,Reverse
1770565630.9369576,57.83455283,12.30732700,57.83457623,12.30733315,2.838,2.500,1.680,2.01,5,5,Reverse
1770565631.9426832,57.83451200,12.30732700,57.83454412,12.30733008,2.838,2.500,1.680,3.98,5,5,Stopped
1770565632.9392643,57.83451367,12.30732100,57.83452889,12.30732554,2.838,2.500,1.680,3.27,5,5,Reverse
1770565633.943406,57.83451633,12.30732650,57.83452261,12.30732602,4.467,2.500,3.390,2.62,4,4,Stopped
1770565634.937591,57.83452700,12.30731750,57.83452481,12.30732176,4.457,2.500,3.380,1.32,4,4,Reverse
1770565635.9386613,57.83454517,12.30732650,57.83453499,12.30732413,4.457,2.500,3.380,0.66,4,4,Stopped
1770565636.9378257,57.83452617,12.30735700,57.83453058,12.30734056,3.286,2.500,2.150,2.26,5,5,Forward
1770565637.9372714,57.83452883,12.30735567,57.83452970,12.30734812,3.286,2.500,2.150,1.52,5,5,Forward
1770565638.9411306,57.83454267,12.30735500,57.83453619,12.30735156,3.286,2.500,2.150,0.74,5,5,Forward
1770565639.943695,57.83454767,12.30738067,57.83454193,12.30736611,3.286,2.500,2.150,1.91,5,5,Forward
1770565640.937229,57.83454650,12.30739900,57.83454421,12.30738256,3.057,2.500,1.910,2.14,6,6,Forward
1770565641.9335423,57.83455650,12.30740283,57.83455036,12.30739269,3.057,2.500,1.910,1.63,6,6,Forward
1770565642.9440055,57.83456117,12.30742100,57.83455576,12.30740685,3.057,2.500,1.910,2.30,6,6,Forward
1770565643.9367223,57.83458350,12.30742683,57.83456963,12.30741684,3.057,2.500,1.910,2.95,6,6,Forward
1770565644.9426951,57.83459833,12.30743133,57.83458398,12.30742409,3.057,2.500,1.910,3.29,6,6,Forward
1770565645.9366894,57.83460350,12.30743817,57.83459374,12.30743113,3.057,2.500,1.910,3.11,6,6,Forward
1770565646.93763,57.83460517,12.30743967,57.83459945,12.30743540,3.057,2.500,1.910,2.57,6,6,Forward
1770565647.9403467,57.83459583,12.30743800,57.83459764,12.30743670,3.057,2.500,1.910,1.25,6,6,Stopped
1770565648.936316,57.83459200,12.30743517,57.83459482,12.30743593,3.057,2.500,1.910,0.81,6,6,Stopped
1770565649.9350717,57.83458300,12.30743183,57.83458891,12.30743388,3.057,2.500,1.910,0.52,6,6,Stopped
1770565650.9391215,57.83457817,12.30742917,57.83458354,12.30743152,3.057,2.500,1.910,0.45,6,6,Stopped
1770565651.936575,57.83457667,12.30743233,57.83458010,12.30743193,3.286,2.500,2.150,0.16,5,5,Stopped
1770565652.9404378,57.83455850,12.30743800,57.83456930,12.30743496,3.286,2.500,2.150,1.23,5,5,Stopped
1770565653.9349775,57.83455533,12.30743817,57.83456232,12.30743657,3.286,2.500,2.150,0.98,5,5,Stopped
1770565654.9397619,57.83455450,12.30743417,57.83455841,12.30743537,3.286,2.500,2.150,0.52,5,5,Stopped
1770565655.9368515,57.83456383,12.30742433,57.83456112,12.30742985,3.286,2.500,2.150,0.76,5,5,Reverse
1770565656.9383838,57.83455583,12.30742450,57.83455848,12.30742717,3.286,2.500,2.150,0.29,5,5,Stopped
1770565657.9373977,57.83455167,12.30742317,57.83455507,12.30742517,3.286,2.500,2.150,0.33,5,5,Stopped
1770565658.9350002,57.83456250,12.30741983,57.83455879,12.30742250,3.286,2.500,2.150,1.02,5,5,Stopped
1770565659.9371758,57.83456367,12.30741317,57.83456123,12.30741783,3.286,2.500,2.150,1.07,5,5,Reverse
1770565660.9375436,57.83456700,12.30741317,57.83456411,12.30741550,3.286,2.500,2.150,1.49,5,5,Stopped
1770565661.9348018,57.83456383,12.30741217,57.83456397,12.30741383,3.057,2.500,1.910,1.39,6,6,Stopped
1770565662.9432397,57.83454983,12.30740533,57.83455690,12.30740958,3.286,2.500,2.150,0.26,5,5,Reverse
1770565663.9379556,57.83453883,12.30740083,57.83454787,12.30740521,3.286,2.500,2.150,0.47,5,5,Reverse
1770565664.935525,57.83451817,12.30739050,57.83453302,12.30739785,3.286,2.500,2.150,1.87,5,5,Reverse
1770565665.9364793,57.83452450,12.30738000,57.83452876,12.30738893,3.286,2.500,2.150,0.94,5,5,Reverse
1770565666.937074,57.83452717,12.30737950,57.83452796,12.30738421,3.286,2.500,2.150,0.09,5,5,Reverse
1770565667.9432929,57.83452900,12.30737500,57.83452848,12.30737961,3.286,2.500,2.150,0.37,5,5,Reverse
1770565668.93881,57.83452733,12.30737667,57.83452791,12.30737814,3.286,2.500,2.150,0.57,5,5,Stopped
1770565669.9336584,57.83453567,12.30736617,57.83453179,12.30737215,3.286,2.500,2.150,1.17,5,5,Reverse
1770565670.937814,57.83452233,12.30736317,57.83452706,12.30736766,3.286,2.500,2.150,0.27,5,5,Reverse
1770565671.9358032,57.83451650,12.30735967,57.83452178,12.30736366,3.286,2.500,2.150,0.44,5,5,Reverse
1770565672.938415,57.83451167,12.30736167,57.83451672,12.30736266,3.286,2.500,2.150,0.71,5,5,Stopped
1770565673.9369519,57.83450783,12.30735983,57.83451228,12.30736125,3.286,2.500,2.150,0.63,5,5,Stopped
1770565674.9381392,57.83450383,12.30734983,57.83450806,12.30735554,3.286,2.500,2.150,0.96,5,5,Reverse
1770565675.94474,57.83449967,12.30734600,57.83450386,12.30735077,3.286,2.500,2.150,0.94,5,5,Reverse
1770565676.940555,57.83450583,12.30733717,57.83450485,12.30734397,3.286,2.500,2.150,0.31,5,5,Reverse
1770565677.9372084,57.83449833,12.30733467,57.83450159,12.30733932,3.286,2.500,2.150,0.80,5,5,Reverse
1770565678.9411957,57.83449533,12.30732850,57.83449846,12.30733391,3.286,2.500,2.150,0.82,5,5,Reverse
1770565679.9369245,57.83448917,12.30733250,57.83449381,12.30733320,3.286,2.500,2.150,0.73,5,5,Stopped
1770565680.9340723,57.83449317,12.30732217,57.83449349,12.30732769,3.286,2.500,2.150,0.54,5,5,Reverse
1770565681.9374673,57.83450117,12.30731800,57.83449733,12.30732284,3.286,2.500,2.150,0.93,5,5,Reverse
1770565682.9328582,57.83450767,12.30730733,57.83450250,12.30731509,3.286,2.500,2.150,2.03,5,5,Reverse
1770565683.9389505,57.83451317,12.30730367,57.83450783,12.30730938,3.286,2.500,2.150,2.12,5,5,Reverse
1770565684.9336894,57.83451100,12.30730933,57.83450942,12.30730936,3.286,2.500,2.150,1.51,5,5,Stopped
1770565685.9337893,57.83450817,12.30730883,57.83450879,12.30730909,3.286,2.500,2.150,0.89,5,5,Stopped
1770565686.9350634,57.83450633,12.30729950,57.83450756,12.30730430,3.286,2.500,2.150,0.77,5,5,Reverse
1770565687.9361572,57.83450317,12.30729433,57.83450536,12.30729932,3.286,2.500,2.150,1.09,5,5,Reverse
1770565688.9344125,57.83449233,12.30728367,57.83449885,12.30729149,3.286,2.500,2.150,1.79,5,5,Reverse
1770565689.9299853,57.83449267,12.30728300,57.83449576,12.30728725,3.286,2.500,2.150,0.83,5,5,Reverse
1770565690.9363017,57.83448350,12.30728383,57.83448963,12.30728554,3.286,2.500,2.150,0.85,5,5,Stopped
1770565691.9228032,57.83448967,12.30727650,57.83448965,12.30728102,3.286,2.500,2.150,1.14,5,5,Reverse
1770565692.9371402,57.83448967,12.30727083,57.83448966,12.30727593,3.286,2.500,2.150,1.03,5,5,Reverse
1770565693.9370358,57.83448967,12.30728050,57.83448966,12.30727821,3.286,2.500,2.150,0.71,5,5,Stopped
1770565694.9370267,57.83449367,12.30727700,57.83449166,12.30727761,3.286,2.500,2.150,0.89,5,5,Stopped
1770565695.932744,57.83449333,12.30728367,57.83449250,12.30728064,3.286,2.500,2.150,1.29,5,5,Stopped
1770565696.9337046,57.83448783,12.30728050,57.83449017,12.30728057,3.286,2.500,2.150,0.58,5,5,Stopped
1770565697.9374483,57.83449000,12.30726817,57.83449008,12.30727437,3.286,2.500,2.150,1.14,5,5,Reverse
1770565698.9411328,57.83448433,12.30726517,57.83448721,12.30726977,3.286,2.500,2.150,0.64,5,5,Reverse
1770565699.9375477,57.83447100,12.30726717,57.83447910,12.30726847,3.286,2.500,2.150,0.14,5,5,Stopped
1770565700.9417565,57.83447417,12.30725600,57.83447664,12.30726223,3.286,2.500,2.150,1.07,5,5,Reverse
1770565701.9370375,57.83447533,12.30725867,57.83447598,12.30726045,3.286,2.500,2.150,1.10,5,5,Stopped
1770565702.9404905,57.83446983,12.30726850,57.83447291,12.30726448,3.286,2.500,2.150,0.84,5,5,Forward
1770565703.9375124,57.83446283,12.30727583,57.83446787,12.30727015,3.286,2.500,2.150,1.03,5,5,Forward
1770565704.9335146,57.83445500,12.30727817,57.83446144,12.30727416,3.286,2.500,2.150,1.03,5,5,Forward
1770565705.9374998,57.83446433,12.30727967,57.83446288,12.30727691,3.286,2.500,2.150,0.52,5,5,Stopped
1770565706.9344232,57.83446267,12.30726983,57.83446278,12.30727337,3.286,2.500,2.150,0.62,5,5,Reverse
1770565707.940123,57.83446767,12.30726850,57.83446522,12.30727094,3.286,2.500,2.150,0.61,5,5,Stopped
1770565708.9323723,57.83447833,12.30728300,57.83447178,12.30727697,3.286,2.500,2.150,1.77,5,5,Forward
1770565709.937501,57.83447683,12.30728767,57.83447431,12.30728232,3.286,2.500,2.150,1.31,5,5,Forward
1770565710.9326184,57.83447050,12.30728883,57.83447240,12.30728558,3.286,2.500,2.150,0.49,5,5,Stopped
1770565711.9326804,57.83445917,12.30729350,57.83446578,12.30728954,3.286,2.500,2.150,0.61,5,5,Forward
1770565712.9351468,57.83446083,12.30729100,57.83446331,12.30729027,3.286,2.500,2.150,0.44,5,5,Stopped
1770565713.9370003,57.83445283,12.30728767,57.83445807,12.30728897,3.286,2.500,2.150,0.96,5,5,Stopped
1770565714.936292,57.83444650,12.30727850,57.83445229,12.30728373,3.286,2.500,2.150,1.68,5,5,Reverse
1770565715.9308996,57.83444733,12.30727750,57.83444981,12.30728062,3.286,2.500,2.150,1.20,5,5,Stopped
1770565716.9361072,57.83443133,12.30726883,57.83444057,12.30727473,3.286,2.500,2.150,2.24,5,5,Reverse
1770565717.9309583,57.83442417,12.30727200,57.83443237,12.30727336,3.286,2.500,2.150,2.35,5,5,Stopped
1770565718.936206,57.83441467,12.30727500,57.83442352,12.30727418,3.286,2.500,2.150,2.68,5,5,Stopped
1770565719.9345436,57.83440650,12.30727600,57.83441501,12.30727509,3.286,2.500,2.150,2.95,5,5,Stopped
1770565720.9402275,57.83440617,12.30727167,57.83441059,12.30727338,3.286,2.500,2.150,2.70,5,5,Stopped
1770565721.9331856,57.83440083,12.30727800,57.83440571,12.30727569,3.286,2.500,2.150,2.43,5,5,Stopped
1770565722.9386203,57.83440200,12.30727350,57.83440386,12.30727459,3.286,2.500,2.150,2.05,5,5,Stopped
1770565723.935871,57.83440367,12.30727000,57.83440376,12.30727230,3.286,2.500,2.150,1.62,5,5,Stopped
1770565724.9327304,57.83441600,12.30726283,57.83440988,12.30726757,3.286,2.500,2.150,0.82,5,5,Reverse
1770565725.9342337,57.83443000,12.30726133,57.83441994,12.30726445,3.286,2.500,2.150,0.78,5,5,Stopped
1770565726.9301872,57.83442983,12.30726100,57.83442489,12.30726272,3.286,2.500,2.150,0.52,5,5,Stopped
1770565727.9342108,57.83443967,12.30725950,57.83443228,12.30726111,4.048,2.500,2.950,1.29,4,4,Stopped
1770565728.927376,57.83442517,12.30724517,57.83442872,12.30725314,4.048,2.500,2.950,2.14,4,4,Reverse
1770565729.9385872,57.83442233,12.30723567,57.83442553,12.30724440,4.048,2.500,2.950,2.35,4,4,Reverse
1770565730.9263287,57.83442933,12.30723850,57.83442743,12.30724145,4.048,2.500,2.950,0.88,4,4,Stopped
1770565731.9376507,57.83441300,12.30724250,57.83442022,12.30724198,4.048,2.500,2.950,1.11,4,4,Stopped
1770565732.9351833,57.83440550,12.30723850,57.83441286,12.30724024,4.048,2.500,2.950,1.59,4,4,Stopped
1770565733.9380846,57.83440267,12.30723750,57.83440776,12.30723887,4.057,2.500,2.960,1.56,4,4,Stopped
1770565734.9333029,57.83440217,12.30724300,57.83440496,12.30724093,4.057,2.500,2.960,1.32,4,4,Stopped
1770565735.9333246,57.83440233,12.30723700,57.83440365,12.30723897,4.057,2.500,2.960,1.16,4,4,Stopped
1770565736.932781,57.83439617,12.30724467,57.83439991,12.30724182,3.286,2.500,2.150,1.76,5,5,Stopped
1770565737.9383657,57.83439400,12.30723767,57.83439695,12.30723974,3.286,2.500,2.150,1.56,5,5,Stopped
1770565738.934175,57.83438100,12.30723250,57.83438898,12.30723612,4.057,2.500,2.960,2.29,4,4,Reverse
1770565739.9422708,57.83438067,12.30723583,57.83438482,12.30723598,4.057,2.500,2.960,1.86,4,4,Stopped
1770565740.9371789,57.83437517,12.30722950,57.83437999,12.30723274,4.057,2.500,2.960,1.87,4,4,Stopped
1770565741.941469,57.83436467,12.30720950,57.83437233,12.30722112,4.057,2.500,2.960,2.98,4,4,Reverse
1770565742.935674,57.83434717,12.30720217,57.83435975,12.30721164,4.067,2.500,2.970,3.27,4,4,Reverse
1770565743.9400084,57.83434200,12.30719333,57.83435087,12.30720249,4.067,2.500,2.970,2.95,4,4,Reverse
1770565744.9378827,57.83434367,12.30718550,57.83434727,12.30719399,3.286,2.500,2.150,2.27,5,5,Reverse
1770565745.9417784,57.83434100,12.30717733,57.83434414,12.30718566,3.286,2.500,2.150,2.02,5,5,Reverse
1770565746.9216187,57.83432767,12.30717100,57.83433590,12.30717833,3.286,2.500,2.150,2.65,5,5,Reverse
1770565747.9333909,57.83432750,12.30716967,57.83433170,12.30717400,3.286,2.500,2.150,1.98,5,5,Reverse
1770565748.939581,57.83432567,12.30716100,57.83432868,12.30716750,3.286,2.500,2.150,1.73,5,5,Reverse
1770565749.9445047,57.83431417,12.30716317,57.83432143,12.30716533,3.286,2.500,2.150,2.16,5,5,Stopped
1770565750.9345093,57.83431933,12.30715350,57.83432038,12.30715942,3.286,2.500,2.150,1.58,5,5,Reverse
1770565751.9349232,57.83432717,12.30714483,57.83432377,12.30715212,3.286,2.500,2.150,1.32,5,5,Reverse
1770565752.93914,57.83432000,12.30714133,57.83432189,12.30714673,3.286,2.500,2.150,0.90,5,5,Reverse
1770565753.9366882,57.83431200,12.30713700,57.83431694,12.30714186,3.286,2.500,2.150,1.14,5,5,Reverse
1770565754.932789,57.83431483,12.30713633,57.83431589,12.30713910,3.286,2.500,2.150,0.47,5,5,Stopped
1770565755.937301,57.83435367,12.30715583,57.83433478,12.30714747,3.286,2.500,2.150,0.80,5,5,Forward
1770565756.9424558,57.83438217,12.30716600,57.83435847,12.30715673,2.867,2.500,1.710,1.46,4,4,Forward
1770565757.9345717,57.83442217,12.30723667,57.83439032,12.30719670,2.867,2.500,1.710,1.05,4,4,Forward
1770565758.9430628,57.83442450,12.30723750,57.83440741,12.30721710,3.390,2.500,2.260,0.51,3,3,Forward
1770565759.936791,57.83442217,12.30723550,57.83441479,12.30722630,3.390,2.500,2.260,0.22,3,3,Forward
1770565760.9358406,57.83441917,12.30723850,57.83441698,12.30723240,3.390,2.500,2.260,0.20,3,3,Forward
1770565761.937591,57.83443183,12.30724483,57.83442441,12.30723862,3.390,2.500,2.260,0.54,3,3,Forward
1770565762.9368777,57.83445383,12.30724033,57.83443912,12.30723947,2.848,2.500,1.690,0.36,6,6,Stopped
1770565763.94134,57.83447717,12.30723933,57.83445814,12.30723940,2.848,2.500,1.690,1.40,6,6,Stopped
1770565764.9335666,57.83449983,12.30724717,57.83447899,12.30724329,2.848,2.500,1.690,2.33,6,6,Forward
1770565765.9419901,57.83451950,12.30724567,57.83449924,12.30724448,2.848,2.500,1.690,3.00,5,5,Stopped
1770565766.9377747,57.83454967,12.30725317,57.83452446,12.30724882,2.848,2.500,1.690,4.10,5,5,Forward
1770565767.9252892,57.83455000,12.30725900,57.83453723,12.30725391,2.848,2.500,1.690,3.47,5,5,Forward
1770565768.9372747,57.83455733,12.30726833,57.83454728,12.30726112,4.171,2.500,3.080,3.74,4,4,Forward
1770565769.9321132,57.83456400,12.30726933,57.83455564,12.30726523,4.162,2.500,3.070,3.77,4,4,Forward
1770565770.935142,57.83457100,12.30728267,57.83456332,12.30727395,4.162,2.500,3.070,4.10,4,4,Forward
1770565771.9378982,57.83457083,12.30728850,57.83456708,12.30728122,4.162,2.500,3.070,3.58,4,4,Forward
1770565772.9374027,57.83457583,12.30729450,57.83457146,12.30728786,4.162,2.500,3.070,3.45,4,4,Forward
1770565773.9339395,57.83456500,12.30728867,57.83456823,12.30728826,4.162,2.500,3.070,2.20,4,4,Stopped
1770565774.9394913,57.83457367,12.30727850,57.83457095,12.30728338,3.286,2.500,2.150,2.78,5,5,Reverse
1770565775.9347582,57.83457967,12.30727550,57.83457531,12.30727944,3.286,2.500,2.150,3.12,5,5,Reverse
1770565776.9393437,57.83458417,12.30727200,57.83457974,12.30727572,3.286,2.500,2.150,3.21,5,5,Reverse
1770565777.9341974,57.83457350,12.30726867,57.83457662,12.30727219,3.286,2.500,2.150,1.99,5,5,Reverse
1770565778.9403815,57.83456850,12.30726500,57.83457256,12.30726860,3.286,2.500,2.150,1.51,5,5,Reverse
1770565779.933515,57.83456567,12.30727450,57.83456911,12.30727155,3.286,2.500,2.150,1.80,5,5,Stopped
1770565780.9211385,57.83455267,12.30726967,57.83456089,12.30727061,3.286,2.500,2.150,0.63,5,5,Stopped
1770565781.934694,57.83452900,12.30725833,57.83454494,12.30726447,3.286,2.500,2.150,1.89,5,5,Reverse
1770565782.9412658,57.83453050,12.30725533,57.83453772,12.30725990,3.286,2.500,2.150,1.22,5,5,Reverse
1770565783.9349365,57.83452617,12.30726117,57.83453194,12.30726053,3.286,2.500,2.150,0.98,5,5,Stopped
1770565784.9347928,57.83451883,12.30726283,57.83452539,12.30726168,3.286,2.500,2.150,1.34,5,5,Stopped
1770565785.9329357,57.83451550,12.30726133,57.83452044,12.30726151,3.286,2.500,2.150,1.15,5,5,Stopped
1770565786.9301813,57.83451783,12.30725550,57.83451914,12.30725850,3.286,2.500,2.150,0.46,5,5,Stopped
1770565787.9389982,57.83451867,12.30724533,57.83451890,12.30725192,3.286,2.500,2.150,0.56,5,5,Reverse
1770565788.941557,57.83452483,12.30724383,57.83452187,12.30724788,3.286,2.500,2.150,0.33,5,5,Reverse
1770565789.9366045,57.83453250,12.30724250,57.83452718,12.30724519,3.286,2.500,2.150,0.92,5,5,Stopped
1770565790.9315982,57.83454500,12.30724250,57.83453609,12.30724384,3.286,2.500,2.150,1.71,5,5,Stopped
1770565791.9357119,57.83453900,12.30723917,57.83453755,12.30724151,3.286,2.500,2.150,1.23,5,5,Stopped
1770565792.9263031,57.83452100,12.30723750,57.83452927,12.30723950,4.114,2.500,3.020,0.40,4,4,Stopped
1770565793.92069,57.83451683,12.30723750,57.83452305,12.30723850,4.114,2.500,3.020,0.05,4,4,Stopped
1770565794.932562,57.83451017,12.30723550,57.83451661,12.30723700,4.114,2.500,3.020,0.25,4,4,Stopped
1770565795.9371011,57.83451300,12.30722750,57.83451480,12.30723225,4.114,2.500,3.020,1.23,4,4,Reverse
1770565796.9329412,57.83450700,12.30722700,57.83451090,12.30722963,4.124,2.500,3.030,0.70,4,4,Stopped
1770565797.9349813,57.83451733,12.30722833,57.83451412,12.30722898,4.124,2.500,3.030,0.92,4,4,Stopped
1770565798.9328036,57.83452283,12.30722267,57.83451848,12.30722582,3.286,2.500,2.150,1.04,5,5,Stopped
1770565799.9347665,57.83451700,12.30721467,57.83451774,12.30722024,3.286,2.500,2.150,0.84,5,5,Reverse
1770565800.9367082,57.83452283,12.30721683,57.83452029,12.30721854,3.286,2.500,2.150,0.52,5,5,Stopped
1770565801.9385962,57.83454300,12.30723183,57.83453164,12.30722519,3.286,2.500,2.150,1.86,5,5,Forward
1770565802.9413836,57.83455850,12.30724383,57.83454507,12.30723451,3.048,2.500,1.900,2.65,6,6,Forward
1770565803.9371076,57.83455950,12.30725117,57.83455229,12.30724284,3.048,2.500,1.900,2.43,6,6,Forward
1770565804.9345179,57.83453983,12.30725383,57.83454606,12.30724834,3.705,2.500,2.590,0.31,5,5,Forward
1770565805.9357023,57.83454417,12.30726250,57.83454511,12.30725542,3.714,2.500,2.600,0.89,5,5,Forward
1770565806.9368806,57.83454583,12.30726817,57.83454547,12.30726179,3.714,2.500,2.600,1.10,5,5,Forward
1770565807.934406,57.83452300,12.30726550,57.83453424,12.30726365,3.714,2.500,2.600,0.22,5,5,Stopped
1770565808.936231,57.83453150,12.30727633,57.83453287,12.30726999,2.333,2.500,1.150,0.99,6,6,Forward
1770565809.9380274,57.83452800,12.30728533,57.83453043,12.30727766,3.714,2.500,2.600,1.04,5,5,Forward
1770565810.9349482,57.83452700,12.30729483,57.83452872,12.30728625,2.371,2.500,1.190,1.04,6,6,Forward
1770565811.941819,57.83452100,12.30730183,57.83452486,12.30729404,2.295,2.500,1.110,0.99,7,7,Forward
1770565812.933763,57.83449817,12.30730650,57.83451151,12.30730027,2.295,2.500,1.110,1.40,7,7,Forward
1770565813.9319558,57.83449567,12.30731150,57.83450359,12.30730589,2.333,2.500,1.150,1.28,6,6,Forward
1770565814.9369016,57.83450183,12.30731533,57.83450271,12.30731061,3.714,2.500,2.600,0.57,5,5,Forward
1770565815.9341762,57.83449600,12.30731750,57.83449936,12.30731405,3.714,2.500,2.600,0.89,5,5,Forward
1770565816.9365034,57.83449500,12.30731617,57.83449718,12.30731511,3.714,2.500,2.600,0.83,5,5,Stopped
1770565817.9340239,57.83449350,12.30732050,57.83449534,12.30731781,3.724,2.500,2.610,1.02,5,5,Stopped
1770565818.9391663,57.83449350,12.30732317,57.83449442,12.30732049,3.724,2.500,2.610,0.98,5,5,Stopped
1770565819.9347878,57.83450500,12.30734050,57.83449971,12.30733049,3.724,2.500,2.610,1.16,5,5,Forward
1770565820.9392455,57.83450933,12.30734983,57.83450452,12.30734016,3.724,2.500,2.610,1.16,5,5,Forward
1770565821.9419887,57.83448567,12.30734667,57.83449509,12.30734341,3.724,2.500,2.610,0.90,5,5,Stopped
1770565822.9404101,57.83447300,12.30735200,57.83448405,12.30734771,2.333,2.500,1.150,1.16,6,6,Forward
1770565823.9356918,57.83445550,12.30735367,57.83446977,12.30735069,2.333,2.500,1.150,1.45,6,6,Stopped
1770565824.9345791,57.83445250,12.30734783,57.83446114,12.30734926,2.333,2.500,1.150,0.31,6,6,Stopped
1770565825.939716,57.83444533,12.30734383,57.83445324,12.30734655,2.333,2.500,1.150,0.15,6,6,Stopped
1770565826.9202793,57.83443833,12.30733433,57.83444578,12.30734044,2.333,2.500,1.150,0.64,6,6,Reverse
1770565827.9362173,57.83444783,12.30733817,57.83444681,12.30733930,2.333,2.500,1.150,1.03,6,6,Stopped
1770565828.938583,57.83445133,12.30733250,57.83444907,12.30733590,2.333,2.500,1.150,1.31,6,6,Reverse
1770565829.9403727,57.83444667,12.30733400,57.83444787,12.30733495,2.333,2.500,1.150,0.81,6,6,Stopped
1770565830.9351382,57.83444983,12.30733900,57.83444885,12.30733698,2.333,2.500,1.150,0.98,6,6,Stopped
1770565831.9421358,57.83445483,12.30735767,57.83445184,12.30734732,2.333,2.500,1.150,1.96,6,6,Forward
1770565832.9327555,57.83446150,12.30736717,57.83445667,12.30735724,2.333,2.500,1.150,2.19,6,6,Forward
1770565833.934902,57.83446733,12.30737367,57.83446200,12.30736546,2.333,2.500,1.150,2.18,6,6,Forward
1770565834.942588,57.83447383,12.30738183,57.83446792,12.30737364,2.333,2.500,1.150,2.38,6,6,Forward
1770565835.9377763,57.83448233,12.30738800,57.83447513,12.30738082,2.333,2.500,1.150,2.62,6,6,Forward
1770565836.9346232,57.83447717,12.30739367,57.83447615,12.30738724,2.333,2.500,1.150,1.74,6,6,Forward
1770565837.9397156,57.83446400,12.30738033,57.83447007,12.30738379,2.333,2.500,1.150,0.20,6,6,Reverse
1770565838.9356437,57.83445667,12.30738783,57.83446337,12.30738581,2.333,2.500,1.150,0.70,6,6,Stopped
1770565839.9375362,57.83445733,12.30739667,57.83446035,12.30739124,2.333,2.500,1.150,0.92,6,6,Forward
1770565840.9336789,57.83445067,12.30739867,57.83445551,12.30739495,2.333,2.500,1.150,1.26,6,6,Forward
1770565841.9348173,57.83444533,12.30739483,57.83445042,12.30739489,2.333,2.500,1.150,1.38,6,6,Stopped
1770565842.9378603,57.83443933,12.30738500,57.83444488,12.30738995,2.333,2.500,1.150,1.59,6,6,Reverse
1770565843.9239287,57.83443650,12.30737700,57.83444069,12.30738347,2.333,2.500,1.150,1.66,6,6,Reverse
1770565844.9368117,57.83443900,12.30738433,57.83443984,12.30738390,2.333,2.500,1.150,0.79,6,6,Stopped
1770565845.9329472,57.83443533,12.30738500,57.83443759,12.30738445,2.333,2.500,1.150,0.80,6,6,Stopped
1770565846.941263,57.83442117,12.30740367,57.83442938,12.30739406,2.333,2.500,1.150,1.93,6,6,Forward
1770565847.9419665,57.83441717,12.30739333,57.83442327,12.30739370,2.333,2.500,1.150,1.65,6,6,Stopped
1770565848.9350069,57.83441717,12.30737733,57.83442022,12.30738551,2.333,2.500,1.150,1.56,6,6,Reverse
1770565849.943915,57.83441933,12.30739400,57.83441978,12.30738976,2.333,2.500,1.150,0.96,6,6,Forward
1770565850.9374897,57.83442667,12.30739833,57.83442322,12.30739405,2.333,2.500,1.150,0.76,6,6,Forward
1770565851.9332933,57.83443200,12.30738167,57.83442761,12.30738786,2.333,2.500,1.150,0.73,6,6,Reverse
1770565852.9380267,57.83443967,12.30737350,57.83443364,12.30738068,2.333,2.500,1.150,1.33,6,6,Reverse
1770565853.9340644,57.83445250,12.30735683,57.83444307,12.30736876,2.333,2.500,1.150,2.37,6,6,Reverse
1770565854.9402957,57.83445450,12.30734117,57.83444878,12.30735496,2.333,2.500,1.150,2.34,6,6,Reverse
1770565855.937498,57.83445500,12.30732833,57.83445189,12.30734165,2.752,2.500,1.590,2.06,5,5,Reverse
1770565856.9349818,57.83444683,12.30733917,57.83444936,12.30734041,2.752,2.500,1.590,0.35,5,5,Stopped
1770565857.9356415,57.83444633,12.30733600,57.83444785,12.30733820,2.752,2.500,1.590,0.29,5,5,Stopped
1770565858.9372191,57.83444733,12.30732950,57.83444759,12.30733385,2.752,2.500,1.590,0.32,5,5,Reverse
1770565859.9351223,57.83444233,12.30733750,57.83444496,12.30733568,2.752,2.500,1.590,0.54,5,5,Stopped
1770565860.9412997,57.83444233,12.30734150,57.83444365,12.30733859,2.752,2.500,1.590,0.58,5,5,Stopped
1770565861.9362156,57.83444233,12.30734867,57.83444299,12.30734363,3.581,2.500,2.460,0.85,4,4,Forward
1770565862.9203691,57.83445067,12.30733417,57.83444683,12.30733890,3.581,2.500,2.460,0.70,4,4,Reverse
1770565863.9360476,57.83445433,12.30733567,57.83445058,12.30733728,3.581,2.500,2.460,0.73,4,4,Stopped
1770565864.9330938,57.83446283,12.30734000,57.83445671,12.30733864,3.581,2.500,2.460,1.13,4,4,Stopped
1770565865.9373326,57.83446650,12.30734300,57.83446160,12.30734082,2.390,2.500,1.210,1.12,5,5,Stopped
1770565866.9260435,57.83447850,12.30735650,57.83447005,12.30734866,2.390,2.500,1.210,1.91,5,5,Forward
1770565867.937987,57.83448900,12.30735783,57.83447953,12.30735325,2.390,2.500,1.210,2.33,5,5,Forward
1770565868.9223769,57.83448417,12.30733583,57.83448185,12.30734454,2.390,2.500,1.210,2.14,5,5,Reverse
1770565869.9371269,57.83448967,12.30732833,57.83448576,12.30733644,2.390,2.500,1.210,2.07,5,5,Reverse
1770565870.9206505,57.83449317,12.30731633,57.83448946,12.30732639,2.390,2.500,1.210,2.24,5,5,Reverse
1770565871.9377506,57.83449300,12.30728533,57.83449123,12.30730586,2.390,2.500,1.210,3.42,5,5,Reverse
1770565872.932929,57.83448750,12.30724467,57.83448937,12.30727526,2.390,2.500,1.210,4.77,5,5,Reverse
1770565873.9294,57.83446983,12.30720300,57.83447960,12.30723913,2.390,2.500,1.210,6.00,5,5,Reverse
1770565874.9329,57.83447683,12.30718817,57.83447822,12.30721365,2.790,2.500,1.630,5.14,5,5,Reverse
1770565875.937468,57.83448833,12.30716217,57.83448327,12.30718791,2.752,2.500,1.590,5.53,5,5,Reverse
1770565876.9331863,57.83450317,12.30714817,57.83449322,12.30716804,2.752,2.500,1.590,4.93,5,5,Reverse
1770565877.9405167,57.83451017,12.30713517,57.83450169,12.30715160,2.752,2.500,1.590,4.51,5,5,Reverse
1770565878.9338408,57.83451767,12.30713150,57.83450968,12.30714155,2.752,2.500,1.590,3.54,5,5,Reverse
1770565879.936106,57.83452117,12.30712267,57.83451542,12.30713211,2.752,2.500,1.590,3.26,5,5,Reverse
1770565880.9350774,57.83451650,12.30710783,57.83451596,12.30711997,2.752,2.500,1.590,3.31,5,5,Reverse
1770565881.936986,57.83451983,12.30711250,57.83451790,12.30711624,2.752,2.500,1.590,2.13,5,5,Reverse
1770565882.9328086,57.83452333,12.30711117,57.83452062,12.30711370,2.752,2.500,1.590,1.81,5,5,Stopped
1770565883.9400103,57.83452150,12.30712350,57.83452106,12.30711860,4.010,2.500,2.910,0.85,4,4,Forward
1770565884.9360461,57.83451483,12.30713067,57.83451795,12.30712463,2.752,2.500,1.590,0.63,5,5,Forward
1770565885.9220455,57.83452217,12.30713317,57.83452006,12.30712890,2.752,2.500,1.590,0.42,5,5,Forward
1770565886.936744,57.83452717,12.30714250,57.83452361,12.30713570,2.752,2.500,1.590,0.60,5,5,Forward
1770565887.9203815,57.83451900,12.30714533,57.83452131,12.30714052,2.752,2.500,1.590,0.32,6,6,Forward
1770565888.9348133,57.83451600,12.30714667,57.83451865,12.30714359,2.752,2.500,1.590,0.44,5,5,Stopped
1770565889.932673,57.83450583,12.30715000,57.83451224,12.30714680,2.752,2.500,1.590,1.00,5,5,Stopped
1770565890.9371474,57.83451050,12.30715467,57.83451137,12.30715073,2.752,2.500,1.590,0.63,5,5,Forward
1770565891.9215448,57.83450850,12.30715533,57.83450994,12.30715303,2.752,2.500,1.590,0.62,5,5,Stopped
1770565892.937086,57.83449833,12.30717883,57.83450413,12.30716593,2.752,2.500,1.590,2.09,5,5,Forward
1770565893.9327652,57.83449250,12.30715217,57.83449832,12.30715905,2.752,2.500,1.590,0.82,5,5,Reverse
1770565894.9377003,57.83449200,12.30715750,57.83449516,12.30715827,2.752,2.500,1.590,0.59,5,5,Stopped
1770565895.9337094,57.83449300,12.30714850,57.83449408,12.30715339,2.752,2.500,1.590,0.60,5,5,Reverse
1770565896.9374309,57.83448650,12.30713367,57.83449029,12.30714353,2.752,2.500,1.590,1.55,5,5,Reverse
1770565897.9338632,57.83449000,12.30712050,57.83449014,12.30713201,2.752,2.500,1.590,1.86,5,5,Reverse
1770565898.9376776,57.83448733,12.30712400,57.83448874,12.30712801,2.752,2.500,1.590,1.06,5,5,Reverse
1770565899.9363966,57.83448667,12.30713100,57.83448770,12.30712950,2.752,2.500,1.590,0.27,5,5,Stopped
1770565900.9224546,57.83448867,12.30712133,57.83448818,12.30712542,2.752,2.500,1.590,0.79,5,5,Reverse
1770565901.9347286,57.83449117,12.30711267,57.83448968,12.30711904,2.752,2.500,1.590,1.29,5,5,Reverse
1770565902.929893,57.83448950,12.30712533,57.83448959,12.30712219,2.752,2.500,1.590,0.47,5,5,Stopped
1770565903.933709,57.83449167,12.30713200,57.83449063,12.30712709,2.752,2.500,1.590,0.68,5,5,Forward
1770565904.9365525,57.83449133,12.30713183,57.83449098,12.30712946,2.752,2.500,1.590,0.56,5,5,Stopped
1770565905.9341857,57.83449233,12.30713417,57.83449166,12.30713182,2.752,2.500,1.590,0.64,5,5,Stopped
1770565906.9407592,57.83448850,12.30714050,57.83449008,12.30713616,2.752,2.500,1.590,0.46,5,5,Forward
1770565907.9345844,57.83449300,12.30715450,57.83449154,12.30714533,2.743,2.500,1.580,1.22,5,5,Forward
1770565908.9207878,57.83449583,12.30715650,57.83449369,12.30715091,2.743,2.500,1.580,1.09,5,5,Forward
1770565909.9367828,57.83449433,12.30716083,57.83449401,12.30715587,2.743,2.500,1.580,0.88,5,5,Forward
1770565910.9349334,57.83449133,12.30716700,57.83449267,12.30716144,3.990,2.500,2.890,0.80,4,4,Forward
1770565911.9356084,57.83449067,12.30716500,57.83449167,12.30716322,2.743,2.500,1.580,0.44,5,5,Stopped
1770565912.940687,57.83448767,12.30718100,57.83448967,12.30717211,2.743,2.500,1.580,1.14,5,5,Forward
1770565913.9258378,57.83448750,12.30718400,57.83448858,12.30717805,2.743,2.500,1.580,0.91,5,5,Forward
1770565914.9208012,57.83448883,12.30717667,57.83448871,12.30717736,2.743,2.500,1.580,0.38,5,5,Stopped
1770565915.9337378,57.83448433,12.30717367,57.83448652,12.30717551,2.743,2.500,1.580,0.13,5,5,Stopped
1770565916.932348,57.83447133,12.30717117,57.83447893,12.30717334,2.743,2.500,1.580,0.98,5,5,Stopped
1770565917.9360726,57.83446400,12.30718067,57.83447146,12.30717700,2.743,2.500,1.580,1.22,5,5,Forward
1770565918.9339988,57.83446483,12.30717000,57.83446815,12.30717350,2.743,2.500,1.580,0.98,5,5,Reverse
1770565919.9338658,57.83446167,12.30717350,57.83446491,12.30717350,2.743,2.500,1.580,0.84,5,5,Stopped
1770565920.9451535,57.83446200,12.30717817,57.83446345,12.30717583,2.743,2.500,1.580,0.61,5,5,Stopped
1770565921.9396906,57.83446067,12.30718533,57.83446206,12.30718058,2.743,2.500,1.580,0.72,5,5,Forward
1770565922.9333243,57.83446067,12.30719183,57.83446136,12.30718621,2.743,2.500,1.580,0.91,5,5,Forward
1770565923.937852,57.83446317,12.30719317,57.83446227,12.30718969,2.743,2.500,1.580,0.54,5,5,Forward
1770565924.9324305,57.83445383,12.30718767,57.83445805,12.30718868,2.743,2.500,1.580,0.73,5,5,Stopped
1770565925.9374716,57.83445300,12.30719667,57.83445552,12.30719267,2.743,2.500,1.580,0.88,5,5,Forward
1770565926.9334443,57.83445483,12.30720367,57.83445518,12.30719817,2.743,2.500,1.580,1.01,5,5,Forward
1770565927.9207082,57.83445617,12.30720583,57.83445567,12.30720200,2.743,2.500,1.580,0.86,5,5,Forward
1770565928.9372406,57.83445133,12.30721083,57.83445350,12.30720642,2.743,2.500,1.580,1.00,5,5,Forward
1770565929.9366896,57.83444200,12.30721750,57.83444775,12.30721196,2.743,2.500,1.580,1.52,5,5,Forward
1770565930.934658,57.83443033,12.30722583,57.83443904,12.30721890,2.514,2.500,1.340,2.15,6,6,Forward
1770565931.937052,57.83441933,12.30722700,57.83442919,12.30722295,2.514,2.500,1.340,2.08,6,6,Forward
1770565937.9375305,57.83440983,12.30727433,57.83441951,12.30724864,6.000,2.500,99.990,2.22,0,0,Forward
1770565938.942335,57.83443217,12.30724717,57.83442584,12.30724790,2.514,2.500,1.340,1.24,6,6,Stopped
1770565939.9375396,57.83442667,12.30723717,57.83442625,12.30724254,2.514,2.500,1.340,0.40,6,6,Reverse
1770565940.9335341,57.83444867,12.30722200,57.83443746,12.30723227,2.514,2.500,1.340,1.71,6,6,Reverse
1770565941.9213288,57.83445383,12.30721883,57.83444565,12.30722555,2.514,2.500,1.340,1.70,6,6,Reverse
1770565942.9368262,57.83447650,12.30721300,57.83446107,12.30721928,2.743,2.500,1.580,3.02,5,5,Reverse
1770565943.9205692,57.83448483,12.30719983,57.83447295,12.30720955,2.514,2.500,1.340,3.22,6,6,Reverse
1770565944.9347222,57.83448233,12.30720017,57.83447764,12.30720486,2.743,2.500,1.580,1.94,5,5,Reverse
1770565945.9382098,57.83448667,12.30720933,57.83448215,12.30720710,2.514,2.500,1.340,1.53,6,6,Stopped
1770565946.9407256,57.83449450,12.30721133,57.83448833,12.30720922,2.514,2.500,1.340,1.83,6,6,Stopped
1770565947.9366796,57.83449850,12.30722317,57.83449341,12.30721619,2.514,2.500,1.340,2.12,6,6,Forward
1770565948.9370458,57.83449900,12.30722450,57.83449621,12.30722035,2.743,2.500,1.580,1.95,5,5,Forward
1770565949.9358597,57.83450800,12.30721950,57.83450210,12.30721992,2.743,2.500,1.580,3.10,5,5,Stopped
1770565950.9385319,57.83449000,12.30721767,57.83449605,12.30721879,2.333,2.500,1.150,1.23,6,6,Stopped
1770565951.9354362,57.83448567,12.30722700,57.83449086,12.30722290,2.333,2.500,1.150,1.40,6,6,Forward
1770565952.9375088,57.83447950,12.30722283,57.83448518,12.30722287,2.333,2.500,1.150,0.75,6,6,Stopped
1770565953.940196,57.83448083,12.30722617,57.83448301,12.30722452,2.333,2.500,1.150,1.09,6,6,Stopped
1770565954.9415348,57.83447800,12.30722467,57.83448050,12.30722459,2.333,2.500,1.150,0.75,6,6,Stopped
1770565955.9328365,57.83448033,12.30722450,57.83448042,12.30722455,2.333,2.500,1.150,1.00,6,6,Stopped
1770565956.943442,57.83447900,12.30721617,57.83447971,12.30722036,2.333,2.500,1.150,0.72,6,6,Reverse
1770565957.9372466,57.83447700,12.30721550,57.83447835,12.30721793,2.333,2.500,1.150,0.33,6,6,Stopped
1770565958.933053,57.83447783,12.30721533,57.83447809,12.30721663,2.333,2.500,1.150,0.44,6,6,Stopped
1770565959.9358692,57.83449017,12.30721217,57.83448413,12.30721440,2.743,2.500,1.580,1.65,5,5,Stopped
1770565960.9315002,57.83450400,12.30721117,57.83449407,12.30721278,2.743,2.500,1.580,2.66,5,5,Stopped
1770565961.9361682,57.83450483,12.30719683,57.83449945,12.30720481,2.743,2.500,1.580,2.18,5,5,Reverse
1770565962.9377124,57.83452633,12.30720383,57.83451289,12.30720432,2.743,2.500,1.580,2.78,5,5,Stopped
1770565963.9381144,57.83453867,12.30721000,57.83452578,12.30720716,2.333,2.500,1.150,2.61,6,6,Stopped
1770565964.9346423,57.83454917,12.30720867,57.83453747,12.30720791,2.333,2.500,1.150,2.59,6,6,Stopped
1770565965.9384143,57.83456067,12.30721383,57.83454907,12.30721087,2.333,2.500,1.150,2.54,6,6,Stopped
1770565966.9341798,57.83456983,12.30721233,57.83455945,12.30721160,2.333,2.500,1.150,2.46,6,6,Stopped
1770565967.9335988,57.83457550,12.30720233,57.83456748,12.30720697,3.848,2.500,2.740,2.36,5,5,Reverse
1770565968.9325023,57.83458183,12.30721650,57.83457465,12.30721173,3.848,2.500,2.740,1.84,5,5,Forward
1770565969.9371443,57.83458567,12.30722633,57.83458016,12.30721903,3.848,2.500,2.740,1.62,5,5,Forward
1770565970.9367125,57.83459400,12.30723417,57.83458708,12.30722660,5.952,2.500,4.950,1.94,4,4,Forward
1770565971.9328992,57.83459750,12.30722950,57.83459229,12.30722805,5.952,2.500,4.950,1.74,4,4,Stopped
1770565972.935478,57.83460667,12.30721833,57.83459948,12.30722319,5.952,2.500,4.950,2.24,4,4,Reverse
1770565973.9205632,57.83458867,12.30722917,57.83459407,12.30722618,5.952,2.500,4.950,0.93,4,4,Stopped
1770565974.9350533,57.83459017,12.30721767,57.83459212,12.30722192,2.429,2.500,1.250,0.80,5,5,Reverse
1770565975.9296448,57.83458233,12.30721133,57.83458723,12.30721663,2.429,2.500,1.250,1.07,5,5,Reverse
1770565976.9375691,57.83459150,12.30720150,57.83458936,12.30720906,2.429,2.500,1.250,1.76,5,5,Reverse
1770565977.92249,57.83457217,12.30721000,57.83458076,12.30720953,2.429,2.500,1.250,0.13,5,5,Stopped
1770565978.9383783,57.83456967,12.30721100,57.83457522,12.30721027,2.429,2.500,1.250,0.09,5,5,Stopped
1770565979.9216821,57.83454417,12.30723050,57.83455969,12.30722038,2.429,2.500,1.250,1.70,5,5,Forward
1770565980.937085,57.83451517,12.30724983,57.83453743,12.30723511,2.429,2.500,1.250,3.12,5,5,Forward
1770565981.9324312,57.83450467,12.30724950,57.83452105,12.30724230,2.429,2.500,1.250,3.28,5,5,Forward
1770565982.9374213,57.83450100,12.30725417,57.83451102,12.30724824,5.933,2.500,4.930,2.96,4,4,Forward
1770565983.9327404,57.83449683,12.30726033,57.83450393,12.30725428,5.933,2.500,4.930,2.71,4,4,Forward
1770565984.9380593,57.83449500,12.30725517,57.83449946,12.30725473,5.933,2.500,4.930,2.25,4,4,Stopped
1770565985.9347346,57.83448233,12.30726300,57.83449090,12.30725886,5.933,2.500,4.930,2.78,4,4,Forward
1770565986.9243793,57.83448850,12.30725933,57.83448970,12.30725910,5.933,2.500,4.930,1.89,4,4,Stopped
1770565987.9342391,57.83447900,12.30725817,57.83448435,12.30725863,5.933,2.500,4.930,1.92,4,4,Stopped
1770565988.9361148,57.83446967,12.30725383,57.83447701,12.30725623,2.429,2.500,1.250,1.97,5,5,Stopped
1770565989.9347358,57.83445400,12.30726167,57.83446550,12.30725895,2.429,2.500,1.250,2.58,5,5,Stopped
1770565990.9399526,57.83445367,12.30725883,57.83445959,12.30725889,5.924,2.500,4.920,2.17,4,4,Stopped
1770565991.939167,57.83445750,12.30726750,57.83445854,12.30726320,5.924,2.500,4.920,1.72,4,4,Forward
1770565992.920897,57.83444900,12.30727650,57.83445377,12.30726985,5.924,2.500,4.920,2.20,4,4,Forward
1770565993.9362805,57.83444683,12.30727000,57.83445030,12.30726992,5.924,2.500,4.920,1.76,4,4,Stopped
1770565994.936631,57.83443883,12.30727317,57.83444457,12.30727155,5.914,2.500,4.910,1.99,4,4,Stopped
1770565995.9349704,57.83440567,12.30728133,57.83442512,12.30727644,5.914,2.500,4.910,1.86,4,4,Forward
1770565996.9354482,57.83438767,12.30727817,57.83440639,12.30727730,2.362,2.500,1.180,1.64,6,6,Stopped
1770565997.9379296,57.83436383,12.30727950,57.83438511,12.30727840,2.362,2.500,1.180,1.82,6,6,Stopped
1770565998.9406416,57.83434917,12.30728217,57.83436714,12.30728028,2.362,2.500,1.180,1.36,6,6,Stopped
1770565999.9373395,57.83434283,12.30728317,57.83435499,12.30728173,2.362,2.500,1.180,1.00,6,6,Stopped
1770566000.9339914,57.83433567,12.30729167,57.83434533,12.30728670,2.362,2.500,1.180,1.10,6,6,Forward
1770566001.938129,57.83433217,12.30728950,57.83433875,12.30728810,2.362,2.500,1.180,0.51,6,6,Stopped
1770566002.9428897,57.83433083,12.30728900,57.83433479,12.30728855,2.362,2.500,1.180,0.15,6,6,Stopped
1770566003.9343715,57.83432750,12.30729700,57.83433114,12.30729277,2.362,2.500,1.180,0.72,6,6,Forward
1770566004.9357312,57.83432667,12.30729100,57.83432891,12.30729189,2.362,2.500,1.180,0.13,6,6,Stopped
1770566005.9422219,57.83433133,12.30728850,57.83433012,12.30729019,2.362,2.500,1.180,0.85,6,6,Stopped
1770566006.93903,57.83432517,12.30729017,57.83432764,12.30729018,2.362,2.500,1.180,0.29,6,6,Stopped
1770566007.9473057,57.83432533,12.30728000,57.83432649,12.30728509,2.362,2.500,1.180,0.84,6,6,Reverse
1770566008.9381218,57.83432350,12.30727500,57.83432499,12.30728005,2.362,2.500,1.180,0.90,6,6,Reverse
1770566009.942275,57.83432083,12.30727017,57.83432291,12.30727511,2.362,2.500,1.180,0.80,6,6,Reverse
1770566010.9377468,57.83432000,12.30726600,57.83432146,12.30727055,2.362,2.500,1.180,0.74,6,6,Reverse
1770566011.9336936,57.83433250,12.30725750,57.83432698,12.30726403,2.362,2.500,1.180,1.55,6,6,Reverse
1770566012.9378405,57.83434000,12.30724700,57.83433349,12.30725551,2.362,2.500,1.180,2.21,6,6,Reverse
1770566013.937942,57.83434733,12.30724867,57.83434041,12.30725209,2.362,2.500,1.180,1.81,6,6,Reverse
1770566014.9376428,57.83435633,12.30724583,57.83434837,12.30724896,2.429,2.500,1.250,1.84,5,5,Stopped
1770566015.9366374,57.83436567,12.30723467,57.83435702,12.30724181,2.429,2.500,1.250,2.09,5,5,Reverse
1770566016.9377549,57.83437950,12.30723133,57.83436826,12.30723657,2.429,2.500,1.250,2.56,5,5,Reverse
1770566017.9371772,57.83438650,12.30722867,57.83437738,12.30723262,2.429,2.500,1.250,2.57,5,5,Reverse
1770566018.9424784,57.83438583,12.30723117,57.83438161,12.30723189,3.895,2.500,2.790,1.95,5,5,Stopped
1770566019.9399078,57.83438683,12.30723200,57.83438422,12.30723195,3.019,2.500,1.870,1.80,6,6,Stopped
1770566020.9354744,57.83439867,12.30722933,57.83439144,12.30723064,3.019,2.500,1.870,2.49,6,6,Stopped
1770566021.9394634,57.83438117,12.30723633,57.83438630,12.30723349,3.019,2.500,1.870,0.91,6,6,Stopped
1770566022.9348695,57.83437933,12.30724850,57.83438282,12.30724099,3.019,2.500,1.870,0.72,6,6,Forward
1770566023.9434483,57.83438200,12.30725150,57.83438241,12.30724625,3.019,2.500,1.870,0.86,6,6,Forward
1770566024.9459035,57.83437200,12.30725600,57.83437720,12.30725112,3.019,2.500,1.870,0.16,6,6,Forward
1770566025.9375165,57.83436317,12.30727350,57.83437019,12.30726231,3.019,2.500,1.870,1.37,6,6,Forward
1770566026.9379938,57.83435400,12.30728717,57.83436209,12.30727474,2.286,2.500,1.100,2.15,7,7,Forward
1770566027.9414632,57.83435600,12.30728933,57.83435905,12.30728204,2.286,2.500,1.100,1.64,7,7,Forward
1770566028.9370947,57.83435517,12.30729767,57.83435711,12.30728985,2.286,2.500,1.100,1.93,7,7,Forward
1770566029.940345,57.83436133,12.30730217,57.83435922,12.30729601,2.286,2.500,1.100,1.63,7,7,Forward
1770566030.9370613,57.83435967,12.30730300,57.83435944,12.30729950,2.286,2.500,1.100,1.32,7,7,Forward
1770566031.940995,57.83436500,12.30730433,57.83436222,12.30730192,2.286,2.500,1.100,0.85,7,7,Stopped
1770566032.9348884,57.83437683,12.30730667,57.83436953,12.30730429,2.286,2.500,1.100,0.93,7,7,Stopped
1770566033.9366539,57.83437583,12.30731050,57.83437268,12.30730740,2.286,2.500,1.100,0.76,7,7,Stopped
1770566034.9419374,57.83437483,12.30731000,57.83437376,12.30730870,2.286,2.500,1.100,0.37,7,7,Stopped
1770566035.9368973,57.83436767,12.30731600,57.83437071,12.30731235,2.286,2.500,1.100,0.93,7,7,Forward
1770566036.938151,57.83436367,12.30731417,57.83436719,12.30731326,2.286,2.500,1.100,1.02,7,7,Stopped
1770566037.9388213,57.83436000,12.30731500,57.83436359,12.30731413,2.286,2.500,1.100,1.26,7,7,Stopped
1770566038.9445248,57.83435167,12.30732317,57.83435763,12.30731865,2.333,2.500,1.150,1.88,6,6,Forward
1770566039.934207,57.83435167,12.30732400,57.83435465,12.30732132,2.286,2.500,1.100,1.60,7,7,Stopped
1770566040.9373808,57.83436217,12.30732317,57.83435841,12.30732225,2.790,2.500,1.630,0.93,6,6,Stopped
1770566041.938361,57.83436983,12.30732267,57.83436412,12.30732246,2.790,2.500,1.630,1.09,6,6,Stopped
1770566042.9375072,57.83437017,12.30731867,57.83436714,12.30732056,2.790,2.500,1.630,0.51,6,6,Stopped
1770566043.9438286,57.83437467,12.30731050,57.83437091,12.30731553,2.790,2.500,1.630,0.63,6,6,Reverse
1770566044.9365714,57.83437933,12.30730617,57.83437512,12.30731085,2.790,2.500,1.630,0.87,6,6,Reverse
1770566045.937808,57.83437383,12.30730267,57.83437448,12.30730676,2.800,2.500,1.640,0.40,6,6,Reverse
1770566046.938227,57.83438417,12.30729817,57.83437932,12.30730246,2.800,2.500,1.640,0.82,6,6,Reverse
1770566047.937072,57.83439450,12.30728067,57.83438691,12.30729156,2.800,2.500,1.640,1.32,6,6,Reverse
1770566048.942151,57.83441083,12.30725967,57.83439887,12.30727562,2.286,2.500,1.100,2.39,7,7,Reverse
1770566049.9362237,57.83442333,12.30723667,57.83441110,12.30725614,2.286,2.500,1.100,2.86,7,7,Reverse
1770566050.9437597,57.83443300,12.30721650,57.83442205,12.30723632,3.019,2.500,1.870,2.60,6,6,Reverse
1770566051.9345524,57.83444267,12.30718967,57.83443236,12.30721299,3.019,2.500,1.870,2.59,6,6,Reverse
1770566052.9456918,57.83446100,12.30716000,57.83444668,12.30718650,3.019,2.500,1.870,3.15,6,6,Reverse
1770566053.9369514,57.83448833,12.30713733,57.83446751,12.30716192,3.019,2.500,1.870,4.14,6,6,Reverse
1770566054.9365368,57.83449767,12.30710233,57.83448259,12.30713212,3.019,2.500,1.870,3.88,6,6,Reverse
1770566055.9342656,57.83449883,12.30710367,57.83449071,12.30711790,3.219,2.500,2.080,3.09,5,5,Reverse
1770566056.9371,57.83449617,12.30710100,57.83449344,12.30710945,2.800,2.500,1.640,2.53,6,6,Reverse
1770566057.9436038,57.83449317,12.30711417,57.83449330,12.30711181,2.800,2.500,1.640,1.92,6,6,Stopped
1770566058.9384718,57.83448700,12.30712450,57.83449015,12.30711815,2.800,2.500,1.640,1.10,6,6,Forward
1770566059.9358025,57.83448317,12.30713350,57.83448666,12.30712583,2.800,2.500,1.640,1.12,6,6,Forward
1770566060.935518,57.83448417,12.30713217,57.83448541,12.30712900,2.800,2.500,1.640,0.83,6,6,Stopped
1770566061.9323702,57.83448233,12.30713067,57.83448387,12.30712983,2.800,2.500,1.640,0.29,6,6,Stopped
1770566062.920209,57.83447633,12.30715133,57.83448010,12.30714058,2.800,2.500,1.640,1.61,6,6,Forward
1770566063.9378376,57.83447950,12.30714600,57.83447980,12.30714329,2.800,2.500,1.640,0.39,6,6,Stopped
1770566064.9341211,57.83448450,12.30714117,57.83448215,12.30714223,2.800,2.500,1.640,0.61,6,6,Stopped
1770566065.939198,57.83448900,12.30713833,57.83448558,12.30714028,2.800,2.500,1.640,0.87,6,6,Stopped
1770566066.9338489,57.83449733,12.30713283,57.83449145,12.30713656,2.800,2.500,1.640,1.65,6,6,Reverse
1770566067.9368913,57.83450167,12.30712517,57.83449656,12.30713086,2.800,2.500,1.640,1.74,6,6,Reverse
1770566068.9342487,57.83449950,12.30712867,57.83449803,12.30712976,2.800,2.500,1.640,0.67,6,6,Stopped
1770566069.9332507,57.83450150,12.30712867,57.83449977,12.30712922,2.800,2.500,1.640,0.30,6,6,Stopped
1770566070.935126,57.83450050,12.30713383,57.83450013,12.30713152,2.800,2.500,1.640,0.21,6,6,Stopped
1770566071.9351103,57.83449967,12.30714133,57.83449990,12.30713643,2.800,2.500,1.640,0.43,6,6,Forward
1770566072.9373899,57.83448983,12.30714800,57.83449487,12.30714221,2.800,2.500,1.640,1.53,6,6,Forward
1770566073.9327536,57.83449067,12.30714183,57.83449277,12.30714202,2.800,2.500,1.640,1.42,6,6,Stopped
1770566074.9331503,57.83448750,12.30714767,57.83449013,12.30714485,2.800,2.500,1.640,1.65,6,6,Stopped
1770566075.9327965,57.83449067,12.30714467,57.83449040,12.30714476,2.800,2.500,1.640,1.23,6,6,Stopped
1770566076.9384484,57.83449533,12.30714467,57.83449287,12.30714471,2.800,2.500,1.640,0.59,6,6,Stopped
1770566077.9325392,57.83449867,12.30715233,57.83449577,12.30714852,2.800,2.500,1.640,0.18,6,6,Forward
1770566078.9384825,57.83449800,12.30715967,57.83449688,12.30715409,2.800,2.500,1.640,0.36,6,6,Forward
1770566079.9439619,57.83450133,12.30716900,57.83449911,12.30716155,2.286,2.500,1.100,0.92,7,7,Forward
1770566080.9364798,57.83450367,12.30717583,57.83450139,12.30716869,2.286,2.500,1.100,0.80,7,7,Forward
1770566081.9372313,57.83451133,12.30717550,57.83450636,12.30717210,2.286,2.500,1.100,0.98,7,7,Forward
1770566082.9440198,57.83451100,12.30718517,57.83450868,12.30717863,2.286,2.500,1.100,0.90,7,7,Forward
1770566083.9368773,57.83451267,12.30718417,57.83451067,12.30718140,2.286,2.500,1.100,0.71,7,7,Stopped
1770566084.9406495,57.83451367,12.30718250,57.83451217,12.30718195,2.286,2.500,1.100,0.76,7,7,Stopped
1770566085.9339106,57.83451550,12.30718317,57.83451384,12.30718256,2.286,2.500,1.100,0.69,7,7,Stopped
1770566086.9456406,57.83451350,12.30718667,57.83451367,12.30718461,2.286,2.500,1.100,0.23,7,7,Stopped
1770566087.9323204,57.83451150,12.30718950,57.83451258,12.30718706,2.286,2.500,1.100,0.16,7,7,Stopped
1770566088.933592,57.83451250,12.30719867,57.83451254,12.30719286,2.286,2.500,1.100,0.47,7,7,Forward
1770566089.934688,57.83451333,12.30720450,57.83451294,12.30719868,2.286,2.500,1.100,0.36,7,7,Forward
1770566090.9373264,57.83451350,12.30720650,57.83451322,12.30720259,2.286,2.500,1.100,0.16,7,7,Forward
1770566091.9374707,57.83451167,12.30720583,57.83451244,12.30720421,2.286,2.500,1.100,0.16,7,7,Stopped
1770566092.9504204,57.83450933,12.30720800,57.83451089,12.30720611,2.286,2.500,1.100,0.39,7,7,Stopped
1770566093.9370468,57.83449950,12.30721500,57.83450519,12.30721055,2.286,2.500,1.100,1.46,7,7,Forward
1770566094.950198,57.83450500,12.30721700,57.83450510,12.30721378,2.286,2.500,1.100,0.37,7,7,Stopped
1770566095.9343588,57.83450417,12.30721567,57.83450463,12.30721472,2.190,2.500,1.000,0.43,8,8,Stopped
1770566096.9337075,57.83450433,12.30721317,57.83450448,12.30721394,2.190,2.500,1.000,0.38,8,8,Stopped
1770566097.9390862,57.83450633,12.30721350,57.83450541,12.30721372,2.190,2.500,1.000,0.20,8,8,Stopped
1770566098.9370506,57.83450600,12.30721033,57.83450570,12.30721203,2.190,2.500,1.000,0.36,8,8,Stopped
1770566099.9430866,57.83450817,12.30721117,57.83450694,12.30721160,2.190,2.500,1.000,0.47,8,8,Stopped
1770566100.9536178,57.83450917,12.30721617,57.83450805,12.30721388,2.190,2.500,1.000,0.67,8,8,Stopped
1770566101.937046,57.83451067,12.30721900,57.83450936,12.30721644,2.190,2.500,1.000,0.80,8,8,Stopped
1770566102.9372687,57.83450717,12.30722100,57.83450826,12.30721872,2.190,2.500,1.000,0.45,8,8,Stopped
1770566103.941115,57.83450050,12.30722017,57.83450438,12.30721944,2.190,2.500,1.000,1.24,8,8,Stopped
1770566104.9455574,57.83450167,12.30722467,57.83450302,12.30722206,2.190,2.500,1.000,0.74,8,8,Stopped
1770566105.9414296,57.83449917,12.30722417,57.83450110,12.30722311,2.190,2.500,1.000,0.67,8,8,Stopped
1770566106.9387589,57.83450450,12.30723400,57.83450280,12.30722856,2.190,2.500,1.000,1.24,8,8,Forward
1770566107.9414816,57.83450667,12.30723683,57.83450473,12.30723269,2.190,2.500,1.000,1.12,8,8,Forward
1770566108.9423516,57.83450867,12.30723600,57.83450670,12.30723435,2.190,2.500,1.000,1.05,8,8,Stopped
1770566109.9347572,57.83450733,12.30723967,57.83450702,12.30723701,2.190,2.500,1.000,0.89,8,8,Stopped
1770566110.9327402,57.83450250,12.30723250,57.83450476,12.30723475,2.190,2.500,1.000,0.55,8,8,Stopped
1770566111.9407165,57.83451017,12.30723033,57.83450746,12.30723254,2.190,2.500,1.000,0.86,8,8,Stopped
1770566112.9418056,57.83450767,12.30722933,57.83450756,12.30723094,2.190,2.500,1.000,0.20,8,8,Stopped
1770566113.9374404,57.83450600,12.30721617,57.83450678,12.30722355,2.190,2.500,1.000,0.96,8,8,Reverse
1770566114.938402,57.83450400,12.30720917,57.83450539,12.30721636,2.190,2.500,1.000,1.07,8,8,Reverse
1770566115.9372072,57.83450817,12.30721150,57.83450678,12.30721393,2.190,2.500,1.000,0.46,8,8,Stopped
1770566116.9410446,57.83450717,12.30721283,57.83450697,12.30721338,2.190,2.500,1.000,0.34,8,8,Stopped
1770566117.9355109,57.83450817,12.30720933,57.83450757,12.30721136,2.190,2.500,1.000,0.39,8,8,Stopped
1770566118.9456296,57.83450317,12.30721000,57.83450537,12.30721068,2.190,2.500,1.000,0.51,8,8,Stopped
1770566119.943239,57.83450267,12.30720467,57.83450402,12.30720767,2.190,2.500,1.000,0.71,8,8,Stopped
1770566120.937623,57.83449767,12.30721333,57.83450084,12.30721050,2.190,2.500,1.000,1.09,8,8,Stopped
1770566121.9360316,57.83449650,12.30721750,57.83449867,12.30721400,2.190,2.500,1.000,1.06,8,8,Forward
1770566122.9423196,57.83449283,12.30721000,57.83449575,12.30721200,2.190,2.500,1.000,1.29,8,8,Stopped
1770566123.9368114,57.83449033,12.30720867,57.83449304,12.30721033,2.190,2.500,1.000,1.20,8,8,Stopped
1770566124.9381335,57.83449017,12.30720783,57.83449160,12.30720908,2.190,2.500,1.000,0.91,8,8,Stopped
1770566125.938894,57.83448850,12.30721133,57.83449005,12.30721021,2.190,2.500,1.000,0.80,8,8,Stopped
1770566126.9430497,57.83449933,12.30721400,57.83449469,12.30721210,2.190,2.500,1.000,1.31,8,8,Stopped
1770566127.941168,57.83449783,12.30721550,57.83449626,12.30721380,2.676,2.500,1.510,0.68,7,7,Stopped
1770566128.9346414,57.83449950,12.30721300,57.83449788,12.30721340,2.190,2.500,1.000,0.66,8,8,Stopped
1770566129.9373841,57.83450283,12.30721267,57.83450036,12.30721303,2.190,2.500,1.000,0.98,8,8,Stopped
1770566130.9411404,57.83450600,12.30721050,57.83450318,12.30721177,2.190,2.500,1.000,1.25,8,8,Stopped
1770566131.9393828,57.83450467,12.30720833,57.83450392,12.30721005,2.190,2.500,1.000,0.62,8,8,Stopped
1770566132.9459872,57.83450517,12.30721283,57.83450454,12.30721144,2.190,2.500,1.000,0.89,8,8,Stopped
1770566133.937046,57.83451300,12.30721233,57.83450877,12.30721189,2.190,2.500,1.000,1.87,8,8,Stopped
1770566134.9385288,57.83451000,12.30720800,57.83450939,12.30720994,2.190,2.500,1.000,0.81,8,8,Stopped
1770566135.9453135,57.83451467,12.30721867,57.83451203,12.30721431,2.190,2.500,1.000,1.54,8,8,Forward
1770566136.9344294,57.83451283,12.30721300,57.83451243,12.30721365,2.190,2.500,1.000,0.49,8,8,Stopped
1770566137.9407978,57.83451450,12.30721400,57.83451346,12.30721383,2.190,2.500,1.000,0.62,8,8,Stopped
1770566138.9420176,57.83451983,12.30719967,57.83451665,12.30720675,2.190,2.500,1.000,1.45,8,8,Reverse
1770566139.9369714,57.83451950,12.30719533,57.83451807,12.30720104,2.190,2.500,1.000,1.31,8,8,Reverse
1770566140.9420853,57.83451967,12.30719433,57.83451887,12.30719769,2.676,2.500,1.510,1.12,7,7,Stopped
1770566141.9377732,57.83453033,12.30719117,57.83452460,12.30719443,2.676,2.500,1.510,2.37,7,7,Stopped
1770566142.935391,57.83452700,12.30719367,57.83452580,12.30719405,2.676,2.500,1.510,1.06,7,7,Stopped
1770566143.9380786,57.83452933,12.30718200,57.83452757,12.30718802,2.781,2.500,1.620,1.21,6,6,Reverse
1770566144.9451845,57.83453300,12.30718167,57.83453028,12.30718484,2.333,2.500,1.150,0.99,7,7,Stopped
1770566145.9371402,57.83452950,12.30717983,57.83452989,12.30718234,2.333,2.500,1.150,0.13,7,7,Stopped
1770566146.9374366,57.83452783,12.30717683,57.83452886,12.30717959,2.333,2.500,1.150,0.21,7,7,Stopped
1770566147.9382002,57.83452350,12.30717650,57.83452618,12.30717804,2.190,2.500,1.000,0.59,8,8,Stopped
1770566148.939015,57.83452033,12.30717250,57.83452326,12.30717527,2.190,2.500,1.000,0.74,8,8,Stopped
1770566149.94347,57.83451617,12.30717733,57.83451971,12.30717630,2.190,2.500,1.000,0.71,8,8,Stopped
1770566150.9374037,57.83451083,12.30718733,57.83451527,12.30718182,2.190,2.500,1.000,1.25,8,8,Forward
1770566151.9378543,57.83450783,12.30718633,57.83451155,12.30718408,2.190,2.500,1.000,0.79,8,8,Stopped
1770566152.939405,57.83450633,12.30718833,57.83450894,12.30718620,2.190,2.500,1.000,0.31,8,8,Stopped
1770566153.93785,57.83450233,12.30719450,57.83450564,12.30719035,2.190,2.500,1.000,0.67,8,8,Forward
1770566154.9421003,57.83449883,12.30719867,57.83450224,12.30719451,2.190,2.500,1.000,0.69,8,8,Forward
1770566155.9364634,57.83449783,12.30720167,57.83450003,12.30719809,2.190,2.500,1.000,0.25,8,8,Forward
1770566156.93555,57.83449450,12.30720233,57.83449727,12.30720021,2.190,2.500,1.000,0.55,8,8,Stopped
1770566157.9367435,57.83448933,12.30720500,57.83449330,12.30720261,2.676,2.500,1.510,0.79,7,7,Stopped
1770566158.942828,57.83448667,12.30720733,57.83448998,12.30720497,2.190,2.500,1.000,0.35,8,8,Stopped
1770566159.9342737,57.83448133,12.30721183,57.83448566,12.30720840,2.190,2.500,1.000,0.59,8,8,Forward
1770566160.9344566,57.83447517,12.30721750,57.83448041,12.30721295,2.190,2.500,1.000,0.96,8,8,Forward
1770566161.9422338,57.83447217,12.30722050,57.83447629,12.30721673,2.190,2.500,1.000,0.78,8,8,Forward
1770566162.935158,57.83447083,12.30722267,57.83447356,12.30721970,2.333,2.500,1.150,0.47,7,7,Stopped
1770566163.9437773,57.83447067,12.30722250,57.83447211,12.30722110,2.333,2.500,1.150,0.21,7,7,Stopped
1770566164.9385817,57.83446967,12.30722117,57.83447089,12.30722113,2.190,2.500,1.000,0.36,8,8,Stopped
1770566165.9370644,57.83446800,12.30721983,57.83446945,12.30722048,2.190,2.500,1.000,0.15,8,8,Stopped
1770566166.9375124,57.83447383,12.30721767,57.83447164,12.30721907,2.190,2.500,1.000,1.10,8,8,Stopped
1770566167.9334202,57.83447233,12.30721550,57.83447199,12.30721729,2.190,2.500,1.000,0.58,8,8,Stopped
1770566168.9385693,57.83447467,12.30721367,57.83447333,12.30721548,2.333,2.500,1.150,0.77,7,7,Stopped
1770566169.935298,57.83447467,12.30721650,57.83447400,12.30721599,2.333,2.500,1.150,0.39,7,7,Stopped
1770566170.9429195,57.83447417,12.30722100,57.83447408,12.30721849,2.333,2.500,1.150,0.40,7,7,Stopped
1770566171.9371915,57.83447700,12.30722150,57.83447554,12.30722000,2.333,2.500,1.150,0.52,7,7,Stopped
1770566172.9482148,57.83448183,12.30722233,57.83447869,12.30722117,2.190,2.500,1.000,0.95,8,8,Stopped
1770566173.9367466,57.83448200,12.30722400,57.83448034,12.30722258,2.190,2.500,1.000,0.49,8,8,Stopped
1770566174.9343207,57.83448717,12.30722467,57.83448376,12.30722362,2.190,2.500,1.000,0.92,8,8,Stopped
1770566175.943555,57.83448717,12.30722667,57.83448546,12.30722515,2.190,2.500,1.000,0.41,8,8,Stopped
1770566176.935113,57.83448800,12.30722983,57.83448673,12.30722749,2.190,2.500,1.000,0.43,8,8,Stopped
1770566177.9380677,57.83448550,12.30723117,57.83448612,12.30722933,2.190,2.500,1.000,0.26,8,8,Stopped
1770566178.9344146,57.83448600,12.30723467,57.83448606,12.30723200,2.190,2.500,1.000,0.14,8,8,Stopped
1770566179.936014,57.83448500,12.30723817,57.83448553,12.30723508,2.190,2.500,1.000,0.10,8,8,Stopped
1770566180.9377527,57.83448550,12.30724083,57.83448551,12.30723796,2.190,2.500,1.000,0.29,8,8,Stopped
1770566181.9377525,57.83448433,12.30724367,57.83448492,12.30724081,2.190,2.500,1.000,0.03,8,8,Stopped
1770566182.9348364,57.83448117,12.30724567,57.83448305,12.30724324,2.190,2.500,1.000,0.27,8,8,Stopped
1770566183.9352798,57.83447817,12.30724717,57.83448061,12.30724520,2.190,2.500,1.000,0.43,8,8,Stopped
1770566184.9440765,57.83447617,12.30725033,57.83447839,12.30724777,2.190,2.500,1.000,0.13,8,8,Stopped
1770566185.9385436,57.83447333,12.30725350,57.83447586,12.30725063,2.190,2.500,1.000,0.21,8,8,Stopped
1770566186.9445505,57.83447183,12.30725650,57.83447385,12.30725357,2.190,2.500,1.000,0.20,8,8,Stopped
1770566187.9393075,57.83446917,12.30725750,57.83447151,12.30725553,2.190,2.500,1.000,0.28,8,8,Stopped
1770566188.9361022,57.83446800,12.30725900,57.83446975,12.30725727,2.190,2.500,1.000,0.18,8,8,Stopped
1770566189.9360244,57.83446583,12.30725917,57.83446779,12.30725822,2.190,2.500,1.000,0.23,8,8,Stopped
1770566190.937493,57.83446583,12.30726100,57.83446681,12.30725961,2.190,2.500,1.000,0.25,8,8,Stopped
1770566191.9428039,57.83446533,12.30726383,57.83446607,12.30726172,2.190,2.500,1.000,0.21,8,8,Stopped
1770566192.9377275,57.83446500,12.30726550,57.83446554,12.30726361,2.190,2.500,1.000,0.24,8,8,Stopped
1770566193.9454606,57.83446500,12.30726717,57.83446527,12.30726539,2.190,2.500,1.000,0.25,8,8,Stopped
1770566194.9380643,57.83446483,12.30726817,57.83446505,12.30726678,2.190,2.500,1.000,0.14,8,8,Stopped
1770566195.937917,57.83446567,12.30726767,57.83446536,12.30726722,2.333,2.500,1.150,0.24,7,7,Stopped
1770566196.9425902,57.83446850,12.30726733,57.83446693,12.30726728,2.333,2.500,1.150,0.71,7,7,Stopped
1770566197.9352567,57.83447067,12.30726867,57.83446880,12.30726797,2.333,2.500,1.150,0.74,7,7,Stopped
1770566198.9430113,57.83447250,12.30726983,57.83447065,12.30726890,2.190,2.500,1.000,0.66,8,8,Stopped
1770566199.9371939,57.83447383,12.30727117,57.83447224,12.30727003,2.190,2.500,1.000,0.60,8,8,Stopped
1770566200.9374988,57.83447317,12.30727183,57.83447270,12.30727093,2.190,2.500,1.000,0.14,8,8,Stopped
1770566201.9413729,57.83447367,12.30727233,57.83447319,12.30727163,2.190,2.500,1.000,0.33,8,8,Stopped
1770566202.9376965,57.83447217,12.30727317,57.83447268,12.30727240,2.190,2.500,1.000,0.33,8,8,Stopped
1770566203.9380846,57.83447250,12.30727467,57.83447259,12.30727353,2.190,2.500,1.000,0.44,8,8,Stopped
1770566204.9380643,57.83447300,12.30727783,57.83447279,12.30727568,2.190,2.500,1.000,0.26,8,8,Stopped
1770566205.9355302,57.83447150,12.30727933,57.83447215,12.30727751,2.190,2.500,1.000,0.28,8,8,Stopped
1770566206.9376647,57.83447300,12.30727967,57.83447257,12.30727859,2.190,2.500,1.000,0.47,8,8,Stopped
1770566207.9346411,57.83447000,12.30727483,57.83447129,12.30727671,2.190,2.500,1.000,0.34,8,8,Stopped
1770566208.9435823,57.83446650,12.30727183,57.83446889,12.30727427,2.190,2.500,1.000,0.64,8,8,Stopped
1770566209.9349668,57.83446417,12.30727100,57.83446653,12.30727264,2.190,2.500,1.000,0.51,8,8,Stopped
1770566210.936817,57.83445950,12.30727133,57.83446302,12.30727198,2.190,2.500,1.000,0.84,8,8,Stopped
1770566211.9374268,57.83445950,12.30726867,57.83446126,12.30727033,2.190,2.500,1.000,0.18,8,8,Stopped
1770566212.9435768,57.83445817,12.30726767,57.83445971,12.30726900,2.190,2.500,1.000,0.14,8,8,Stopped
1770566213.939603,57.83445717,12.30726917,57.83445844,12.30726908,2.190,2.500,1.000,0.09,8,8,Stopped
1770566214.94324,57.83445500,12.30726750,57.83445672,12.30726829,2.190,2.500,1.000,0.26,8,8,Stopped
1770566215.9326885,57.83445400,12.30726533,57.83445536,12.30726681,2.190,2.500,1.000,0.16,8,8,Stopped
1770566216.9396386,57.83445033,12.30726600,57.83445285,12.30726641,2.190,2.500,1.000,0.62,8,8,Stopped
1770566217.9329996,57.83444900,12.30726933,57.83445092,12.30726787,2.190,2.500,1.000,0.73,8,8,Stopped
1770566218.9207914,57.83444950,12.30727067,57.83445021,12.30726927,2.333,2.500,1.150,0.36,7,7,Stopped
1770566219.943563,57.83444850,12.30727267,57.83444936,12.30727097,2.333,2.500,1.150,0.50,7,7,Stopped
1770566220.949234,57.83444817,12.30727200,57.83444876,12.30727148,2.333,2.500,1.150,0.30,7,7,Stopped
1770566221.940459,57.83444617,12.30727283,57.83444746,12.30727216,2.333,2.500,1.150,0.58,7,7,Stopped
1770566222.9365716,57.83444633,12.30727083,57.83444690,12.30727150,2.333,2.500,1.150,0.46,7,7,Stopped
1770566223.934352,57.83444317,12.30727067,57.83444503,12.30727108,2.333,2.500,1.150,0.85,7,7,Stopped
1770566224.9325256,57.83444517,12.30727300,57.83444510,12.30727204,2.333,2.500,1.150,0.46,7,7,Stopped
1770566225.9337525,57.83444550,12.30727533,57.83444530,12.30727369,2.333,2.500,1.150,0.36,7,7,Stopped
1770566226.9327068,57.83444633,12.30727817,57.83444582,12.30727593,2.333,2.500,1.150,0.04,7,7,Stopped
1770566227.935167,57.83444300,12.30728217,57.83444441,12.30727905,2.333,2.500,1.150,0.52,7,7,Stopped
1770566228.9386744,57.83444350,12.30728450,57.83444395,12.30728177,2.333,2.500,1.150,0.33,7,7,Stopped
1770566229.9325018,57.83444283,12.30728400,57.83444339,12.30728289,2.333,2.500,1.150,0.38,7,7,Stopped
1770566230.9352312,57.83444133,12.30728583,57.83444236,12.30728436,2.333,2.500,1.150,0.35,7,7,Stopped
1770566231.9390044,57.83444083,12.30728350,57.83444160,12.30728393,2.333,2.500,1.150,0.17,7,7,Stopped
1770566232.9379933,57.83443500,12.30728567,57.83443830,12.30728480,2.333,2.500,1.150,0.81,7,7,Stopped
1770566233.943909,57.83443383,12.30728467,57.83443607,12.30728473,2.333,2.500,1.150,0.61,7,7,Stopped
1770566234.9373555,57.83443133,12.30728617,57.83443370,12.30728545,2.333,2.500,1.150,0.74,7,7,Stopped
1770566235.935682,57.83443100,12.30728733,57.83443235,12.30728639,2.333,2.500,1.150,0.75,7,7,Stopped
1770566236.9426322,57.83443133,12.30728883,57.83443184,12.30728761,2.333,2.500,1.150,0.60,7,7,Stopped
1770566237.9404116,57.83442867,12.30728733,57.83443025,12.30728747,2.333,2.500,1.150,0.79,7,7,Stopped
1770566238.9433985,57.83442467,12.30728550,57.83442746,12.30728649,2.333,2.500,1.150,1.09,7,7,Stopped
1770566239.938709,57.83442067,12.30728417,57.83442406,12.30728533,2.333,2.500,1.150,1.31,7,7,Stopped
1770566240.936206,57.83441833,12.30727767,57.83442120,12.30728150,2.333,2.500,1.150,1.42,7,7,Reverse
1770566241.9399328,57.83441500,12.30727650,57.83441810,12.30727900,2.333,2.500,1.150,1.26,7,7,Stopped
1770566242.9359329,57.83442000,12.30727267,57.83441905,12.30727583,2.333,2.500,1.150,0.19,7,7,Stopped
1770566243.9426053,57.83442150,12.30727100,57.83442027,12.30727342,2.333,2.500,1.150,0.15,7,7,Stopped
1770566244.937185,57.83442400,12.30727167,57.83442214,12.30727254,2.333,2.500,1.150,0.21,7,7,Stopped
1770566245.940351,57.83442550,12.30727117,57.83442382,12.30727185,2.333,2.500,1.150,0.23,7,7,Stopped
1770566246.9405675,57.83442317,12.30727450,57.83442349,12.30727318,2.333,2.500,1.150,0.59,7,7,Stopped
1770566247.9322891,57.83442650,12.30727483,57.83442500,12.30727401,2.333,2.500,1.150,0.69,7,7,Stopped
1770566248.9383864,57.83442217,12.30727500,57.83442358,12.30727450,2.190,2.500,1.000,0.61,8,8,Stopped
1770566249.932672,57.83441933,12.30727750,57.83442146,12.30727600,2.190,2.500,1.000,1.03,8,8,Stopped
1770566250.9430225,57.83441817,12.30727933,57.83441981,12.30727767,2.190,2.500,1.000,1.01,8,8,Stopped
1770566251.93731,57.83442117,12.30727533,57.83442049,12.30727650,2.190,2.500,1.000,0.31,8,8,Stopped
1770566252.9380252,57.83442517,12.30727150,57.83442283,12.30727400,2.190,2.500,1.000,0.35,8,8,Stopped
1770566253.932561,57.83442800,12.30727133,57.83442541,12.30727267,2.190,2.500,1.000,0.47,8,8,Stopped
1770566254.9342322,57.83442883,12.30727017,57.83442712,12.30727142,2.333,2.500,1.150,0.36,7,7,Stopped
1770566255.9328065,57.83443200,12.30726783,57.83442956,12.30726963,2.333,2.500,1.150,0.71,7,7,Stopped
1770566256.936533,57.83443133,12.30726617,57.83443045,12.30726790,2.333,2.500,1.150,0.40,7,7,Stopped
1770566257.9423535,57.83443217,12.30726300,57.83443131,12.30726545,2.333,2.500,1.150,0.30,7,7,Stopped
1770566258.933427,57.83443567,12.30726150,57.83443349,12.30726347,2.333,2.500,1.150,0.41,7,7,Stopped
1770566259.932705,57.83443950,12.30725917,57.83443649,12.30726132,2.333,2.500,1.150,0.78,7,7,Stopped
1770566260.9345386,57.83444033,12.30725733,57.83443841,12.30725933,2.333,2.500,1.150,0.65,7,7,Stopped
1770566261.9377248,57.83443850,12.30725900,57.83443846,12.30725916,2.333,2.500,1.150,0.03,7,7,Stopped
1770566262.935044,57.83443950,12.30726267,57.83443898,12.30726092,2.333,2.500,1.150,0.42,7,7,Stopped
1770566263.9364412,57.83443533,12.30726617,57.83443716,12.30726354,2.333,2.500,1.150,0.68,7,7,Stopped
1770566264.938136,57.83444233,12.30726883,57.83443974,12.30726619,2.190,2.500,1.000,1.02,8,8,Stopped
1770566265.937509,57.83444667,12.30727983,57.83444321,12.30727301,2.190,2.500,1.000,1.64,8,8,Forward
1770566266.937774,57.83444333,12.30728367,57.83444327,12.30727834,2.333,2.500,1.150,0.96,7,7,Forward
1770566267.937843,57.83443967,12.30728717,57.83444147,12.30728275,2.333,2.500,1.150,0.68,7,7,Forward
1770566268.944459,57.83444067,12.30728467,57.83444107,12.30728371,2.333,2.500,1.150,0.19,7,7,Stopped
1770566269.9426835,57.83443400,12.30729250,57.83443753,12.30728810,2.400,2.500,1.220,0.87,6,6,Forward
1770566270.9353693,57.83443850,12.30729217,57.83443802,12.30729014,2.333,2.500,1.150,0.34,7,7,Stopped
1770566271.936785,57.83443983,12.30729000,57.83443893,12.30729007,2.333,2.500,1.150,0.24,7,7,Stopped
1770566272.9335675,57.83443967,12.30728967,57.83443930,12.30728987,2.333,2.500,1.150,0.06,7,7,Stopped
1770566273.9372458,57.83444650,12.30728967,57.83444290,12.30728977,2.333,2.500,1.150,1.06,7,7,Stopped
1770566274.9369428,57.83444733,12.30728967,57.83444512,12.30728972,2.333,2.500,1.150,0.95,7,7,Stopped
1770566275.9383276,57.83444167,12.30729417,57.83444339,12.30729194,2.333,2.500,1.150,0.06,7,7,Stopped
1770566276.9370444,57.83443783,12.30729650,57.83444061,12.30729422,2.333,2.500,1.150,0.48,7,7,Stopped
1770566277.935009,57.83443483,12.30730383,57.83443772,12.30729903,2.333,2.500,1.150,1.04,7,7,Forward
1770566278.9358995,57.83442983,12.30730200,57.83443378,12.30730051,2.333,2.500,1.150,1.24,7,7,Stopped
1770566279.9364965,57.83442483,12.30730217,57.83442931,12.30730134,2.333,2.500,1.150,1.48,7,7,Stopped
1770566280.9407337,57.83442467,12.30730683,57.83442699,12.30730409,2.400,2.500,1.220,1.11,6,6,Stopped
1770566281.9361517,57.83442133,12.30730533,57.83442416,12.30730471,2.400,2.500,1.220,1.03,6,6,Stopped
1770566282.932854,57.83442817,12.30730967,57.83442616,12.30730719,2.400,2.500,1.220,0.63,6,6,Stopped
1770566283.9396045,57.83443283,12.30730100,57.83442950,12.30730409,2.400,2.500,1.220,0.81,6,6,Stopped
1770566284.9341962,57.83442483,12.30730550,57.83442717,12.30730480,2.400,2.500,1.220,0.51,6,6,Stopped
1770566285.941027,57.83443417,12.30729967,57.83443067,12.30730223,2.400,2.500,1.220,0.77,6,6,Stopped
1770566286.9345872,57.83443400,12.30730567,57.83443233,12.30730395,2.400,2.500,1.220,0.66,6,6,Stopped
1770566287.9326327,57.83444117,12.30729817,57.83443675,12.30730106,2.400,2.500,1.220,1.13,6,6,Stopped
1770566288.9338744,57.83443750,12.30729600,57.83443712,12.30729853,2.400,2.500,1.220,0.40,6,6,Stopped
1770566289.9442408,57.83443650,12.30729533,57.83443681,12.30729693,2.400,2.500,1.220,0.17,6,6,Stopped
1770566290.9392474,57.83443500,12.30729783,57.83443591,12.30729738,2.400,2.500,1.220,0.28,6,6,Stopped
1770566291.9329748,57.83443283,12.30729750,57.83443437,12.30729744,2.400,2.500,1.220,0.32,6,6,Stopped
1770566292.9323552,57.83444550,12.30729550,57.83443993,12.30729647,2.400,2.500,1.220,1.30,6,6,Stopped
1770566293.9335456,57.83444867,12.30729633,57.83444430,12.30729640,2.219,2.500,1.030,1.40,7,7,Stopped
1770566294.9375894,57.83445417,12.30728933,57.83444923,12.30729287,2.219,2.500,1.030,1.66,7,7,Reverse
1770566295.9365654,57.83445800,12.30727483,57.83445362,12.30728385,2.219,2.500,1.030,1.90,7,7,Reverse
1770566296.9238186,57.83444483,12.30726017,57.83444923,12.30727201,2.400,2.500,1.220,2.02,6,6,Reverse
1770566297.9369786,57.83444000,12.30725950,57.83444461,12.30726575,2.400,2.500,1.220,1.49,6,6,Reverse
1770566298.9280531,57.83445067,12.30725617,57.83444764,12.30726096,2.400,2.500,1.220,1.02,6,6,Reverse
1770566299.9370973,57.83445067,12.30725183,57.83444915,12.30725640,2.400,2.500,1.220,0.86,6,6,Reverse
1770566300.9425836,57.83445850,12.30724700,57.83445383,12.30725170,2.400,2.500,1.220,1.56,6,6,Reverse
1770566301.939239,57.83445433,12.30724133,57.83445408,12.30724652,2.400,2.500,1.220,1.21,6,6,Reverse
1770566302.9445949,57.83445417,12.30724517,57.83445412,12.30724584,2.219,2.500,1.030,0.97,7,7,Stopped
1770566303.9383142,57.83445967,12.30724667,57.83445689,12.30724625,2.219,2.500,1.030,1.74,7,7,Stopped
1770566304.9364438,57.83445833,12.30724300,57.83445761,12.30724463,2.219,2.500,1.030,1.57,7,7,Stopped
1770566305.942073,57.83445967,12.30725617,57.83445864,12.30725040,2.219,2.500,1.030,1.80,7,7,Forward
1770566306.9364324,57.83446667,12.30726400,57.83446265,12.30725720,2.219,2.500,1.030,2.58,7,7,Forward
1770566307.937104,57.83445767,12.30727400,57.83446016,12.30726560,2.219,2.500,1.030,1.65,7,7,Forward
1770566308.937487,57.83445500,12.30727133,57.83445758,12.30726847,2.219,2.500,1.030,0.71,7,7,Stopped
1770566309.9337103,57.83445900,12.30727683,57.83445829,12.30727265,2.219,2.500,1.030,1.35,7,7,Forward
1770566310.9369307,57.83445917,12.30728317,57.83445873,12.30727791,2.219,2.500,1.030,1.53,7,7,Forward
1770566311.9358208,57.83445300,12.30728733,57.83445586,12.30728262,2.219,2.500,1.030,0.90,7,7,Forward
1770566312.9378748,57.83444483,12.30729500,57.83445035,12.30728881,2.219,2.500,1.030,1.02,7,7,Forward
1770566313.9344501,57.83443833,12.30729917,57.83444434,12.30729399,2.219,2.500,1.030,1.19,7,7,Forward
1770566314.937567,57.83444367,12.30729067,57.83444400,12.30729233,2.219,2.500,1.030,0.24,7,7,Stopped
1770566315.9374464,57.83444900,12.30728867,57.83444650,12.30729050,2.219,2.500,1.030,1.03,7,7,Stopped
1770566316.9325824,57.83444517,12.30727817,57.83444583,12.30728433,2.219,2.500,1.030,0.88,7,7,Reverse
1770566317.9369595,57.83444167,12.30727400,57.83444375,12.30727917,2.219,2.500,1.030,0.66,7,7,Reverse
1770566318.9358976,57.83443000,12.30727767,57.83443688,12.30727842,2.219,2.500,1.030,0.97,7,7,Stopped
1770566319.9367194,57.83443283,12.30727667,57.83443485,12.30727754,2.219,2.500,1.030,0.17,7,7,Stopped
1770566320.9375565,57.83442550,12.30728450,57.83443018,12.30728102,2.219,2.500,1.030,1.14,7,7,Forward
1770566321.9364212,57.83442233,12.30728350,57.83442626,12.30728226,2.219,2.500,1.030,1.06,7,7,Stopped
1770566322.93674,57.83441767,12.30728650,57.83442196,12.30728438,2.219,2.500,1.030,1.24,7,7,Stopped
1770566323.9327962,57.83441850,12.30728017,57.83442023,12.30728227,2.219,2.500,1.030,0.59,7,7,Stopped
1770566324.9370072,57.83441617,12.30727733,57.83441820,12.30727980,2.219,2.500,1.030,0.80,7,7,Stopped
1770566325.9345295,57.83441283,12.30727733,57.83441552,12.30727857,2.219,2.500,1.030,0.94,7,7,Stopped
1770566326.9370213,57.83441033,12.30727967,57.83441292,12.30727912,2.219,2.500,1.030,1.09,7,7,Stopped
1770566327.9350433,57.83440600,12.30728217,57.83440946,12.30728064,2.219,2.500,1.030,1.38,7,7,Stopped
1770566328.937009,57.83439783,12.30728517,57.83440365,12.30728290,2.219,2.500,1.030,2.06,7,7,Stopped
1770566329.9375129,57.83438900,12.30728183,57.83439632,12.30728237,2.219,2.500,1.030,2.41,7,7,Stopped
1770566330.9441495,57.83438533,12.30728633,57.83439083,12.30728435,2.219,2.500,1.030,2.61,8,8,Stopped
1770566331.937241,57.83438750,12.30728767,57.83438916,12.30728601,2.190,2.500,1.000,1.90,8,8,Stopped
1770566332.9362948,57.83438767,12.30728083,57.83438842,12.30728342,2.190,2.500,1.000,1.28,8,8,Stopped
1770566333.9420803,57.83438133,12.30727867,57.83438487,12.30728104,2.219,2.500,1.030,2.00,8,8,Stopped
1770566334.9365685,57.83438817,12.30727650,57.83438652,12.30727877,2.190,2.500,1.000,0.99,8,8,Stopped
1770566335.9367633,57.83439617,12.30727700,57.83439134,12.30727789,2.190,2.500,1.000,0.44,8,8,Stopped
1770566336.9370677,57.83440117,12.30727800,57.83439626,12.30727794,2.190,2.500,1.000,0.88,8,8,Stopped
1770566337.9378893,57.83440500,12.30728217,57.83440063,12.30728005,2.219,2.500,1.030,1.19,7,7,Stopped
1770566338.937737,57.83440333,12.30728533,57.83440198,12.30728269,2.219,2.500,1.030,0.71,7,7,Stopped
1770566339.9362917,57.83440367,12.30728283,57.83440282,12.30728276,2.219,2.500,1.030,0.70,7,7,Stopped
1770566340.9400206,57.83439917,12.30728717,57.83440100,12.30728497,2.219,2.500,1.030,0.13,7,7,Stopped
1770566341.9326785,57.83439633,12.30729600,57.83439866,12.30729048,2.219,2.500,1.030,0.81,7,7,Forward
1770566342.9436626,57.83439800,12.30729533,57.83439833,12.30729291,2.219,2.500,1.030,0.46,7,7,Stopped
1770566343.937726,57.83438900,12.30729983,57.83439367,12.30729637,2.219,2.500,1.030,0.88,7,7,Forward
1770566344.9345386,57.83439883,12.30729383,57.83439625,12.30729510,2.219,2.500,1.030,0.61,7,7,Stopped
1770566345.9382954,57.83439867,12.30729133,57.83439746,12.30729322,2.219,2.500,1.030,0.55,7,7,Stopped
1770566346.9337654,57.83440400,12.30728883,57.83440073,12.30729103,2.333,2.500,1.150,1.04,6,6,Stopped
1770566347.9379003,57.83441967,12.30728550,57.83441020,12.30728826,2.333,2.500,1.150,1.93,6,6,Stopped
1770566348.9357224,57.83443150,12.30728917,57.83442085,12.30728871,2.286,2.500,1.100,2.21,7,7,Stopped
1770566349.9223747,57.83444800,12.30726900,57.83443442,12.30727886,2.286,2.500,1.100,3.53,7,7,Reverse
1770566350.9384758,57.83445467,12.30727267,57.83444455,12.30727576,2.286,2.500,1.100,2.91,7,7,Stopped
1770566351.9378312,57.83446150,12.30727850,57.83445302,12.30727713,2.286,2.500,1.100,2.54,7,7,Stopped
1770566352.9381568,57.83446983,12.30726950,57.83446143,12.30727332,2.286,2.500,1.100,2.59,7,7,Reverse
1770566353.9454389,57.83447717,12.30726333,57.83446930,12.30726832,2.286,2.500,1.100,2.60,7,7,Reverse
1770566354.9398468,57.83448033,12.30726733,57.83447482,12.30726783,2.286,2.500,1.100,2.10,7,7,Stopped
1770566355.932507,57.83448550,12.30726817,57.83448016,12.30726800,2.286,2.500,1.100,1.86,7,7,Stopped
1770566356.9289796,57.83448167,12.30727683,57.83448091,12.30727242,2.286,2.500,1.100,0.67,7,7,Forward
1770566357.9384181,57.83448417,12.30727850,57.83448254,12.30727546,2.286,2.500,1.100,0.53,7,7,Stopped
1770566358.9424865,57.83449017,12.30728217,57.83448635,12.30727881,2.286,2.500,1.100,0.86,7,7,Stopped
1770566359.9323149,57.83450167,12.30727800,57.83449401,12.30727841,2.286,2.500,1.100,1.71,7,7,Stopped
1770566360.9368796,57.83450533,12.30728483,57.83449967,12.30728162,2.286,2.500,1.100,1.56,7,7,Stopped
1770566361.9377844,57.83450600,12.30728500,57.83450284,12.30728331,2.286,2.500,1.100,1.20,7,7,Stopped
1770566362.9324908,57.83451033,12.30728067,57.83450658,12.30728199,2.286,2.500,1.100,1.51,7,7,Stopped
1770566363.9420302,57.83450867,12.30729067,57.83450763,12.30728633,2.286,2.500,1.100,1.05,7,7,Forward
1770566364.937697,57.83451017,12.30729433,57.83450890,12.30729033,2.286,2.500,1.100,0.96,7,7,Forward
1770566365.9325538,57.83450933,12.30729550,57.83450911,12.30729292,2.286,2.500,1.100,0.48,7,7,Stopped
1770566366.9406984,57.83451250,12.30729667,57.83451081,12.30729479,2.286,2.500,1.100,0.68,7,7,Stopped
1770566367.932785,57.83451117,12.30730450,57.83451099,12.30729965,2.286,2.500,1.100,0.75,7,7,Forward
1770566368.9376934,57.83451683,12.30730200,57.83451391,12.30730082,2.286,2.500,1.100,1.07,7,7,Stopped
1770566369.9324613,57.83451700,12.30730617,57.83451546,12.30730349,2.286,2.500,1.100,0.99,7,7,Stopped
1770566370.9424443,57.83451883,12.30731033,57.83451714,12.30730691,2.286,2.500,1.100,1.18,7,7,Forward
1770566371.936916,57.83451933,12.30731583,57.83451824,12.30731137,2.286,2.500,1.100,1.16,7,7,Forward
1770566372.9414227,57.83452317,12.30732117,57.83452070,12.30731627,2.286,2.500,1.100,1.57,7,7,Forward
1770566373.938287,57.83452650,12.30731833,57.83452360,12.30731730,2.286,2.500,1.100,1.58,7,7,Stopped
1770566374.9373171,57.83451850,12.30732200,57.83452105,12.30731965,2.286,2.500,1.100,0.49,7,7,Stopped
1770566375.9383512,57.83451617,12.30732283,57.83451861,12.30732124,2.286,2.500,1.100,0.35,7,7,Stopped
1770566376.9436195,57.83451650,12.30732067,57.83451755,12.30732095,2.286,2.500,1.100,0.75,7,7,Stopped
1770566377.9384623,57.83451133,12.30732117,57.83451444,12.30732106,2.286,2.500,1.100,0.39,7,7,Stopped
1770566378.932556,57.83450250,12.30732283,57.83450847,12.30732195,2.286,2.500,1.100,0.37,7,7,Stopped
1770566379.9421344,57.83450617,12.30731933,57.83450732,12.30732064,2.286,2.500,1.100,0.59,7,7,Stopped
1770566380.9323869,57.83450617,12.30731967,57.83450674,12.30732015,2.952,2.500,1.800,0.24,6,6,Stopped
1770566381.9227045,57.83451067,12.30731583,57.83450870,12.30731799,2.952,2.500,1.800,0.97,6,6,Stopped
1770566382.9387062,57.83450833,12.30731200,57.83450852,12.30731500,2.952,2.500,1.800,1.42,6,6,Stopped
1770566383.9221714,57.83450483,12.30731467,57.83450668,12.30731483,2.286,2.500,1.100,1.11,7,7,Stopped
1770566384.939633,57.83449450,12.30731317,57.83450059,12.30731400,2.286,2.500,1.100,0.51,7,7,Stopped
1770566385.9351327,57.83448533,12.30731350,57.83449296,12.30731375,2.286,2.500,1.100,0.23,7,7,Stopped
1770566386.9410458,57.83448483,12.30731100,57.83448890,12.30731237,2.286,2.500,1.100,0.29,7,7,Stopped
1770566387.936015,57.83448617,12.30730767,57.83448753,12.30731002,2.286,2.500,1.100,0.74,7,7,Stopped
1770566388.9378648,57.83448983,12.30730267,57.83448868,12.30730634,2.286,2.500,1.100,1.46,7,7,Reverse
1770566389.9369154,57.83448800,12.30730433,57.83448834,12.30730534,2.286,2.500,1.100,1.04,7,7,Stopped
1770566390.9423919,57.83447833,12.30730883,57.83448334,12.30730709,2.286,2.500,1.100,0.93,7,7,Stopped
1770566391.9403317,57.83448383,12.30730033,57.83448359,12.30730371,2.286,2.500,1.100,0.91,7,7,Stopped
1770566392.9325998,57.83450250,12.30728367,57.83449304,12.30729369,2.286,2.500,1.100,3.12,7,7,Reverse
1770566393.9409556,57.83451417,12.30728250,57.83450360,12.30728809,2.286,2.500,1.100,3.55,7,7,Reverse
1770566394.9358737,57.83451783,12.30728250,57.83451072,12.30728530,2.286,2.500,1.100,3.00,7,7,Stopped
1770566395.940741,57.83451550,12.30728017,57.83451311,12.30728273,2.286,2.500,1.100,2.01,7,7,Stopped
1770566396.9391127,57.83450983,12.30727700,57.83451147,12.30727987,2.286,2.500,1.100,0.91,7,7,Stopped
1770566397.93273,57.83450400,12.30728600,57.83450774,12.30728293,2.286,2.500,1.100,0.26,7,7,Stopped
1770566398.938999,57.83450400,12.30727917,57.83450587,12.30728105,2.286,2.500,1.100,0.10,7,7,Stopped
1770566399.9326131,57.83450017,12.30727950,57.83450302,12.30728027,2.286,2.500,1.100,0.78,7,7,Stopped
1770566400.9485173,57.83450383,12.30727683,57.83450343,12.30727855,2.286,2.500,1.100,1.06,7,7,Stopped
1770566401.9347978,57.83449950,12.30727650,57.83450146,12.30727753,2.286,2.500,1.100,0.48,7,7,Stopped
1770566402.9375672,57.83450117,12.30726917,57.83450131,12.30727335,2.286,2.500,1.100,0.27,7,7,Reverse
1770566403.9325805,57.83450067,12.30726733,57.83450099,12.30727034,2.286,2.500,1.100,0.09,7,7,Stopped
1770566404.9369447,57.83449950,12.30726617,57.83450025,12.30726825,2.381,2.500,1.200,0.09,6,6,Stopped
1770566405.9374678,57.83449867,12.30726633,57.83449946,12.30726729,2.286,2.500,1.100,0.24,7,7,Stopped
1770566406.9230905,57.83449500,12.30727250,57.83449723,12.30726990,2.286,2.500,1.100,0.18,7,7,Stopped
1770566407.939956,57.83448850,12.30727400,57.83449286,12.30727195,2.286,2.500,1.100,0.73,7,7,Stopped
1770566408.945433,57.83448383,12.30728467,57.83448835,12.30727831,2.286,2.500,1.100,1.24,7,7,Forward
1770566409.9402883,57.83447783,12.30728300,57.83448309,12.30728065,2.200,2.500,1.010,1.21,8,8,Stopped
1770566410.9333608,57.83447583,12.30728117,57.83447946,12.30728091,2.200,2.500,1.010,0.84,8,8,Stopped
1770566411.9382336,57.83447600,12.30727917,57.83447773,12.30728004,2.200,2.500,1.010,0.13,8,8,Stopped
1770566412.9350326,57.83447433,12.30727400,57.83447603,12.30727702,2.200,2.500,1.010,0.34,8,8,Stopped
1770566413.940268,57.83447300,12.30727250,57.83447452,12.30727476,2.200,2.500,1.010,0.37,8,8,Stopped
1770566414.941631,57.83447583,12.30726417,57.83447517,12.30726946,2.286,2.500,1.100,0.39,7,7,Reverse
1770566415.9352815,57.83448000,12.30726533,57.83447759,12.30726740,2.286,2.500,1.100,0.81,7,7,Stopped
1770566416.9376862,57.83449683,12.30724233,57.83448721,12.30725487,2.286,2.500,1.100,2.81,7,7,Reverse
1770566417.9377847,57.83450950,12.30722600,57.83449836,12.30724043,2.286,2.500,1.100,3.51,7,7,Reverse
1770566418.932357,57.83450967,12.30722283,57.83450401,12.30723163,2.286,2.500,1.100,2.68,7,7,Reverse
1770566419.9328759,57.83449967,12.30723383,57.83450184,12.30723273,2.381,2.500,1.200,0.93,6,6,Stopped
1770566420.9325929,57.83449017,12.30723833,57.83449600,12.30723553,2.381,2.500,1.200,0.59,6,6,Stopped
1770566421.9416547,57.83448633,12.30724450,57.83449117,12.30724002,2.381,2.500,1.200,0.87,6,6,Forward
1770566422.934047,57.83448433,12.30724517,57.83448775,12.30724259,2.381,2.500,1.200,0.62,6,6,Stopped
1770566423.9301076,57.83448117,12.30724000,57.83448446,12.30724130,2.381,2.500,1.200,1.05,6,6,Stopped
1770566424.9374237,57.83448017,12.30723833,57.83448231,12.30723981,2.381,2.500,1.200,0.80,6,6,Stopped
1770566425.922774,57.83448367,12.30723217,57.83448299,12.30723599,2.381,2.500,1.200,0.70,6,6,Reverse
1770566426.9371722,57.83447983,12.30723767,57.83448141,12.30723683,2.381,2.500,1.200,0.05,6,6,Stopped
1770566427.9330385,57.83448100,12.30723983,57.83448121,12.30723833,2.381,2.500,1.200,0.26,6,6,Stopped
1770566428.9379532,57.83448517,12.30723183,57.83448319,12.30723508,2.381,2.500,1.200,1.15,6,6,Stopped
1770566429.933996,57.83448267,12.30724000,57.83448293,12.30723754,2.381,2.500,1.200,0.61,6,6,Stopped
1770566430.9379468,57.83448483,12.30723483,57.83448388,12.30723619,2.381,2.500,1.200,0.70,6,6,Stopped
1770566431.9365478,57.83448000,12.30724633,57.83448194,12.30724126,2.381,2.500,1.200,0.26,6,6,Forward
1770566432.9327009,57.83448133,12.30724133,57.83448164,12.30724130,2.381,2.500,1.200,0.65,6,6,Stopped
1770566433.9359524,57.83447533,12.30724667,57.83447848,12.30724398,2.381,2.500,1.200,0.77,6,6,Stopped
1770566434.9308343,57.83447083,12.30724933,57.83447466,12.30724666,2.381,2.500,1.200,0.91,6,6,Stopped
1770566435.937797,57.83446417,12.30726250,57.83446941,12.30725458,2.381,2.500,1.200,1.49,6,6,Forward
1770566436.931019,57.83446333,12.30726300,57.83446637,12.30725879,2.381,2.500,1.200,1.14,6,6,Forward
1770566437.9377608,57.83446300,12.30726833,57.83446469,12.30726356,2.381,2.500,1.200,0.69,6,6,Forward
1770566438.9326525,57.83445017,12.30729117,57.83445743,12.30727736,2.381,2.500,1.200,2.02,6,6,Forward
1770566439.9391477,57.83444867,12.30729500,57.83445305,12.30728618,2.286,2.500,1.100,1.55,7,7,Forward
1770566440.9325225,57.83444683,12.30729700,57.83444994,12.30729159,2.286,2.500,1.100,1.09,7,7,Forward
1770566441.9427094,57.83444350,12.30730317,57.83444672,12.30729738,2.286,2.500,1.100,1.05,7,7,Forward
1770566442.943221,57.83444167,12.30730833,57.83444419,12.30730286,2.286,2.500,1.100,0.76,7,7,Forward
1770566443.9373128,57.83443967,12.30731350,57.83444193,12.30730818,2.286,2.500,1.100,0.75,7,7,Forward
1770566444.937984,57.83444000,12.30730517,57.83444096,12.30730667,2.286,2.500,1.100,0.33,7,7,Stopped
1770566445.9323497,57.83443117,12.30731917,57.83443607,12.30731292,2.286,2.500,1.100,1.48,7,7,Forward
1770566446.939294,57.83442917,12.30732317,57.83443262,12.30731804,2.286,2.500,1.100,1.21,7,7,Forward
1770566447.935282,57.83443500,12.30731917,57.83443381,12.30731860,2.286,2.500,1.100,0.28,7,7,Stopped
1770566448.9399476,57.83443067,12.30732350,57.83443224,12.30732105,2.286,2.500,1.100,0.74,7,7,Stopped
1770566449.9372685,57.83442933,12.30732467,57.83443079,12.30732286,2.286,2.500,1.100,0.81,7,7,Stopped
1770566450.9219477,57.83442700,12.30732617,57.83442889,12.30732451,2.286,2.500,1.100,0.94,7,7,Stopped
1770566451.9417853,57.83442800,12.30732950,57.83442845,12.30732701,2.286,2.500,1.100,0.56,7,7,Stopped
1770566452.9375753,57.83442450,12.30733450,57.83442647,12.30733075,2.286,2.500,1.100,0.92,7,7,Forward
1770566453.938537,57.83443000,12.30733367,57.83442824,12.30733221,2.286,2.500,1.100,0.61,7,7,Stopped
1770566454.9325535,57.83443000,12.30733333,57.83442912,12.30733277,2.286,2.500,1.100,0.60,7,7,Stopped
1770566455.9312162,57.83442300,12.30734617,57.83442606,12.30733947,2.286,2.500,1.100,1.43,7,7,Forward
1770566456.9362903,57.83442233,12.30735267,57.83442420,12.30734607,2.381,2.500,1.200,1.32,6,6,Forward
1770566457.9217985,57.83442750,12.30734867,57.83442585,12.30734737,2.381,2.500,1.200,0.59,6,6,Stopped
1770566458.9236426,57.83442350,12.30734517,57.83442467,12.30734627,2.381,2.500,1.200,1.18,6,6,Stopped
1770566459.93238,57.83442133,12.30734533,57.83442300,12.30734580,2.381,2.500,1.200,1.30,6,6,Stopped
1770566460.9411328,57.83441467,12.30735967,57.83441884,12.30735273,2.381,2.500,1.200,1.92,6,6,Forward
1770566461.945788,57.83440850,12.30737083,57.83441367,12.30736178,2.381,2.500,1.200,1.87,6,6,Forward
1770566462.937579,57.83439967,12.30738700,57.83440667,12.30737439,2.200,2.500,1.010,2.64,8,8,Forward
1770566463.9361465,57.83440217,12.30738317,57.83440442,12.30737878,2.200,2.500,1.010,1.44,8,8,Forward
1770566464.940771,57.83440417,12.30738317,57.83440429,12.30738097,2.200,2.500,1.010,0.61,8,8,Stopped
1770566465.937872,57.83439650,12.30739350,57.83440040,12.30738724,2.200,2.500,1.010,1.19,8,8,Forward
1770566466.9386961,57.83440050,12.30738433,57.83440045,12.30738578,2.200,2.500,1.010,0.22,8,8,Stopped
1770566467.9413102,57.83441033,12.30737867,57.83440539,12.30738223,2.200,2.500,1.010,1.20,8,8,Reverse
1770566468.945799,57.83441483,12.30737333,57.83441011,12.30737778,2.200,2.500,1.010,1.34,8,8,Reverse
1770566469.9371207,57.83441383,12.30737150,57.83441197,12.30737464,2.200,2.500,1.010,0.72,8,8,Stopped
1770566470.9338217,57.83441117,12.30737367,57.83441157,12.30737415,2.238,2.500,1.050,0.17,7,7,Stopped
1770566471.932724,57.83440667,12.30737800,57.83440912,12.30737608,3.924,2.500,2.820,0.67,5,5,Stopped
1770566472.9232318,57.83440967,12.30737350,57.83440939,12.30737479,3.571,2.500,2.450,0.20,5,5,Stopped
1770566473.9215307,57.83441417,12.30736883,57.83441178,12.30737181,3.571,2.500,2.450,0.76,5,5,Stopped
1770566474.9405444,57.83441583,12.30737333,57.83441381,12.30737257,3.495,2.500,2.370,0.98,6,6,Stopped
1770566475.9336286,57.83442500,12.30735433,57.83441940,12.30736345,3.495,2.500,2.370,1.92,6,6,Reverse
1770566476.9288669,57.83442067,12.30736567,57.83442003,12.30736456,3.495,2.500,2.370,0.90,6,6,Stopped
1770566477.932393,57.83442883,12.30735900,57.83442443,12.30736178,3.495,2.500,2.370,1.48,6,6,Stopped
1770566478.9336617,57.83442733,12.30736167,57.83442588,12.30736172,3.495,2.500,2.370,1.15,6,6,Stopped
1770566479.9364119,57.83442483,12.30736367,57.83442536,12.30736269,3.495,2.500,2.370,1.13,6,6,Stopped
1770566480.924146,57.83442817,12.30736417,57.83442676,12.30736343,3.505,2.500,2.380,1.20,6,6,Stopped
1770566481.9352872,57.83442183,12.30737383,57.83442430,12.30736863,3.505,2.500,2.380,0.62,6,6,Forward
1770566482.9318674,57.83441117,12.30739517,57.83441773,12.30738190,3.505,2.500,2.380,0.67,6,6,Forward
1770566483.9255915,57.83441283,12.30738867,57.83441528,12.30738528,3.505,2.500,2.380,0.56,6,6,Forward
1770566484.9211106,57.83441750,12.30738067,57.83441639,12.30738297,3.505,2.500,2.380,0.18,6,6,Stopped
1770566485.9326732,57.83440817,12.30740450,57.83441228,12.30739374,3.505,2.500,2.380,1.16,6,6,Forward
1770566486.9324815,57.83441167,12.30740950,57.83441197,12.30740162,3.505,2.500,2.380,1.20,6,6,Forward
1770566487.923656,57.83440867,12.30741617,57.83441032,12.30740889,3.505,2.500,2.380,0.73,6,6,Forward
1770566488.932304,57.83439867,12.30744367,57.83440449,12.30742628,3.505,2.500,2.380,1.19,6,6,Forward
1770566489.9256375,57.83440683,12.30743133,57.83440566,12.30742881,3.505,2.500,2.380,0.16,6,6,Stopped
1770566490.9347334,57.83438967,12.30746967,57.83439766,12.30744924,3.505,2.500,2.380,1.26,6,6,Forward
1770566491.9225662,57.83438983,12.30747917,57.83439375,12.30746420,3.505,2.500,2.380,1.57,6,6,Forward
1770566492.9370172,57.83438900,12.30748067,57.83439137,12.30747243,3.505,2.500,2.380,1.24,6,6,Forward
1770566493.9233646,57.83439983,12.30745300,57.83439560,12.30746272,3.505,2.500,2.380,0.25,6,6,Reverse
1770566494.9344807,57.83441033,12.30743233,57.83440297,12.30744753,3.514,2.500,2.390,0.46,6,6,Reverse
1770566495.9265997,57.83440767,12.30743883,57.83440532,12.30744318,3.505,2.500,2.380,0.76,6,6,Reverse
1770566496.9211686,57.83441100,12.30743533,57.83440816,12.30743926,3.505,2.500,2.380,0.57,6,6,Reverse
1770566497.9328847,57.83440967,12.30743383,57.83440891,12.30743654,3.505,2.500,2.380,0.62,6,6,Stopped
1770566498.9218118,57.83441250,12.30742433,57.83441071,12.30743044,3.505,2.500,2.380,0.32,6,6,Reverse
1770566499.9324927,57.83441250,12.30741950,57.83441160,12.30742497,3.505,2.500,2.380,0.59,6,6,Reverse
1770566500.928295,57.83441033,12.30742367,57.83441097,12.30742432,3.505,2.500,2.380,0.38,6,6,Stopped
1770566501.9352694,57.83441917,12.30739667,57.83441507,12.30741049,3.505,2.500,2.380,0.71,6,6,Reverse
1770566502.9287221,57.83441633,12.30740550,57.83441570,12.30740800,3.505,2.500,2.380,0.13,6,6,Stopped
1770566503.9353142,57.83441617,12.30740133,57.83441593,12.30740466,3.505,2.500,2.380,0.21,6,6,Stopped
1770566504.9224584,57.83442400,12.30738783,57.83441997,12.30739625,3.505,2.500,2.380,0.33,6,6,Reverse
1770566505.9230003,57.83442650,12.30738050,57.83442323,12.30738837,3.505,2.500,2.380,0.53,6,6,Reverse
1770566506.932551,57.83442117,12.30739500,57.83442220,12.30739169,3.505,2.500,2.380,0.13,6,6,Stopped
1770566507.9395642,57.83441683,12.30739750,57.83441952,12.30739459,3.505,2.500,2.380,0.57,6,6,Stopped
1770566508.9324055,57.83440983,12.30739517,57.83441468,12.30739488,3.505,2.500,2.380,1.26,6,6,Stopped
1770566509.9370258,57.83440617,12.30738867,57.83441042,12.30739177,3.505,2.500,2.380,1.63,6,6,Stopped
1770566510.9334106,57.83439667,12.30741217,57.83440354,12.30740197,3.505,2.500,2.380,1.55,6,6,Forward
1770566511.9231536,57.83439533,12.30742150,57.83439944,12.30741174,3.514,2.500,2.390,1.33,6,6,Forward
1770566512.9323747,57.83439583,12.30742233,57.83439764,12.30741703,3.514,2.500,2.390,1.05,6,6,Forward
1770566513.92223,57.83439700,12.30742433,57.83439732,12.30742068,3.514,2.500,2.390,0.76,6,6,Forward
1770566514.9329042,57.83439050,12.30745117,57.83439391,12.30743593,3.514,2.500,2.390,1.64,6,6,Forward
1770566515.9324753,57.83438067,12.30746867,57.83438729,12.30745230,3.514,2.500,2.390,1.71,6,6,Forward
1770566516.9261374,57.83437433,12.30747700,57.83438081,12.30746465,3.514,2.500,2.390,2.15,6,6,Forward
1770566517.9336667,57.83437250,12.30748350,57.83437666,12.30747407,3.514,2.500,2.390,2.37,6,6,Forward
1770566518.9376574,57.83436967,12.30749050,57.83437316,12.30748229,3.514,2.500,2.390,2.56,6,6,Forward
1770566519.933492,57.83437033,12.30749467,57.83437175,12.30748848,3.514,2.500,2.390,1.91,6,6,Forward
1770566520.9417305,57.83436900,12.30749717,57.83437037,12.30749282,3.514,2.500,2.390,1.65,6,6,Forward
1770566521.9364688,57.83438767,12.30744400,57.83437902,12.30746841,3.514,2.500,2.390,0.46,6,6,Reverse
1770566522.9404936,57.83438800,12.30744967,57.83438351,12.30745904,2.724,2.500,1.560,0.94,7,7,Reverse
1770566523.9356205,57.83438783,12.30744400,57.83438567,12.30745152,2.724,2.500,1.560,0.28,7,7,Reverse
1770566524.9227915,57.83439050,12.30744167,57.83438809,12.30744659,2.724,2.500,1.560,0.59,7,7,Reverse
1770566525.93248,57.83438617,12.30745517,57.83438713,12.30745088,2.724,2.500,1.560,0.50,7,7,Forward
1770566526.9327106,57.83438500,12.30745500,57.83438606,12.30745294,2.724,2.500,1.560,0.26,7,7,Stopped
1770566527.9368045,57.83438800,12.30744850,57.83438703,12.30745072,2.724,2.500,1.560,0.64,7,7,Stopped
1770566528.9325829,57.83438517,12.30745700,57.83438610,12.30745386,2.724,2.500,1.560,0.50,7,7,Stopped
1770566529.937419,57.83438717,12.30744800,57.83438663,12.30745093,2.724,2.500,1.560,0.57,7,7,Stopped
1770566530.936941,57.83439050,12.30743683,57.83438857,12.30744388,2.724,2.500,1.560,0.68,7,7,Reverse
1770566531.9437811,57.83439650,12.30743617,57.83439253,12.30744002,2.724,2.500,1.560,1.03,7,7,Reverse
1770566532.9325137,57.83438867,12.30743600,57.83439060,12.30743801,2.724,2.500,1.560,0.70,7,7,Stopped
1770566533.9338555,57.83438567,12.30743317,57.83438813,12.30743559,3.114,2.500,1.970,1.00,6,6,Stopped
1770566534.9287138,57.83439167,12.30742983,57.83438990,12.30743271,3.114,2.500,1.970,0.03,6,6,Stopped
1770566535.9362788,57.83438417,12.30742867,57.83438703,12.30743069,3.114,2.500,1.970,1.32,6,6,Stopped
1770566536.929545,57.83438083,12.30741367,57.83438393,12.30742218,3.114,2.500,1.970,1.92,6,6,Reverse
1770566537.9327857,57.83438533,12.30741733,57.83438463,12.30741976,3.114,2.500,1.970,0.57,6,6,Stopped
1770566538.9380949,57.83437833,12.30741433,57.83438148,12.30741704,3.114,2.500,1.970,1.64,6,6,Stopped
1770566539.936326,57.83438517,12.30740483,57.83438332,12.30741094,3.114,2.500,1.970,0.60,6,6,Reverse
1770566540.9323945,57.83438333,12.30740583,57.83438333,12.30740839,3.114,2.500,1.970,0.68,6,6,Stopped
1770566541.9369798,57.83438133,12.30739933,57.83438233,12.30740386,3.114,2.500,1.970,1.01,6,6,Reverse
1770566542.92118,57.83437883,12.30740883,57.83438058,12.30740635,3.114,2.500,1.970,0.47,6,6,Stopped
1770566543.940313,57.83437583,12.30741767,57.83437821,12.30741201,2.724,2.500,1.560,0.25,7,7,Forward
1770566544.9341176,57.83437717,12.30741767,57.83437769,12.30741484,2.724,2.500,1.560,0.22,7,7,Stopped
1770566545.9217327,57.83437550,12.30742567,57.83437659,12.30742025,2.724,2.500,1.560,0.23,7,7,Forward
1770566546.932482,57.83437483,12.30742933,57.83437571,12.30742479,2.724,2.500,1.560,0.59,7,7,Forward
1770566547.9399726,57.83438183,12.30742167,57.83437877,12.30742323,2.724,2.500,1.560,0.81,7,7,Stopped
1770566548.9366443,57.83438200,12.30741983,57.83438039,12.30742153,2.724,2.500,1.560,0.52,7,7,Stopped
1770566549.9336412,57.83438400,12.30741600,57.83438219,12.30741877,2.724,2.500,1.560,0.67,7,7,Stopped
1770566550.932752,57.83438017,12.30741567,57.83438118,12.30741722,2.724,2.500,1.560,0.54,7,7,Stopped
1770566551.933886,57.83437333,12.30742417,57.83437726,12.30742069,2.724,2.500,1.560,1.30,7,7,Forward
1770566552.937398,57.83437317,12.30742167,57.83437521,12.30742118,2.724,2.500,1.560,0.83,7,7,Stopped
1770566553.932719,57.83437100,12.30741900,57.83437311,12.30742009,2.724,2.500,1.560,0.85,7,7,Stopped
1770566554.9316452,57.83437250,12.30741050,57.83437280,12.30741529,2.724,2.500,1.560,0.62,7,7,Reverse
1770566555.9383197,57.83437300,12.30741100,57.83437290,12.30741315,2.724,2.500,1.560,0.20,7,7,Stopped
1770566556.933648,57.83437600,12.30741833,57.83437445,12.30741574,2.838,2.500,1.680,1.04,6,6,Stopped
1770566557.9392872,57.83437683,12.30741150,57.83437564,12.30741362,2.838,2.500,1.680,0.29,6,6,Stopped
1770566558.9360476,57.83437333,12.30741000,57.83437449,12.30741181,2.724,2.500,1.560,0.39,7,7,Stopped
1770566559.9377413,57.83437367,12.30740950,57.83437408,12.30741066,2.724,2.500,1.560,0.42,7,7,Stopped
1770566560.933674,57.83437200,12.30740650,57.83437304,12.30740858,2.724,2.500,1.560,0.51,7,7,Stopped
1770566561.9264758,57.83437083,12.30740833,57.83437194,12.30740846,2.724,2.500,1.560,0.60,7,7,Stopped
1770566562.9369216,57.83437383,12.30740733,57.83437288,12.30740789,2.724,2.500,1.560,0.07,7,7,Stopped
1770566563.932411,57.83437667,12.30739933,57.83437478,12.30740361,2.724,2.500,1.560,0.46,7,7,Reverse
1770566564.9344587,57.83437850,12.30739783,57.83437664,12.30740072,2.724,2.500,1.560,0.21,7,7,Stopped
1770566565.932354,57.83437950,12.30739350,57.83437807,12.30739711,2.724,2.500,1.560,0.24,7,7,Reverse
1770566566.9373198,57.83438200,12.30739350,57.83438003,12.30739531,2.724,2.500,1.560,0.46,7,7,Stopped
1770566567.9369256,57.83438133,12.30739683,57.83438068,12.30739607,2.724,2.500,1.560,0.28,7,7,Stopped
1770566568.9417756,57.83438450,12.30739733,57.83438259,12.30739670,2.724,2.500,1.560,0.65,7,7,Stopped
1770566569.9353313,57.83438633,12.30740300,57.83438446,12.30739985,2.724,2.500,1.560,0.87,7,7,Stopped
1770566570.930647,57.83438783,12.30740933,57.83438615,12.30740459,2.724,2.500,1.560,1.15,7,7,Forward
1770566571.9374328,57.83438883,12.30740150,57.83438749,12.30740305,2.724,2.500,1.560,0.74,7,7,Stopped
1770566572.9432528,57.83438883,12.30740667,57.83438816,12.30740486,2.848,2.500,1.690,0.84,6,6,Stopped
1770566573.9375827,57.83438517,12.30740833,57.83438666,12.30740659,2.848,2.500,1.690,0.53,6,6,Stopped
1770566574.9326973,57.83438800,12.30741017,57.83438733,12.30740838,2.848,2.500,1.690,0.90,6,6,Stopped
1770566575.937228,57.83438617,12.30741000,57.83438675,12.30740919,2.848,2.500,1.690,0.64,6,6,Stopped
1770566576.9333987,57.83439117,12.30740800,57.83438896,12.30740860,2.848,2.500,1.690,0.35,6,6,Stopped
1770566577.9420207,57.83439600,12.30741567,57.83439248,12.30741213,2.724,2.500,1.560,0.45,7,7,Forward
1770566578.9327204,57.83439950,12.30742000,57.83439599,12.30741607,2.724,2.500,1.560,0.68,7,7,Forward
1770566579.9425788,57.83440150,12.30742250,57.83439874,12.30741928,2.724,2.500,1.560,0.55,7,7,Stopped
1770566580.94903,57.83440583,12.30742633,57.83440229,12.30742281,2.724,2.500,1.560,0.39,7,7,Forward
1770566581.9360664,57.83440567,12.30744800,57.83440398,12.30743540,2.724,2.500,1.560,0.96,7,7,Forward
1770566582.9389877,57.83439050,12.30747100,57.83439724,12.30745320,2.200,2.500,1.010,2.72,8,8,Forward
1770566583.9325435,57.83438450,12.30748050,57.83439087,12.30746685,2.352,2.500,1.170,2.93,7,7,Forward
1770566584.922348,57.83438067,12.30748950,57.83438577,12.30747818,2.848,2.500,1.690,2.75,6,6,Forward
1770566585.9327717,57.83438517,12.30749933,57.83438547,12.30748875,2.724,2.500,1.560,1.94,7,7,Forward
1770566586.9301841,57.83437583,12.30749367,57.83438065,12.30749121,2.724,2.500,1.560,2.14,7,7,Stopped
1770566587.9357426,57.83438100,12.30749800,57.83438083,12.30749461,2.724,2.500,1.560,1.12,7,7,Forward
1770566588.9330375,57.83437900,12.30748850,57.83437991,12.30749155,2.724,2.500,1.560,0.84,7,7,Stopped
1770566589.9213336,57.83437517,12.30749050,57.83437754,12.30749103,2.848,2.500,1.690,1.08,6,6,Stopped
1770566590.9326365,57.83437667,12.30749133,57.83437710,12.30749118,2.848,2.500,1.690,0.79,6,6,Stopped
1770566591.938556,57.83437150,12.30749200,57.83437430,12.30749159,2.724,2.500,1.560,1.53,7,7,Stopped
1770566592.925223,57.83437750,12.30749700,57.83437590,12.30749429,2.724,2.500,1.560,0.61,7,7,Stopped
1770566593.9247887,57.83437367,12.30749900,57.83437478,12.30749665,2.800,2.500,1.640,0.90,6,6,Stopped
1770566594.926222,57.83437467,12.30750067,57.83437473,12.30749866,3.010,2.500,1.860,0.17,5,5,Stopped
1770566595.9351838,57.83437900,12.30751467,57.83437686,12.30750666,3.010,2.500,1.860,1.08,5,5,Forward
1770566596.923374,57.83437867,12.30752183,57.83437776,12.30751425,3.010,2.500,1.860,1.51,5,5,Forward
1770566597.9326243,57.83437267,12.30752267,57.83437522,12.30751846,3.010,2.500,1.860,1.43,5,5,Forward
1770566598.9258592,57.83436750,12.30752650,57.83437136,12.30752248,3.010,2.500,1.860,1.41,5,5,Forward
1770566599.9355874,57.83436833,12.30753867,57.83436985,12.30753057,3.010,2.500,1.860,1.54,5,5,Forward
1770566600.9377654,57.83435983,12.30754617,57.83436484,12.30753837,2.800,2.500,1.640,2.04,6,6,Forward
1770566601.9376686,57.83435933,12.30755550,57.83436209,12.30754693,2.800,2.500,1.640,2.27,6,6,Forward
1770566602.9324868,57.83435633,12.30755950,57.83435921,12.30755322,2.267,2.500,1.080,2.18,7,7,Forward
1770566603.9243798,57.83434967,12.30755967,57.83435444,12.30755644,2.267,2.500,1.080,2.16,7,7,Stopped
1770566604.9325469,57.83435150,12.30756567,57.83435297,12.30756105,2.267,2.500,1.080,1.73,7,7,Forward
1770566605.925367,57.83435583,12.30758150,57.83435440,12.30757128,2.267,2.500,1.080,2.32,7,7,Forward
1770566606.9356236,57.83436267,12.30757883,57.83435853,12.30757506,2.267,2.500,1.080,1.92,7,7,Forward
1770566607.9307938,57.83436117,12.30757067,57.83435985,12.30757286,2.267,2.500,1.080,1.13,7,7,Stopped
1770566608.9377527,57.83436500,12.30755917,57.83436243,12.30756601,2.267,2.500,1.080,1.06,7,7,Reverse
1770566609.9325044,57.83436733,12.30755283,57.83436488,12.30755942,2.267,2.500,1.080,1.09,7,7,Reverse
1770566610.9270413,57.83436617,12.30754750,57.83436552,12.30755346,2.267,2.500,1.080,0.74,7,7,Reverse
1770566611.933985,57.83435217,12.30752733,57.83435884,12.30754040,2.267,2.500,1.080,1.01,7,7,Reverse
1770566612.9365737,57.83434367,12.30751733,57.83435126,12.30752887,2.267,2.500,1.080,1.50,7,7,Reverse
1770566613.9336889,57.83434400,12.30752450,57.83434763,12.30752668,2.267,2.500,1.080,1.14,7,7,Stopped
1770566614.9237318,57.83434717,12.30752150,57.83434740,12.30752409,2.267,2.500,1.080,0.31,7,7,Stopped
1770566615.9323118,57.83434750,12.30753483,57.83434745,12.30752946,2.267,2.500,1.080,1.06,7,7,Forward
1770566616.9325843,57.83434867,12.30753317,57.83434806,12.30753131,2.267,2.500,1.080,0.83,7,7,Stopped
1770566617.9354165,57.83433950,12.30752983,57.83434378,12.30753057,2.267,2.500,1.080,1.35,7,7,Stopped
1770566618.931082,57.83434133,12.30752483,57.83434256,12.30752770,2.267,2.500,1.080,0.77,7,7,Stopped
1770566619.9375546,57.83434117,12.30752917,57.83434186,12.30752844,2.267,2.500,1.080,0.98,7,7,Stopped
1770566620.935096,57.83433667,12.30752600,57.83433926,12.30752722,2.467,2.500,1.290,1.22,6,6,Stopped
1770566621.9249372,57.83433367,12.30752517,57.83433647,12.30752619,2.467,2.500,1.290,1.17,6,6,Stopped
1770566622.935911,57.83433783,12.30752500,57.83433715,12.30752560,2.467,2.500,1.290,0.46,6,6,Stopped
1770566623.9238346,57.83433850,12.30751883,57.83433782,12.30752221,2.467,2.500,1.290,0.50,6,6,Reverse
1770566624.936101,57.83434833,12.30752317,57.83434308,12.30752269,2.362,2.500,1.180,2.14,7,7,Stopped
1770566625.9339108,57.83434417,12.30752417,57.83434362,12.30752343,2.362,2.500,1.180,2.05,7,7,Stopped
1770566626.9371684,57.83433900,12.30753050,57.83434131,12.30752696,2.362,2.500,1.180,2.21,7,7,Forward
1770566627.9360733,57.83434100,12.30753333,57.83434116,12.30753015,2.362,2.500,1.180,2.23,7,7,Stopped
1770566628.9380164,57.83433767,12.30753233,57.83433941,12.30753124,2.362,2.500,1.180,2.28,7,7,Stopped
1770566629.9367108,57.83434317,12.30753417,57.83434129,12.30753270,2.362,2.500,1.180,2.78,7,7,Stopped
1770566630.9428713,57.83434467,12.30753367,57.83434298,12.30753319,2.362,2.500,1.180,2.50,7,7,Stopped
1770566631.9353204,57.83433750,12.30751817,57.83434024,12.30752568,2.362,2.500,1.180,1.04,7,7,Reverse
1770566632.9308033,57.83433017,12.30751333,57.83433520,12.30751950,2.210,2.500,1.020,0.61,8,8,Reverse
1770566633.936235,57.83432633,12.30751167,57.83433077,12.30751559,2.210,2.500,1.020,1.35,8,8,Reverse
1770566634.9380617,57.83432383,12.30750600,57.83432730,12.30751079,2.210,2.500,1.020,1.22,8,8,Reverse
1770566635.941602,57.83433067,12.30750333,57.83432898,12.30750706,2.210,2.500,1.020,1.68,8,8,Reverse
1770566636.932349,57.83433483,12.30750283,57.83433191,12.30750495,2.210,2.500,1.020,2.01,8,8,Stopped
1770566637.9260218,57.83433233,12.30748800,57.83433212,12.30749647,2.276,2.500,1.090,1.51,7,7,Reverse
1770566638.9364846,57.83433717,12.30749533,57.83433464,12.30749590,3.114,2.500,1.970,2.18,6,6,Stopped
1770566639.9325516,57.83433167,12.30749433,57.83433316,12.30749512,3.114,2.500,1.970,1.17,6,6,Stopped
1770566640.9376123,57.83433567,12.30752133,57.83433441,12.30750823,3.114,2.500,1.970,2.48,6,6,Forward
1770566641.9324856,57.83434017,12.30752833,57.83433729,12.30751828,3.114,2.500,1.970,2.56,6,6,Forward
1770566642.9225934,57.83434600,12.30753917,57.83434164,12.30752872,3.114,2.500,1.970,3.03,6,6,Forward
1770566643.932665,57.83434583,12.30753900,57.83434374,12.30753386,3.114,2.500,1.970,2.34,6,6,Forward
1770566644.9415061,57.83435367,12.30755383,57.83434870,12.30754385,2.362,2.500,1.180,2.88,7,7,Forward
1770566645.9368372,57.83434417,12.30753767,57.83434643,12.30754076,2.362,2.500,1.180,1.10,7,7,Stopped
1770566646.9304774,57.83434833,12.30754833,57.83434738,12.30754455,2.362,2.500,1.180,2.11,7,7,Forward
1770566647.9334514,57.83434050,12.30753567,57.83434394,12.30754011,2.362,2.500,1.180,1.09,7,7,Reverse
1770566648.9335074,57.83433417,12.30752683,57.83433905,12.30753347,2.362,2.500,1.180,0.57,7,7,Reverse
1770566649.9374409,57.83433683,12.30752917,57.83433794,12.30753132,2.495,2.500,1.320,0.20,6,6,Stopped
1770566650.9362493,57.83434117,12.30752983,57.83433956,12.30753058,2.429,2.500,1.250,0.33,7,7,Stopped
1770566651.9420085,57.83434417,12.30753150,57.83434186,12.30753104,2.429,2.500,1.250,0.41,7,7,Stopped
1770566652.9366145,57.83434850,12.30753567,57.83434518,12.30753335,2.429,2.500,1.250,0.74,7,7,Stopped
1770566653.936776,57.83434583,12.30753600,57.83434551,12.30753468,2.429,2.500,1.250,0.58,7,7,Stopped
1770566654.9211717,57.83434233,12.30753833,57.83434392,12.30753650,2.362,2.500,1.180,0.65,7,7,Stopped
1770566655.9223337,57.83433600,12.30754517,57.83433996,12.30754084,2.362,2.500,1.180,1.41,7,7,Forward
1770566656.9232528,57.83433883,12.30755533,57.83433940,12.30754808,2.419,2.500,1.240,1.89,6,6,Forward
1770566657.9366937,57.83434083,12.30756583,57.83434012,12.30755696,2.419,2.500,1.240,2.22,6,6,Forward
1770566658.9408052,57.83433817,12.30756317,57.83433914,12.30756006,2.419,2.500,1.240,1.03,6,6,Stopped
1770566659.9333131,57.83433617,12.30756100,57.83433765,12.30756053,2.419,2.500,1.240,0.60,6,6,Stopped
1770566660.9310565,57.83433617,12.30755667,57.83433691,12.30755860,2.419,2.500,1.240,0.86,6,6,Stopped
1770566661.9367769,57.83433750,12.30756350,57.83433721,12.30756105,2.419,2.500,1.240,1.44,6,6,Stopped
1770566662.9328,57.83434217,12.30757250,57.83433969,12.30756677,2.362,2.500,1.180,2.04,7,7,Forward
1770566663.9384098,57.83434633,12.30758083,57.83434301,12.30757380,2.362,2.500,1.180,2.14,7,7,Forward
1770566664.9360619,57.83434567,12.30758233,57.83434434,12.30757807,2.362,2.500,1.180,1.68,7,7,Forward
1770566665.9374,57.83434400,12.30758450,57.83434417,12.30758128,2.362,2.500,1.180,1.66,7,7,Stopped
1770566666.935915,57.83434317,12.30758650,57.83434367,12.30758389,2.362,2.500,1.180,1.45,7,7,Stopped
1770566667.937671,57.83434400,12.30758550,57.83434383,12.30758470,2.362,2.500,1.180,0.62,7,7,Stopped
1770566668.9324121,57.83434417,12.30758567,57.83434400,12.30758518,2.362,2.500,1.180,0.52,7,7,Stopped
1770566669.9323592,57.83434500,12.30758617,57.83434450,12.30758567,2.362,2.500,1.180,0.84,7,7,Stopped
1770566670.923753,57.83434883,12.30758783,57.83434667,12.30758675,2.362,2.500,1.180,1.09,7,7,Stopped
1770566671.9380534,57.83434917,12.30758850,57.83434792,12.30758763,2.495,2.500,1.320,1.08,6,6,Stopped
1770566672.9299688,57.83435033,12.30758733,57.83434913,12.30758748,2.495,2.500,1.320,0.92,6,6,Stopped
1770566673.934873,57.83435317,12.30758533,57.83435115,12.30758641,2.495,2.500,1.320,0.88,6,6,Stopped
1770566674.922652,57.83435317,12.30757967,57.83435216,12.30758304,2.495,2.500,1.320,0.90,6,6,Stopped
1770566675.9378743,57.83435250,12.30757433,57.83435233,12.30757869,2.495,2.500,1.320,0.75,6,6,Reverse
1770566676.933562,57.83434867,12.30756217,57.83435050,12.30757043,2.495,2.500,1.320,0.34,6,6,Reverse
1770566677.9300978,57.83434633,12.30755383,57.83434842,12.30756213,2.495,2.500,1.320,0.39,6,6,Reverse
1770566678.9345367,57.83434050,12.30754567,57.83434446,12.30755390,2.495,2.500,1.320,0.68,6,6,Reverse
1770566679.9277136,57.83433333,12.30755000,57.83433890,12.30755195,2.495,2.500,1.320,1.49,6,6,Stopped
1770566680.9358406,57.83433083,12.30755350,57.83433486,12.30755272,3.724,2.500,2.610,1.29,5,5,Stopped
1770566681.9229214,57.83432717,12.30755350,57.83433102,12.30755311,3.724,2.500,2.610,0.96,5,5,Stopped
1770566682.9328518,57.83432100,12.30754683,57.83432601,12.30754997,3.724,2.500,2.610,0.96,5,5,Stopped
1770566683.9323163,57.83431950,12.30754383,57.83432275,12.30754690,3.724,2.500,2.610,0.70,5,5,Stopped
1770566684.9286745,57.83431867,12.30754050,57.83432071,12.30754370,3.724,2.500,2.610,0.38,5,5,Stopped
1770566685.932598,57.83431250,12.30752500,57.83431661,12.30753435,3.724,2.500,2.610,1.11,5,5,Reverse
1770566686.933177,57.83431350,12.30751750,57.83431505,12.30752593,2.495,2.500,1.320,0.83,6,6,Reverse
1770566687.932676,57.83431867,12.30751233,57.83431686,12.30751913,2.495,2.500,1.320,0.06,6,6,Reverse
1770566688.9367242,57.83432050,12.30751300,57.83431868,12.30751606,2.495,2.500,1.320,0.68,6,6,Stopped
1770566689.937636,57.83432133,12.30751367,57.83432001,12.30751487,2.495,2.500,1.320,0.83,6,6,Stopped
1770566690.9306827,57.83432417,12.30751333,57.83432209,12.30751410,2.495,2.500,1.320,0.44,6,6,Stopped
1770566691.938228,57.83431967,12.30749983,57.83432088,12.30750697,2.495,2.500,1.320,0.40,6,6,Reverse
1770566692.9334369,57.83432167,12.30749450,57.83432127,12.30750073,2.495,2.500,1.320,0.21,6,6,Reverse
1770566693.9337897,57.83432600,12.30749833,57.83432364,12.30749953,2.495,2.500,1.320,0.78,6,6,Stopped
1770566694.932376,57.83432883,12.30749467,57.83432623,12.30749710,2.495,2.500,1.320,0.66,6,6,Stopped
1770566695.9242797,57.83432967,12.30749450,57.83432795,12.30749580,2.495,2.500,1.320,0.65,6,6,Stopped
1770566696.9343784,57.83433117,12.30749817,57.83432956,12.30749698,2.495,2.500,1.320,1.09,6,6,Stopped
1770566697.924555,57.83433100,12.30749317,57.83433028,12.30749507,2.495,2.500,1.320,1.04,6,6,Stopped
1770566698.9345703,57.83432883,12.30747950,57.83432956,12.30748729,2.495,2.500,1.320,0.40,6,6,Reverse
1770566699.9372833,57.83432667,12.30746417,57.83432811,12.30747573,2.495,2.500,1.320,1.03,6,6,Reverse
1770566700.9336786,57.83432967,12.30745883,57.83432889,12.30746728,2.495,2.500,1.320,0.82,6,6,Reverse
1770566701.923112,57.83433217,12.30744333,57.83433053,12.30745531,2.495,2.500,1.320,0.64,6,6,Reverse
1770566702.9378674,57.83434133,12.30744100,57.83433593,12.30744815,2.495,2.500,1.320,0.78,6,6,Reverse
1770566703.9323025,57.83434117,12.30742983,57.83433855,12.30743899,2.495,2.500,1.320,0.31,6,6,Reverse
1770566704.9329245,57.83434833,12.30742800,57.83434344,12.30743350,2.495,2.500,1.320,0.54,6,6,Reverse
1770566705.9337113,57.83435100,12.30742467,57.83434722,12.30742908,2.495,2.500,1.320,0.40,6,6,Reverse
1770566706.9280767,57.83435117,12.30741233,57.83434919,12.30742071,2.495,2.500,1.320,0.08,6,6,Reverse
1770566707.9359608,57.83435867,12.30741467,57.83435393,12.30741769,2.495,2.500,1.320,0.81,6,6,Stopped
1770566708.9228814,57.83435650,12.30740100,57.83435522,12.30740934,2.495,2.500,1.320,0.48,6,6,Reverse
1770566709.932399,57.83435783,12.30739183,57.83435652,12.30740059,2.495,2.500,1.320,0.64,6,6,Reverse
1770566710.93258,57.83435733,12.30737867,57.83435693,12.30738963,2.495,2.500,1.320,0.56,6,6,Reverse
1770566711.9259999,57.83436433,12.30737783,57.83436063,12.30738373,2.495,2.500,1.320,0.46,6,6,Reverse
1770566712.9334292,57.83436467,12.30736717,57.83436265,12.30737545,2.495,2.500,1.320,0.39,6,6,Reverse
1770566713.9373522,57.83436433,12.30736867,57.83436349,12.30737206,2.495,2.500,1.320,0.16,6,6,Reverse
1770566714.933698,57.83436850,12.30736600,57.83436600,12.30736903,2.495,2.500,1.320,0.40,6,6,Stopped
1770566715.9218097,57.83436517,12.30735433,57.83436558,12.30736168,2.495,2.500,1.320,0.34,6,6,Reverse
1770566716.934865,57.83436850,12.30734600,57.83436704,12.30735384,2.495,2.500,1.320,0.55,6,6,Reverse
1770566717.923305,57.83436967,12.30734617,57.83436835,12.30735000,2.495,2.500,1.320,0.32,6,6,Reverse
1770566718.9335873,57.83437167,12.30734250,57.83437001,12.30734625,2.495,2.500,1.320,0.20,6,6,Reverse
1770566719.9323225,57.83437483,12.30733933,57.83437242,12.30734279,2.495,2.500,1.320,0.59,6,6,Reverse
1770566720.9286766,57.83437517,12.30733417,57.83437379,12.30733848,2.495,2.500,1.320,0.49,6,6,Reverse
1770566721.932807,57.83437650,12.30732800,57.83437515,12.30733324,2.495,2.500,1.320,0.32,6,6,Reverse
1770566722.9221423,57.83438000,12.30732533,57.83437757,12.30732929,2.495,2.500,1.320,0.34,6,6,Reverse
1770566723.9239254,57.83438250,12.30732067,57.83438004,12.30732498,2.495,2.500,1.320,0.36,6,6,Reverse
1770566724.9258757,57.83438450,12.30731433,57.83438227,12.30731965,2.495,2.500,1.320,0.49,6,6,Reverse
1770566725.9328148,57.83438533,12.30731133,57.83438380,12.30731549,2.495,2.500,1.320,0.19,6,6,Reverse
1770566726.9294407,57.83438817,12.30730817,57.83438598,12.30731183,2.495,2.500,1.320,0.49,6,6,Reverse
1770566727.9351087,57.83438917,12.30730317,57.83438758,12.30730750,2.495,2.500,1.320,0.38,6,6,Reverse
1770566728.9323559,57.83438933,12.30730033,57.83438845,12.30730392,2.495,2.500,1.320,0.20,6,6,Reverse
1770566729.9332612,57.83439050,12.30729417,57.83438948,12.30729904,2.495,2.500,1.320,0.39,6,6,Reverse
1770566730.9358773,57.83439033,12.30729150,57.83438991,12.30729527,2.495,2.500,1.320,0.22,6,6,Reverse
1770566731.9382894,57.83439167,12.30728917,57.83439079,12.30729222,2.495,2.500,1.320,0.32,6,6,Stopped
1770566732.932816,57.83439333,12.30728600,57.83439206,12.30728911,2.495,2.500,1.320,0.37,6,6,Stopped
1770566733.9291382,57.83439467,12.30728417,57.83439336,12.30728664,2.495,2.500,1.320,0.43,6,6,Stopped
1770566734.9261801,57.83439450,12.30728167,57.83439393,12.30728415,2.495,2.500,1.320,0.19,6,6,Stopped
1770566735.9219108,57.83439483,12.30728067,57.83439438,12.30728241,2.495,2.500,1.320,0.38,6,6,Stopped
1770566736.9362264,57.83439450,12.30727683,57.83439444,12.30727962,2.495,2.500,1.320,0.44,6,6,Stopped
1770566737.9332805,57.83439400,12.30727233,57.83439422,12.30727598,2.495,2.500,1.320,0.42,6,6,Reverse
1770566738.9236686,57.83439517,12.30726950,57.83439469,12.30727274,2.495,2.500,1.320,0.48,6,6,Stopped
1770566739.9235754,57.83439550,12.30726500,57.83439510,12.30726887,2.495,2.500,1.320,0.48,6,6,Reverse
1770566740.9325192,57.83439617,12.30726183,57.83439563,12.30726535,2.495,2.500,1.320,0.57,6,6,Reverse
1770566741.9327645,57.83439650,12.30725867,57.83439607,12.30726201,2.495,2.500,1.320,0.61,6,6,Stopped
1770566742.9214694,57.83439617,12.30725617,57.83439612,12.30725909,2.495,2.500,1.320,0.29,6,6,Stopped
1770566743.9323354,57.83439650,12.30725600,57.83439631,12.30725754,2.495,2.500,1.320,0.30,6,6,Stopped
1770566744.9267821,57.83439733,12.30725533,57.83439682,12.30725644,2.495,2.500,1.320,0.35,6,6,Stopped
1770566745.932665,57.83439867,12.30724900,57.83439774,12.30725272,2.495,2.500,1.320,0.83,6,6,Reverse
1770566746.9228604,57.83439733,12.30724600,57.83439754,12.30724936,2.495,2.500,1.320,0.44,6,6,Stopped
1770566747.9290085,57.83439700,12.30724033,57.83439727,12.30724485,2.495,2.500,1.320,0.54,6,6,Reverse
1770566748.9314723,57.83440000,12.30724067,57.83439863,12.30724276,2.495,2.500,1.320,0.48,6,6,Stopped
1770566749.9376404,57.83439800,12.30723867,57.83439832,12.30724071,2.495,2.500,1.320,0.65,6,6,Stopped
1770566750.932665,57.83439650,12.30723167,57.83439741,12.30723619,2.362,2.500,1.180,0.89,7,7,Reverse
1770566751.9236429,57.83439700,12.30722950,57.83439720,12.30723284,2.362,2.500,1.180,0.22,7,7,Stopped
1770566752.9240127,57.83439517,12.30722667,57.83439619,12.30722976,2.362,2.500,1.180,0.04,7,7,Stopped
1770566753.9262471,57.83439383,12.30722500,57.83439501,12.30722738,2.362,2.500,1.180,0.10,7,7,Stopped
1770566754.9323795,57.83438767,12.30722400,57.83439134,12.30722569,2.362,2.500,1.180,0.66,7,7,Stopped
1770566755.930681,57.83437983,12.30721850,57.83438559,12.30722209,2.362,2.500,1.180,1.21,7,7,Reverse
1770566756.9396143,57.83437883,12.30722067,57.83438221,12.30722138,2.362,2.500,1.180,0.72,7,7,Stopped
1770566757.93968,57.83437867,12.30722750,57.83438044,12.30722444,2.362,2.500,1.180,0.80,7,7,Stopped
1770566758.92333,57.83437500,12.30722500,57.83437772,12.30722472,2.362,2.500,1.180,0.54,7,7,Stopped
1770566759.9325018,57.83437717,12.30723233,57.83437744,12.30722853,2.362,2.500,1.180,0.63,7,7,Forward
1770566760.9387858,57.83437683,12.30722750,57.83437714,12.30722801,2.467,2.500,1.290,0.32,6,6,Stopped
1770566761.936836,57.83437117,12.30722400,57.83437415,12.30722601,2.467,2.500,1.290,0.36,6,6,Stopped
1770566762.9297712,57.83436183,12.30721250,57.83436799,12.30721925,2.362,2.500,1.180,1.14,7,7,Reverse
1770566763.9347956,57.83435583,12.30720650,57.83436191,12.30721288,2.362,2.500,1.180,1.50,7,7,Reverse
1770566764.9327016,57.83435367,12.30720667,57.83435779,12.30720977,2.371,2.500,1.190,1.25,7,7,Stopped
1770566765.9394631,57.83435433,12.30720333,57.83435606,12.30720655,2.371,2.500,1.190,0.81,7,7,Stopped
1770566766.932453,57.83435517,12.30720500,57.83435561,12.30720578,2.371,2.500,1.190,0.52,7,7,Stopped
1770566767.938857,57.83435717,12.30721050,57.83435639,12.30720814,2.371,2.500,1.190,0.26,7,7,Stopped
1770566768.9327457,57.83435967,12.30721550,57.83435803,12.30721182,2.371,2.500,1.190,0.35,7,7,Forward
1770566769.9415367,57.83436017,12.30721567,57.83435910,12.30721374,2.371,2.500,1.190,0.70,7,7,Stopped
1770566770.9356036,57.83436400,12.30722367,57.83436155,12.30721870,2.371,2.500,1.190,1.53,7,7,Forward
1770566771.9325535,57.83436550,12.30722817,57.83436352,12.30722344,2.371,2.500,1.190,1.37,7,7,Forward
1770566772.938219,57.83436450,12.30722567,57.83436401,12.30722455,2.371,2.500,1.190,0.52,7,7,Stopped
1770566773.9344726,57.83435683,12.30720650,57.83436042,12.30721553,2.371,2.500,1.190,1.74,7,7,Reverse
1770566774.921856,57.83435717,12.30720667,57.83435879,12.30721110,2.371,2.500,1.190,0.95,7,7,Reverse
1770566775.9349418,57.83435850,12.30721050,57.83435865,12.30721080,2.371,2.500,1.190,0.58,7,7,Stopped
1770566776.9222114,57.83435683,12.30720500,57.83435774,12.30720790,2.371,2.500,1.190,1.31,7,7,Stopped
1770566777.9365964,57.83435767,12.30720550,57.83435770,12.30720670,2.371,2.500,1.190,0.92,7,7,Stopped
1770566778.9386878,57.83436050,12.30721567,57.83435910,12.30721118,2.371,2.500,1.190,0.34,7,7,Forward
1770566779.9387329,57.83436183,12.30721833,57.83436047,12.30721476,2.371,2.500,1.190,0.55,7,7,Forward
1770566780.9325073,57.83436800,12.30723250,57.83436423,12.30722363,2.371,2.500,1.190,1.53,7,7,Forward
1770566781.928287,57.83437267,12.30724083,57.83436845,12.30723223,2.371,2.500,1.190,1.41,7,7,Forward
1770566782.9395416,57.83437833,12.30725300,57.83437339,12.30724262,2.371,2.500,1.190,1.89,7,7,Forward
1770566783.9375057,57.83438500,12.30726533,57.83437920,12.30725397,2.371,2.500,1.190,2.47,7,7,Forward
1770566784.9323666,57.83438600,12.30726267,57.83438260,12.30725832,2.371,2.500,1.190,1.34,7,7,Forward
1770566785.923577,57.83438700,12.30726367,57.83438480,12.30726099,2.371,2.500,1.190,0.59,7,7,Stopped
1770566786.9368072,57.83438917,12.30726850,57.83438698,12.30726475,2.371,2.500,1.190,0.56,7,7,Forward
1770566787.932399,57.83438933,12.30727000,57.83438816,12.30726737,2.371,2.500,1.190,0.55,7,7,Stopped
1770566788.939165,57.83439033,12.30727017,57.83438925,12.30726877,2.371,2.500,1.190,0.71,7,7,Stopped
1770566789.9326072,57.83439167,12.30727417,57.83439046,12.30727147,2.371,2.500,1.190,0.85,7,7,Stopped
1770566790.937558,57.83439517,12.30728150,57.83439281,12.30727648,2.371,2.500,1.190,1.15,7,7,Forward
1770566791.932374,57.83439583,12.30728133,57.83439432,12.30727891,2.371,2.500,1.190,0.57,7,7,Stopped
1770566792.9229324,57.83439233,12.30727217,57.83439333,12.30727554,2.371,2.500,1.190,0.49,7,7,Stopped
1770566793.9335885,57.83439300,12.30727350,57.83439316,12.30727452,2.371,2.500,1.190,0.48,7,7,Stopped
1770566794.9316113,57.83439233,12.30727017,57.83439275,12.30727234,2.371,2.500,1.190,0.51,7,7,Stopped
1770566795.9393594,57.83438933,12.30726017,57.83439104,12.30726625,2.371,2.500,1.190,1.08,7,7,Reverse
1770566796.9230034,57.83438667,12.30725200,57.83438885,12.30725913,2.371,2.500,1.190,1.26,7,7,Reverse
1770566797.9377143,57.83438967,12.30725750,57.83438926,12.30725831,2.371,2.500,1.190,0.32,7,7,Stopped
1770566798.9328156,57.83438917,12.30725467,57.83438921,12.30725649,2.371,2.500,1.190,0.20,7,7,Stopped
1770566799.9264164,57.83438800,12.30725150,57.83438861,12.30725400,2.371,2.500,1.190,0.48,7,7,Stopped
1770566800.9325216,57.83438800,12.30725267,57.83438830,12.30725333,2.371,2.500,1.190,0.17,7,7,Stopped
1770566801.929722,57.83438717,12.30725300,57.83438774,12.30725317,2.371,2.500,1.190,0.40,7,7,Stopped
1770566802.9333143,57.83438533,12.30725233,57.83438653,12.30725275,2.371,2.500,1.190,0.37,7,7,Stopped
1770566803.9235084,57.83438650,12.30725617,57.83438652,12.30725446,2.371,2.500,1.190,0.39,7,7,Stopped
1770566804.9326322,57.83438867,12.30726083,57.83438759,12.30725765,2.371,2.500,1.190,0.69,7,7,Stopped
1770566805.9325666,57.83439017,12.30726317,57.83438888,12.30726041,2.371,2.500,1.190,0.73,7,7,Stopped
1770566806.9379447,57.83439367,12.30726567,57.83439127,12.30726304,2.371,2.500,1.190,1.24,7,7,Stopped
1770566807.9335809,57.83439233,12.30726083,57.83439180,12.30726193,2.371,2.500,1.190,0.50,7,7,Stopped
1770566808.9299896,57.83439467,12.30726217,57.83439323,12.30726205,2.371,2.500,1.190,0.57,7,7,Stopped
1770566809.9352124,57.83439483,12.30725650,57.83439403,12.30725928,2.438,2.500,1.260,0.57,6,6,Stopped
1770566810.929018,57.83439717,12.30725833,57.83439560,12.30725880,2.438,2.500,1.260,0.60,6,6,Stopped
1770566811.9357872,57.83439600,12.30725817,57.83439580,12.30725849,2.686,2.500,1.520,0.27,5,5,Stopped
1770566812.9325924,57.83439550,12.30725717,57.83439565,12.30725783,2.467,2.500,1.290,0.27,6,6,Stopped
1770566813.9326925,57.83439383,12.30726150,57.83439474,12.30725966,2.467,2.500,1.290,0.11,6,6,Stopped
1770566814.9337049,57.83439567,12.30726450,57.83439520,12.30726208,2.210,2.500,1.020,0.35,8,8,Stopped
1770566815.938169,57.83439667,12.30726633,57.83439594,12.30726421,2.371,2.500,1.190,0.40,7,7,Stopped
1770566816.9334998,57.83439967,12.30727033,57.83439780,12.30726727,2.371,2.500,1.190,0.16,7,7,Stopped
1770566817.936659,57.83440067,12.30727483,57.83439923,12.30727105,2.371,2.500,1.190,0.13,7,7,Forward
1770566818.9352758,57.83440167,12.30727600,57.83440045,12.30727353,2.371,2.500,1.190,0.27,7,7,Stopped
1770566819.924619,57.83440217,12.30727617,57.83440131,12.30727485,2.371,2.500,1.190,0.27,7,7,Stopped
1770566820.9346023,57.83440317,12.30727667,57.83440224,12.30727576,2.371,2.500,1.190,0.21,7,7,Stopped
1770566821.9327242,57.83440400,12.30727767,57.83440312,12.30727671,2.371,2.500,1.190,0.18,7,7,Stopped
1770566822.92762,57.83440483,12.30727733,57.83440398,12.30727702,2.371,2.500,1.190,0.13,7,7,Stopped
1770566823.933908,57.83440500,12.30727517,57.83440449,12.30727609,2.371,2.500,1.190,0.36,7,7,Stopped
1770566824.929065,57.83440567,12.30727200,57.83440508,12.30727405,2.371,2.500,1.190,0.35,7,7,Stopped
1770566825.932409,57.83440617,12.30726883,57.83440562,12.30727144,2.371,2.500,1.190,0.28,7,7,Stopped
1770566826.936579,57.83440700,12.30726633,57.83440631,12.30726889,2.371,2.500,1.190,0.18,7,7,Stopped
1770566827.9368806,57.83440750,12.30726383,57.83440691,12.30726636,2.371,2.500,1.190,0.21,7,7,Stopped
1770566828.932382,57.83440833,12.30726300,57.83440762,12.30726468,2.371,2.500,1.190,0.15,7,7,Stopped
1770566829.9389987,57.83440917,12.30726467,57.83440839,12.30726467,2.371,2.500,1.190,0.21,7,7,Stopped
1770566830.931565,57.83440900,12.30726383,57.83440870,12.30726425,2.371,2.500,1.190,0.24,7,7,Stopped
1770566831.9378157,57.83440867,12.30726450,57.83440868,12.30726438,2.371,2.500,1.190,0.36,7,7,Stopped
1770566832.932704,57.83440767,12.30726183,57.83440817,12.30726311,2.371,2.500,1.190,0.71,7,7,Stopped
1770566833.9232852,57.83440900,12.30726400,57.83440859,12.30726355,2.371,2.500,1.190,0.29,7,7,Stopped
1770566834.9360657,57.83440717,12.30726117,57.83440788,12.30726236,2.476,2.500,1.300,0.33,6,6,Stopped
1770566835.9221323,57.83440717,12.30726067,57.83440752,12.30726151,2.476,2.500,1.300,0.27,6,6,Stopped
1770566836.937088,57.83440800,12.30726100,57.83440776,12.30726126,2.590,2.500,1.420,0.29,5,5,Stopped
1770566837.9335394,57.83440817,12.30726400,57.83440796,12.30726263,2.467,2.500,1.290,0.26,6,6,Stopped
1770566838.9323676,57.83440817,12.30726250,57.83440807,12.30726256,2.467,2.500,1.290,0.32,6,6,Stopped
1770566839.9234142,57.83440683,12.30726017,57.83440745,12.30726137,2.467,2.500,1.290,0.22,6,6,Stopped
1770566840.923994,57.83440717,12.30726150,57.83440731,12.30726143,2.467,2.500,1.290,0.45,6,6,Stopped
1770566841.935781,57.83440683,12.30726183,57.83440707,12.30726163,2.467,2.500,1.290,0.48,6,6,Stopped
1770566842.9216955,57.83440767,12.30726250,57.83440737,12.30726207,2.467,2.500,1.290,0.15,6,6,Stopped
1770566843.9371617,57.83440833,12.30726517,57.83440785,12.30726362,2.686,2.500,1.520,0.07,5,5,Stopped
1770566844.9271724,57.83440983,12.30726783,57.83440884,12.30726572,2.438,2.500,1.260,0.21,6,6,Stopped
1770566845.9223475,57.83441117,12.30727283,57.83441000,12.30726928,2.438,2.500,1.260,0.11,6,6,Forward
1770566846.9326308,57.83441283,12.30727667,57.83441142,12.30727297,2.438,2.500,1.260,0.10,6,6,Forward
1770566847.924405,57.83441467,12.30727933,57.83441304,12.30727615,2.438,2.500,1.260,0.06,6,6,Stopped
1770566848.933942,57.83441533,12.30728233,57.83441419,12.30727924,2.438,2.500,1.260,0.05,6,6,Stopped
1770566849.9216967,57.83441733,12.30728433,57.83441576,12.30728179,2.438,2.500,1.260,0.12,6,6,Stopped
1770566850.9250426,57.83441900,12.30728633,57.83441738,12.30728406,2.438,2.500,1.260,0.06,6,6,Stopped
1770566851.9219468,57.83442067,12.30728933,57.83441902,12.30728670,2.438,2.500,1.260,0.12,6,6,Stopped
1770566852.9326508,57.83442083,12.30729167,57.83441993,12.30728918,2.438,2.500,1.260,0.09,6,6,Stopped
1770566853.9228709,57.83442133,12.30729283,57.83442063,12.30729101,2.438,2.500,1.260,0.06,6,6,Stopped
1770566854.938359,57.83442233,12.30729367,57.83442148,12.30729234,2.438,2.500,1.260,0.05,6,6,Stopped
1770566855.9327605,57.83442217,12.30729567,57.83442182,12.30729400,2.438,2.500,1.260,0.11,6,6,Stopped
1770566856.9411595,57.83442267,12.30729767,57.83442225,12.30729583,2.438,2.500,1.260,0.18,6,6,Stopped
1770566857.934874,57.83442450,12.30729783,57.83442337,12.30729683,2.438,2.500,1.260,0.31,6,6,Stopped
1770566858.935499,57.83442567,12.30729667,57.83442452,12.30729675,2.438,2.500,1.260,0.33,6,6,Stopped
1770566859.9356196,57.83442650,12.30729883,57.83442551,12.30729779,2.371,2.500,1.190,0.09,7,7,Stopped
1770566860.9229088,57.83442783,12.30729983,57.83442667,12.30729881,2.438,2.500,1.260,0.07,6,6,Stopped
1770566861.9238346,57.83442800,12.30730250,57.83442734,12.30730066,2.438,2.500,1.260,0.08,6,6,Stopped
1770566862.937732,57.83442867,12.30730433,57.83442800,12.30730249,2.438,2.500,1.260,0.05,6,6,Stopped
1770566863.9371507,57.83442767,12.30730650,57.83442783,12.30730450,2.438,2.500,1.260,0.19,6,6,Stopped
1770566864.930484,57.83442783,12.30730633,57.83442783,12.30730542,2.438,2.500,1.260,0.11,6,6,Stopped
1770566865.9367225,57.83442783,12.30730383,57.83442783,12.30730462,2.438,2.500,1.260,0.07,6,6,Stopped
1770566866.9326842,57.83442833,12.30730300,57.83442808,12.30730381,2.371,2.500,1.190,0.17,7,7,Stopped
1770566867.9239333,57.83442783,12.30730067,57.83442796,12.30730224,2.371,2.500,1.190,0.25,7,7,Stopped
1770566868.9328308,57.83442733,12.30729667,57.83442765,12.30729945,2.371,2.500,1.190,0.38,7,7,Stopped
1770566869.9298477,57.83442833,12.30729667,57.83442799,12.30729806,2.371,2.500,1.190,0.17,7,7,Stopped
1770566870.9220815,57.83442867,12.30729550,57.83442833,12.30729678,2.448,2.500,1.270,0.06,6,6,Stopped
1770566871.9316618,57.83442817,12.30729467,57.83442825,12.30729572,2.448,2.500,1.270,0.25,6,6,Stopped
1770566872.9216504,57.83442717,12.30729350,57.83442771,12.30729461,2.448,2.500,1.270,0.71,6,6,Stopped
1770566873.9327247,57.83442700,12.30729417,57.83442735,12.30729439,2.448,2.500,1.270,0.43,6,6,Stopped
1770566874.9238503,57.83442717,12.30729417,57.83442726,12.30729428,2.448,2.500,1.270,0.19,6,6,Stopped
1770566875.9235213,57.83442567,12.30729033,57.83442646,12.30729231,2.686,2.500,1.520,0.45,5,5,Stopped
1770566876.9288926,57.83442533,12.30728850,57.83442590,12.30729040,2.686,2.500,1.520,0.62,5,5,Stopped
1770566877.932487,57.83442500,12.30728800,57.83442545,12.30728920,2.686,2.500,1.520,0.42,5,5,Stopped
1770566878.9305294,57.83442567,12.30728783,57.83442556,12.30728852,2.686,2.500,1.520,0.06,5,5,Stopped
1770566879.9229822,57.83442533,12.30728867,57.83442545,12.30728859,2.686,2.500,1.520,0.18,5,5,Stopped
1770566880.9326603,57.83442683,12.30729083,57.83442614,12.30728971,2.448,2.500,1.270,0.21,6,6,Stopped
1770566881.9237235,57.83443000,12.30729533,57.83442807,12.30729252,2.448,2.500,1.270,0.22,6,6,Stopped
1770566882.9323316,57.83443050,12.30729650,57.83442928,12.30729451,2.448,2.500,1.270,0.31,6,6,Stopped
1770566883.93341,57.83443200,12.30729950,57.83443064,12.30729701,2.448,2.500,1.270,0.46,6,6,Stopped
1770566884.933359,57.83443250,12.30730067,57.83443157,12.30729884,2.448,2.500,1.270,0.22,6,6,Stopped
1770566885.923118,57.83443300,12.30730317,57.83443229,12.30730100,2.448,2.500,1.270,0.17,6,6,Stopped
1770566886.9325957,57.83443367,12.30730433,57.83443298,12.30730267,2.448,2.500,1.270,0.04,6,6,Stopped
1770566887.924205,57.83443450,12.30730683,57.83443374,12.30730475,2.448,2.500,1.270,0.12,6,6,Stopped
1770566888.9275036,57.83443550,12.30730800,57.83443462,12.30730638,2.448,2.500,1.270,0.26,6,6,Stopped
1770566889.9327629,57.83443733,12.30730917,57.83443598,12.30730777,2.448,2.500,1.270,0.12,6,6,Stopped
1770566890.9219358,57.83443750,12.30730933,57.83443674,12.30730855,2.448,2.500,1.270,0.52,6,6,Stopped
1770566891.9324281,57.83443900,12.30731033,57.83443787,12.30730944,2.448,2.500,1.270,0.37,6,6,Stopped
1770566892.938407,57.83444050,12.30731567,57.83443918,12.30731255,2.448,2.500,1.270,0.34,6,6,Stopped
1770566893.9327614,57.83444133,12.30731867,57.83444026,12.30731561,2.371,2.500,1.190,0.16,7,7,Stopped
1770566894.9226272,57.83444200,12.30732317,57.83444113,12.30731939,2.371,2.500,1.190,0.18,7,7,Forward
1770566895.9367936,57.83444300,12.30732933,57.83444206,12.30732436,2.371,2.500,1.190,0.15,7,7,Forward
1770566896.9218159,57.83444400,12.30733483,57.83444303,12.30732960,2.371,2.500,1.190,0.26,7,7,Forward
1770566897.9269407,57.83444517,12.30733833,57.83444410,12.30733397,2.371,2.500,1.190,0.45,7,7,Forward
1770566898.9323657,57.83444650,12.30733900,57.83444530,12.30733648,2.371,2.500,1.190,0.14,7,7,Stopped
1770566899.924263,57.83444583,12.30733967,57.83444557,12.30733807,2.448,2.500,1.270,0.98,6,6,Stopped
1770566900.9317014,57.83444417,12.30733817,57.83444487,12.30733812,2.448,2.500,1.270,0.53,6,6,Stopped
1770566901.9218652,57.83444383,12.30733933,57.83444435,12.30733873,2.448,2.500,1.270,0.47,6,6,Stopped
1770566902.933871,57.83444517,12.30734183,57.83444476,12.30734028,2.448,2.500,1.270,0.36,6,6,Stopped
1770566903.9325726,57.83444483,12.30734567,57.83444480,12.30734297,2.371,2.500,1.190,0.07,7,7,Stopped
1770566904.9350045,57.83444617,12.30735000,57.83444548,12.30734649,2.371,2.500,1.190,0.46,7,7,Forward
1770566905.9324229,57.83444683,12.30735200,57.83444616,12.30734924,2.371,2.500,1.190,0.08,7,7,Stopped
1770566906.9343867,57.83444867,12.30735367,57.83444741,12.30735146,2.371,2.500,1.190,1.01,7,7,Stopped
1770566907.9346106,57.83445083,12.30735600,57.83444912,12.30735373,2.381,2.500,1.200,0.60,7,7,Stopped
1770566908.9227085,57.83445233,12.30735467,57.83445073,12.30735420,2.381,2.500,1.200,0.75,7,7,Stopped
1770566909.9338841,57.83445317,12.30735417,57.83445195,12.30735418,2.381,2.500,1.200,0.06,7,7,Stopped
1770566910.934035,57.83445500,12.30735533,57.83445347,12.30735476,2.381,2.500,1.200,0.79,7,7,Stopped
1770566911.9355378,57.83445500,12.30735517,57.83445424,12.30735496,2.381,2.500,1.200,0.42,7,7,Stopped
1770566912.9307046,57.83445700,12.30735817,57.83445562,12.30735656,2.381,2.500,1.200,0.59,7,7,Stopped
1770566913.9324684,57.83445933,12.30736250,57.83445748,12.30735953,2.381,2.500,1.200,0.13,7,7,Stopped
1770566914.9337637,57.83446083,12.30736583,57.83445915,12.30736268,2.381,2.500,1.200,0.53,7,7,Stopped
1770566915.9222465,57.83446200,12.30736667,57.83446058,12.30736467,2.381,2.500,1.200,1.11,7,7,Stopped
1770566916.932972,57.83446633,12.30737183,57.83446346,12.30736825,2.381,2.500,1.200,1.61,7,7,Forward
1770566917.9290586,57.83446633,12.30737033,57.83446489,12.30736929,2.381,2.500,1.200,0.05,7,7,Stopped
1770566918.9375813,57.83446367,12.30736533,57.83446428,12.30736731,2.381,2.500,1.200,0.20,7,7,Stopped
1770566919.9225366,57.83446200,12.30736033,57.83446314,12.30736382,2.381,2.500,1.200,0.15,7,7,Reverse
1770566920.93596,57.83446000,12.30735467,57.83446157,12.30735925,2.381,2.500,1.200,0.30,7,7,Reverse
1770566921.9331574,57.83445900,12.30735050,57.83446029,12.30735487,2.381,2.500,1.200,0.35,7,7,Reverse
1770566922.9372911,57.83445750,12.30734667,57.83445889,12.30735077,2.381,2.500,1.200,1.32,7,7,Reverse
1770566923.9385972,57.83445633,12.30734383,57.83445761,12.30734730,2.381,2.500,1.200,0.55,7,7,Reverse
1770566924.9287941,57.83445733,12.30734150,57.83445747,12.30734440,2.381,2.500,1.200,0.72,7,7,Stopped
1770566925.933315,57.83445817,12.30734200,57.83445782,12.30734320,2.381,2.500,1.200,0.62,7,7,Stopped
1770566926.9229214,57.83446167,12.30734617,57.83445974,12.30734468,2.381,2.500,1.200,1.26,7,7,Stopped
1770566927.9364264,57.83446283,12.30734583,57.83446129,12.30734526,2.381,2.500,1.200,0.70,7,7,Stopped
1770566928.9326136,57.83446167,12.30734233,57.83446148,12.30734380,2.381,2.500,1.200,0.06,7,7,Stopped
1770566929.9377139,57.83446117,12.30734083,57.83446132,12.30734231,2.381,2.500,1.200,0.10,7,7,Stopped
1770566930.9327219,57.83445950,12.30733667,57.83446041,12.30733949,2.381,2.500,1.200,0.93,7,7,Stopped
1770566931.9289594,57.83445700,12.30733167,57.83445871,12.30733558,2.381,2.500,1.200,2.11,7,7,Reverse
1770566932.9352634,57.83445717,12.30733117,57.83445794,12.30733337,2.381,2.500,1.200,0.81,7,7,Stopped
1770566933.941707,57.83445450,12.30732500,57.83445622,12.30732919,2.381,2.500,1.200,0.45,7,7,Reverse
1770566934.9348803,57.83445200,12.30732000,57.83445411,12.30732459,2.381,2.500,1.200,1.14,7,7,Reverse
1770566935.9218662,57.83445217,12.30731983,57.83445314,12.30732221,2.381,2.500,1.200,0.47,7,7,Stopped
1770566936.9382262,57.83445200,12.30731933,57.83445257,12.30732077,2.381,2.500,1.200,0.68,7,7,Stopped
1770566937.9324214,57.83445400,12.30732367,57.83445328,12.30732222,2.381,2.500,1.200,0.62,7,7,Stopped
1770566938.927938,57.83445617,12.30732867,57.83445473,12.30732544,2.381,2.500,1.200,1.41,7,7,Stopped
1770566939.9217637,57.83445833,12.30733433,57.83445653,12.30732989,2.381,2.500,1.200,1.06,7,7,Forward
1770566940.9403145,57.83446000,12.30733833,57.83445826,12.30733411,2.381,2.500,1.200,0.19,7,7,Forward
1770566941.935582,57.83445950,12.30733717,57.83445888,12.30733564,2.381,2.500,1.200,0.10,7,7,Stopped
1770566942.9218612,57.83445833,12.30733333,57.83445861,12.30733449,2.381,2.500,1.200,0.46,7,7,Stopped
1770566943.932774,57.83445750,12.30733183,57.83445805,12.30733316,2.381,2.500,1.200,0.06,7,7,Stopped
1770566944.9379163,57.83445983,12.30733850,57.83445894,12.30733583,2.381,2.500,1.200,0.89,7,7,Stopped
1770566945.9385557,57.83446183,12.30734383,57.83446039,12.30733983,2.381,2.500,1.200,0.33,7,7,Forward
1770566946.934068,57.83446483,12.30735050,57.83446261,12.30734517,2.381,2.500,1.200,1.23,7,7,Forward
1770566947.9376996,57.83446417,12.30734783,57.83446339,12.30734650,2.381,2.500,1.200,0.53,7,7,Stopped
1770566948.9263825,57.83446383,12.30734767,57.83446361,12.30734708,2.381,2.500,1.200,0.03,7,7,Stopped
1770566949.9325137,57.83446283,12.30734583,57.83446322,12.30734646,2.381,2.500,1.200,0.86,7,7,Stopped
1770566950.9325707,57.83446183,12.30734450,57.83446253,12.30734548,2.381,2.500,1.200,0.34,7,7,Stopped
1770566951.9323566,57.83446083,12.30734150,57.83446168,12.30734349,2.381,2.500,1.200,0.08,7,7,Stopped
1770566952.9377651,57.83446183,12.30734300,57.83446176,12.30734324,2.381,2.500,1.200,0.69,7,7,Stopped
1770566953.933532,57.83446150,12.30734183,57.83446163,12.30734254,2.381,2.500,1.200,0.06,7,7,Stopped
1770566954.9372747,57.83446200,12.30734333,57.83446181,12.30734294,2.381,2.500,1.200,0.15,7,7,Stopped
1770566955.9374979,57.83446300,12.30734383,57.83446241,12.30734338,2.381,2.500,1.200,0.70,7,7,Stopped
1770566956.9236782,57.83446367,12.30734483,57.83446304,12.30734411,2.381,2.500,1.200,1.07,7,7,Stopped
1770566957.9378645,57.83446083,12.30733867,57.83446194,12.30734139,2.381,2.500,1.200,0.44,7,7,Stopped
1770566958.9300814,57.83445433,12.30733250,57.83445813,12.30733694,2.381,2.500,1.200,2.26,7,7,Reverse
1770566959.9215746,57.83445367,12.30732900,57.83445590,12.30733297,2.381,2.500,1.200,0.51,7,7,Reverse
1770566960.9305615,57.83445367,12.30733000,57.83445478,12.30733149,2.381,2.500,1.200,0.19,7,7,Stopped
1770566961.9382,57.83445750,12.30733100,57.83445614,12.30733124,2.381,2.500,1.200,1.55,7,7,Stopped
1770566962.935082,57.83445900,12.30733100,57.83445757,12.30733112,2.381,2.500,1.200,0.95,7,7,Stopped
1770566963.9282181,57.83446117,12.30733483,57.83445937,12.30733298,2.381,2.500,1.200,0.73,7,7,Stopped
1770566964.9356236,57.83445233,12.30733133,57.83445585,12.30733216,2.381,2.500,1.200,2.51,7,7,Stopped
1770566965.9220037,57.83445450,12.30733133,57.83445518,12.30733174,2.381,2.500,1.200,0.79,7,7,Stopped
1770566966.9229832,57.83445883,12.30733250,57.83445700,12.30733212,2.381,2.500,1.200,1.70,7,7,Stopped
1770566967.9234145,57.83445583,12.30732650,57.83445642,12.30732931,2.381,2.500,1.200,1.01,7,7,Stopped
1770566968.927855,57.83446033,12.30732183,57.83445838,12.30732557,2.381,2.500,1.200,1.61,7,7,Reverse
1770566969.9337494,57.83445650,12.30731950,57.83445744,12.30732254,2.381,2.500,1.200,0.87,7,7,Stopped
1770566970.9230492,57.83445667,12.30731833,57.83445705,12.30732043,2.381,2.500,1.200,0.24,7,7,Stopped
1770566971.9360633,57.83445583,12.30732500,57.83445644,12.30732272,2.381,2.500,1.200,0.85,7,7,Stopped
1770566972.9218106,57.83445233,12.30732717,57.83445439,12.30732494,2.381,2.500,1.200,1.39,7,7,Stopped
1770566973.932773,57.83445233,12.30732800,57.83445336,12.30732647,2.381,2.500,1.200,0.58,7,7,Stopped
1770566974.9292202,57.83445217,12.30732617,57.83445276,12.30732632,2.381,2.500,1.200,0.46,7,7,Stopped
1770566975.937426,57.83445100,12.30732217,57.83445188,12.30732424,2.381,2.500,1.200,1.23,7,7,Stopped
1770566976.9326892,57.83445350,12.30732467,57.83445269,12.30732445,2.381,2.500,1.200,0.10,7,7,Stopped
1770566977.9295995,57.83445433,12.30732233,57.83445351,12.30732339,2.381,2.500,1.200,0.31,7,7,Stopped
1770566978.934847,57.83445500,12.30732283,57.83445426,12.30732311,2.381,2.500,1.200,0.97,7,7,Stopped
1770566979.9218838,57.83445433,12.30732017,57.83445429,12.30732164,2.381,2.500,1.200,0.22,7,7,Stopped
1770566980.935688,57.83445183,12.30731717,57.83445306,12.30731940,2.381,2.500,1.200,0.37,7,7,Stopped
1770566981.9310353,57.83445150,12.30731517,57.83445228,12.30731729,2.381,2.500,1.200,0.24,7,7,Stopped
1770566982.9374757,57.83445033,12.30731217,57.83445131,12.30731473,2.381,2.500,1.200,0.27,7,7,Stopped
1770566983.9325528,57.83444933,12.30731033,57.83445032,12.30731253,2.381,2.500,1.200,0.65,7,7,Stopped
1770566984.9407601,57.83444933,12.30730950,57.83444983,12.30731101,2.381,2.500,1.200,0.70,7,7,Stopped
1770566985.93474,57.83444950,12.30730683,57.83444966,12.30730892,2.381,2.500,1.200,0.24,7,7,Stopped
1770566986.9219468,57.83444850,12.30730333,57.83444908,12.30730613,2.381,2.500,1.200,0.60,7,7,Stopped
1770566987.9339404,57.83444817,12.30730533,57.83444862,12.30730573,2.381,2.500,1.200,0.78,7,7,Stopped
1770566988.9423358,57.83444500,12.30730167,57.83444681,12.30730370,2.381,2.500,1.200,0.74,7,7,Stopped
1770566989.9374487,57.83444583,12.30729933,57.83444632,12.30730152,2.219,2.500,1.030,1.10,8,8,Stopped
1770566990.9326162,57.83444533,12.30729883,57.83444583,12.30730017,2.219,2.500,1.030,0.21,8,8,Stopped
1770566991.9234512,57.83443983,12.30729917,57.83444283,12.30729967,2.381,2.500,1.200,2.26,7,7,Stopped
1770566992.9328263,57.83443583,12.30729333,57.83443933,12.30729650,2.486,2.500,1.310,1.27,6,6,Stopped
1770566993.930224,57.83443617,12.30729583,57.83443775,12.30729617,2.486,2.500,1.310,0.68,6,6,Stopped
1770566994.9345388,57.83443633,12.30729700,57.83443704,12.30729658,2.486,2.500,1.310,0.53,6,6,Stopped
1770566995.931733,57.83443533,12.30729417,57.83443619,12.30729538,2.486,2.500,1.310,0.16,6,6,Stopped
1770566996.9375677,57.83443950,12.30729267,57.83443784,12.30729402,2.381,2.500,1.200,0.76,7,7,Stopped
1770566997.9346545,57.83443767,12.30729133,57.83443776,12.30729268,2.219,2.500,1.030,0.47,8,8,Stopped
1770566998.9394395,57.83443933,12.30729133,57.83443854,12.30729201,2.219,2.500,1.030,0.63,8,8,Stopped
1770566999.9324389,57.83444100,12.30729000,57.83443977,12.30729100,2.219,2.500,1.030,0.45,8,8,Stopped
1770567000.9380527,57.83444150,12.30729150,57.83444064,12.30729125,2.219,2.500,1.030,0.45,8,8,Stopped
1770567001.9357927,57.83444200,12.30729133,57.83444132,12.30729129,2.219,2.500,1.030,0.58,8,8,Stopped
1770567002.9249437,57.83443117,12.30729033,57.83443624,12.30729081,2.219,2.500,1.030,2.42,8,8,Stopped
1770567003.9375854,57.83443100,12.30728917,57.83443362,12.30728999,2.219,2.500,1.030,1.16,8,8,Stopped
1770567004.934107,57.83442933,12.30728950,57.83443148,12.30728974,2.219,2.500,1.030,0.65,8,8,Stopped
1770567005.9370356,57.83442967,12.30728750,57.83443057,12.30728862,2.219,2.500,1.030,0.29,8,8,Stopped
1770567006.9327095,57.83443150,12.30728283,57.83443104,12.30728573,2.219,2.500,1.030,0.29,8,8,Stopped
1770567007.9386435,57.83443583,12.30727767,57.83443343,12.30728170,2.219,2.500,1.030,0.92,8,8,Reverse
1770567008.9327648,57.83443633,12.30727583,57.83443488,12.30727877,2.219,2.500,1.030,0.87,8,8,Stopped
1770567009.93246,57.83443867,12.30727133,57.83443678,12.30727505,2.295,2.500,1.110,0.98,7,7,Reverse
1770567010.9366617,57.83443783,12.30726667,57.83443730,12.30727086,2.219,2.500,1.030,0.52,8,8,Reverse
1770567011.9327834,57.83443733,12.30726883,57.83443732,12.30726985,2.219,2.500,1.030,0.55,8,8,Stopped
1770567012.9372678,57.83443733,12.30726717,57.83443733,12.30726851,2.219,2.500,1.030,0.36,8,8,Stopped
1770567013.9346914,57.83443517,12.30726933,57.83443625,12.30726892,2.219,2.500,1.030,0.25,8,8,Stopped
1770567014.9390435,57.83443167,12.30726367,57.83443396,12.30726629,2.219,2.500,1.030,0.53,8,8,Stopped
1770567015.9352205,57.83443167,12.30726217,57.83443281,12.30726423,2.219,2.500,1.030,0.41,8,8,Stopped
1770567016.9325364,57.83443350,12.30726183,57.83443316,12.30726303,2.295,2.500,1.110,0.35,7,7,Stopped
1770567017.9218042,57.83443367,12.30725900,57.83443341,12.30726102,2.219,2.500,1.030,0.60,8,8,Stopped
1770567018.9327335,57.83443333,12.30726600,57.83443337,12.30726351,2.219,2.500,1.030,0.50,8,8,Stopped
1770567019.9370115,57.83443317,12.30726767,57.83443327,12.30726559,2.219,2.500,1.030,0.39,8,8,Stopped
1770567020.932859,57.83443217,12.30726917,57.83443272,12.30726738,2.219,2.500,1.030,0.19,8,8,Stopped
1770567021.9366395,57.83443083,12.30726883,57.83443178,12.30726811,2.219,2.500,1.030,0.23,8,8,Stopped
1770567022.9237275,57.83443350,12.30727367,57.83443264,12.30727089,2.219,2.500,1.030,0.63,8,8,Stopped
1770567023.9325726,57.83443317,12.30727800,57.83443290,12.30727444,2.295,2.500,1.110,0.72,7,7,Forward
1770567024.9397554,57.83443417,12.30727517,57.83443353,12.30727480,2.295,2.500,1.110,0.47,7,7,Stopped
1770567025.9324572,57.83443500,12.30727983,57.83443427,12.30727732,2.219,2.500,1.030,0.31,8,8,Stopped
1770567026.9373894,57.83443417,12.30728217,57.83443422,12.30727974,2.219,2.500,1.030,0.13,8,8,Stopped
1770567027.9331818,57.83443450,12.30728750,57.83443436,12.30728362,2.219,2.500,1.030,0.90,8,8,Forward
1770567028.9231756,57.83443583,12.30729067,57.83443510,12.30728714,2.219,2.500,1.030,1.07,8,8,Forward
1770567029.9390056,57.83443567,12.30728917,57.83443538,12.30728816,2.219,2.500,1.030,0.33,8,8,Stopped
1770567030.9339588,57.83443533,12.30728717,57.83443536,12.30728766,2.219,2.500,1.030,0.27,8,8,Stopped
1770567031.9380364,57.83443433,12.30728400,57.83443485,12.30728583,2.219,2.500,1.030,0.21,8,8,Stopped
1770567032.9342122,57.83443350,12.30728200,57.83443417,12.30728392,2.219,2.500,1.030,0.12,8,8,Stopped
1770567033.9392715,57.83443350,12.30728200,57.83443384,12.30728296,2.219,2.500,1.030,0.23,8,8,Stopped
1770567034.9374561,57.83443350,12.30728017,57.83443367,12.30728156,2.219,2.500,1.030,0.05,8,8,Stopped
1770567035.9312038,57.83443317,12.30727900,57.83443342,12.30728028,2.219,2.500,1.030,0.14,8,8,Stopped
1770567036.9394524,57.83443233,12.30727567,57.83443288,12.30727797,2.219,2.500,1.030,0.11,8,8,Stopped
1770567037.9341042,57.83443050,12.30727200,57.83443169,12.30727499,2.219,2.500,1.030,0.41,8,8,Stopped
1770567038.9403522,57.83442900,12.30727250,57.83443034,12.30727374,2.229,2.500,1.040,0.39,8,8,Stopped
1770567039.9337926,57.83442750,12.30727200,57.83442892,12.30727287,2.229,2.500,1.040,0.29,8,8,Stopped
1770567040.9376025,57.83442583,12.30726833,57.83442738,12.30727060,2.229,2.500,1.040,0.16,8,8,Stopped
1770567041.9372203,57.83442517,12.30727233,57.83442627,12.30727147,2.229,2.500,1.040,0.47,8,8,Stopped
1770567042.9327972,57.83442417,12.30727000,57.83442522,12.30727073,2.229,2.500,1.040,0.09,8,8,Stopped
1770567043.9395962,57.83442267,12.30727200,57.83442394,12.30727137,2.229,2.500,1.040,0.31,8,8,Stopped
1770567044.9348164,57.83442200,12.30727267,57.83442297,12.30727202,2.229,2.500,1.040,0.06,8,8,Stopped
1770567045.9421566,57.83442167,12.30727133,57.83442232,12.30727168,2.229,2.500,1.040,0.07,8,8,Stopped
1770567046.9327369,57.83442133,12.30727383,57.83442183,12.30727275,2.229,2.500,1.040,0.21,8,8,Stopped
1770567047.9411452,57.83442133,12.30727067,57.83442158,12.30727171,2.229,2.500,1.040,0.29,8,8,Stopped
1770567048.9354074,57.83442017,12.30727167,57.83442087,12.30727169,2.229,2.500,1.040,0.20,8,8,Stopped
1770567049.9471726,57.83441917,12.30727067,57.83442002,12.30727118,2.229,2.500,1.040,0.19,8,8,Stopped
1770567050.9412804,57.83441817,12.30726850,57.83441909,12.30726984,2.229,2.500,1.040,0.16,8,8,Stopped
1770567051.934855,57.83441633,12.30726983,57.83441771,12.30726984,2.229,2.500,1.040,0.37,8,8,Stopped
1770567052.9378088,57.83441650,12.30726900,57.83441711,12.30726942,2.229,2.500,1.040,0.09,8,8,Stopped
1770567053.9328358,57.83441717,12.30726817,57.83441714,12.30726879,2.229,2.500,1.040,0.33,8,8,Stopped
1770567054.9380417,57.83441783,12.30726517,57.83441748,12.30726698,2.229,2.500,1.040,0.17,8,8,Stopped
1770567055.937929,57.83441817,12.30726200,57.83441783,12.30726449,2.229,2.500,1.040,0.24,8,8,Stopped
1770567056.9326828,57.83441817,12.30726167,57.83441800,12.30726308,2.229,2.500,1.040,0.12,8,8,Stopped
1770567057.9231274,57.83441900,12.30726200,57.83441850,12.30726254,2.229,2.500,1.040,0.43,8,8,Stopped
1770567058.9333353,57.83441833,12.30725950,57.83441842,12.30726102,2.229,2.500,1.040,0.22,8,8,Stopped
1770567059.9400468,57.83441867,12.30726017,57.83441854,12.30726059,2.229,2.500,1.040,0.32,8,8,Stopped
1770567060.9453015,57.83441850,12.30725983,57.83441852,12.30726021,2.229,2.500,1.040,0.10,8,8,Stopped
1770567061.937532,57.83441933,12.30726033,57.83441893,12.30726027,2.229,2.500,1.040,0.34,8,8,Stopped
1770567062.9379218,57.83441900,12.30725967,57.83441896,12.30725997,2.229,2.500,1.040,0.18,8,8,Stopped
1770567063.9326084,57.83441933,12.30726017,57.83441915,12.30726007,2.229,2.500,1.040,0.20,8,8,Stopped
1770567064.9235477,57.83441833,12.30726333,57.83441874,12.30726170,2.295,2.500,1.110,0.37,7,7,Stopped
1770567065.9370081,57.83441783,12.30726550,57.83441829,12.30726360,2.295,2.500,1.110,0.36,7,7,Stopped
1770567066.9227471,57.83441683,12.30726750,57.83441756,12.30726555,2.295,2.500,1.110,0.30,7,7,Stopped
1770567067.9358397,57.83441617,12.30726983,57.83441686,12.30726769,2.295,2.500,1.110,0.24,7,7,Stopped
1770567068.9306784,57.83441467,12.30727100,57.83441577,12.30726935,2.295,2.500,1.110,0.02,7,7,Stopped
1770567069.9366274,57.83441433,12.30726983,57.83441505,12.30726959,2.295,2.500,1.110,0.19,7,7,Stopped
1770567070.932403,57.83441350,12.30727283,57.83441427,12.30727121,2.295,2.500,1.110,0.02,7,7,Stopped
1770567071.937574,57.83441150,12.30728350,57.83441289,12.30727736,2.295,2.500,1.110,0.32,7,7,Forward
1770567072.932373,57.83441000,12.30728367,57.83441144,12.30728051,2.229,2.500,1.040,0.04,8,8,Stopped
1770567073.9220574,57.83441067,12.30729033,57.83441106,12.30728542,2.305,2.500,1.120,0.67,7,7,Forward
1770567074.9356484,57.83440983,12.30729017,57.83441044,12.30728779,2.305,2.500,1.120,0.18,7,7,Stopped
1770567075.9222815,57.83441333,12.30729717,57.83441189,12.30729248,2.305,2.500,1.120,1.25,7,7,Forward
1770567076.9219604,57.83441500,12.30729717,57.83441344,12.30729482,2.305,2.500,1.120,1.11,7,7,Stopped
1770567077.9228537,57.83441467,12.30729583,57.83441406,12.30729533,2.305,2.500,1.120,0.63,7,7,Stopped
1770567078.9234102,57.83441333,12.30729450,57.83441369,12.30729491,2.305,2.500,1.120,0.25,7,7,Stopped
1770567079.933955,57.83441467,12.30729800,57.83441418,12.30729646,2.305,2.500,1.120,0.34,7,7,Stopped
1770567080.923927,57.83441367,12.30729800,57.83441392,12.30729723,2.305,2.500,1.120,0.31,7,7,Stopped
1770567081.9349287,57.83441383,12.30729950,57.83441388,12.30729836,2.305,2.500,1.120,0.45,7,7,Stopped
1770567082.9218829,57.83441617,12.30730867,57.83441502,12.30730352,2.305,2.500,1.120,0.87,7,7,Forward
1770567083.9385993,57.83441633,12.30730817,57.83441568,12.30730584,2.305,2.500,1.120,0.54,7,7,Stopped
1770567084.9326122,57.83441767,12.30731017,57.83441667,12.30730800,2.305,2.500,1.120,0.89,7,7,Stopped
1770567085.9381692,57.83441550,12.30731033,57.83441609,12.30730917,2.229,2.500,1.040,0.55,8,8,Stopped
1770567086.931014,57.83441367,12.30730783,57.83441488,12.30730850,2.229,2.500,1.040,0.14,8,8,Stopped
1770567087.9411616,57.83441433,12.30731383,57.83441460,12.30731117,2.305,2.500,1.120,0.29,7,7,Stopped
1770567088.9408529,57.83441483,12.30731650,57.83441472,12.30731383,2.229,2.500,1.040,0.17,8,8,Stopped
1770567089.9406056,57.83441517,12.30732000,57.83441494,12.30731692,2.229,2.500,1.040,0.46,8,8,Stopped
1770567090.9372575,57.83441233,12.30732100,57.83441364,12.30731896,2.229,2.500,1.040,0.34,8,8,Stopped
1770567091.9328918,57.83441150,12.30732067,57.83441257,12.30731981,2.229,2.500,1.040,0.47,8,8,Stopped
1770567092.9367757,57.83441150,12.30731967,57.83441203,12.30731974,2.229,2.500,1.040,0.50,8,8,Stopped
1770567093.9326284,57.83441250,12.30732483,57.83441227,12.30732229,2.229,2.500,1.040,0.27,8,8,Stopped
1770567094.9391344,57.83441450,12.30732700,57.83441338,12.30732464,2.229,2.500,1.040,0.48,8,8,Stopped
1770567095.9346015,57.83441550,12.30732600,57.83441444,12.30732532,2.229,2.500,1.040,0.11,8,8,Stopped
1770567096.9421053,57.83441567,12.30732567,57.83441505,12.30732549,2.229,2.500,1.040,0.21,8,8,Stopped
1770567097.927686,57.83441483,12.30732400,57.83441494,12.30732475,2.229,2.500,1.040,0.13,8,8,Stopped
1770567098.9221022,57.83441567,12.30732233,57.83441531,12.30732354,2.229,2.500,1.040,0.11,8,8,Stopped
1770567099.9327445,57.83441633,12.30732183,57.83441582,12.30732269,2.229,2.500,1.040,0.09,8,8,Stopped
1770567100.9328423,57.83441650,12.30732117,57.83441616,12.30732193,2.229,2.500,1.040,0.55,8,8,Stopped
1770567101.9417346,57.83441783,12.30732317,57.83441700,12.30732255,2.229,2.500,1.040,0.25,8,8,Stopped
1770567102.9325042,57.83441717,12.30732450,57.83441708,12.30732352,2.229,2.500,1.040,0.37,8,8,Stopped
1770567103.9218802,57.83441867,12.30732683,57.83441787,12.30732518,2.229,2.500,1.040,0.67,8,8,Stopped
1770567104.932478,57.83442117,12.30733200,57.83441952,12.30732859,2.229,2.500,1.040,0.73,8,8,Forward
1770567105.9225957,57.83442250,12.30733350,57.83442101,12.30733104,2.229,2.500,1.040,0.66,8,8,Stopped
1770567106.9370134,57.83442367,12.30733333,57.83442234,12.30733219,2.229,2.500,1.040,0.91,8,8,Stopped
1770567107.9325325,57.83442333,12.30733283,57.83442284,12.30733251,2.229,2.500,1.040,0.57,8,8,Stopped
1770567108.9290316,57.83442417,12.30733733,57.83442350,12.30733492,2.229,2.500,1.040,0.69,8,8,Stopped
1770567109.9350922,57.83443000,12.30734800,57.83442675,12.30734146,2.229,2.500,1.040,1.59,8,8,Forward
1770567110.9230182,57.83442950,12.30734533,57.83442813,12.30734340,2.229,2.500,1.040,0.69,8,8,Stopped
1770567111.9229474,57.83442800,12.30733983,57.83442806,12.30734162,2.229,2.500,1.040,0.14,8,8,Stopped
1770567112.933893,57.83442817,12.30734000,57.83442811,12.30734081,2.305,2.500,1.120,0.04,7,7,Stopped
1770567113.9377007,57.83443050,12.30734217,57.83442931,12.30734149,2.229,2.500,1.040,0.37,8,8,Stopped
1770567114.9344604,57.83443500,12.30734200,57.83443215,12.30734174,2.229,2.500,1.040,0.47,8,8,Stopped
1770567115.932546,57.83443400,12.30733383,57.83443308,12.30733779,2.229,2.500,1.040,0.21,8,8,Reverse
1770567116.9378595,57.83443483,12.30733167,57.83443396,12.30733473,2.229,2.500,1.040,0.24,8,8,Stopped
1770567117.9324539,57.83443317,12.30732750,57.83443356,12.30733111,2.229,2.500,1.040,0.75,8,8,Reverse
1770567118.9390209,57.83443167,12.30732733,57.83443261,12.30732922,2.229,2.500,1.040,0.79,8,8,Stopped
1770567119.9337544,57.83443183,12.30732917,57.83443222,12.30732920,2.229,2.500,1.040,0.13,8,8,Stopped
1770567120.9366927,57.83443383,12.30732883,57.83443303,12.30732901,2.229,2.500,1.040,0.33,8,8,Stopped
1770567121.934209,57.83443450,12.30733400,57.83443376,12.30733151,2.229,2.500,1.040,0.52,8,8,Stopped
1770567122.9360917,57.83443400,12.30733283,57.83443388,12.30733217,2.229,2.500,1.040,0.23,8,8,Stopped
1770567123.93996,57.83443600,12.30733733,57.83443494,12.30733475,2.229,2.500,1.040,0.29,8,8,Stopped
1770567124.9324317,57.83443583,12.30733717,57.83443539,12.30733596,2.229,2.500,1.040,0.37,8,8,Stopped
1770567125.9411469,57.83443950,12.30734583,57.83443744,12.30734090,2.229,2.500,1.040,0.96,8,8,Forward
1770567126.9324176,57.83443933,12.30734483,57.83443839,12.30734286,2.229,2.500,1.040,0.19,8,8,Stopped
1770567127.9383862,57.83443950,12.30734317,57.83443894,12.30734302,2.229,2.500,1.040,0.04,8,8,Stopped
1770567128.9327264,57.83443917,12.30734083,57.83443906,12.30734192,2.229,2.500,1.040,0.18,8,8,Stopped
1770567129.9304078,57.83443950,12.30734317,57.83443928,12.30734255,2.229,2.500,1.040,0.35,8,8,Stopped
1770567130.9378247,57.83444067,12.30734433,57.83443997,12.30734344,2.229,2.500,1.040,0.20,8,8,Stopped
1770567131.9324594,57.83443917,12.30734217,57.83443957,12.30734280,2.229,2.500,1.040,0.28,8,8,Stopped
1770567132.9412396,57.83444033,12.30734267,57.83443995,12.30734273,2.229,2.500,1.040,0.56,8,8,Stopped
1770567133.9346893,57.83443967,12.30733983,57.83443981,12.30734128,2.229,2.500,1.040,0.02,8,8,Stopped
1770567134.9285676,57.83443983,12.30733917,57.83443982,12.30734023,2.229,2.500,1.040,0.11,8,8,Stopped
1770567135.935997,57.83444167,12.30734300,57.83444074,12.30734161,2.229,2.500,1.040,0.71,8,8,Stopped
1770567136.930186,57.83444383,12.30734767,57.83444229,12.30734464,2.229,2.500,1.040,1.19,8,8,Stopped
1770567137.9371853,57.83444500,12.30734500,57.83444364,12.30734482,2.229,2.500,1.040,0.89,8,8,Stopped
1770567138.9324038,57.83444567,12.30734383,57.83444466,12.30734433,2.229,2.500,1.040,0.55,8,8,Stopped
1770567139.940538,57.83444483,12.30733467,57.83444474,12.30733950,2.229,2.500,1.040,0.62,8,8,Reverse
1770567140.9327462,57.83444500,12.30732900,57.83444487,12.30733425,2.229,2.500,1.040,0.43,8,8,Reverse
1770567141.9218554,57.83444400,12.30732283,57.83444444,12.30732854,2.229,2.500,1.040,0.45,8,8,Reverse
1770567142.9358828,57.83444383,12.30731517,57.83444413,12.30732185,2.229,2.500,1.040,0.54,8,8,Reverse
1770567143.932401,57.83444500,12.30731167,57.83444457,12.30731676,2.229,2.500,1.040,0.29,8,8,Reverse
1770567144.9226916,57.83444783,12.30731150,57.83444620,12.30731413,2.229,2.500,1.040,0.25,8,8,Stopped
1770567145.923487,57.83445033,12.30730983,57.83444827,12.30731198,2.229,2.500,1.040,0.51,8,8,Stopped
1770567146.9279773,57.83444850,12.30729600,57.83444838,12.30730399,2.229,2.500,1.040,0.72,8,8,Reverse
1770567147.9346895,57.83445100,12.30729317,57.83444969,12.30729858,2.229,2.500,1.040,0.40,8,8,Reverse
1770567148.9218724,57.83445367,12.30729400,57.83445168,12.30729629,2.229,2.500,1.040,0.33,8,8,Stopped
1770567149.9356208,57.83445433,12.30729167,57.83445301,12.30729398,2.229,2.500,1.040,0.14,8,8,Stopped
1770567150.9333925,57.83445450,12.30729050,57.83445375,12.30729224,2.229,2.500,1.040,0.69,8,8,Stopped
1770567151.923223,57.83445583,12.30728983,57.83445479,12.30729104,2.305,2.500,1.120,0.29,7,7,Stopped
1770567152.9327912,57.83445500,12.30728417,57.83445490,12.30728760,2.305,2.500,1.120,1.34,7,7,Reverse
1770567153.923316,57.83445233,12.30727317,57.83445361,12.30728038,2.305,2.500,1.120,1.73,7,7,Reverse
1770567154.9338644,57.83445617,12.30727950,57.83445489,12.30727994,2.305,2.500,1.120,1.34,7,7,Stopped
1770567155.921786,57.83445433,12.30726983,57.83445461,12.30727489,2.305,2.500,1.120,0.82,7,7,Reverse
1770567156.9252357,57.83445517,12.30726383,57.83445489,12.30726936,2.305,2.500,1.120,0.98,7,7,Reverse
1770567157.9224095,57.83445767,12.30726283,57.83445628,12.30726610,2.305,2.500,1.120,0.36,7,7,Stopped
1770567158.9220634,57.83445767,12.30726317,57.83445697,12.30726463,2.305,2.500,1.120,0.48,7,7,Stopped
1770567159.9250255,57.83445667,12.30725900,57.83445682,12.30726182,2.305,2.500,1.120,0.49,7,7,Stopped
1770567160.9207397,57.83445933,12.30726200,57.83445808,12.30726191,2.305,2.500,1.120,0.68,7,7,Stopped
1770567161.9348662,57.83445833,12.30725517,57.83445820,12.30725854,2.305,2.500,1.120,1.00,7,7,Stopped
1770567162.922814,57.83445900,12.30725817,57.83445860,12.30725835,2.305,2.500,1.120,0.28,7,7,Stopped
1770567163.934199,57.83445867,12.30725467,57.83445863,12.30725651,2.305,2.500,1.120,0.33,7,7,Stopped
1770567164.9234862,57.83445700,12.30724533,57.83445782,12.30725092,2.305,2.500,1.120,1.33,7,7,Reverse
1770567165.9253538,57.83445600,12.30724517,57.83445691,12.30724804,2.305,2.500,1.120,1.00,7,7,Stopped
1770567166.9305744,57.83445800,12.30725550,57.83445745,12.30725177,2.305,2.500,1.120,0.55,7,7,Forward
1770567167.9258616,57.83445567,12.30724883,57.83445656,12.30725030,2.305,2.500,1.120,2.16,7,7,Stopped
1770567168.922491,57.83445750,12.30726033,57.83445703,12.30725532,2.305,2.500,1.120,1.59,7,7,Forward
1770567169.9365964,57.83446267,12.30726417,57.83445985,12.30725974,2.305,2.500,1.120,1.50,7,7,Forward
1770567170.9233143,57.83446917,12.30728550,57.83446451,12.30727262,2.305,2.500,1.120,2.87,7,7,Forward
1770567171.9326928,57.83446850,12.30728633,57.83446650,12.30727948,2.305,2.500,1.120,1.29,7,7,Forward
1770567172.9338071,57.83446950,12.30729283,57.83446800,12.30728616,2.305,2.500,1.120,1.25,7,7,Forward
1770567173.9298677,57.83447000,12.30729850,57.83446900,12.30729233,2.305,2.500,1.120,1.35,7,7,Forward
1770567174.9327974,57.83446617,12.30729517,57.83446758,12.30729375,2.305,2.500,1.120,0.54,7,7,Stopped
1770567175.9272773,57.83446583,12.30730317,57.83446671,12.30729846,2.305,2.500,1.120,0.44,7,7,Forward
1770567176.9268165,57.83446350,12.30730500,57.83446510,12.30730173,2.305,2.500,1.120,0.18,7,7,Stopped
1770567177.921522,57.83446400,12.30730233,57.83446455,12.30730203,2.305,2.500,1.120,0.39,7,7,Stopped
1770567178.9281707,57.83446617,12.30730633,57.83446536,12.30730418,2.305,2.500,1.120,0.91,7,7,Stopped
1770567179.9384122,57.83446533,12.30730467,57.83446535,12.30730442,2.305,2.500,1.120,0.57,7,7,Stopped
1770567180.938972,57.83446383,12.30729683,57.83446459,12.30730063,2.305,2.500,1.120,0.33,7,7,Reverse
1770567181.9346962,57.83446433,12.30730350,57.83446446,12.30730206,2.305,2.500,1.120,0.13,7,7,Stopped
1770567182.928853,57.83446500,12.30730783,57.83446473,12.30730495,2.305,2.500,1.120,0.65,7,7,Stopped
1770567183.9241552,57.83446767,12.30730033,57.83446620,12.30730264,2.305,2.500,1.120,0.60,7,7,Stopped
1770567184.920192,57.83446833,12.30730583,57.83446727,12.30730424,2.305,2.500,1.120,0.31,7,7,Stopped
1770567185.920684,57.83446733,12.30729717,57.83446730,12.30730070,2.305,2.500,1.120,0.13,7,7,Reverse
1770567186.9329052,57.83446400,12.30730250,57.83446565,12.30730160,2.305,2.500,1.120,0.50,7,7,Stopped
1770567187.9204433,57.83446467,12.30730850,57.83446516,12.30730505,2.305,2.500,1.120,1.11,7,7,Forward
1770567188.9324818,57.83446233,12.30731200,57.83446375,12.30730853,2.305,2.500,1.120,0.78,7,7,Forward
1770567189.9206257,57.83446417,12.30731550,57.83446396,12.30731201,2.305,2.500,1.120,0.93,7,7,Forward
1770567190.9238844,57.83446517,12.30731517,57.83446456,12.30731359,2.305,2.500,1.120,0.97,7,7,Stopped
1770567191.923043,57.83446450,12.30731583,57.83446453,12.30731471,2.305,2.500,1.120,1.32,7,7,Stopped
1770567192.9247525,57.83445667,12.30730000,57.83446060,12.30730736,3.124,2.500,1.980,0.25,6,6,Reverse
1770567193.923609,57.83445517,12.30729550,57.83445788,12.30730143,3.124,2.500,1.980,0.41,6,6,Reverse
1770567194.9204757,57.83444767,12.30727867,57.83445277,12.30729005,3.124,2.500,1.980,1.50,6,6,Reverse
1770567195.9219623,57.83443967,12.30726533,57.83444622,12.30727769,3.124,2.500,1.980,1.85,6,6,Reverse
1770567196.9218316,57.83444117,12.30726867,57.83444369,12.30727318,3.524,2.500,2.400,0.55,5,5,Reverse
1770567197.9202135,57.83444417,12.30727850,57.83444393,12.30727584,3.524,2.500,2.400,0.51,5,5,Stopped
1770567198.9204533,57.83444367,12.30727917,57.83444380,12.30727750,3.524,2.500,2.400,0.14,5,5,Stopped
1770567199.9344532,57.83444300,12.30727233,57.83444340,12.30727492,3.524,2.500,2.400,0.21,5,5,Stopped
1770567200.9302573,57.83444200,12.30726033,57.83444270,12.30726763,2.305,2.500,1.120,0.76,7,7,Reverse
1770567201.9267614,57.83444267,12.30725867,57.83444268,12.30726315,2.305,2.500,1.120,0.60,7,7,Reverse
1770567202.9218075,57.83443950,12.30724800,57.83444109,12.30725557,2.448,2.500,1.270,0.90,6,6,Reverse
1770567203.9205296,57.83443683,12.30724250,57.83443896,12.30724904,2.448,2.500,1.270,1.01,6,6,Reverse
1770567204.9313238,57.83444250,12.30725517,57.83444073,12.30725210,2.448,2.500,1.270,0.40,6,6,Stopped
1770567205.922158,57.83444300,12.30725900,57.83444187,12.30725555,2.448,2.500,1.270,0.71,6,6,Forward
1770567206.9230273,57.83444517,12.30726633,57.83444352,12.30726094,3.524,2.500,2.400,1.04,5,5,Forward
1770567207.920512,57.83444583,12.30726883,57.83444467,12.30726489,3.524,2.500,2.400,0.64,5,5,Forward
1770567208.922304,57.83444733,12.30727533,57.83444600,12.30727011,3.524,2.500,2.400,0.71,5,5,Forward
1770567209.929742,57.83444450,12.30727250,57.83444525,12.30727131,3.524,2.500,2.400,0.45,5,5,Stopped
1770567210.9273338,57.83443750,12.30725717,57.83444138,12.30726424,3.524,2.500,2.400,0.68,5,5,Reverse
1770567211.9210703,57.83443567,12.30725467,57.83443852,12.30725945,3.524,2.500,2.400,0.72,5,5,Reverse
1770567212.922803,57.83443917,12.30726450,57.83443884,12.30726198,3.524,2.500,2.400,0.22,5,5,Stopped
1770567213.9220402,57.83443917,12.30726900,57.83443901,12.30726549,3.524,2.500,2.400,0.39,5,5,Forward
1770567214.927185,57.83444117,12.30727850,57.83444009,12.30727199,3.524,2.500,2.400,1.32,5,5,Forward
1770567215.9204082,57.83444367,12.30728633,57.83444188,12.30727916,3.524,2.500,2.400,1.64,5,5,Forward
1770567216.9292045,57.83444467,12.30729017,57.83444327,12.30728467,3.524,2.500,2.400,1.08,5,5,Forward
1770567217.9205673,57.83444450,12.30729317,57.83444389,12.30728892,3.524,2.500,2.400,1.03,5,5,Forward
1770567218.921277,57.83444467,12.30729517,57.83444428,12.30729204,3.524,2.500,2.400,1.26,5,5,Stopped
1770567219.9251902,57.83444467,12.30729433,57.83444447,12.30729319,3.524,2.500,2.400,1.32,5,5,Stopped
1770567220.920442,57.83444450,12.30729433,57.83444449,12.30729376,3.524,2.500,2.400,1.13,5,5,Stopped
1770567221.9281058,57.83444617,12.30729717,57.83444533,12.30729546,3.524,2.500,2.400,0.89,5,5,Stopped
1770567222.920203,57.83444200,12.30728833,57.83444366,12.30729190,3.524,2.500,2.400,0.29,5,5,Reverse
1770567223.9268553,57.83443750,12.30727867,57.83444058,12.30728528,3.524,2.500,2.400,0.66,5,5,Reverse
1770567224.921663,57.83443717,12.30727750,57.83443887,12.30728139,3.524,2.500,2.400,0.45,5,5,Reverse
1770567225.9203281,57.83443267,12.30726367,57.83443577,12.30727253,3.524,2.500,2.400,1.47,5,5,Reverse
1770567226.922959,57.83443467,12.30726983,57.83443522,12.30727118,3.524,2.500,2.400,0.65,5,5,Stopped
1770567227.9206684,57.83443100,12.30726300,57.83443311,12.30726709,3.524,2.500,2.400,0.47,5,5,Reverse
1770567228.9229763,57.83443300,12.30726650,57.83443305,12.30726680,3.524,2.500,2.400,0.51,5,5,Stopped
1770567229.920633,57.83443300,12.30726617,57.83443303,12.30726648,3.524,2.500,2.400,0.73,5,5,Stopped
1770567230.920441,57.83443283,12.30726550,57.83443293,12.30726599,3.524,2.500,2.400,0.33,5,5,Stopped
1770567231.9177363,57.83443100,12.30725750,57.83443197,12.30726175,3.524,2.500,2.400,0.57,5,5,Reverse
1770567232.9235237,57.83443117,12.30726833,57.83443157,12.30726504,3.524,2.500,2.400,0.24,5,5,Stopped
1770567233.9337547,57.83443217,12.30728600,57.83443187,12.30727552,3.124,2.500,1.980,0.59,6,6,Forward
1770567234.9216666,57.83442650,12.30727867,57.83442918,12.30727709,3.124,2.500,1.980,0.95,6,6,Stopped
1770567235.9237497,57.83442750,12.30728150,57.83442834,12.30727930,3.124,2.500,1.980,0.56,6,6,Stopped
1770567236.9266078,57.83443400,12.30729900,57.83443117,12.30728915,3.124,2.500,1.980,1.10,6,6,Forward
1770567237.9202662,57.83442717,12.30729067,57.83442917,12.30728991,3.124,2.500,1.980,0.52,6,6,Stopped
1770567238.9271305,57.83442550,12.30729500,57.83442733,12.30729245,3.124,2.500,1.980,0.21,6,6,Stopped
1770567239.921834,57.83442250,12.30730050,57.83442492,12.30729648,3.124,2.500,1.980,0.53,6,6,Forward
1770567240.924847,57.83442300,12.30730567,57.83442396,12.30730107,3.124,2.500,1.980,0.21,6,6,Forward
1770567241.9232228,57.83442300,12.30731233,57.83442348,12.30730670,3.124,2.500,1.980,0.56,6,6,Forward
1770567242.921217,57.83442100,12.30731100,57.83442224,12.30730885,3.124,2.500,1.980,0.24,6,6,Stopped
1770567243.9242756,57.83442000,12.30731417,57.83442112,12.30731151,3.124,2.500,1.980,0.41,6,6,Stopped
1770567244.9207792,57.83441317,12.30730683,57.83441714,12.30730917,3.124,2.500,1.980,1.29,6,6,Stopped
1770567245.922218,57.83440817,12.30729867,57.83441265,12.30730392,3.124,2.500,1.980,1.90,6,6,Reverse
1770567246.9201674,57.83440950,12.30730633,57.83441108,12.30730513,3.124,2.500,1.980,0.81,6,6,Stopped
1770567247.9296184,57.83440183,12.30729917,57.83440646,12.30730215,3.124,2.500,1.980,1.39,6,6,Stopped
1770567248.9233336,57.83440167,12.30729800,57.83440406,12.30730007,3.124,2.500,1.980,1.11,6,6,Stopped
1770567249.9231546,57.83440100,12.30729967,57.83440253,12.30729987,3.124,2.500,1.980,0.88,6,6,Stopped
1770567250.923652,57.83439800,12.30729650,57.83440027,12.30729818,3.124,2.500,1.980,1.00,6,6,Stopped
1770567251.9226985,57.83440050,12.30730483,57.83440038,12.30730151,3.124,2.500,1.980,0.36,6,6,Stopped
1770567252.9255702,57.83440100,12.30730250,57.83440069,12.30730200,3.124,2.500,1.980,0.55,6,6,Stopped
1770567253.9225218,57.83440333,12.30730900,57.83440201,12.30730550,3.124,2.500,1.980,0.89,6,6,Forward
1770567254.9267595,57.83441933,12.30728600,57.83441067,12.30729575,3.124,2.500,1.980,1.95,6,6,Reverse
1770567255.927239,57.83442083,12.30728583,57.83441575,12.30729079,3.124,2.500,1.980,1.13,6,6,Reverse
1770567256.9212272,57.83442167,12.30728133,57.83441871,12.30728606,3.124,2.500,1.980,0.60,6,6,Reverse
1770567257.9235985,57.83442317,12.30728350,57.83442094,12.30728478,3.124,2.500,1.980,0.27,6,6,Stopped
1770567258.9266076,57.83443117,12.30729817,57.83442605,12.30729147,3.124,2.500,1.980,1.79,6,6,Forward
1770567259.9336407,57.83443333,12.30729583,57.83442969,12.30729365,3.124,2.500,1.980,1.63,6,6,Stopped
1770567260.920523,57.83443250,12.30729567,57.83443110,12.30729466,2.819,2.500,1.660,1.27,7,7,Stopped
1770567261.9239483,57.83443283,12.30729617,57.83443196,12.30729541,2.819,2.500,1.660,1.09,7,7,Stopped
1770567262.9308577,57.83443367,12.30730067,57.83443282,12.30729804,2.819,2.500,1.660,1.35,7,7,Stopped
1770567263.9262414,57.83443583,12.30730217,57.83443432,12.30730010,2.819,2.500,1.660,1.44,7,7,Stopped
1770567264.9206684,57.83443833,12.30730717,57.83443633,12.30730364,2.819,2.500,1.660,1.66,7,7,Forward
1770567265.9228008,57.83444350,12.30730833,57.83443991,12.30730598,2.819,2.500,1.660,1.84,7,7,Stopped
1770567266.9207728,57.83444567,12.30730700,57.83444279,12.30730649,2.819,2.500,1.660,1.50,7,7,Stopped
1770567267.9245875,57.83444783,12.30730600,57.83444531,12.30730625,2.819,2.500,1.660,1.29,7,7,Stopped
1770567268.9325233,57.83445033,12.30730150,57.83444782,12.30730387,2.819,2.500,1.660,1.08,7,7,Stopped
1770567269.9288769,57.83444917,12.30730217,57.83444849,12.30730302,2.819,2.500,1.660,1.08,7,7,Stopped
1770567270.9216287,57.83445433,12.30730850,57.83445141,12.30730576,2.819,2.500,1.660,1.96,7,7,Stopped
1770567271.9286225,57.83445633,12.30730150,57.83445387,12.30730363,3.314,2.500,2.180,1.42,6,6,Stopped
1770567272.9203725,57.83446033,12.30729900,57.83445710,12.30730131,3.314,2.500,2.180,1.41,6,6,Stopped
1770567273.9204183,57.83446133,12.30729550,57.83445922,12.30729841,3.314,2.500,2.180,1.28,6,6,Stopped
1770567274.9219415,57.83446267,12.30729283,57.83446094,12.30729562,3.314,2.500,2.180,1.20,6,6,Stopped
1770567275.9216526,57.83446567,12.30729567,57.83446330,12.30729564,3.314,2.500,2.180,1.43,6,6,Stopped
1770567276.926489,57.83447183,12.30731050,57.83446757,12.30730307,3.314,2.500,2.180,2.41,6,6,Forward
1770567277.920792,57.83447000,12.30730767,57.83446878,12.30730537,3.314,2.500,2.180,1.23,6,6,Stopped
1770567278.9271374,57.83447800,12.30731667,57.83447339,12.30731102,2.829,2.500,1.670,1.87,7,7,Forward
1770567279.933386,57.83448417,12.30732300,57.83447878,12.30731701,2.829,2.500,1.670,2.09,7,7,Forward
1770567280.932575,57.83448667,12.30732100,57.83448272,12.30731900,2.829,2.500,1.670,1.68,7,7,Stopped
1770567281.9241214,57.83448933,12.30731950,57.83448603,12.30731925,2.829,2.500,1.670,1.37,7,7,Stopped
1770567282.9202218,57.83449133,12.30731317,57.83448868,12.30731621,2.829,2.500,1.670,0.99,7,7,Stopped
1770567283.9277189,57.83449183,12.30730817,57.83449026,12.30731219,2.829,2.500,1.670,0.65,7,7,Reverse
1770567284.9204655,57.83448933,12.30729583,57.83448980,12.30730401,2.829,2.500,1.670,0.62,7,7,Reverse
1770567285.9213724,57.83448400,12.30728117,57.83448690,12.30729259,2.829,2.500,1.670,1.38,7,7,Reverse
1770567286.9279916,57.83448700,12.30727400,57.83448695,12.30728329,2.829,2.500,1.670,0.87,7,7,Reverse
1770567287.9306695,57.83448900,12.30725750,57.83448797,12.30727040,2.829,2.500,1.670,1.12,7,7,Reverse
1770567288.93429,57.83448817,12.30725467,57.83448807,12.30726253,2.829,2.500,1.670,0.72,7,7,Reverse
1770567289.9233892,57.83449017,12.30725817,57.83448912,12.30726035,2.829,2.500,1.670,0.22,7,7,Stopped
1770567290.9350185,57.83448733,12.30725350,57.83448823,12.30725692,2.829,2.500,1.670,0.32,7,7,Reverse
1770567291.9348638,57.83449250,12.30725983,57.83449036,12.30725838,2.829,2.500,1.670,0.86,7,7,Stopped
1770567292.935841,57.83449400,12.30726017,57.83449218,12.30725927,2.829,2.500,1.670,0.89,7,7,Stopped
1770567293.9192064,57.83449017,12.30725467,57.83449117,12.30725697,2.829,2.500,1.670,0.03,7,7,Stopped
1770567294.9372725,57.83448750,12.30725917,57.83448934,12.30725807,2.829,2.500,1.670,0.67,7,7,Stopped
1770567295.9332218,57.83448150,12.30728383,57.83448542,12.30727095,2.238,2.500,1.050,0.41,8,8,Forward
1770567296.9263563,57.83447417,12.30729250,57.83447979,12.30728173,2.238,2.500,1.050,0.24,8,8,Forward
1770567297.9324877,57.83446267,12.30730617,57.83447123,12.30729395,2.238,2.500,1.050,0.78,8,8,Forward
1770567298.921842,57.83445367,12.30733117,57.83446245,12.30731256,2.238,2.500,1.050,1.45,8,8,Forward
1770567299.933781,57.83445000,12.30730967,57.83445622,12.30731111,2.238,2.500,1.050,2.25,8,8,Stopped
1770567300.9377844,57.83445233,12.30731967,57.83445428,12.30731539,2.238,2.500,1.050,1.05,8,8,Forward
1770567301.9359417,57.83445167,12.30732933,57.83445297,12.30732236,2.238,2.500,1.050,0.48,8,8,Forward
1770567302.932061,57.83445283,12.30733083,57.83445290,12.30732660,2.238,2.500,1.050,0.26,8,8,Forward
1770567303.921872,57.83445300,12.30734567,57.83445295,12.30733613,2.238,2.500,1.050,1.09,8,8,Forward
1770567304.9275568,57.83445367,12.30735583,57.83445331,12.30734598,2.238,2.500,1.050,1.22,8,8,Forward
1770567305.923522,57.83445300,12.30735583,57.83445315,12.30735091,2.238,2.500,1.050,0.83,8,8,Forward
1770567306.9345276,57.83445250,12.30735850,57.83445283,12.30735470,2.238,2.500,1.050,0.60,8,8,Forward
1770567307.931178,57.83445583,12.30735733,57.83445433,12.30735602,2.238,2.500,1.050,0.51,8,8,Stopped
1770567308.9204538,57.83445867,12.30735833,57.83445650,12.30735718,2.238,2.500,1.050,0.50,8,8,Stopped
1770567309.9326234,57.83445933,12.30735233,57.83445792,12.30735475,2.238,2.500,1.050,0.76,8,8,Stopped
1770567310.9207177,57.83445750,12.30735633,57.83445771,12.30735554,2.438,2.500,1.260,0.51,7,7,Stopped
1770567311.92218,57.83445417,12.30736200,57.83445594,12.30735877,2.438,2.500,1.260,0.38,7,7,Stopped
1770567312.9237669,57.83445033,12.30737167,57.83445314,12.30736522,2.438,2.500,1.260,0.99,7,7,Forward
1770567313.9328778,57.83444233,12.30737567,57.83444773,12.30737044,2.438,2.500,1.260,1.30,7,7,Forward
1770567314.9313705,57.83443900,12.30737583,57.83444337,12.30737314,2.238,2.500,1.050,1.11,8,8,Stopped
1770567315.9206853,57.83444117,12.30738033,57.83444227,12.30737674,2.238,2.500,1.050,0.53,8,8,Forward
1770567316.9204102,57.83444033,12.30738300,57.83444130,12.30737987,2.314,2.500,1.130,0.47,7,7,Stopped
1770567317.9344127,57.83443883,12.30738617,57.83444007,12.30738302,2.314,2.500,1.130,0.59,7,7,Stopped
1770567318.9324322,57.83444000,12.30738800,57.83444003,12.30738551,2.314,2.500,1.130,0.55,7,7,Stopped
1770567319.9256117,57.83444467,12.30739167,57.83444235,12.30738859,2.314,2.500,1.130,0.89,7,7,Stopped
1770567320.9331617,57.83444150,12.30738283,57.83444193,12.30738571,2.314,2.500,1.130,0.42,7,7,Stopped
1770567321.9236174,57.83444300,12.30738000,57.83444246,12.30738286,2.314,2.500,1.130,0.18,7,7,Stopped
1770567322.9236767,57.83444383,12.30736150,57.83444315,12.30737218,2.314,2.500,1.130,1.06,7,7,Reverse
1770567323.9325125,57.83444217,12.30735117,57.83444266,12.30736167,2.314,2.500,1.130,1.37,7,7,Reverse
1770567324.926381,57.83443983,12.30733833,57.83444125,12.30735000,2.314,2.500,1.130,1.47,7,7,Reverse
1770567325.9214761,57.83444050,12.30733233,57.83444087,12.30734117,2.314,2.500,1.130,1.03,7,7,Reverse
1770567326.9256816,57.83444083,12.30732833,57.83444085,12.30733475,2.314,2.500,1.130,0.66,7,7,Reverse
1770567327.9205258,57.83444250,12.30732667,57.83444168,12.30733071,2.314,2.500,1.130,0.92,7,7,Reverse
1770567328.929901,57.83443967,12.30732033,57.83444067,12.30732552,2.314,2.500,1.130,0.98,7,7,Reverse
1770567329.9205997,57.83443950,12.30731800,57.83444009,12.30732176,2.314,2.500,1.130,0.69,7,7,Reverse
1770567330.9205415,57.83444267,12.30731617,57.83444138,12.30731896,2.314,2.500,1.130,0.86,7,7,Stopped
1770567331.9246445,57.83444050,12.30731383,57.83444094,12.30731640,2.314,2.500,1.130,0.75,7,7,Stopped
1770567332.920615,57.83444433,12.30732200,57.83444264,12.30731920,2.314,2.500,1.130,1.06,7,7,Stopped
1770567333.9230347,57.83444600,12.30733017,57.83444432,12.30732468,2.314,2.500,1.130,1.20,7,7,Forward
1770567334.9306731,57.83444800,12.30733750,57.83444616,12.30733109,2.314,2.500,1.130,1.16,7,7,Forward
1770567335.927902,57.83444467,12.30734200,57.83444541,12.30733655,2.314,2.500,1.130,0.69,7,7,Forward
1770567336.9330318,57.83443950,12.30734333,57.83444246,12.30733994,2.314,2.500,1.130,0.28,7,7,Forward
1770567337.9294922,57.83443950,12.30734400,57.83444098,12.30734197,2.314,2.500,1.130,0.27,7,7,Stopped
1770567338.9237669,57.83443717,12.30734333,57.83443907,12.30734265,2.314,2.500,1.130,0.38,7,7,Stopped
1770567339.9297557,57.83443783,12.30734500,57.83443845,12.30734383,2.314,2.500,1.130,0.24,7,7,Stopped
1770567340.9251714,57.83443900,12.30734817,57.83443873,12.30734600,2.314,2.500,1.130,0.25,7,7,Stopped
1770567341.9212039,57.83443767,12.30734850,57.83443820,12.30734725,2.314,2.500,1.130,0.26,7,7,Stopped
1770567342.923465,57.83443567,12.30734650,57.83443693,12.30734687,2.314,2.500,1.130,0.29,7,7,Stopped
1770567343.920764,57.83443450,12.30735067,57.83443572,12.30734877,2.314,2.500,1.130,0.43,7,7,Stopped
1770567344.9205427,57.83443350,12.30734783,57.83443461,12.30734830,2.314,2.500,1.130,0.32,7,7,Stopped
1770567345.9237218,57.83442933,12.30734517,57.83443197,12.30734673,2.314,2.500,1.130,0.78,7,7,Stopped
1770567346.9286804,57.83443233,12.30734600,57.83443215,12.30734637,2.457,2.500,1.280,0.38,6,6,Stopped
1770567347.932751,57.83442833,12.30734400,57.83443024,12.30734518,2.324,2.500,1.140,0.71,7,7,Stopped
1770567348.9325242,57.83442667,12.30734917,57.83442845,12.30734718,2.324,2.500,1.140,1.02,7,7,Stopped
1770567349.9203525,57.83442467,12.30735467,57.83442656,12.30735092,2.324,2.500,1.140,0.93,7,7,Forward
1770567350.9342484,57.83442600,12.30735417,57.83442628,12.30735254,2.324,2.500,1.140,0.06,7,7,Stopped
1770567351.9228299,57.83442517,12.30736683,57.83442572,12.30735969,2.324,2.500,1.140,0.95,7,7,Forward
1770567352.9324718,57.83442767,12.30736333,57.83442670,12.30736151,2.324,2.500,1.140,0.34,7,7,Stopped
1770567353.9210985,57.83442400,12.30736983,57.83442535,12.30736567,2.324,2.500,1.140,0.51,7,7,Forward
1770567354.9329422,57.83442533,12.30735600,57.83442534,12.30736084,2.324,2.500,1.140,1.16,7,7,Reverse
1770567355.9203694,57.83442583,12.30735300,57.83442559,12.30735692,2.324,2.500,1.140,1.04,7,7,Reverse
1770567356.9256933,57.83442367,12.30735150,57.83442463,12.30735421,2.457,2.500,1.280,0.77,6,6,Stopped
1770567357.9202518,57.83441533,12.30734617,57.83441998,12.30735019,2.457,2.500,1.280,1.42,6,6,Reverse
1770567358.9259536,57.83441483,12.30734633,57.83441741,12.30734826,2.457,2.500,1.280,1.02,6,6,Stopped
1770567359.9214633,57.83441600,12.30732967,57.83441670,12.30733896,2.457,2.500,1.280,1.59,6,6,Reverse
1770567360.9266396,57.83441967,12.30733300,57.83441819,12.30733598,2.457,2.500,1.280,0.99,6,6,Stopped
1770567361.93131,57.83441467,12.30734067,57.83441643,12.30733832,2.457,2.500,1.280,0.09,6,6,Stopped
1770567362.9176855,57.83441550,12.30734550,57.83441596,12.30734191,2.457,2.500,1.280,0.30,6,6,Forward
1770567363.9204948,57.83442217,12.30735217,57.83441906,12.30734704,2.457,2.500,1.280,1.41,6,6,Forward
1770567364.9204984,57.83442267,12.30735800,57.83442087,12.30735252,2.457,2.500,1.280,1.14,6,6,Forward
1770567365.921995,57.83442650,12.30736183,57.83442368,12.30735718,2.457,2.500,1.280,1.48,6,6,Forward
1770567366.9242957,57.83442083,12.30735233,57.83442226,12.30735475,2.457,2.500,1.280,0.45,6,6,Stopped
1770567367.9211595,57.83442450,12.30734200,57.83442338,12.30734838,2.457,2.500,1.280,0.76,6,6,Reverse
1770567368.9204109,57.83442483,12.30734400,57.83442411,12.30734619,2.457,2.500,1.280,0.58,6,6,Stopped
1770567369.9218807,57.83442617,12.30734150,57.83442514,12.30734384,2.457,2.500,1.280,0.87,6,6,Stopped
1770567370.9206362,57.83442517,12.30733650,57.83442515,12.30734017,2.457,2.500,1.280,0.85,6,6,Reverse
1770567371.9209764,57.83442350,12.30733750,57.83442433,12.30733884,2.457,2.500,1.280,0.51,6,6,Stopped
1770567372.9231083,57.83442583,12.30732683,57.83442508,12.30733283,2.457,2.500,1.280,1.13,6,6,Reverse
1770567373.9188,57.83442333,12.30733000,57.83442421,12.30733142,2.457,2.500,1.280,0.56,6,6,Stopped
1770567374.9251056,57.83442900,12.30732333,57.83442660,12.30732738,2.457,2.500,1.280,1.52,6,6,Reverse
1770567375.9202373,57.83443217,12.30732483,57.83442938,12.30732610,2.457,2.500,1.280,1.32,6,6,Stopped
1770567376.9259424,57.83443250,12.30734767,57.83443094,12.30733689,2.457,2.500,1.280,2.08,6,6,Forward
1770567377.9239607,57.83443333,12.30735017,57.83443214,12.30734353,2.457,2.500,1.280,1.41,6,6,Forward
1770567378.921115,57.83443383,12.30734667,57.83443299,12.30734510,2.467,2.500,1.290,0.85,6,6,Stopped
1770567379.932485,57.83443700,12.30734417,57.83443499,12.30734463,2.467,2.500,1.290,1.21,6,6,Stopped
1770567380.9275901,57.83443500,12.30733617,57.83443500,12.30734040,2.467,2.500,1.290,1.01,6,6,Reverse
1770567381.9368308,57.83443467,12.30732883,57.83443483,12.30733462,2.467,2.500,1.290,1.15,6,6,Reverse
1770567382.9324536,57.83442900,12.30732400,57.83443192,12.30732931,2.467,2.500,1.290,0.83,6,6,Reverse
1770567383.9204636,57.83442983,12.30732200,57.83443087,12.30732565,2.467,2.500,1.290,0.56,6,6,Reverse
1770567384.9347098,57.83443250,12.30732567,57.83443169,12.30732566,2.467,2.500,1.290,0.67,6,6,Stopped
1770567385.9267893,57.83443317,12.30731217,57.83443243,12.30731891,2.305,2.500,1.120,0.79,7,7,Reverse
1770567386.9306107,57.83443150,12.30730383,57.83443196,12.30731137,2.324,2.500,1.140,0.87,7,7,Reverse
1770567387.920411,57.83442367,12.30729467,57.83442782,12.30730302,2.248,2.500,1.060,0.23,8,8,Reverse
1770567388.932776,57.83442233,12.30727917,57.83442507,12.30729109,2.324,2.500,1.140,0.49,7,7,Reverse
1770567389.927905,57.83442517,12.30727817,57.83442512,12.30728463,2.324,2.500,1.140,0.94,7,7,Reverse
1770567390.9246418,57.83442283,12.30727500,57.83442398,12.30727982,2.324,2.500,1.140,0.92,7,7,Reverse
1770567391.9206297,57.83441833,12.30726717,57.83442116,12.30727349,2.324,2.500,1.140,0.48,7,7,Reverse
1770567392.9365876,57.83441333,12.30726233,57.83441724,12.30726791,2.324,2.500,1.140,0.56,7,7,Reverse
1770567393.9216614,57.83440833,12.30724600,57.83441279,12.30725696,2.324,2.500,1.140,0.60,7,7,Reverse
1770567394.9369256,57.83440850,12.30724133,57.83441064,12.30724914,2.248,2.500,1.060,0.26,8,8,Reverse
1770567395.920611,57.83439817,12.30722467,57.83440441,12.30723691,2.248,2.500,1.060,1.69,8,8,Reverse
1770567396.9290853,57.83439583,12.30722217,57.83440012,12.30722954,2.248,2.500,1.060,1.22,8,8,Reverse
1770567397.934876,57.83439700,12.30722067,57.83439856,12.30722510,2.248,2.500,1.060,0.55,8,8,Reverse
1770567398.925454,57.83439400,12.30721950,57.83439628,12.30722230,2.248,2.500,1.060,0.79,8,8,Stopped
1770567399.932453,57.83439767,12.30721067,57.83439697,12.30721648,2.248,2.500,1.060,0.40,8,8,Reverse
1770567400.9298265,57.83439300,12.30722417,57.83439499,12.30722033,2.248,2.500,1.060,1.11,8,8,Forward
1770567401.9207342,57.83438933,12.30722350,57.83439216,12.30722191,2.248,2.500,1.060,1.21,8,8,Stopped
1770567402.924147,57.83438217,12.30722983,57.83438716,12.30722587,2.248,2.500,1.060,2.01,8,8,Forward
1770567403.9288507,57.83439000,12.30723100,57.83438858,12.30722844,2.305,2.500,1.120,0.49,7,7,Stopped
1770567404.9260106,57.83439150,12.30724200,57.83439004,12.30723522,2.305,2.500,1.120,0.77,7,7,Forward
1770567405.9250734,57.83439350,12.30724617,57.83439177,12.30724069,2.305,2.500,1.120,0.64,7,7,Forward
1770567406.9205217,57.83439417,12.30725433,57.83439297,12.30724751,2.305,2.500,1.120,0.79,7,7,Forward
1770567407.9302924,57.83439650,12.30725017,57.83439473,12.30724884,2.305,2.500,1.120,0.14,7,7,Stopped
1770567408.9247024,57.83439400,12.30724283,57.83439437,12.30724584,2.305,2.500,1.120,0.74,7,7,Stopped
1770567409.9325101,57.83439467,12.30723800,57.83439452,12.30724192,2.305,2.500,1.120,0.86,7,7,Reverse
1770567410.9206586,57.83438817,12.30723017,57.83439134,12.30723604,2.305,2.500,1.120,1.76,7,7,Reverse
1770567411.9217467,57.83439017,12.30723967,57.83439075,12.30723785,2.305,2.500,1.120,0.98,7,7,Stopped
1770567412.923536,57.83439433,12.30724450,57.83439254,12.30724118,2.305,2.500,1.120,0.35,7,7,Stopped
1770567413.9241273,57.83439467,12.30725383,57.83439361,12.30724751,2.305,2.500,1.120,0.17,7,7,Forward
1770567414.9287326,57.83440250,12.30726467,57.83439805,12.30725609,2.305,2.500,1.120,1.41,7,7,Forward
1770567415.9348972,57.83440667,12.30726733,57.83440236,12.30726171,2.305,2.500,1.120,1.38,7,7,Forward
1770567416.9228017,57.83440733,12.30727083,57.83440485,12.30726627,2.305,2.500,1.120,0.73,7,7,Forward
1770567417.9276743,57.83441367,12.30726500,57.83440926,12.30726564,2.305,2.500,1.120,1.47,7,7,Stopped
1770567418.9326627,57.83441833,12.30726750,57.83441379,12.30726657,2.305,2.500,1.120,1.42,7,7,Stopped
1770567419.9204295,57.83442133,12.30727867,57.83441756,12.30727262,2.305,2.500,1.120,1.23,7,7,Forward
1770567420.9337347,57.83442967,12.30727900,57.83442362,12.30727581,2.305,2.500,1.120,2.03,7,7,Stopped
1770567421.9293153,57.83442833,12.30729183,57.83442597,12.30728382,2.305,2.500,1.120,1.28,7,7,Forward
1770567422.923194,57.83443400,12.30731900,57.83442999,12.30730141,2.305,2.500,1.120,2.61,7,7,Forward
1770567423.9308321,57.83443200,12.30733717,57.83443099,12.30731929,2.305,2.500,1.120,2.77,7,7,Forward
1770567424.9293017,57.83443083,12.30735900,57.83443091,12.30733914,2.305,2.500,1.120,3.27,7,7,Forward
1770567425.9323761,57.83443133,12.30736083,57.83443112,12.30734999,2.305,2.500,1.120,2.30,7,7,Forward
1770567426.9291873,57.83442883,12.30736333,57.83442998,12.30735666,2.305,2.500,1.120,1.76,7,7,Forward
1770567427.9332683,57.83440233,12.30735633,57.83441616,12.30735650,2.305,2.500,1.120,3.07,7,7,Stopped
1770567428.9236534,57.83440500,12.30731233,57.83441058,12.30733442,2.305,2.500,1.120,1.71,8,8,Reverse
1770567429.934994,57.83440300,12.30731967,57.83440679,12.30732704,2.248,2.500,1.060,1.12,8,8,Reverse
1770567430.9319582,57.83440617,12.30732583,57.83440648,12.30732644,2.305,2.500,1.120,0.39,7,7,Stopped
1770567431.9250872,57.83440233,12.30733267,57.83440441,12.30732955,2.305,2.500,1.120,0.75,7,7,Stopped
1770567432.93378,57.83439583,12.30733950,57.83440012,12.30733453,2.305,2.500,1.120,1.15,7,7,Forward
1770567433.9234095,57.83439700,12.30733000,57.83439856,12.30733226,2.305,2.500,1.120,0.91,7,7,Stopped
1770567434.9348671,57.83439183,12.30732717,57.83439520,12.30732971,2.305,2.500,1.120,1.60,7,7,Stopped
1770567435.930089,57.83439517,12.30731667,57.83439518,12.30732319,2.305,2.500,1.120,1.69,7,7,Reverse
1770567436.9267366,57.83440067,12.30732050,57.83439792,12.30732185,2.467,2.500,1.290,1.06,7,7,Stopped
1770567437.9206343,57.83439833,12.30731217,57.83439813,12.30731701,2.467,2.500,1.290,1.43,7,7,Reverse
1770567438.9206326,57.83439383,12.30729067,57.83439598,12.30730384,2.467,2.500,1.290,2.64,6,6,Reverse
1770567439.9206026,57.83438683,12.30728783,57.83439141,12.30729583,2.467,2.500,1.290,2.59,6,6,Reverse
1770567440.920825,57.83439217,12.30731017,57.83439179,12.30730300,2.467,2.500,1.290,0.68,6,6,Forward
1770567441.9332404,57.83439783,12.30729300,57.83439481,12.30729800,2.467,2.500,1.290,1.63,6,6,Reverse
1770567442.9288511,57.83440350,12.30729267,57.83439916,12.30729533,2.305,2.500,1.120,1.75,7,7,Stopped
1770567443.9227977,57.83440233,12.30729500,57.83440074,12.30729517,2.305,2.500,1.120,1.30,7,7,Stopped
1770567444.9206557,57.83440917,12.30730667,57.83440496,12.30730092,2.305,2.500,1.120,1.02,7,7,Forward
1770567445.9290876,57.83441500,12.30731817,57.83440998,12.30730954,2.305,2.500,1.120,1.11,7,7,Forward
1770567446.929717,57.83442633,12.30731817,57.83441816,12.30731385,2.305,2.500,1.120,2.02,7,7,Forward
1770567447.9230304,57.83443200,12.30731717,57.83442508,12.30731551,2.305,2.500,1.120,1.86,7,7,Stopped
1770567448.92877,57.83443033,12.30731783,57.83442771,12.30731667,2.305,2.500,1.120,1.15,7,7,Stopped
1770567449.9205697,57.83443350,12.30732483,57.83443060,12.30732075,2.305,2.500,1.120,0.81,7,7,Forward
1770567450.9205031,57.83443467,12.30732767,57.83443263,12.30732421,2.305,2.500,1.120,0.64,7,7,Forward
1770567451.9292243,57.83443700,12.30731983,57.83443482,12.30732202,2.305,2.500,1.120,0.61,7,7,Stopped
1770567452.920372,57.83443733,12.30730367,57.83443608,12.30731284,2.314,2.500,1.130,1.21,7,7,Reverse
1770567453.9174483,57.83445033,12.30729750,57.83444320,12.30730517,2.314,2.500,1.130,1.99,7,7,Reverse
1770567454.92384,57.83444883,12.30729167,57.83444602,12.30729842,2.314,2.500,1.130,1.53,7,7,Reverse
1770567455.9305973,57.83444317,12.30728017,57.83444459,12.30728929,2.314,2.500,1.130,1.46,7,7,Reverse
1770567456.92201,57.83444617,12.30729500,57.83444538,12.30729215,2.314,2.500,1.130,0.46,7,7,Stopped
1770567457.9223514,57.83444733,12.30730050,57.83444636,12.30729632,2.314,2.500,1.130,0.32,7,7,Forward
1770567458.9240832,57.83444333,12.30730483,57.83444484,12.30730058,2.314,2.500,1.130,0.47,7,7,Forward
1770567459.920204,57.83443883,12.30732283,57.83444184,12.30731171,2.314,2.500,1.130,1.43,7,7,Forward
1770567460.922284,57.83443200,12.30733733,57.83443692,12.30732452,2.314,2.500,1.130,2.20,7,7,Forward
1770567461.9239886,57.83443817,12.30732450,57.83443754,12.30732451,2.314,2.500,1.130,0.53,7,7,Stopped
1770567462.9342124,57.83444067,12.30733100,57.83443910,12.30732775,2.314,2.500,1.130,0.81,7,7,Stopped
1770567463.922082,57.83444817,12.30734133,57.83444364,12.30733454,2.314,2.500,1.130,1.90,7,7,Forward
1770567464.9323683,57.83443383,12.30735967,57.83443873,12.30734711,2.314,2.500,1.130,1.37,7,7,Forward
1770567465.928033,57.83443233,12.30734400,57.83443553,12.30734555,2.314,2.500,1.130,0.40,7,7,Stopped
1770567466.9347823,57.83443017,12.30733733,57.83443285,12.30734144,2.314,2.500,1.130,0.72,7,7,Reverse
1770567467.9286134,57.83443533,12.30733783,57.83443409,12.30733964,2.314,2.500,1.130,0.74,7,7,Stopped
1770567468.9337883,57.83443817,12.30735433,57.83443613,12.30734699,2.314,2.500,1.130,1.17,7,7,Forward
1770567469.9294589,57.83443483,12.30736100,57.83443548,12.30735399,2.314,2.500,1.130,0.99,7,7,Forward
1770567470.9272316,57.83443167,12.30736183,57.83443357,12.30735791,2.314,2.500,1.130,0.48,7,7,Forward
1770567471.9218009,57.83443967,12.30735767,57.83443662,12.30735779,2.314,2.500,1.130,1.06,7,7,Stopped
1770567472.928846,57.83444033,12.30735417,57.83443848,12.30735598,2.314,2.500,1.130,0.96,7,7,Stopped
1770567473.9325612,57.83443900,12.30735883,57.83443874,12.30735741,2.314,2.500,1.130,0.68,7,7,Stopped
1770567474.9254103,57.83444100,12.30736850,57.83443987,12.30736295,2.314,2.500,1.130,1.09,7,7,Forward
1770567475.9334822,57.83443933,12.30734633,57.83443960,12.30735464,2.314,2.500,1.130,0.58,7,7,Reverse
1770567476.9314945,57.83443083,12.30733833,57.83443522,12.30734649,2.248,2.500,1.060,1.18,8,8,Reverse
1770567477.927422,57.83443217,12.30732583,57.83443369,12.30733616,2.248,2.500,1.060,0.83,8,8,Reverse
1770567478.9324982,57.83443883,12.30731467,57.83443626,12.30732541,2.248,2.500,1.060,0.91,8,8,Reverse
1770567479.9276977,57.83443450,12.30729850,57.83443538,12.30731196,2.248,2.500,1.060,1.36,8,8,Reverse
1770567480.9403813,57.83443700,12.30729517,57.83443619,12.30730356,2.248,2.500,1.060,0.63,8,8,Reverse
1770567481.928431,57.83443867,12.30728117,57.83443743,12.30729236,2.248,2.500,1.060,0.94,8,8,Reverse
1770567482.9237354,57.83444150,12.30727350,57.83443946,12.30728293,2.248,2.500,1.060,1.03,8,8,Reverse
1770567483.9217658,57.83444733,12.30726650,57.83444340,12.30727472,2.248,2.500,1.060,1.74,8,8,Reverse
1770567484.9205072,57.83444250,12.30725717,57.83444295,12.30726594,2.248,2.500,1.060,1.01,8,8,Reverse
1770567485.930954,57.83444050,12.30725383,57.83444172,12.30725989,2.248,2.500,1.060,0.86,8,8,Reverse
1770567486.9272609,57.83443750,12.30724783,57.83443961,12.30725386,2.248,2.500,1.060,0.99,8,8,Reverse
1770567487.932292,57.83443567,12.30724850,57.83443764,12.30725118,2.248,2.500,1.060,0.73,8,8,Stopped
1770567488.9268782,57.83442833,12.30725183,57.83443299,12.30725151,2.248,2.500,1.060,0.36,8,8,Stopped
1770567489.9235253,57.83442950,12.30725617,57.83443124,12.30725384,2.248,2.500,1.060,0.32,8,8,Stopped
1770567490.932528,57.83442700,12.30727650,57.83442912,12.30726517,2.248,2.500,1.060,1.64,8,8,Forward
1770567491.9270878,57.83442000,12.30729183,57.83442456,12.30727850,2.857,2.500,1.700,2.06,7,7,Forward
1770567492.932573,57.83441617,12.30730833,57.83442036,12.30729342,2.857,2.500,1.700,2.60,7,7,Forward
1770567493.9280133,57.83441333,12.30729133,57.83441685,12.30729238,2.857,2.500,1.700,1.51,7,7,Stopped
1770567494.9330466,57.83441150,12.30728950,57.83441417,12.30729094,2.248,2.500,1.060,1.43,8,8,Stopped
1770567495.92672,57.83441200,12.30729683,57.83441309,12.30729389,2.248,2.500,1.060,1.20,8,8,Stopped
1770567496.9343357,57.83441333,12.30729550,57.83441321,12.30729469,2.248,2.500,1.060,0.57,8,8,Stopped
1770567497.9282908,57.83441500,12.30730050,57.83441411,12.30729760,2.248,2.500,1.060,0.78,8,8,Stopped
1770567498.9277003,57.83440817,12.30730800,57.83441114,12.30730280,2.248,2.500,1.060,1.33,8,8,Forward
1770567499.936396,57.83439783,12.30731667,57.83440448,12.30730973,2.248,2.500,1.060,2.25,8,8,Forward
1770567500.9283772,57.83439400,12.30732183,57.83439924,12.30731578,2.343,2.500,1.160,1.95,7,7,Forward
1770567501.933382,57.83439617,12.30732383,57.83439770,12.30731981,2.343,2.500,1.160,1.10,7,7,Forward
1770567502.9218175,57.83439517,12.30732233,57.83439644,12.30732107,3.152,2.500,2.010,0.96,6,6,Stopped
1770567503.9228683,57.83439233,12.30731883,57.83439438,12.30731995,3.152,2.500,2.010,1.04,6,6,Stopped
1770567504.9226053,57.83439983,12.30732300,57.83439711,12.30732148,3.152,2.500,2.010,0.69,6,6,Stopped
1770567505.9272745,57.83439633,12.30733400,57.83439672,12.30732774,3.152,2.500,2.010,0.83,6,6,Forward
1770567506.932551,57.83440850,12.30729500,57.83440261,12.30731137,3.152,2.500,2.010,0.75,6,6,Reverse
1770567507.921628,57.83441400,12.30730783,57.83440831,12.30730960,2.867,2.500,1.710,0.81,7,7,Stopped
1770567508.922185,57.83441617,12.30731400,57.83441224,12.30731180,2.867,2.500,1.710,1.49,7,7,Stopped
1770567509.92796,57.83440867,12.30734267,57.83441045,12.30732723,2.867,2.500,1.710,2.50,7,7,Forward
1770567510.926118,57.83440933,12.30734233,57.83440989,12.30733478,3.152,2.500,2.010,2.02,6,6,Forward
1770567511.9219458,57.83441083,12.30733083,57.83441036,12.30733281,4.095,2.500,3.000,1.07,5,5,Stopped
1770567512.9258943,57.83441300,12.30732867,57.83441168,12.30733074,4.095,2.500,3.000,0.89,5,5,Stopped
1770567513.925379,57.83440433,12.30733883,57.83440801,12.30733479,4.095,2.500,3.000,1.55,5,5,Forward
1770567514.927164,57.83440883,12.30735867,57.83440842,12.30734673,6.000,2.500,13.570,1.91,4,4,Forward
1770567515.9235442,57.83441667,12.30734150,57.83441254,12.30734411,6.000,2.500,13.590,1.27,4,4,Stopped
1770567516.9223785,57.83442567,12.30735400,57.83441911,12.30734906,3.295,2.500,2.160,2.43,5,5,Forward
1770567517.9262938,57.83442950,12.30735467,57.83442430,12.30735186,3.295,2.500,2.160,2.37,5,5,Stopped
1770567518.9203165,57.83443667,12.30732817,57.83443048,12.30734001,3.295,2.500,2.160,1.47,5,5,Reverse
1770567519.9220827,57.83444300,12.30731517,57.83443674,12.30732759,3.295,2.500,2.160,1.27,5,5,Reverse
1770567520.9269316,57.83444967,12.30733150,57.83444320,12.30732955,3.295,2.500,2.160,2.35,5,5,Stopped
1770567521.9267309,57.83443733,12.30733467,57.83444027,12.30733211,3.295,2.500,2.160,1.08,5,5,Stopped
1770567522.9274623,57.83442700,12.30735433,57.83443363,12.30734322,2.410,2.500,1.230,1.11,6,6,Forward
1770567523.9284024,57.83440900,12.30738700,57.83442132,12.30736511,2.733,2.500,1.570,2.57,5,5,Forward
1770567524.927943,57.83440567,12.30741683,57.83441349,12.30739097,2.733,2.500,1.570,2.64,5,5,Forward
1770567525.9187002,57.83440850,12.30740600,57.83441100,12.30739849,2.733,2.500,1.570,1.86,5,5,Forward
1770567526.9223778,57.83440433,12.30740100,57.83440766,12.30739974,6.000,2.500,7.070,1.86,4,4,Stopped
1770567527.9204605,57.83440617,12.30740133,57.83440692,12.30740054,6.000,2.500,7.070,1.96,4,4,Stopped
1770567528.9226508,57.83440817,12.30738850,57.83440754,12.30739452,6.000,2.500,7.070,1.32,4,4,Reverse
1770567529.9157515,57.83441067,12.30736833,57.83440910,12.30738143,6.000,2.500,7.080,0.32,4,4,Reverse
1770567530.924271,57.83440300,12.30736233,57.83440605,12.30737188,4.095,2.500,3.000,0.79,5,5,Reverse
1770567531.9226534,57.83439983,12.30736350,57.83440294,12.30736769,4.095,2.500,3.000,1.73,5,5,Reverse
1770567532.9269795,57.83439200,12.30737367,57.83439747,12.30737068,4.095,2.500,3.000,2.94,5,5,Stopped
1770567533.9230914,57.83440050,12.30737250,57.83439899,12.30737159,4.095,2.500,3.000,2.41,5,5,Stopped
1770567534.9164715,57.83440833,12.30736600,57.83440366,12.30736879,4.095,2.500,3.000,2.10,5,5,Stopped
1770567535.9224405,57.83440617,12.30737033,57.83440491,12.30736956,6.000,2.500,7.100,2.12,4,4,Stopped
1770567536.9159667,57.83440817,12.30737217,57.83440654,12.30737087,6.000,2.500,7.100,2.16,4,4,Stopped
1770567537.9232333,57.83439917,12.30736983,57.83440285,12.30737035,6.000,2.500,7.110,2.10,4,4,Stopped
1770567538.9195364,57.83440533,12.30735267,57.83440409,12.30736151,6.000,2.500,7.110,0.72,4,4,Reverse
1770567539.9231806,57.83441333,12.30733550,57.83440871,12.30734850,6.000,2.500,7.120,0.45,4,4,Reverse
1770567540.9205556,57.83442283,12.30732500,57.83441577,12.30733675,6.000,2.500,7.120,1.68,4,4,Reverse
1770567541.9193373,57.83442800,12.30730767,57.83442189,12.30732221,6.000,2.500,7.120,1.89,4,4,Reverse
1770567542.9204397,57.83442800,12.30729450,57.83442494,12.30730835,6.000,2.500,7.130,1.21,4,4,Reverse
1770567543.9263568,57.83442183,12.30728350,57.83442339,12.30729593,6.000,2.500,7.130,0.07,4,4,Reverse
1770567544.920634,57.83441733,12.30727567,57.83442036,12.30728580,6.000,2.500,7.130,0.62,4,4,Reverse
1770567545.9174194,57.83442200,12.30726817,57.83442118,12.30727698,6.000,2.500,7.140,0.53,4,4,Reverse
1770567546.920473,57.83441783,12.30726367,57.83441951,12.30727032,6.000,2.500,7.140,0.50,4,4,Reverse
1770567547.917171,57.83442267,12.30725033,57.83442109,12.30726033,6.000,2.500,7.150,0.78,4,4,Reverse
1770567548.9238033,57.83441733,12.30725417,57.83441921,12.30725725,6.000,2.500,7.150,0.56,4,4,Stopped
1770567549.916885,57.83440433,12.30730733,57.83441177,12.30728229,6.000,2.500,7.150,0.65,4,4,Forward
1770567550.9201949,57.83438900,12.30734533,57.83440039,12.30731381,2.686,2.500,1.520,0.74,5,5,Forward
1770567551.917973,57.83437217,12.30736250,57.83438628,12.30733816,2.695,2.500,1.530,0.68,5,5,Forward
1770567552.9277833,57.83435450,12.30739883,57.83437039,12.30736849,2.695,2.500,1.530,0.18,5,5,Forward
1770567553.920396,57.83433817,12.30742283,57.83435428,12.30739566,2.695,2.500,1.530,0.64,5,5,Forward
1770567554.9210317,57.83433083,12.30746867,57.83434256,12.30743217,2.695,2.500,1.530,1.93,5,5,Forward
1770567555.9203575,57.83433133,12.30747967,57.83433694,12.30745592,2.695,2.500,1.530,2.39,5,5,Forward
1770567556.920817,57.83432467,12.30748417,57.83433081,12.30747004,6.000,2.500,7.180,2.26,4,4,Forward
1770567557.9200773,57.83433200,12.30747767,57.83433140,12.30747385,6.000,2.500,7.180,1.55,4,4,Forward
1770567558.9190037,57.83432417,12.30747300,57.83432778,12.30747343,6.000,2.500,7.190,1.36,4,4,Stopped
1770567559.9225674,57.83432217,12.30745850,57.83432498,12.30746596,6.000,2.500,7.190,0.69,4,4,Reverse
1770567560.9183383,57.83432400,12.30745650,57.83432449,12.30746123,6.000,2.500,7.200,0.67,4,4,Reverse
1770567561.915739,57.83432067,12.30746000,57.83432258,12.30746062,6.000,2.500,7.200,0.99,4,4,Stopped
1770567562.9210725,57.83431283,12.30745100,57.83431771,12.30745581,6.000,2.500,7.200,1.01,4,4,Reverse
1770567563.924066,57.83431267,12.30745633,57.83431519,12.30745607,6.000,2.500,7.210,1.18,4,4,Stopped
1770567564.9182491,57.83431100,12.30745433,57.83431309,12.30745520,6.000,2.500,7.210,1.14,4,4,Stopped
1770567565.8993878,57.83431417,12.30745867,57.83431363,12.30745693,6.000,2.500,7.210,1.31,4,4,Stopped
1770567566.9209719,57.83431617,12.30746117,57.83431490,12.30745905,6.000,2.500,7.220,1.71,4,4,Stopped
1770567567.9143035,57.83431800,12.30745417,57.83431645,12.30745661,6.000,2.500,7.220,1.61,4,4,Stopped
1770567568.9207246,57.83431167,12.30744700,57.83431406,12.30745180,6.000,2.500,7.230,1.46,4,4,Reverse
1770567569.916054,57.83430733,12.30744717,57.83431070,12.30744949,6.000,2.500,7.230,1.97,4,4,Stopped
1770567570.9203088,57.83430800,12.30744300,57.83430935,12.30744624,6.000,2.500,7.230,1.86,4,4,Stopped
1770567571.9177985,57.83431983,12.30742433,57.83431459,12.30743529,6.000,2.500,7.240,1.36,4,4,Reverse
1770567572.9227996,57.83432350,12.30742267,57.83431905,12.30742898,3.648,2.500,2.530,1.79,5,5,Reverse
1770567573.9181495,57.83432200,12.30741150,57.83432052,12.30742024,3.648,2.500,2.530,0.91,5,5,Reverse
1770567574.9260688,57.83432800,12.30739733,57.83432426,12.30740879,3.648,2.500,2.530,0.91,5,5,Reverse
1770567575.9224524,57.83432517,12.30738883,57.83432471,12.30739881,3.648,2.500,2.530,0.61,5,5,Reverse
1770567576.920295,57.83432383,12.30738333,57.83432427,12.30739107,3.648,2.500,2.530,0.66,5,5,Reverse
1770567577.916,57.83431617,12.30736917,57.83432022,12.30738012,3.648,2.500,2.530,1.18,5,5,Reverse
1770567578.9203358,57.83431283,12.30735933,57.83431653,12.30736973,3.648,2.500,2.530,1.80,5,5,Reverse
1770567579.922106,57.83432367,12.30736250,57.83432010,12.30736611,3.648,2.500,2.530,0.55,5,5,Reverse
1770567580.9169672,57.83432450,12.30735667,57.83432230,12.30736139,3.648,2.500,2.530,0.54,5,5,Reverse
1770567581.9232163,57.83433300,12.30734750,57.83432765,12.30735444,3.648,2.500,2.530,0.63,5,5,Reverse
1770567582.9172518,57.83433117,12.30735200,57.83432941,12.30735322,3.648,2.500,2.530,0.91,5,5,Stopped
1770567583.9207778,57.83433417,12.30735133,57.83433179,12.30735228,3.648,2.500,2.530,0.98,5,5,Stopped
1770567584.9182806,57.83433567,12.30733967,57.83433373,12.30734597,3.648,2.500,2.530,0.57,5,5,Reverse
1770567585.9222436,57.83433700,12.30733517,57.83433536,12.30734057,3.648,2.500,2.530,0.48,5,5,Reverse
1770567586.915795,57.83434033,12.30733917,57.83433785,12.30733987,3.648,2.500,2.530,0.71,5,5,Stopped
1770567587.9143744,57.83435133,12.30733700,57.83434459,12.30733843,3.648,2.500,2.530,0.85,5,5,Stopped
1770567588.9310315,57.83435383,12.30734183,57.83434921,12.30734013,3.648,2.500,2.530,1.03,5,5,Stopped
1770567589.9285114,57.83435517,12.30732817,57.83435219,12.30733415,3.648,2.500,2.530,0.15,5,5,Reverse
1770567590.9207222,57.83435633,12.30732083,57.83435426,12.30732749,3.648,2.500,2.530,0.11,5,5,Reverse
1770567591.9065406,57.83435733,12.30731750,57.83435580,12.30732250,3.648,2.500,2.530,0.08,5,5,Reverse
1770567592.9205832,57.83435850,12.30733167,57.83435715,12.30732708,3.648,2.500,2.530,1.29,5,5,Forward
1770567593.9159017,57.83435917,12.30732483,57.83435816,12.30732596,3.648,2.500,2.530,0.79,5,5,Stopped
1770567594.9255583,57.83436217,12.30731467,57.83436016,12.30732031,3.371,2.500,2.240,0.32,6,6,Reverse
1770567595.9219937,57.83437650,12.30732917,57.83436833,12.30732474,3.371,2.500,2.240,2.12,6,6,Forward
1770567596.921972,57.83436950,12.30733767,57.83436892,12.30733120,3.371,2.500,2.240,1.21,6,6,Forward
1770567597.9237738,57.83437383,12.30735217,57.83437137,12.30734168,3.371,2.500,2.240,1.90,6,6,Forward
1770567598.9205937,57.83437567,12.30736150,57.83437352,12.30735159,3.371,2.500,2.240,1.74,6,6,Forward
1770567599.9213562,57.83437633,12.30737583,57.83437493,12.30736371,2.876,2.500,1.720,1.97,7,7,Forward
1770567600.9373174,57.83438217,12.30738650,57.83437855,12.30737511,3.371,2.500,2.240,2.09,6,6,Forward
1770567601.9202788,57.83438883,12.30739767,57.83438369,12.30738639,2.876,2.500,1.720,2.37,7,7,Forward
1770567602.924146,57.83438933,12.30741617,57.83438651,12.30740128,3.371,2.500,2.240,2.62,6,6,Forward
1770567603.9220843,57.83437767,12.30741650,57.83438209,12.30740889,3.371,2.500,2.240,1.42,6,6,Forward
1770567604.920345,57.83436350,12.30741383,57.83437279,12.30741136,2.876,2.500,1.720,0.63,7,7,Stopped
1770567605.9226658,57.83437067,12.30742550,57.83437173,12.30741843,2.876,2.500,1.720,1.20,7,7,Forward
1770567606.9323916,57.83437083,12.30744167,57.83437128,12.30743005,2.876,2.500,1.720,1.59,7,7,Forward
1770567607.9257522,57.83436733,12.30744383,57.83436931,12.30743694,3.371,2.500,2.240,1.19,6,6,Forward
1770567608.9256628,57.83437117,12.30745733,57.83437024,12.30744714,2.876,2.500,1.720,1.79,7,7,Forward
1770567609.9266086,57.83438083,12.30745350,57.83437554,12.30745032,2.876,2.500,1.720,1.67,7,7,Stopped
1770567610.9207509,57.83439083,12.30748817,57.83438318,12.30746924,2.876,2.500,1.720,3.60,7,7,Forward
1770567611.9202902,57.83439050,12.30748600,57.83438684,12.30747762,2.876,2.500,1.720,2.21,7,7,Forward
1770567612.9319344,57.83439083,12.30748250,57.83438884,12.30748006,2.876,2.500,1.720,1.40,7,7,Stopped
1770567613.9293277,57.83439333,12.30747417,57.83439109,12.30747711,2.876,2.500,1.720,0.81,7,7,Stopped
1770567614.9242296,57.83439483,12.30747217,57.83439296,12.30747464,2.876,2.500,1.720,0.59,7,7,Stopped
1770567615.9232705,57.83438750,12.30746567,57.83439023,12.30747015,2.876,2.500,1.720,0.82,7,7,Reverse
1770567616.9276407,57.83438633,12.30746567,57.83438828,12.30746791,2.876,2.500,1.720,0.79,7,7,Stopped
1770567617.931095,57.83438733,12.30744133,57.83438781,12.30745462,2.876,2.500,1.720,1.54,7,7,Reverse
1770567618.9255507,57.83438350,12.30743067,57.83438565,12.30744264,2.886,2.500,1.730,1.90,7,7,Reverse
1770567619.9312394,57.83437983,12.30744217,57.83438274,12.30744241,2.886,2.500,1.730,0.95,7,7,Stopped
1770567620.91847,57.83437583,12.30744383,57.83437929,12.30744312,2.886,2.500,1.730,1.25,7,7,Stopped
1770567621.9235907,57.83437800,12.30744850,57.83437864,12.30744581,2.886,2.500,1.730,0.61,7,7,Stopped
1770567622.9211617,57.83437017,12.30747400,57.83437441,12.30745990,2.886,2.500,1.730,2.01,7,7,Forward
1770567623.9231765,57.83437250,12.30748200,57.83437345,12.30747095,2.886,2.500,1.730,2.52,7,7,Forward
1770567624.9218466,57.83437183,12.30747250,57.83437264,12.30747173,2.886,2.500,1.730,1.92,7,7,Stopped
1770567625.9231844,57.83437200,12.30746367,57.83437232,12.30746770,2.886,2.500,1.730,1.55,7,7,Reverse
1770567626.9204602,57.83437167,12.30744783,57.83437199,12.30745776,2.886,2.500,1.730,0.81,7,7,Reverse
1770567627.9256506,57.83437817,12.30743483,57.83437508,12.30744630,2.886,2.500,1.730,0.71,7,7,Reverse
1770567628.9206252,57.83437067,12.30745000,57.83437287,12.30744815,2.886,2.500,1.730,0.82,7,7,Stopped
1770567629.928245,57.83437450,12.30744017,57.83437369,12.30744416,2.886,2.500,1.730,0.35,7,7,Reverse
1770567630.9205377,57.83437933,12.30745150,57.83437651,12.30744783,2.886,2.500,1.730,1.48,7,7,Forward
1770567631.9300466,57.83437700,12.30744350,57.83437676,12.30744566,2.886,2.500,1.730,0.74,7,7,Stopped
1770567632.9240348,57.83437867,12.30744367,57.83437771,12.30744467,2.886,2.500,1.730,0.79,7,7,Stopped
1770567633.929187,57.83438100,12.30744700,57.83437936,12.30744583,2.886,2.500,1.730,1.22,7,7,Stopped
1770567634.9282744,57.83437967,12.30743717,57.83437951,12.30744150,2.886,2.500,1.730,0.87,7,7,Reverse
1770567635.9319968,57.83438483,12.30743533,57.83438217,12.30743842,2.886,2.500,1.730,0.90,7,7,Stopped
1770567636.9288304,57.83438767,12.30742117,57.83438492,12.30742979,2.886,2.500,1.730,0.59,8,8,Reverse
1770567637.9326487,57.83440767,12.30739933,57.83439629,12.30741456,2.886,2.500,1.730,1.46,7,7,Reverse
1770567638.9248662,57.83441950,12.30735517,57.83440790,12.30738486,2.257,2.500,1.070,0.46,8,8,Reverse
1770567639.9333394,57.83442933,12.30731283,57.83441861,12.30734885,2.257,2.500,1.070,0.45,8,8,Reverse
1770567640.930048,57.83443150,12.30729217,57.83442506,12.30732051,2.257,2.500,1.070,0.96,8,8,Reverse
1770567641.929898,57.83443117,12.30727767,57.83442811,12.30729909,2.257,2.500,1.070,1.04,8,8,Reverse
1770567642.9210591,57.83443233,12.30726817,57.83443022,12.30728363,2.257,2.500,1.070,0.81,8,8,Reverse
1770567643.933934,57.83443433,12.30725350,57.83443228,12.30726856,2.257,2.500,1.070,1.18,8,8,Reverse
1770567644.932605,57.83443600,12.30725383,57.83443414,12.30726120,2.257,2.500,1.070,0.48,8,8,Reverse
1770567645.9309423,57.83443167,12.30725650,57.83443290,12.30725885,2.257,2.500,1.070,0.98,8,8,Stopped
1770567646.9349542,57.83443317,12.30724567,57.83443303,12.30725226,2.257,2.500,1.070,0.52,8,8,Reverse
1770567647.9304478,57.83443367,12.30723350,57.83443335,12.30724288,2.257,2.500,1.070,0.83,8,8,Reverse
1770567648.9336987,57.83443867,12.30723550,57.83443601,12.30723919,2.257,2.500,1.070,0.16,8,8,Reverse
1770567649.932392,57.83443650,12.30721167,57.83443625,12.30722543,2.257,2.500,1.070,1.43,8,8,Reverse
1770567650.9218102,57.83443500,12.30721933,57.83443563,12.30722238,2.257,2.500,1.070,0.61,8,8,Stopped
1770567651.9325073,57.83443883,12.30721783,57.83443723,12.30722011,2.257,2.500,1.070,0.39,8,8,Stopped
1770567652.927573,57.83444033,12.30722967,57.83443878,12.30722489,2.257,2.500,1.070,0.75,8,8,Forward
1770567653.9323354,57.83443583,12.30721483,57.83443731,12.30721986,2.257,2.500,1.070,0.52,8,8,Reverse
1770567654.921793,57.83443133,12.30719467,57.83443432,12.30720726,2.267,2.500,1.080,1.62,8,8,Reverse
1770567655.9271755,57.83443250,12.30718700,57.83443341,12.30719713,2.267,2.500,1.080,1.40,8,8,Reverse
1770567656.9365683,57.83442783,12.30717817,57.83443062,12.30718765,2.267,2.500,1.080,1.60,8,8,Reverse
1770567657.9287424,57.83442683,12.30717083,57.83442873,12.30717924,2.267,2.500,1.080,1.27,8,8,Reverse
1770567658.9312341,57.83442300,12.30716417,57.83442586,12.30717170,2.267,2.500,1.080,1.40,8,8,Reverse
1770567659.922882,57.83441583,12.30715917,57.83442085,12.30716544,2.267,2.500,1.080,1.86,8,8,Reverse
1770567660.9342685,57.83441050,12.30716233,57.83441567,12.30716388,2.267,2.500,1.080,1.75,8,8,Stopped
1770567661.9242423,57.83441083,12.30716267,57.83441325,12.30716328,2.267,2.500,1.080,1.11,8,8,Stopped
1770567662.9255602,57.83440850,12.30716917,57.83441088,12.30716622,2.267,2.500,1.080,0.48,8,8,Stopped
1770567663.9337492,57.83440383,12.30716783,57.83440736,12.30716703,2.343,2.500,1.160,0.85,7,7,Stopped
1770567664.9310305,57.83440283,12.30717717,57.83440509,12.30717210,2.343,2.500,1.160,0.44,7,7,Forward
1770567665.9227128,57.83440300,12.30717250,57.83440405,12.30717230,2.343,2.500,1.160,0.48,7,7,Stopped
1770567666.9229493,57.83440283,12.30717450,57.83440344,12.30717340,2.343,2.500,1.160,0.19,7,7,Stopped
1770567667.925559,57.83440167,12.30718083,57.83440255,12.30717712,2.343,2.500,1.160,0.32,7,7,Forward
1770567668.9298418,57.83439383,12.30717583,57.83439819,12.30717647,2.324,2.500,1.140,1.67,7,7,Stopped
1770567669.9244983,57.83439667,12.30718300,57.83439743,12.30717974,2.324,2.500,1.140,0.83,7,7,Stopped
1770567670.9312928,57.83439550,12.30717917,57.83439647,12.30717945,2.324,2.500,1.140,1.03,7,7,Stopped
1770567671.926135,57.83439217,12.30717300,57.83439432,12.30717623,2.324,2.500,1.140,1.70,7,7,Stopped
1770567672.9303598,57.83439783,12.30718333,57.83439607,12.30717978,2.267,2.500,1.080,0.71,8,8,Forward
1770567673.9224517,57.83439883,12.30718700,57.83439745,12.30718339,2.267,2.500,1.080,0.49,8,8,Forward
1770567674.9325275,57.83439850,12.30719500,57.83439798,12.30718919,2.267,2.500,1.080,0.31,8,8,Forward
1770567675.9303188,57.83439700,12.30719683,57.83439749,12.30719301,2.267,2.500,1.080,0.30,8,8,Forward
1770567676.9266484,57.83439433,12.30718917,57.83439591,12.30719109,2.324,2.500,1.140,1.11,7,7,Stopped
1770567677.9323366,57.83439517,12.30719267,57.83439554,12.30719188,2.324,2.500,1.140,1.05,7,7,Stopped
1770567678.9220395,57.83439517,12.30719950,57.83439535,12.30719569,2.324,2.500,1.140,0.86,7,7,Forward
1770567679.9217794,57.83438600,12.30719017,57.83439068,12.30719293,2.324,2.500,1.140,1.66,7,7,Stopped
1770567680.9241016,57.83438017,12.30718183,57.83438542,12.30718738,3.010,2.500,1.860,1.69,6,6,Reverse
1770567681.9237823,57.83437350,12.30717767,57.83437946,12.30718252,3.010,2.500,1.860,1.92,6,6,Reverse
1770567682.9157727,57.83436817,12.30717233,57.83437381,12.30717743,3.467,2.500,2.340,2.00,5,5,Reverse
1770567683.929002,57.83436067,12.30715883,57.83436724,12.30716813,3.467,2.500,2.340,2.40,5,5,Reverse
1770567684.917146,57.83435983,12.30715800,57.83436354,12.30716307,3.467,2.500,2.340,1.74,5,5,Reverse
1770567685.924189,57.83436000,12.30715600,57.83436177,12.30715953,3.467,2.500,2.340,1.59,5,5,Reverse
1770567686.9158895,57.83435967,12.30715333,57.83436072,12.30715643,3.467,2.500,2.340,1.86,5,5,Stopped
1770567687.9269326,57.83435383,12.30714317,57.83435728,12.30714980,3.467,2.500,2.340,2.28,5,5,Reverse
1770567688.9237773,57.83435017,12.30713867,57.83435372,12.30714423,6.000,2.500,9.590,1.78,4,4,Reverse
1770567689.9158175,57.83435117,12.30715017,57.83435244,12.30714720,6.000,2.500,9.600,0.72,4,4,Stopped
1770567690.920474,57.83434417,12.30714017,57.83434831,12.30714368,6.000,2.500,9.600,1.07,4,4,Reverse
1770567691.916147,57.83434183,12.30713283,57.83434507,12.30713826,4.705,2.500,3.640,0.86,5,5,Reverse
1770567692.9217207,57.83434300,12.30713717,57.83434403,12.30713771,4.705,2.500,3.640,0.74,5,5,Stopped
1770567693.934422,57.83434783,12.30714450,57.83434593,12.30714111,2.486,2.500,1.310,1.33,6,6,Forward
1770567694.925446,57.83434417,12.30713550,57.83434505,12.30713830,2.486,2.500,1.310,0.67,6,6,Stopped
1770567695.9217124,57.83434467,12.30713533,57.83434486,12.30713682,2.486,2.500,1.310,0.14,6,6,Stopped
1770567696.9181216,57.83434483,12.30714133,57.83434485,12.30713908,2.343,2.500,1.160,0.66,7,7,Stopped
1770567697.9231808,57.83434317,12.30713083,57.83434401,12.30713495,2.343,2.500,1.160,0.43,7,7,Reverse
1770567698.9172418,57.83434017,12.30711300,57.83434209,12.30712398,2.486,2.500,1.310,1.57,7,7,Reverse
1770567699.922892,57.83433367,12.30709667,57.83433788,12.30711032,2.486,2.500,1.310,2.08,6,6,Reverse
1770567700.9193947,57.83433033,12.30708983,57.83433410,12.30710008,2.486,2.500,1.310,1.93,6,6,Reverse
1770567701.926037,57.83432900,12.30707450,57.83433155,12.30708729,2.486,2.500,1.310,2.42,6,6,Reverse
1770567702.9205422,57.83432400,12.30707067,57.83432778,12.30707898,2.486,2.500,1.310,1.91,6,6,Reverse
1770567703.922216,57.83432183,12.30706283,57.83432480,12.30707091,2.486,2.500,1.310,1.65,6,6,Reverse
1770567704.9215925,57.83431767,12.30705617,57.83432124,12.30706354,4.705,2.500,3.640,1.74,5,5,Reverse
1770567705.9222066,57.83431383,12.30705067,57.83431753,12.30705710,4.705,2.500,3.640,1.62,5,5,Reverse
1770567706.9232016,57.83431867,12.30707250,57.83431810,12.30706480,4.705,2.500,3.640,0.54,5,5,Forward
1770567707.9180317,57.83432300,12.30707983,57.83432055,12.30707232,4.705,2.500,3.640,1.18,5,5,Forward
1770567708.923252,57.83432717,12.30708950,57.83432386,12.30708091,4.705,2.500,3.640,1.44,5,5,Forward
1770567709.9325368,57.83432783,12.30709150,57.83432585,12.30708620,4.705,2.500,3.640,1.27,5,5,Forward
1770567710.924545,57.83431983,12.30706400,57.83432284,12.30707510,2.514,2.500,1.340,0.48,5,5,Reverse
1770567711.9315343,57.83431450,12.30704900,57.83431867,12.30706205,2.486,2.500,1.310,0.97,6,6,Reverse
1770567712.9287887,57.83431200,12.30703033,57.83431533,12.30704619,2.524,2.500,1.350,1.38,6,6,Reverse
1770567713.9249008,57.83431217,12.30701167,57.83431375,12.30702893,2.524,2.500,1.350,1.81,6,6,Reverse
1770567714.926801,57.83431033,12.30701183,57.83431204,12.30702038,2.524,2.500,1.350,0.98,6,6,Reverse
1770567715.9241495,57.83431000,12.30700167,57.83431102,12.30701102,2.524,2.500,1.350,1.44,6,6,Reverse
1770567716.9204087,57.83431750,12.30700633,57.83431426,12.30700868,2.524,2.500,1.350,1.38,6,6,Stopped
1770567717.9232495,57.83431433,12.30701700,57.83431430,12.30701284,2.524,2.500,1.350,0.31,6,6,Forward
1770567718.9203994,57.83431633,12.30703767,57.83431532,12.30702525,2.524,2.500,1.350,1.41,6,6,Forward
1770567719.9285674,57.83432400,12.30705267,57.83431966,12.30703896,2.524,2.500,1.350,1.75,6,6,Forward
1770567720.9323828,57.83432867,12.30706717,57.83432416,12.30705306,2.524,2.500,1.350,1.94,6,6,Forward
1770567721.9233592,57.83434017,12.30708783,57.83433216,12.30707045,2.524,2.500,1.350,2.35,6,6,Forward
1770567722.923848,57.83434267,12.30709933,57.83433742,12.30708489,2.524,2.500,1.350,1.92,6,6,Forward
1770567723.9280584,57.83433650,12.30708633,57.83433696,12.30708561,2.457,2.500,1.280,0.71,7,7,Stopped
1770567724.9255474,57.83433583,12.30709433,57.83433640,12.30708997,2.267,2.500,1.080,0.78,8,8,Forward
1770567725.921641,57.83433967,12.30710667,57.83433803,12.30709832,2.343,2.500,1.160,1.36,8,8,Forward
1770567726.9209762,57.83434250,12.30710867,57.83434027,12.30710349,2.343,2.500,1.160,0.88,7,7,Forward
1770567727.923023,57.83434667,12.30710650,57.83434347,12.30710500,2.343,2.500,1.160,0.50,7,7,Stopped
1770567728.9269333,57.83434883,12.30711600,57.83434615,12.30711050,2.343,2.500,1.160,0.47,7,7,Forward
1770567729.9281955,57.83435267,12.30712467,57.83434941,12.30711758,2.381,2.500,1.200,0.95,6,6,Forward
1770567730.9235797,57.83435550,12.30714000,57.83435245,12.30712879,2.381,2.500,1.200,1.29,6,6,Forward
1770567731.922972,57.83435667,12.30714417,57.83435456,12.30713648,2.381,2.500,1.200,0.63,6,6,Forward
1770567732.920546,57.83435367,12.30715433,57.83435411,12.30714541,2.381,2.500,1.200,0.91,6,6,Forward
1770567733.9206855,57.83435017,12.30715367,57.83435214,12.30714954,2.381,2.500,1.200,0.26,6,6,Forward
1770567734.9202335,57.83434550,12.30714450,57.83434882,12.30714702,2.381,2.500,1.200,1.06,6,6,Stopped
1770567735.9220097,57.83434333,12.30715033,57.83434608,12.30714868,2.381,2.500,1.200,0.81,6,6,Stopped
1770567736.9229162,57.83434333,12.30714833,57.83434471,12.30714850,2.343,2.500,1.160,0.90,7,7,Stopped
1770567737.9233015,57.83434383,12.30715517,57.83434427,12.30715184,2.343,2.500,1.160,0.43,7,7,Stopped
1770567738.9281187,57.83434633,12.30716717,57.83434530,12.30715950,2.343,2.500,1.160,0.36,7,7,Forward
1770567739.9283202,57.83435133,12.30716400,57.83434832,12.30716175,2.352,2.500,1.170,0.60,7,7,Stopped
1770567740.9242249,57.83435417,12.30716967,57.83435124,12.30716571,2.352,2.500,1.170,0.17,7,7,Forward
1770567741.9336517,57.83435433,12.30719100,57.83435279,12.30717835,2.352,2.500,1.170,1.35,7,7,Forward
1770567742.9237292,57.83435417,12.30719483,57.83435348,12.30718659,2.352,2.500,1.170,1.05,7,7,Forward
1770567743.9211614,57.83435667,12.30719633,57.83435507,12.30719146,2.352,2.500,1.170,0.82,7,7,Forward
1770567744.9265404,57.83435733,12.30720067,57.83435620,12.30719607,2.352,2.500,1.170,0.61,7,7,Forward
1770567745.9226897,57.83436450,12.30720883,57.83436035,12.30720245,2.381,2.500,1.200,1.01,6,6,Forward
1770567746.924439,57.83436883,12.30720967,57.83436459,12.30720606,2.381,2.500,1.200,0.80,6,6,Forward
1770567747.923738,57.83436850,12.30720983,57.83436655,12.30720795,2.381,2.500,1.200,0.63,6,6,Stopped
1770567748.918343,57.83437833,12.30721767,57.83437244,12.30721281,2.610,2.500,1.440,1.41,5,5,Forward
1770567749.9224427,57.83437283,12.30720600,57.83437264,12.30720940,2.610,2.500,1.440,0.49,5,5,Reverse
1770567750.9217787,57.83437733,12.30721217,57.83437498,12.30721078,2.610,2.500,1.440,0.19,5,5,Stopped
1770567751.9252055,57.83436967,12.30720700,57.83437233,12.30720889,2.610,2.500,1.440,0.77,5,5,Stopped
1770567752.922267,57.83437350,12.30721317,57.83437291,12.30721103,2.552,2.500,1.380,0.44,6,6,Stopped
1770567753.9231372,57.83437367,12.30721733,57.83437329,12.30721418,2.552,2.500,1.380,0.11,6,6,Stopped
1770567754.9242153,57.83437433,12.30722317,57.83437381,12.30721867,2.552,2.500,1.380,0.54,6,6,Forward
1770567755.9226885,57.83437783,12.30723250,57.83437582,12.30722559,2.552,2.500,1.380,0.83,6,6,Forward
1770567756.926897,57.83438133,12.30723267,57.83437858,12.30722913,2.552,2.500,1.380,0.92,6,6,Forward
1770567757.9221332,57.83438267,12.30723567,57.83438062,12.30723240,2.552,2.500,1.380,0.67,6,6,Stopped
1770567758.9256628,57.83438383,12.30723917,57.83438223,12.30723578,2.552,2.500,1.380,0.43,6,6,Forward
1770567759.9311585,57.83439950,12.30725717,57.83439086,12.30724647,2.552,2.500,1.380,1.11,6,6,Forward
1770567760.922083,57.83441267,12.30727917,57.83440177,12.30726282,2.305,2.500,1.120,1.79,7,7,Forward
1770567761.9286,57.83442400,12.30730083,57.83441288,12.30728183,2.305,2.500,1.120,2.44,7,7,Forward
1770567762.9211845,57.83443283,12.30731700,57.83442286,12.30729941,2.305,2.500,1.120,2.27,7,7,Forward
1770567763.9230673,57.83444350,12.30732683,57.83443318,12.30731312,2.305,2.500,1.120,1.64,7,7,Forward
1770567764.9214356,57.83444850,12.30733783,57.83444084,12.30732548,2.305,2.500,1.120,1.07,7,7,Forward
1770567765.9218886,57.83445500,12.30735017,57.83444792,12.30733782,2.305,2.500,1.120,0.91,7,7,Forward
1770567766.9352367,57.83446033,12.30735917,57.83445413,12.30734849,2.305,2.500,1.120,0.73,7,7,Forward
1770567767.9248748,57.83446500,12.30736517,57.83445956,12.30735683,2.305,2.500,1.120,0.60,7,7,Forward
1770567768.920492,57.83446933,12.30737433,57.83446445,12.30736558,2.305,2.500,1.120,0.79,7,7,Forward
1770567769.925607,57.83447333,12.30737033,57.83446889,12.30736796,2.305,2.500,1.120,0.38,7,7,Stopped
1770567770.9203649,57.83447400,12.30737617,57.83447145,12.30737206,2.305,2.500,1.120,0.41,7,7,Forward
1770567771.9207227,57.83447850,12.30738667,57.83447497,12.30737936,2.305,2.500,1.120,0.77,7,7,Forward
1770567772.9235704,57.83447983,12.30738600,57.83447740,12.30738268,2.267,2.500,1.080,0.49,8,8,Stopped
1770567773.920629,57.83448200,12.30738383,57.83447970,12.30738326,2.267,2.500,1.080,0.44,8,8,Stopped
1770567774.9364007,57.83448467,12.30738067,57.83448218,12.30738196,2.267,2.500,1.080,0.42,8,8,Stopped
1770567775.9304035,57.83448383,12.30737317,57.83448301,12.30737756,2.305,2.500,1.120,0.41,7,7,Reverse
1770567776.9175363,57.83448417,12.30737350,57.83448359,12.30737553,2.305,2.500,1.120,0.31,7,7,Stopped
1770567777.9214337,57.83447933,12.30736150,57.83448146,12.30736852,2.381,2.500,1.200,0.64,6,6,Reverse
1770567778.921939,57.83448017,12.30735817,57.83448081,12.30736334,2.305,2.500,1.120,0.45,7,7,Reverse
1770567779.9280517,57.83447917,12.30735600,57.83447999,12.30735967,2.305,2.500,1.120,0.54,7,7,Reverse
1770567780.9337752,57.83448000,12.30735567,57.83448000,12.30735767,2.305,2.500,1.120,0.49,7,7,Stopped
1770567781.9249978,57.83448100,12.30735167,57.83448050,12.30735467,2.305,2.500,1.120,0.34,7,7,Stopped
1770567782.9309545,57.83447950,12.30734417,57.83448000,12.30734942,2.305,2.500,1.120,0.11,8,8,Reverse
1770567783.9271905,57.83448183,12.30734983,57.83448092,12.30734963,2.305,2.500,1.120,0.96,8,8,Stopped
1770567784.923108,57.83448317,12.30734967,57.83448204,12.30734965,2.305,2.500,1.120,1.06,7,7,Stopped
1770567785.9248538,57.83448167,12.30734767,57.83448185,12.30734866,2.305,2.500,1.120,0.81,7,7,Stopped
1770567786.9235327,57.83448017,12.30734000,57.83448101,12.30734433,2.305,2.500,1.120,0.27,7,7,Reverse
1770567787.9299054,57.83447917,12.30732817,57.83448009,12.30733625,2.305,2.500,1.120,0.61,7,7,Reverse
1770567788.9216661,57.83447800,12.30732667,57.83447904,12.30733146,2.305,2.500,1.120,0.57,7,7,Reverse
1770567789.9201908,57.83447833,12.30733100,57.83447869,12.30733123,2.305,2.500,1.120,0.62,7,7,Stopped
1770567790.9271686,57.83447717,12.30731833,57.83447793,12.30732478,2.305,2.500,1.120,0.35,7,7,Reverse
1770567791.9204452,57.83447283,12.30731450,57.83447538,12.30731964,2.305,2.500,1.120,0.66,7,7,Reverse
1770567792.9273643,57.83447283,12.30731533,57.83447411,12.30731749,2.305,2.500,1.120,0.45,7,7,Stopped
1770567793.9234405,57.83447117,12.30730450,57.83447264,12.30731099,2.305,2.500,1.120,0.99,7,7,Reverse
1770567794.923055,57.83447383,12.30729750,57.83447324,12.30730425,2.305,2.500,1.120,1.22,7,7,Reverse
1770567795.9204464,57.83447217,12.30730117,57.83447270,12.30730271,2.305,2.500,1.120,0.42,7,7,Stopped
1770567796.9284341,57.83446867,12.30731717,57.83447068,12.30730994,2.305,2.500,1.120,0.91,7,7,Forward
1770567797.9269412,57.83447017,12.30732583,57.83447043,12.30731789,2.305,2.500,1.120,1.38,7,7,Forward
1770567798.9217575,57.83446383,12.30730850,57.83446713,12.30731319,2.305,2.500,1.120,0.44,7,7,Reverse
1770567799.9208267,57.83445967,12.30730283,57.83446340,12.30730801,2.305,2.500,1.120,1.22,7,7,Reverse
1770567800.9348667,57.83445817,12.30731083,57.83446078,12.30730942,2.276,2.500,1.090,1.08,8,8,Stopped
1770567801.927591,57.83445683,12.30731100,57.83445881,12.30731021,2.276,2.500,1.090,0.83,8,8,Stopped
1770567802.9279273,57.83445083,12.30730783,57.83445482,12.30730902,2.305,2.500,1.120,1.08,7,7,Stopped
1770567803.9307802,57.83445200,12.30729983,57.83445341,12.30730443,2.305,2.500,1.120,1.18,7,7,Reverse
1770567804.9283602,57.83445033,12.30730250,57.83445187,12.30730346,2.305,2.500,1.120,1.16,7,7,Stopped
1770567805.9231908,57.83445383,12.30730300,57.83445285,12.30730323,2.305,2.500,1.120,0.63,7,7,Stopped
1770567806.9326196,57.83445300,12.30730433,57.83445293,12.30730378,2.305,2.500,1.120,0.34,7,7,Stopped
1770567807.9329526,57.83445350,12.30731617,57.83445321,12.30730997,2.305,2.500,1.120,0.39,7,7,Forward
1770567808.929482,57.83445000,12.30731917,57.83445161,12.30731457,2.276,2.500,1.090,0.75,8,8,Forward
1770567809.9243538,57.83444967,12.30731300,57.83445064,12.30731379,2.276,2.500,1.090,0.91,8,8,Stopped
1770567810.9214075,57.83444900,12.30732250,57.83444982,12.30731814,2.276,2.500,1.090,0.41,8,8,Forward
1770567811.9227283,57.83444950,12.30732517,57.83444966,12.30732165,2.276,2.500,1.090,0.31,8,8,Forward
1770567812.9255917,57.83445033,12.30732683,57.83445000,12.30732424,2.276,2.500,1.090,0.39,8,8,Stopped
1770567813.9288342,57.83444517,12.30733283,57.83444758,12.30732854,2.276,2.500,1.090,0.94,8,8,Forward
1770567814.9220767,57.83444650,12.30733267,57.83444704,12.30733060,2.276,2.500,1.090,0.59,8,8,Stopped
1770567815.9219491,57.83444183,12.30733617,57.83444444,12.30733338,2.276,2.500,1.090,0.93,8,8,Stopped
1770567816.924557,57.83444067,12.30734783,57.83444255,12.30734061,2.333,2.500,1.150,1.08,7,7,Forward
1770567817.9222062,57.83444467,12.30735633,57.83444361,12.30734847,2.333,2.500,1.150,0.85,7,7,Forward
1770567818.9205441,57.83444567,12.30735633,57.83444464,12.30735240,2.333,2.500,1.150,0.72,7,7,Forward
1770567819.9324229,57.83444833,12.30735883,57.83444649,12.30735562,2.276,2.500,1.090,0.29,8,8,Stopped
1770567820.9225016,57.83445333,12.30736700,57.83444991,12.30736131,2.457,2.500,1.280,0.75,7,7,Forward
1770567821.9337401,57.83445483,12.30736867,57.83445237,12.30736499,2.457,2.500,1.280,0.72,7,7,Forward
1770567822.921772,57.83445267,12.30737183,57.83445252,12.30736841,2.457,2.500,1.280,1.03,7,7,Forward
1770567823.9205406,57.83445700,12.30737917,57.83445476,12.30737379,2.457,2.500,1.280,0.83,7,7,Forward
1770567824.9297538,57.83445233,12.30736550,57.83445355,12.30736964,2.457,2.500,1.280,0.41,7,7,Reverse
1770567825.9202764,57.83444933,12.30734967,57.83445144,12.30735966,2.457,2.500,1.280,1.45,7,7,Reverse
1770567826.9203572,57.83445167,12.30735067,57.83445155,12.30735516,2.457,2.500,1.280,1.10,7,7,Reverse
1770567827.9233801,57.83445250,12.30734583,57.83445203,12.30735050,2.457,2.500,1.280,1.19,7,7,Reverse
1770567828.932732,57.83445117,12.30733883,57.83445160,12.30734467,2.457,2.500,1.280,1.47,7,7,Reverse
1770567829.927249,57.83444933,12.30733217,57.83445046,12.30733842,2.467,2.500,1.290,1.60,7,7,Reverse
1770567830.9256568,57.83445150,12.30734383,57.83445098,12.30734112,2.467,2.500,1.290,0.60,7,7,Stopped
1770567831.9204524,57.83444167,12.30733300,57.83444632,12.30733706,2.467,2.500,1.290,1.47,7,7,Reverse
1770567832.922641,57.83443550,12.30732617,57.83444091,12.30733161,2.467,2.500,1.290,1.55,7,7,Reverse
1770567833.9203799,57.83444233,12.30733083,57.83444162,12.30733122,2.467,2.500,1.290,0.62,7,7,Stopped
1770567834.926574,57.83444383,12.30732500,57.83444273,12.30732811,2.524,2.500,1.350,0.93,6,6,Stopped
1770567835.921232,57.83444883,12.30733367,57.83444578,12.30733089,2.467,2.500,1.290,0.25,7,7,Stopped
1770567836.9207115,57.83444833,12.30732733,57.83444706,12.30732911,2.467,2.500,1.290,0.69,7,7,Stopped
1770567837.923148,57.83445167,12.30733167,57.83444936,12.30733039,2.467,2.500,1.290,0.52,7,7,Stopped
1770567838.917494,57.83445667,12.30733550,57.83445301,12.30733294,2.467,2.500,1.290,0.64,7,7,Stopped
1770567839.9259758,57.83444883,12.30732733,57.83445092,12.30733014,2.467,2.500,1.290,0.45,7,7,Stopped
1770567840.9300823,57.83445883,12.30734783,57.83445488,12.30733899,2.467,2.500,1.290,1.22,7,7,Forward
1770567841.9263258,57.83446983,12.30735483,57.83446236,12.30734691,2.467,2.500,1.290,1.65,7,7,Forward
1770567842.9202778,57.83447050,12.30736783,57.83446643,12.30735737,2.467,2.500,1.290,1.91,7,7,Forward
1770567843.9208715,57.83448483,12.30739817,57.83447563,12.30737777,2.467,2.500,1.290,3.63,7,7,Forward
1770567844.9237194,57.83449017,12.30740200,57.83448290,12.30738988,2.467,2.500,1.290,2.82,7,7,Forward
1770567845.918386,57.83449667,12.30740867,57.83448978,12.30739928,2.467,2.500,1.290,2.73,7,7,Forward
1770567846.9205625,57.83449500,12.30739917,57.83449239,12.30739922,3.010,2.500,1.860,1.75,6,6,Stopped
1770567847.9281244,57.83449567,12.30739667,57.83449403,12.30739794,3.010,2.500,1.860,1.58,6,6,Stopped
1770567848.9257457,57.83450317,12.30740800,57.83449860,12.30740297,3.010,2.500,1.860,1.99,6,6,Forward
1770567849.9204075,57.83450300,12.30739817,57.83450080,12.30740057,3.010,2.500,1.860,1.29,6,6,Stopped
1770567850.925208,57.83450467,12.30739467,57.83450273,12.30739762,3.010,2.500,1.860,1.41,6,6,Stopped
1770567851.9235914,57.83450267,12.30740200,57.83450270,12.30739981,3.010,2.500,1.860,1.25,6,6,Stopped
1770567852.919064,57.83449667,12.30740433,57.83449968,12.30740207,2.486,2.500,1.310,0.74,6,6,Stopped
1770567853.9235415,57.83449233,12.30739567,57.83449601,12.30739887,2.486,2.500,1.310,0.51,6,6,Stopped
1770567854.9295325,57.83449067,12.30738733,57.83449334,12.30739310,2.276,2.500,1.090,0.93,8,8,Reverse
1770567855.9241984,57.83448467,12.30739383,57.83448900,12.30739347,2.276,2.500,1.090,0.76,8,8,Stopped
1770567856.9220634,57.83448300,12.30739167,57.83448600,12.30739257,2.276,2.500,1.090,0.71,8,8,Stopped
1770567857.9297628,57.83447133,12.30738133,57.83447867,12.30738695,2.276,2.500,1.090,1.84,8,8,Reverse
1770567858.9221897,57.83446983,12.30739600,57.83447425,12.30739148,2.276,2.500,1.090,1.26,8,8,Forward
1770567859.9309437,57.83446617,12.30740050,57.83447021,12.30739599,2.276,2.500,1.090,1.04,8,8,Forward
1770567860.9207828,57.83446550,12.30740000,57.83446785,12.30739799,2.276,2.500,1.090,0.63,8,8,Stopped
1770567861.928408,57.83446467,12.30740333,57.83446626,12.30740066,2.276,2.500,1.090,0.66,8,8,Stopped
1770567862.92345,57.83446100,12.30739650,57.83446363,12.30739858,2.276,2.500,1.090,0.75,8,8,Stopped
1770567863.9314134,57.83446367,12.30739517,57.83446365,12.30739687,2.276,2.500,1.090,0.17,8,8,Stopped
1770567864.9234812,57.83446183,12.30738017,57.83446274,12.30738852,2.276,2.500,1.090,0.78,8,8,Reverse
1770567865.9204643,57.83446283,12.30737567,57.83446279,12.30738209,2.276,2.500,1.090,0.73,8,8,Reverse
1770567866.9263604,57.83445833,12.30736550,57.83446056,12.30737380,2.276,2.500,1.090,0.60,8,8,Reverse
1770567867.9226246,57.83445617,12.30735983,57.83445836,12.30736682,2.276,2.500,1.090,0.31,8,8,Reverse
1770567868.920388,57.83445133,12.30735217,57.83445485,12.30735949,2.276,2.500,1.090,0.34,8,8,Reverse
1770567869.9235766,57.83444850,12.30733917,57.83445167,12.30734933,2.276,2.500,1.090,0.71,8,8,Reverse
1770567870.9303787,57.83444117,12.30732117,57.83444642,12.30733525,2.276,2.500,1.090,1.90,8,8,Reverse
1770567871.9264555,57.83444050,12.30731233,57.83444346,12.30732379,2.276,2.500,1.090,1.43,8,8,Reverse
1770567872.9315946,57.83443767,12.30730550,57.83444056,12.30731465,2.276,2.500,1.090,0.96,8,8,Reverse
1770567873.9240727,57.83443900,12.30731133,57.83443978,12.30731299,2.276,2.500,1.090,0.36,8,8,Stopped
1770567874.920714,57.83443483,12.30730050,57.83443731,12.30730674,2.276,2.500,1.090,0.63,8,8,Reverse
1770567875.929003,57.83443533,12.30729917,57.83443632,12.30730296,2.276,2.500,1.090,0.17,8,8,Reverse
1770567876.9237688,57.83443717,12.30729900,57.83443674,12.30730098,2.276,2.500,1.090,0.44,8,8,Stopped
1770567877.9303024,57.83444117,12.30729400,57.83443896,12.30729749,2.276,2.500,1.090,0.97,8,8,Reverse
1770567878.9267838,57.83444500,12.30728750,57.83444198,12.30729249,2.276,2.500,1.090,1.10,8,8,Reverse
1770567879.921235,57.83444883,12.30728633,57.83444541,12.30728941,2.276,2.500,1.090,1.22,8,8,Stopped
1770567880.9223158,57.83445383,12.30727733,57.83444962,12.30728337,2.486,2.500,1.310,1.50,6,6,Reverse
1770567881.9247355,57.83445550,12.30727650,57.83445256,12.30727994,2.486,2.500,1.310,1.32,6,6,Reverse
1770567882.9271317,57.83445267,12.30727550,57.83445261,12.30727772,2.486,2.500,1.310,0.72,6,6,Stopped
1770567883.9226508,57.83444900,12.30726017,57.83445081,12.30726894,2.486,2.500,1.310,0.65,6,6,Reverse
1770567884.9160895,57.83444533,12.30724683,57.83444807,12.30725789,2.486,2.500,1.310,1.35,6,6,Reverse
1770567885.9161499,57.83444300,12.30723933,57.83444553,12.30724861,2.486,2.500,1.310,1.16,6,6,Reverse
1770567886.9203758,57.83444500,12.30724150,57.83444527,12.30724506,2.486,2.500,1.310,0.60,6,6,Reverse
1770567887.9217448,57.83444400,12.30723533,57.83444463,12.30724019,2.486,2.500,1.310,0.69,6,6,Reverse
1770567888.92036,57.83444417,12.30723433,57.83444440,12.30723726,2.486,2.500,1.310,0.29,6,6,Stopped
1770567889.926448,57.83444833,12.30723733,57.83444637,12.30723730,2.486,2.500,1.310,0.50,6,6,Stopped
1770567890.9208553,57.83445467,12.30723867,57.83445052,12.30723798,3.029,2.500,1.880,1.36,5,5,Stopped
1770567891.915789,57.83445933,12.30724067,57.83445493,12.30723932,3.029,2.500,1.880,1.42,5,5,Stopped
1770567892.9062023,57.83446167,12.30723733,57.83445830,12.30723833,3.029,2.500,1.880,0.49,5,5,Stopped
1770567893.9188938,57.83445600,12.30722700,57.83445715,12.30723266,3.029,2.500,1.880,0.73,5,5,Reverse
1770567894.9267888,57.83446500,12.30724400,57.83446107,12.30723833,2.486,2.500,1.310,1.75,6,6,Forward
1770567895.9189627,57.83445783,12.30723683,57.83445945,12.30723758,2.486,2.500,1.310,0.86,6,6,Stopped
1770567896.9180357,57.83445550,12.30724133,57.83445748,12.30723946,2.486,2.500,1.310,0.34,6,6,Stopped
1770567897.9157772,57.83445250,12.30723200,57.83445499,12.30723573,2.486,2.500,1.310,0.95,6,6,Reverse
1770567898.9203768,57.83444783,12.30723683,57.83445141,12.30723628,2.486,2.500,1.310,1.19,6,6,Stopped
1770567899.9237149,57.83444800,12.30724483,57.83444971,12.30724056,2.486,2.500,1.310,0.31,6,6,Forward
1770567900.9227111,57.83444117,12.30725750,57.83444544,12.30724903,2.486,2.500,1.310,0.89,6,6,Forward
1770567901.9235487,57.83444400,12.30727350,57.83444472,12.30726126,2.486,2.500,1.310,1.25,6,6,Forward
1770567902.9175227,57.83444883,12.30729300,57.83444678,12.30727713,2.486,2.500,1.310,2.07,6,6,Forward
1770567903.924894,57.83445017,12.30731150,57.83444847,12.30729432,2.486,2.500,1.310,2.42,6,6,Forward
1770567904.9189086,57.83445017,12.30731950,57.83444932,12.30730691,2.486,2.500,1.310,1.88,6,6,Forward
1770567905.9257512,57.83445150,12.30733133,57.83445041,12.30731912,2.486,2.500,1.310,1.47,6,6,Forward
1770567906.9202926,57.83445083,12.30732933,57.83445062,12.30732423,2.429,2.500,1.250,0.44,7,7,Forward
1770567907.9259784,57.83445000,12.30733300,57.83445031,12.30732861,2.429,2.500,1.250,0.27,7,7,Forward
1770567908.9206061,57.83445167,12.30733800,57.83445099,12.30733331,2.429,2.500,1.250,0.42,7,7,Forward
1770567909.92138,57.83445117,12.30734417,57.83445108,12.30733874,2.429,2.500,1.250,0.12,7,7,Forward
1770567910.9160564,57.83445450,12.30735917,57.83445279,12.30734895,2.429,2.500,1.250,1.08,7,7,Forward
1770567911.9159472,57.83445517,12.30736117,57.83445398,12.30735506,2.543,2.500,1.370,0.64,6,6,Forward
1770567912.9241624,57.83445767,12.30737450,57.83445582,12.30736478,2.543,2.500,1.370,1.46,6,6,Forward
1770567913.9189115,57.83445617,12.30737800,57.83445599,12.30737139,2.543,2.500,1.370,1.09,6,6,Forward
1770567914.9258902,57.83445650,12.30738633,57.83445625,12.30737886,2.543,2.500,1.370,1.35,6,6,Forward
1770567915.9241297,57.83445483,12.30739033,57.83445554,12.30738460,2.543,2.500,1.370,1.15,6,6,Forward
1770567916.9248426,57.83445617,12.30738967,57.83445585,12.30738713,2.543,2.500,1.370,0.79,6,6,Stopped
1770567917.9206326,57.83445900,12.30739733,57.83445743,12.30739223,2.429,2.500,1.250,1.85,7,7,Forward
1770567918.9254205,57.83445567,12.30739533,57.83445655,12.30739378,2.429,2.500,1.250,1.58,7,7,Stopped
1770567919.9219618,57.83445517,12.30739117,57.83445586,12.30739247,2.429,2.500,1.250,1.26,7,7,Stopped
1770567920.9158993,57.83444850,12.30737783,57.83445218,12.30738515,2.429,2.500,1.250,0.43,7,7,Reverse
1770567921.9239254,57.83444583,12.30737100,57.83444901,12.30737808,2.429,2.500,1.250,0.39,7,7,Reverse
1770567922.9299045,57.83444167,12.30736250,57.83444534,12.30737029,2.429,2.500,1.250,0.73,7,7,Reverse
1770567923.9224064,57.83443633,12.30734983,57.83444083,12.30736006,2.429,2.500,1.250,1.49,7,7,Reverse
1770567924.9261644,57.83443400,12.30734150,57.83443742,12.30735078,2.429,2.500,1.250,1.66,7,7,Reverse
1770567925.920939,57.83443067,12.30732917,57.83443404,12.30733997,2.429,2.500,1.250,1.74,7,7,Reverse
1770567926.9253564,57.83442883,12.30732417,57.83443144,12.30733207,2.429,2.500,1.250,1.09,7,7,Reverse
1770567927.9271626,57.83442633,12.30731967,57.83442889,12.30732587,2.429,2.500,1.250,0.74,7,7,Reverse
1770567928.9206884,57.83442700,12.30732000,57.83442794,12.30732293,2.429,2.500,1.250,0.19,7,7,Stopped
1770567929.9236453,57.83442850,12.30732033,57.83442822,12.30732163,2.429,2.500,1.250,0.36,7,7,Stopped
1770567930.9236588,57.83442600,12.30731233,57.83442711,12.30731698,2.429,2.500,1.250,0.10,7,7,Reverse
1770567931.9263518,57.83442983,12.30731350,57.83442847,12.30731524,2.429,2.500,1.250,1.09,7,7,Stopped
1770567932.926517,57.83442717,12.30730817,57.83442782,12.30731170,2.429,2.500,1.250,0.32,7,7,Reverse
1770567933.9209573,57.83442417,12.30730167,57.83442599,12.30730669,2.429,2.500,1.250,0.53,7,7,Reverse
1770567934.920308,57.83442467,12.30730783,57.83442533,12.30730726,2.429,2.500,1.250,0.28,7,7,Stopped
1770567935.9206653,57.83442233,12.30730383,57.83442383,12.30730555,2.429,2.500,1.250,0.12,7,7,Stopped
1770567936.9181318,57.83442017,12.30729883,57.83442200,12.30730219,2.429,2.500,1.250,0.65,7,7,Stopped
1770567937.924949,57.83442017,12.30730150,57.83442108,12.30730184,2.495,2.500,1.320,0.38,6,6,Stopped
1770567938.9204535,57.83441917,12.30729717,57.83442012,12.30729951,2.495,2.500,1.320,0.69,6,6,Stopped
1770567939.926072,57.83442200,12.30730067,57.83442106,12.30730009,2.495,2.500,1.320,0.16,6,6,Stopped
1770567940.9209409,57.83442200,12.30730283,57.83442153,12.30730146,2.495,2.500,1.320,0.09,6,6,Stopped
1770567941.9266884,57.83442217,12.30730500,57.83442185,12.30730323,2.495,2.500,1.320,0.16,6,6,Stopped
1770567942.9223547,57.83442383,12.30730683,57.83442284,12.30730503,2.495,2.500,1.320,0.24,6,6,Stopped
1770567943.9161448,57.83442450,12.30730917,57.83442367,12.30730710,2.495,2.500,1.320,0.40,6,6,Stopped
1770567944.922092,57.83442433,12.30730933,57.83442400,12.30730822,2.495,2.500,1.320,0.18,6,6,Stopped
1770567945.921577,57.83443350,12.30732567,57.83442875,12.30731694,2.495,2.500,1.320,2.29,6,6,Forward
1770567946.9250822,57.83443533,12.30733067,57.83443204,12.30732380,2.429,2.500,1.250,2.20,7,7,Forward
1770567947.9303243,57.83443200,12.30732417,57.83443202,12.30732399,2.429,2.500,1.250,0.99,7,7,Stopped
1770567948.9254036,57.83443133,12.30731767,57.83443168,12.30732083,2.438,2.500,1.260,0.59,7,7,Stopped
1770567949.9205568,57.83443000,12.30731683,57.83443084,12.30731883,2.438,2.500,1.260,0.47,7,7,Stopped
1770567950.919137,57.83443500,12.30732483,57.83443292,12.30732183,2.495,2.500,1.320,1.15,6,6,Stopped
1770567951.9205346,57.83443367,12.30732517,57.83443329,12.30732350,2.495,2.500,1.320,0.73,6,6,Stopped
1770567952.9159923,57.83443883,12.30733617,57.83443606,12.30732983,2.495,2.500,1.320,1.41,6,6,Forward
1770567953.9206076,57.83443700,12.30732833,57.83443653,12.30732908,2.495,2.500,1.320,0.62,6,6,Stopped
1770567954.91827,57.83443950,12.30733400,57.83443802,12.30733154,2.495,2.500,1.320,1.16,6,6,Stopped
1770567955.9254732,57.83444167,12.30733917,57.83443984,12.30733535,2.495,2.500,1.320,1.30,6,6,Forward
1770567956.9192638,57.83443917,12.30733183,57.83443950,12.30733359,2.495,2.500,1.320,0.24,6,6,Stopped
1770567957.9219787,57.83443883,12.30732900,57.83443917,12.30733130,2.495,2.500,1.320,0.14,6,6,Stopped
1770567958.918876,57.83443633,12.30732267,57.83443775,12.30732698,2.495,2.500,1.320,0.30,6,6,Reverse
1770567959.915193,57.83443567,12.30731683,57.83443671,12.30732191,2.495,2.500,1.320,0.45,6,6,Reverse
1770567960.920779,57.83443800,12.30731717,57.83443735,12.30731954,2.495,2.500,1.320,0.24,6,6,Stopped
1770567961.9201493,57.83444150,12.30732033,57.83443943,12.30731994,2.495,2.500,1.320,0.61,6,6,Stopped
1770567962.9257064,57.83444667,12.30733033,57.83444305,12.30732513,2.495,2.500,1.320,1.34,6,6,Forward
1770567963.9169185,57.83444217,12.30732400,57.83444261,12.30732457,2.495,2.500,1.320,0.58,6,6,Stopped
1770567964.9258761,57.83444067,12.30731650,57.83444164,12.30732053,2.495,2.500,1.320,0.32,6,6,Reverse
1770567965.9166195,57.83444583,12.30732367,57.83444374,12.30732210,2.495,2.500,1.320,0.21,6,6,Stopped
1770567966.9137847,57.83445450,12.30734200,57.83444912,12.30733205,2.495,2.500,1.320,1.17,6,6,Forward
1770567967.917652,57.83445717,12.30734767,57.83445314,12.30733986,2.495,2.500,1.320,1.38,6,6,Forward
1770567968.927107,57.83445933,12.30734883,57.83445624,12.30734435,2.495,2.500,1.320,1.05,6,6,Forward
1770567969.9241066,57.83445600,12.30734600,57.83445612,12.30734517,2.495,2.500,1.320,0.43,6,6,Stopped
1770567970.9206655,57.83445933,12.30735150,57.83445773,12.30734834,2.495,2.500,1.320,0.72,6,6,Stopped
1770567971.923598,57.83445617,12.30734183,57.83445695,12.30734508,2.495,2.500,1.320,0.36,6,6,Stopped
1770567972.9158354,57.83445617,12.30734550,57.83445656,12.30734529,2.495,2.500,1.320,0.40,6,6,Stopped
1770567973.9237962,57.83445433,12.30734133,57.83445544,12.30734331,2.495,2.500,1.320,0.30,6,6,Stopped
1770567974.918471,57.83445000,12.30733733,57.83445272,12.30734032,2.495,2.500,1.320,0.88,6,6,Stopped
1770567975.9150252,57.83444650,12.30733400,57.83444961,12.30733716,2.495,2.500,1.320,1.41,6,6,Stopped
1770567976.9178429,57.83444933,12.30734517,57.83444947,12.30734116,2.495,2.500,1.320,0.26,6,6,Forward
1770567977.9225595,57.83445050,12.30734833,57.83444999,12.30734475,2.495,2.500,1.320,0.28,6,6,Forward
1770567978.9176857,57.83444417,12.30733933,57.83444708,12.30734204,2.495,2.500,1.320,1.16,6,6,Stopped
1770567979.9228334,57.83444467,12.30734650,57.83444587,12.30734427,2.495,2.500,1.320,0.60,6,6,Stopped
1770567980.9220862,57.83444767,12.30735583,57.83444677,12.30735005,2.495,2.500,1.320,0.79,6,6,Forward
1770567981.9205875,57.83444567,12.30735300,57.83444622,12.30735153,2.495,2.500,1.320,0.46,6,6,Stopped
1770567982.9216769,57.83444900,12.30736217,57.83444761,12.30735685,2.495,2.500,1.320,1.26,6,6,Forward
1770567983.9185038,57.83445250,12.30737117,57.83445005,12.30736401,2.495,2.500,1.320,1.19,6,6,Forward
1770567984.924263,57.83445183,12.30736950,57.83445094,12.30736675,2.495,2.500,1.320,0.73,6,6,Stopped
1770567985.9157858,57.83444867,12.30735767,57.83444981,12.30736221,2.495,2.500,1.320,0.85,6,6,Reverse
1770567986.9232414,57.83444583,12.30734333,57.83444782,12.30735277,2.438,2.500,1.260,0.91,7,7,Reverse
1770567987.9249218,57.83444217,12.30732933,57.83444499,12.30734105,2.438,2.500,1.260,0.54,7,7,Reverse
1770567988.9272459,57.83444217,12.30732667,57.83444358,12.30733386,2.438,2.500,1.260,0.64,7,7,Reverse
1770567989.9223807,57.83444717,12.30733483,57.83444537,12.30733435,2.438,2.500,1.260,1.90,7,7,Stopped
1770567990.9285536,57.83445000,12.30733183,57.83444769,12.30733309,2.438,2.500,1.260,2.17,7,7,Stopped
1770567991.922447,57.83444533,12.30731583,57.83444651,12.30732446,2.438,2.500,1.260,1.16,7,7,Reverse
1770567992.921148,57.83443917,12.30730100,57.83444284,12.30731273,2.438,2.500,1.260,0.07,7,7,Reverse
1770567993.9235723,57.83443417,12.30729467,57.83443850,12.30730370,2.438,2.500,1.260,0.19,7,7,Reverse
1770567994.9204926,57.83443633,12.30728583,57.83443742,12.30729477,2.438,2.500,1.260,0.66,7,7,Reverse
1770567995.9292946,57.83443117,12.30726350,57.83443429,12.30727913,2.438,2.500,1.260,1.19,7,7,Reverse
1770567996.9213705,57.83443067,12.30727100,57.83443248,12.30727507,2.438,2.500,1.260,0.56,7,7,Reverse
1770567997.9266903,57.83442983,12.30726583,57.83443116,12.30727045,2.438,2.500,1.260,0.51,7,7,Reverse
1770567998.9204116,57.83443083,12.30726750,57.83443099,12.30726897,2.438,2.500,1.260,1.03,7,7,Stopped
1770567999.9190814,57.83443217,12.30727267,57.83443158,12.30727082,2.438,2.500,1.260,1.51,7,7,Stopped
1770568000.9207556,57.83443150,12.30726933,57.83443154,12.30727008,2.438,2.500,1.260,1.02,7,7,Stopped
1770568001.9186566,57.83442933,12.30726167,57.83443044,12.30726587,2.438,2.500,1.260,0.45,7,7,Reverse
1770568002.9286385,57.83442783,12.30725750,57.83442914,12.30726169,2.438,2.500,1.260,0.29,7,7,Reverse
1770568003.9213884,57.83443067,12.30724917,57.83442990,12.30725543,2.438,2.500,1.260,0.69,7,7,Reverse
1770568004.925778,57.83442767,12.30723467,57.83442878,12.30724505,2.438,2.500,1.260,1.44,7,7,Reverse
1770568005.920235,57.83442783,12.30723183,57.83442831,12.30723844,2.438,2.500,1.260,1.05,7,7,Reverse
1770568006.924669,57.83442667,12.30723167,57.83442749,12.30723505,2.438,2.500,1.260,0.83,7,7,Reverse
1770568007.924574,57.83442483,12.30722883,57.83442616,12.30723194,2.438,2.500,1.260,0.76,7,7,Stopped
1770568008.9282923,57.83442217,12.30722883,57.83442416,12.30723039,2.438,2.500,1.260,0.56,7,7,Stopped
1770568009.9246953,57.83441967,12.30724867,57.83442192,12.30723953,2.438,2.500,1.260,0.77,7,7,Forward
1770568010.9187796,57.83441567,12.30724867,57.83441879,12.30724410,2.438,2.500,1.260,0.47,7,7,Forward
1770568011.9244149,57.83441350,12.30725583,57.83441615,12.30724997,2.438,2.500,1.260,0.77,7,7,Forward
1770568012.9233353,57.83440933,12.30725517,57.83441274,12.30725257,2.438,2.500,1.260,0.58,7,7,Stopped
1770568013.925695,57.83440700,12.30725250,57.83440987,12.30725253,2.438,2.500,1.260,0.46,7,7,Stopped
1770568014.9216099,57.83440033,12.30724367,57.83440510,12.30724810,2.438,2.500,1.260,1.49,7,7,Reverse
1770568015.91728,57.83440000,12.30725283,57.83440255,12.30725047,2.438,2.500,1.260,0.99,7,7,Stopped
1770568016.9221003,57.83439983,12.30726050,57.83440119,12.30725548,2.438,2.500,1.260,0.93,7,7,Forward
1770568017.9277866,57.83439867,12.30727133,57.83439993,12.30726341,2.438,2.500,1.260,0.82,7,7,Forward
1770568018.9209547,57.83439950,12.30726917,57.83439971,12.30726629,2.438,2.500,1.260,0.40,7,7,Stopped
1770568019.928805,57.83439967,12.30725900,57.83439969,12.30726264,2.438,2.500,1.260,0.59,7,7,Reverse
1770568020.9328144,57.83440817,12.30725917,57.83440393,12.30726091,2.438,2.500,1.260,0.60,7,7,Stopped
1770568021.9203782,57.83441067,12.30726100,57.83440730,12.30726095,2.305,2.500,1.120,0.59,8,8,Stopped
1770568022.9226067,57.83441067,12.30726500,57.83440898,12.30726298,2.305,2.500,1.120,0.47,8,8,Stopped
1770568023.921626,57.83441900,12.30726483,57.83441399,12.30726390,2.305,2.500,1.120,1.14,8,8,Stopped
1770568024.9233866,57.83442317,12.30726483,57.83441858,12.30726437,2.305,2.500,1.120,1.16,8,8,Stopped
1770568025.922407,57.83442617,12.30726383,57.83442237,12.30726410,2.305,2.500,1.120,1.03,8,8,Stopped
1770568026.9208,57.83442983,12.30726933,57.83442610,12.30726672,2.305,2.500,1.120,1.23,8,8,Stopped
1770568027.9228163,57.83443300,12.30727267,57.83442955,12.30726969,2.305,2.500,1.120,1.12,8,8,Stopped
1770568028.9194777,57.83443633,12.30727467,57.83443294,12.30727218,2.305,2.500,1.120,0.86,8,8,Stopped
1770568029.9249215,57.83443950,12.30727600,57.83443622,12.30727409,2.305,2.500,1.120,0.80,8,8,Stopped
1770568030.9210773,57.83444133,12.30727317,57.83443878,12.30727363,2.305,2.500,1.120,0.67,8,8,Stopped
1770568031.928305,57.83444517,12.30727317,57.83444197,12.30727340,2.305,2.500,1.120,0.98,8,8,Stopped
1770568032.9203365,57.83444850,12.30727067,57.83444524,12.30727203,2.305,2.500,1.120,0.79,8,8,Stopped
1770568033.9236126,57.83445083,12.30726833,57.83444803,12.30727018,2.305,2.500,1.120,0.49,8,8,Stopped
1770568034.9205198,57.83445117,12.30726767,57.83444960,12.30726892,2.305,2.500,1.120,0.16,8,8,Stopped
1770568035.9294405,57.83445250,12.30726683,57.83445105,12.30726788,2.305,2.500,1.120,0.39,8,8,Stopped
1770568036.9259217,57.83445550,12.30726700,57.83445328,12.30726744,2.305,2.500,1.120,0.54,8,8,Stopped
1770568037.932405,57.83445450,12.30726833,57.83445389,12.30726789,2.305,2.500,1.120,0.23,8,8,Stopped
1770568038.9259813,57.83445217,12.30726483,57.83445303,12.30726636,2.305,2.500,1.120,0.51,8,8,Stopped
1770568039.9255543,57.83445217,12.30726100,57.83445260,12.30726368,2.305,2.500,1.120,0.25,8,8,Stopped
1770568040.9205859,57.83445533,12.30725383,57.83445397,12.30725876,2.305,2.500,1.120,0.51,8,8,Reverse
1770568041.9222775,57.83444933,12.30725500,57.83445165,12.30725688,2.305,2.500,1.120,0.43,8,8,Stopped
1770568042.930209,57.83444817,12.30725167,57.83444991,12.30725427,2.152,2.500,0.960,0.63,9,9,Stopped
1770568043.926302,57.83444933,12.30724450,57.83444962,12.30724939,2.305,2.500,1.120,0.61,8,8,Reverse
1770568044.9203346,57.83445133,12.30724467,57.83445048,12.30724703,2.305,2.500,1.120,0.31,8,8,Stopped
1770568045.9201984,57.83445133,12.30724583,57.83445091,12.30724643,2.305,2.500,1.120,0.08,8,8,Stopped
1770568046.9214325,57.83445133,12.30724517,57.83445112,12.30724580,2.305,2.500,1.120,0.43,8,8,Stopped
1770568047.9256146,57.83444833,12.30724533,57.83444973,12.30724557,2.305,2.500,1.120,0.65,8,8,Stopped
1770568048.9241178,57.83445183,12.30724967,57.83445078,12.30724762,2.305,2.500,1.120,0.45,8,8,Stopped
1770568049.9201326,57.83445467,12.30725317,57.83445272,12.30725039,2.305,2.500,1.120,0.50,8,8,Stopped
1770568050.9249244,57.83445600,12.30725667,57.83445436,12.30725353,2.305,2.500,1.120,0.30,8,8,Stopped
1770568051.920793,57.83446017,12.30726650,57.83445726,12.30726001,2.305,2.500,1.120,0.74,8,8,Forward
1770568052.920646,57.83446650,12.30726433,57.83446188,12.30726217,2.343,2.500,1.160,1.32,7,7,Stopped
1770568053.9208796,57.83447200,12.30726733,57.83446694,12.30726475,2.343,2.500,1.160,1.61,7,7,Stopped
1770568054.9228709,57.83446833,12.30727233,57.83446764,12.30726854,2.343,2.500,1.160,0.73,7,7,Forward
1770568055.9229362,57.83446583,12.30728117,57.83446674,12.30727486,2.343,2.500,1.160,0.39,7,7,Forward
1770568056.923067,57.83447267,12.30728117,57.83446970,12.30727801,2.343,2.500,1.160,0.61,7,7,Stopped
1770568057.9262304,57.83447933,12.30728067,57.83447452,12.30727934,2.343,2.500,1.160,1.28,7,7,Stopped
1770568058.9184334,57.83449300,12.30728600,57.83448376,12.30728267,2.952,2.500,1.800,2.25,6,6,Stopped
1770568059.9258475,57.83449367,12.30729183,57.83448871,12.30728725,2.343,2.500,1.160,1.73,7,7,Forward
1770568060.9204564,57.83449750,12.30729517,57.83449311,12.30729121,2.343,2.500,1.160,1.68,7,7,Forward
1770568061.9257295,57.83449733,12.30729717,57.83449522,12.30729419,2.390,2.500,1.210,1.36,6,6,Stopped
1770568062.9242327,57.83449783,12.30730100,57.83449653,12.30729759,2.343,2.500,1.160,1.57,7,7,Forward
1770568063.9162676,57.83449800,12.30730833,57.83449726,12.30730296,2.200,2.500,1.010,1.49,8,8,Forward
1770568064.9224148,57.83449500,12.30731867,57.83449613,12.30731082,2.200,2.500,1.010,0.78,8,8,Forward
1770568065.9278016,57.83449233,12.30732283,57.83449423,12.30731682,2.200,2.500,1.010,0.55,8,8,Forward
1770568066.920292,57.83448917,12.30732933,57.83449170,12.30732308,2.200,2.500,1.010,1.01,8,8,Forward
1770568067.923648,57.83448867,12.30733400,57.83449018,12.30732854,2.200,2.500,1.010,0.95,8,8,Forward
1770568068.9205766,57.83448967,12.30733550,57.83448992,12.30733202,2.200,2.500,1.010,0.41,8,8,Forward
1770568069.932501,57.83449117,12.30733650,57.83449055,12.30733426,2.200,2.500,1.010,0.24,8,8,Stopped
1770568070.9252431,57.83449267,12.30733683,57.83449161,12.30733555,2.200,2.500,1.010,0.61,8,8,Stopped
1770568071.9205916,57.83449467,12.30733767,57.83449314,12.30733661,2.200,2.500,1.010,0.71,8,8,Stopped
1770568072.9296508,57.83449533,12.30734183,57.83449423,12.30733922,2.200,2.500,1.010,0.59,8,8,Stopped
1770568073.9242225,57.83449600,12.30734350,57.83449512,12.30734136,2.200,2.500,1.010,0.49,8,8,Stopped
1770568074.9253662,57.83449567,12.30734933,57.83449539,12.30734535,2.152,2.500,0.960,0.52,9,9,Forward
1770568075.9228818,57.83450017,12.30735133,57.83449778,12.30734834,2.152,2.500,0.960,1.03,9,9,Stopped
1770568076.9326887,57.83450150,12.30735633,57.83449964,12.30735234,2.152,2.500,0.960,1.05,9,9,Forward
1770568077.924333,57.83450083,12.30735850,57.83450024,12.30735542,2.152,2.500,0.960,0.66,9,9,Stopped
1770568078.922417,57.83450050,12.30735783,57.83450037,12.30735663,2.152,2.500,0.960,0.51,9,9,Stopped
1770568079.9225364,57.83449200,12.30736217,57.83449618,12.30735940,2.152,2.500,0.960,0.50,9,9,Stopped
1770568080.9338212,57.83448717,12.30736617,57.83449168,12.30736278,2.152,2.500,0.960,0.69,9,9,Forward
1770568081.9346955,57.83448167,12.30736917,57.83448667,12.30736597,2.152,2.500,0.960,0.79,9,9,Stopped
1770568082.9283319,57.83446867,12.30737867,57.83447767,12.30737232,2.152,2.500,0.960,2.04,9,9,Forward
1770568083.9237728,57.83446567,12.30738050,57.83447167,12.30737641,2.152,2.500,0.960,1.64,9,9,Forward
1770568084.9280746,57.83445233,12.30738867,57.83446200,12.30738254,2.152,2.500,0.960,2.59,9,9,Forward
1770568085.9235885,57.83444633,12.30739200,57.83445417,12.30738727,2.152,2.500,0.960,2.37,9,9,Forward
1770568086.922556,57.83443933,12.30739283,57.83444675,12.30739005,2.152,2.500,0.960,2.16,9,9,Stopped
1770568087.9205482,57.83443483,12.30739217,57.83444079,12.30739111,2.152,2.500,0.960,1.87,9,9,Stopped
1770568088.9212139,57.83442750,12.30739200,57.83443415,12.30739155,2.152,2.500,0.960,2.01,9,9,Stopped
1770568089.9279883,57.83442933,12.30738650,57.83443174,12.30738903,2.152,2.500,0.960,1.06,9,9,Stopped
1770568090.9226909,57.83442917,12.30738200,57.83443045,12.30738551,2.152,2.500,0.960,0.64,9,9,Reverse
1770568091.9286225,57.83442867,12.30737867,57.83442956,12.30738209,2.152,2.500,0.960,0.20,9,9,Reverse
1770568092.9245317,57.83442683,12.30737617,57.83442820,12.30737913,2.152,2.500,0.960,0.21,9,9,Stopped
1770568093.9311283,57.83442700,12.30736950,57.83442760,12.30737431,2.152,2.500,0.960,0.22,9,9,Reverse
1770568094.9253967,57.83443500,12.30735817,57.83443130,12.30736624,2.152,2.500,0.960,1.49,9,9,Reverse
1770568095.9249566,57.83443350,12.30735267,57.83443240,12.30735945,2.152,2.500,0.960,1.13,9,9,Reverse
1770568096.929941,57.83442583,12.30735467,57.83442912,12.30735706,2.152,2.500,0.960,0.28,9,9,Stopped
1770568097.9335225,57.83442667,12.30734967,57.83442789,12.30735336,2.152,2.500,0.960,0.08,9,9,Reverse
1770568098.925728,57.83442917,12.30734217,57.83442853,12.30734777,2.152,2.500,0.960,0.53,9,9,Reverse
1770568099.9229903,57.83442517,12.30733750,57.83442685,12.30734263,2.152,2.500,0.960,0.33,9,9,Reverse
1770568100.9307742,57.83442933,12.30732883,57.83442809,12.30733573,2.152,2.500,0.960,0.61,9,9,Reverse
1770568101.9252641,57.83443500,12.30732217,57.83443155,12.30732895,2.152,2.500,0.960,1.12,9,9,Reverse
1770568102.9329526,57.83444000,12.30731383,57.83443577,12.30732139,2.152,2.500,0.960,1.41,9,9,Reverse
1770568103.9283545,57.83444233,12.30730950,57.83443905,12.30731545,2.152,2.500,0.960,1.19,9,9,Reverse
1770568104.921346,57.83444250,12.30730617,57.83444078,12.30731081,2.152,2.500,0.960,0.75,9,9,Reverse
1770568105.926226,57.83444067,12.30729717,57.83444072,12.30730399,2.152,2.500,0.960,0.53,9,9,Reverse
1770568106.9205203,57.83443500,12.30730050,57.83443786,12.30730224,2.152,2.500,0.960,0.40,9,9,Stopped
1770568107.9250195,57.83442733,12.30730183,57.83443260,12.30730204,2.152,2.500,0.960,1.14,9,9,Stopped
1770568108.925676,57.83442250,12.30729917,57.83442755,12.30730060,2.152,2.500,0.960,1.29,9,9,Stopped
1770568109.9270866,57.83441883,12.30730117,57.83442319,12.30730088,2.152,2.500,0.960,1.24,9,9,Stopped
1770568110.920643,57.83441917,12.30730133,57.83442118,12.30730111,2.152,2.500,0.960,0.81,9,9,Stopped
1770568111.9277403,57.83441217,12.30730133,57.83441667,12.30730122,2.152,2.500,0.960,1.27,9,9,Stopped
1770568112.928964,57.83441417,12.30730250,57.83441542,12.30730186,2.152,2.500,0.960,0.61,9,9,Stopped
1770568113.924672,57.83440817,12.30729933,57.83441179,12.30730060,2.152,2.500,0.960,1.15,9,9,Stopped
1770568114.9327645,57.83440767,12.30729633,57.83440973,12.30729847,2.152,2.500,0.960,0.76,9,9,Stopped
1770568115.9271812,57.83440600,12.30729417,57.83440786,12.30729632,2.152,2.500,0.960,0.71,9,9,Stopped
1770568116.9227288,57.83441183,12.30729217,57.83440985,12.30729424,2.152,2.500,0.960,0.29,9,9,Stopped
1770568117.9222536,57.83441033,12.30728983,57.83441009,12.30729204,2.152,2.500,0.960,0.34,9,9,Stopped
1770568118.9227054,57.83441200,12.30728817,57.83441105,12.30729010,2.152,2.500,0.960,0.03,9,9,Stopped
1770568119.9300976,57.83441400,12.30728717,57.83441252,12.30728863,2.152,2.500,0.960,0.07,9,9,Stopped
1770568120.9264698,57.83441517,12.30728517,57.83441384,12.30728690,2.152,2.500,0.960,0.26,9,9,Stopped
1770568121.920573,57.83441667,12.30728417,57.83441526,12.30728553,2.152,2.500,0.960,0.17,9,9,Stopped
1770568122.9272442,57.83441833,12.30728150,57.83441679,12.30728352,2.152,2.500,0.960,0.33,9,9,Stopped
1770568123.925888,57.83441833,12.30727967,57.83441756,12.30728159,2.152,2.500,0.960,0.09,9,9,Stopped
1770568124.925479,57.83441883,12.30728017,57.83441820,12.30728088,2.152,2.500,0.960,0.23,9,9,Stopped
1770568125.9233038,57.83441733,12.30728067,57.83441777,12.30728077,2.152,2.500,0.960,0.10,9,9,Stopped
1770568126.9287083,57.83441500,12.30728067,57.83441638,12.30728072,2.152,2.500,0.960,0.32,9,9,Stopped
1770568127.9219587,57.83441317,12.30727950,57.83441477,12.30728011,2.152,2.500,0.960,0.45,9,9,Stopped
1770568128.928875,57.83441250,12.30728350,57.83441364,12.30728180,2.152,2.500,0.960,0.61,9,9,Stopped
1770568129.92839,57.83441633,12.30728050,57.83441499,12.30728115,2.152,2.500,0.960,0.37,9,9,Stopped
1770568130.9227703,57.83441783,12.30728167,57.83441641,12.30728141,2.152,2.500,0.960,0.43,9,9,Stopped
1770568131.9275706,57.83441800,12.30728217,57.83441720,12.30728179,2.152,2.500,0.960,0.40,9,9,Stopped
1770568132.924393,57.83441633,12.30728133,57.83441677,12.30728156,2.152,2.500,0.960,0.29,9,9,Stopped
1770568133.9216144,57.83441850,12.30727883,57.83441763,12.30728020,2.152,2.500,0.960,0.25,9,9,Stopped
1770568134.9255168,57.83442067,12.30727667,57.83441915,12.30727843,2.152,2.500,0.960,0.26,9,9,Stopped
1770568135.9207008,57.83442117,12.30727550,57.83442016,12.30727697,2.152,2.500,0.960,0.10,9,9,Stopped
1770568136.926553,57.83442600,12.30727467,57.83442308,12.30727582,2.152,2.500,0.960,0.62,9,9,Stopped
1770568137.9323764,57.83442833,12.30726983,57.83442571,12.30727282,2.152,2.500,0.960,0.90,9,9,Stopped
1770568138.9201372,57.83442767,12.30726783,57.83442669,12.30727033,2.152,2.500,0.960,0.43,9,9,Stopped
1770568139.9213974,57.83443050,12.30726850,57.83442859,12.30726941,2.152,2.500,0.960,0.46,9,9,Stopped
1770568140.9380102,57.83443333,12.30726900,57.83443096,12.30726921,2.152,2.500,0.960,0.54,9,9,Stopped
1770568141.92051,57.83443583,12.30726983,57.83443340,12.30726952,2.152,2.500,0.960,0.18,9,9,Stopped
1770568142.9311419,57.83443550,12.30727250,57.83443445,12.30727101,2.152,2.500,0.960,0.14,9,9,Stopped
1770568143.9186065,57.83443667,12.30727433,57.83443556,12.30727267,2.152,2.500,0.960,0.46,9,9,Stopped
1770568144.9204276,57.83443867,12.30727600,57.83443711,12.30727434,2.200,2.500,1.010,0.61,8,8,Stopped
1770568145.9288366,57.83444217,12.30727767,57.83443964,12.30727600,2.200,2.500,1.010,0.95,8,8,Stopped
1770568146.9262938,57.83444467,12.30727817,57.83444215,12.30727708,2.200,2.500,1.010,1.06,8,8,Stopped
1770568147.9327517,57.83444550,12.30728000,57.83444383,12.30727854,2.200,2.500,1.010,0.94,8,8,Stopped
1770568148.9268928,57.83444750,12.30727783,57.83444566,12.30727819,2.152,2.500,0.960,0.94,9,9,Stopped
1770568149.9250178,57.83444500,12.30728033,57.83444533,12.30727926,2.152,2.500,0.960,0.28,9,9,Stopped
1770568150.929826,57.83444217,12.30728283,57.83444375,12.30728105,2.200,2.500,1.010,0.49,8,8,Stopped
1770568151.9334598,57.83444167,12.30728150,57.83444271,12.30728127,2.200,2.500,1.010,0.31,8,8,Stopped
1770568152.9216678,57.83443867,12.30728367,57.83444069,12.30728247,2.200,2.500,1.010,0.51,8,8,Stopped
1770568153.9253013,57.83443667,12.30728383,57.83443868,12.30728315,2.257,2.500,1.070,0.54,7,7,Stopped
1770568154.9159002,57.83443667,12.30728450,57.83443767,12.30728383,2.257,2.500,1.070,0.52,7,7,Stopped
1770568155.92053,57.83443983,12.30728433,57.83443875,12.30728408,2.257,2.500,1.070,0.36,7,7,Stopped
1770568156.9235678,57.83443817,12.30728483,57.83443846,12.30728446,2.171,2.500,0.980,0.07,8,8,Stopped
1770568157.9230733,57.83444067,12.30728567,57.83443956,12.30728506,2.171,2.500,0.980,1.13,8,8,Stopped
1770568158.9221644,57.83444033,12.30728833,57.83443995,12.30728670,2.171,2.500,0.980,0.27,8,8,Stopped
1770568159.9158082,57.83444233,12.30728950,57.83444114,12.30728810,2.324,2.500,1.140,0.47,7,7,Stopped
1770568160.9239624,57.83444250,12.30729017,57.83444182,12.30728913,2.324,2.500,1.140,0.17,7,7,Stopped
1770568161.9179099,57.83444433,12.30728667,57.83444308,12.30728790,2.324,2.500,1.140,0.95,7,7,Stopped
1770568162.9031234,57.83444600,12.30728517,57.83444454,12.30728653,2.324,2.500,1.140,0.94,7,7,Stopped
1770568163.9214423,57.83444750,12.30728017,57.83444602,12.30728335,2.324,2.500,1.140,1.63,7,7,Stopped
1770568164.920483,57.83444683,12.30728400,57.83444643,12.30728367,2.324,2.500,1.140,0.47,7,7,Stopped
1770568165.9250255,57.83444667,12.30728600,57.83444655,12.30728484,2.324,2.500,1.140,0.61,7,7,Stopped
1770568166.919277,57.83444700,12.30727933,57.83444677,12.30728209,2.324,2.500,1.140,0.86,7,7,Stopped
1770568167.923408,57.83444850,12.30728083,57.83444764,12.30728146,2.324,2.500,1.140,0.52,7,7,Stopped
1770568168.9221213,57.83445283,12.30728567,57.83445023,12.30728356,2.324,2.500,1.140,0.91,7,7,Stopped
1770568169.9222312,57.83445483,12.30729017,57.83445253,12.30728686,2.324,2.500,1.140,0.74,7,7,Stopped
1770568170.9205947,57.83445350,12.30729683,57.83445302,12.30729185,2.324,2.500,1.140,0.92,7,7,Forward
1770568171.926197,57.83445283,12.30729550,57.83445293,12.30729367,2.324,2.500,1.140,0.20,7,7,Stopped
1770568172.921542,57.83445333,12.30730217,57.83445313,12.30729792,2.305,2.500,1.120,0.25,8,8,Forward
1770568173.9284003,57.83445333,12.30731000,57.83445323,12.30730396,2.305,2.500,1.120,0.65,8,8,Forward
1770568174.9248261,57.83445300,12.30731567,57.83445312,12.30730981,2.152,2.500,0.960,0.95,9,9,Forward
1770568175.9265769,57.83445400,12.30731783,57.83445356,12.30731382,2.152,2.500,0.960,0.62,9,9,Forward
1770568176.9242766,57.83445450,12.30731617,57.83445403,12.30731500,2.152,2.500,0.960,0.37,9,9,Stopped
1770568177.9335015,57.83445500,12.30731767,57.83445451,12.30731633,2.152,2.500,0.960,0.20,9,9,Stopped
1770568178.9268827,57.83445567,12.30731417,57.83445509,12.30731525,2.152,2.500,0.960,0.39,9,9,Stopped
1770568179.9273489,57.83445700,12.30731917,57.83445605,12.30731721,2.152,2.500,0.960,1.10,9,9,Stopped
1770568180.9231775,57.83445783,12.30731850,57.83445694,12.30731785,2.152,2.500,0.960,0.46,9,9,Stopped
1770568181.922506,57.83445683,12.30731567,57.83445689,12.30731676,2.152,2.500,0.960,0.30,9,9,Stopped
1770568182.9286757,57.83445250,12.30731100,57.83445469,12.30731388,2.152,2.500,0.960,0.84,9,9,Stopped
1770568183.926896,57.83445500,12.30730900,57.83445485,12.30731144,2.152,2.500,0.960,1.14,9,9,Stopped
1770568184.9204774,57.83445583,12.30731267,57.83445534,12.30731205,2.152,2.500,0.960,0.49,9,9,Stopped
1770568185.9290664,57.83445417,12.30731217,57.83445475,12.30731211,2.152,2.500,0.960,0.54,9,9,Stopped
1770568186.921942,57.83445383,12.30731333,57.83445429,12.30731272,2.152,2.500,0.960,0.38,9,9,Stopped
1770568187.920778,57.83445550,12.30731433,57.83445490,12.30731353,2.152,2.500,0.960,0.15,9,9,Stopped
1770568188.9341195,57.83445200,12.30732033,57.83445345,12.30731693,2.152,2.500,0.960,1.29,9,9,Forward
1770568189.9289858,57.83445433,12.30732667,57.83445389,12.30732180,2.152,2.500,0.960,0.60,9,9,Forward
1770568190.9179358,57.83445200,12.30733050,57.83445295,12.30732615,2.152,2.500,0.960,1.05,9,9,Forward
1770568191.9226396,57.83444500,12.30732800,57.83444897,12.30732707,2.152,2.500,0.960,2.29,9,9,Stopped
1770568192.929168,57.83444600,12.30732800,57.83444749,12.30732754,2.152,2.500,0.960,0.40,9,9,Stopped
1770568193.9232912,57.83444817,12.30732617,57.83444783,12.30732685,2.152,2.500,0.960,0.39,9,9,Stopped
1770568194.9287221,57.83444733,12.30732417,57.83444758,12.30732551,2.152,2.500,0.960,0.20,9,9,Stopped
1770568195.9240878,57.83445100,12.30732517,57.83444929,12.30732534,2.152,2.500,0.960,0.75,9,9,Stopped
1770568196.922035,57.83445533,12.30731967,57.83445231,12.30732250,2.152,2.500,0.960,1.25,9,9,Stopped
1770568197.9234564,57.83445333,12.30731950,57.83445282,12.30732100,2.305,2.500,1.120,0.53,8,8,Stopped
1770568198.9236503,57.83445150,12.30731483,57.83445216,12.30731792,2.305,2.500,1.120,0.08,8,8,Stopped
1770568199.9221108,57.83445450,12.30730717,57.83445333,12.30731254,2.305,2.500,1.120,0.25,8,8,Reverse
1770568200.9360073,57.83445800,12.30730267,57.83445567,12.30730760,2.305,2.500,1.120,0.73,8,8,Reverse
1770568201.92205,57.83446083,12.30730233,57.83445825,12.30730497,2.305,2.500,1.120,1.26,8,8,Stopped
1770568202.9207513,57.83446217,12.30730167,57.83446021,12.30730332,2.305,2.500,1.120,0.89,8,8,Stopped
1770568203.923123,57.83446133,12.30730350,57.83446077,12.30730341,2.305,2.500,1.120,0.34,8,8,Stopped
1770568204.9233618,57.83446067,12.30730183,57.83446072,12.30730262,2.352,2.500,1.170,0.57,7,7,Stopped
1770568205.9233055,57.83446017,12.30729717,57.83446044,12.30729989,2.200,2.500,1.010,0.69,8,8,Stopped
1770568206.9334955,57.83445483,12.30729383,57.83445764,12.30729686,2.200,2.500,1.010,0.66,8,8,Stopped
1770568207.9236848,57.83445267,12.30729250,57.83445515,12.30729468,2.200,2.500,1.010,0.67,8,8,Stopped
1770568208.9217443,57.83444867,12.30729250,57.83445191,12.30729359,2.200,2.500,1.010,1.26,8,8,Stopped
1770568209.924967,57.83444667,12.30729200,57.83444929,12.30729280,2.152,2.500,0.960,0.85,9,9,Stopped
1770568210.9222279,57.83444917,12.30729450,57.83444923,12.30729365,2.152,2.500,0.960,0.30,9,9,Stopped
1770568211.9277158,57.83444633,12.30729217,57.83444778,12.30729291,2.152,2.500,0.960,0.34,9,9,Stopped
1770568212.922989,57.83444517,12.30728350,57.83444647,12.30728820,2.152,2.500,0.960,0.84,9,9,Reverse
1770568213.9301436,57.83444733,12.30727217,57.83444690,12.30728019,2.152,2.500,0.960,0.76,9,9,Reverse
1770568214.9214394,57.83444517,12.30727067,57.83444604,12.30727543,2.333,2.500,1.150,0.31,8,8,Reverse
1770568215.9297464,57.83444417,12.30727533,57.83444510,12.30727538,2.152,2.500,0.960,0.37,9,9,Stopped
1770568216.9253435,57.83444733,12.30727383,57.83444622,12.30727461,2.152,2.500,0.960,0.89,9,9,Stopped
1770568217.9218378,57.83444717,12.30727367,57.83444669,12.30727414,2.152,2.500,0.960,0.71,9,9,Stopped
1770568218.9292257,57.83444783,12.30727800,57.83444726,12.30727607,2.333,2.500,1.150,0.30,8,8,Stopped
1770568219.9239628,57.83444950,12.30727917,57.83444838,12.30727762,2.333,2.500,1.150,0.45,8,8,Stopped
1770568220.91857,57.83444983,12.30727267,57.83444911,12.30727514,2.333,2.500,1.150,0.38,8,8,Stopped
1770568221.9239643,57.83444800,12.30727383,57.83444855,12.30727449,2.333,2.500,1.150,0.38,8,8,Stopped
1770568222.918943,57.83444550,12.30727783,57.83444703,12.30727616,2.333,2.500,1.150,1.51,8,8,Stopped
1770568223.922328,57.83444217,12.30727150,57.83444460,12.30727383,2.333,2.500,1.150,0.56,8,8,Stopped
1770568224.9221473,57.83444467,12.30726467,57.83444463,12.30726925,2.333,2.500,1.150,0.70,8,8,Reverse
1770568225.9243484,57.83444267,12.30726033,57.83444365,12.30726479,2.333,2.500,1.150,1.19,8,8,Reverse
1770568226.9333365,57.83444283,12.30725317,57.83444324,12.30725898,2.333,2.500,1.150,0.75,8,8,Reverse
1770568227.9291427,57.83444433,12.30725750,57.83444379,12.30725824,2.152,2.500,0.960,0.50,9,9,Stopped
1770568228.9262872,57.83443967,12.30724850,57.83444173,12.30725337,2.152,2.500,0.960,0.49,9,9,Reverse
1770568229.9268289,57.83444283,12.30723933,57.83444228,12.30724635,2.152,2.500,0.960,0.93,9,9,Reverse
1770568230.918585,57.83444250,12.30723783,57.83444239,12.30724209,2.333,2.500,1.150,0.71,8,8,Reverse
1770568231.9217792,57.83443833,12.30724000,57.83444036,12.30724105,2.333,2.500,1.150,0.69,8,8,Stopped
1770568232.9252808,57.83443967,12.30724233,57.83444001,12.30724169,2.333,2.500,1.150,0.37,8,8,Stopped
1770568233.920697,57.83444000,12.30725400,57.83444001,12.30724784,2.333,2.500,1.150,0.64,8,8,Forward
1770568234.9190392,57.83444283,12.30725250,57.83444142,12.30725017,2.333,2.500,1.150,0.46,8,8,Stopped
1770568235.920588,57.83444650,12.30724933,57.83444396,12.30724975,2.333,2.500,1.150,0.81,8,8,Stopped
1770568236.917424,57.83444517,12.30724667,57.83444456,12.30724821,2.457,2.500,1.280,0.31,7,7,Stopped
1770568237.9171858,57.83444417,12.30724983,57.83444437,12.30724902,2.457,2.500,1.280,0.20,7,7,Stopped
1770568238.922725,57.83444550,12.30725533,57.83444493,12.30725218,2.457,2.500,1.280,0.53,7,7,Stopped
1770568239.9187558,57.83444433,12.30726567,57.83444463,12.30725892,2.457,2.500,1.280,0.78,7,7,Forward
1770568240.926013,57.83443383,12.30727133,57.83443923,12.30726513,2.457,2.500,1.280,0.93,7,7,Forward
1770568241.9190538,57.83441767,12.30726283,57.83442845,12.30726398,2.457,2.500,1.280,1.68,7,7,Stopped
1770568242.920558,57.83440883,12.30726017,57.83441864,12.30726207,2.305,2.500,1.120,1.89,8,8,Stopped
1770568243.9207292,57.83440667,12.30725933,57.83441265,12.30726070,2.305,2.500,1.120,1.54,8,8,Stopped
1770568244.9181972,57.83440700,12.30726083,57.83440983,12.30726077,2.457,2.500,1.280,0.94,7,7,Stopped
1770568245.9229457,57.83441867,12.30727133,57.83441425,12.30726605,2.457,2.500,1.280,1.18,7,7,Forward
1770568246.9204412,57.83442533,12.30727417,57.83441979,12.30727011,2.457,2.500,1.280,1.26,7,7,Forward
1770568247.9232693,57.83443467,12.30727833,57.83442723,12.30727422,2.457,2.500,1.280,1.55,7,7,Forward
1770568248.9157827,57.83443850,12.30727683,57.83443286,12.30727553,2.457,2.500,1.280,1.38,7,7,Stopped
1770568249.9259624,57.83443933,12.30726667,57.83443610,12.30727110,2.457,2.500,1.280,1.29,7,7,Reverse
1770568250.9213884,57.83443500,12.30726650,57.83443555,12.30726880,2.457,2.500,1.280,0.53,7,7,Stopped
1770568251.915783,57.83443467,12.30725950,57.83443511,12.30726415,2.781,2.500,1.620,0.51,6,6,Reverse
1770568252.927299,57.83443900,12.30725600,57.83443705,12.30726007,2.524,2.500,1.350,0.25,7,7,Reverse
1770568253.916752,57.83444567,12.30725450,57.83444136,12.30725729,2.524,2.500,1.350,0.54,7,7,Stopped
1770568254.9241712,57.83444850,12.30724883,57.83444493,12.30725306,2.524,2.500,1.350,0.40,7,7,Reverse
1770568255.9183223,57.83445100,12.30724783,57.83444797,12.30725045,2.524,2.500,1.350,0.33,7,7,Stopped
1770568256.9266396,57.83444983,12.30724483,57.83444890,12.30724764,2.524,2.500,1.350,0.69,7,7,Stopped
1770568257.9203532,57.83444617,12.30725517,57.83444753,12.30725140,2.524,2.500,1.350,0.66,7,7,Forward
1770568258.922106,57.83444967,12.30725333,57.83444860,12.30725237,2.524,2.500,1.350,0.21,7,7,Stopped
1770568259.915715,57.83445150,12.30725067,57.83445005,12.30725152,2.524,2.500,1.350,0.13,7,7,Stopped
1770568260.9224248,57.83445467,12.30724833,57.83445236,12.30724993,2.524,2.500,1.350,0.23,7,7,Stopped
1770568261.9226868,57.83445883,12.30725067,57.83445560,12.30725030,2.524,2.500,1.350,0.22,7,7,Stopped
1770568262.9202063,57.83446233,12.30724967,57.83445896,12.30724998,2.524,2.500,1.350,0.59,7,7,Stopped
1770568263.9215286,57.83446850,12.30724833,57.83446373,12.30724916,2.524,2.500,1.350,1.24,7,7,Stopped
1770568264.9230657,57.83447133,12.30724333,57.83446753,12.30724625,2.524,2.500,1.350,0.84,7,7,Stopped
1770568265.9259539,57.83447317,12.30724400,57.83447035,12.30724512,2.781,2.500,1.620,0.44,6,6,Stopped
1770568266.9269965,57.83447267,12.30724917,57.83447151,12.30724714,2.781,2.500,1.620,0.21,6,6,Stopped
1770568267.9266658,57.83448317,12.30724233,57.83447734,12.30724474,2.781,2.500,1.620,0.77,6,6,Stopped
1770568268.9218457,57.83448750,12.30722667,57.83448242,12.30723570,2.457,2.500,1.280,0.43,7,7,Reverse
1770568269.915669,57.83449633,12.30721650,57.83448938,12.30722610,2.457,2.500,1.280,0.68,7,7,Reverse
1770568270.9225028,57.83450467,12.30720433,57.83449702,12.30721522,2.457,2.500,1.280,0.65,7,7,Reverse
1770568271.9251566,57.83450200,12.30720600,57.83449951,12.30721061,2.457,2.500,1.280,0.52,7,7,Reverse
1770568272.9142604,57.83449383,12.30719517,57.83449667,12.30720289,2.524,2.500,1.350,0.43,8,8,Reverse
1770568273.9217732,57.83449300,12.30719950,57.83449484,12.30720119,2.524,2.500,1.350,0.20,7,7,Stopped
1770568274.9271095,57.83449100,12.30720300,57.83449292,12.30720210,2.524,2.500,1.350,0.80,7,7,Stopped
1770568275.9203928,57.83448733,12.30719983,57.83449013,12.30720097,2.524,2.500,1.350,0.86,7,7,Stopped
1770568276.9156115,57.83448317,12.30719650,57.83448665,12.30719873,2.524,2.500,1.350,0.53,7,7,Stopped
1770568277.9247108,57.83448200,12.30719533,57.83448432,12.30719703,2.524,2.500,1.350,0.31,7,7,Stopped
1770568278.9194436,57.83448300,12.30719450,57.83448366,12.30719577,2.524,2.500,1.350,0.32,7,7,Stopped
1770568279.9274364,57.83448400,12.30719883,57.83448383,12.30719730,2.524,2.500,1.350,0.07,7,7,Stopped
1770568280.922759,57.83448283,12.30719550,57.83448333,12.30719640,2.524,2.500,1.350,0.31,7,7,Stopped
1770568281.922415,57.83447867,12.30719200,57.83448100,12.30719420,2.524,2.500,1.350,0.30,7,7,Stopped
1770568282.920305,57.83448133,12.30719083,57.83448117,12.30719252,2.333,2.500,1.150,0.72,8,8,Stopped
1770568283.9311495,57.83448083,12.30718900,57.83448100,12.30719076,2.333,2.500,1.150,0.43,8,8,Stopped
1770568284.9267318,57.83448217,12.30718917,57.83448158,12.30718996,2.333,2.500,1.150,0.41,8,8,Stopped
1770568285.9291582,57.83448083,12.30718833,57.83448121,12.30718915,2.333,2.500,1.150,0.49,8,8,Stopped
1770568286.9246593,57.83448317,12.30719633,57.83448219,12.30719274,2.333,2.500,1.150,0.88,8,8,Forward
1770568287.9217517,57.83448167,12.30720000,57.83448193,12.30719637,2.333,2.500,1.150,0.54,8,8,Forward
1770568288.9160063,57.83448033,12.30719883,57.83448113,12.30719760,2.524,2.500,1.350,0.50,7,7,Stopped
1770568289.918277,57.83447850,12.30719633,57.83447982,12.30719697,2.524,2.500,1.350,0.37,7,7,Stopped
1770568290.9162374,57.83448017,12.30720300,57.83447999,12.30719998,2.524,2.500,1.350,0.60,7,7,Stopped
1770568291.922992,57.83447883,12.30720233,57.83447941,12.30720116,2.524,2.500,1.350,0.31,7,7,Stopped
1770568292.9174118,57.83447900,12.30720350,57.83447921,12.30720233,2.524,2.500,1.350,0.18,7,7,Stopped
1770568293.9215143,57.83447850,12.30720583,57.83447885,12.30720408,2.524,2.500,1.350,0.27,7,7,Stopped
1770568294.9201076,57.83447700,12.30720600,57.83447793,12.30720504,2.524,2.500,1.350,0.27,7,7,Stopped
1770568295.924633,57.83447700,12.30721100,57.83447746,12.30720802,2.524,2.500,1.350,0.37,7,7,Stopped
1770568296.9203475,57.83447533,12.30721617,57.83447640,12.30721209,2.524,2.500,1.350,0.35,7,7,Forward
1770568297.920941,57.83447550,12.30721383,57.83447595,12.30721296,2.790,2.500,1.630,0.04,6,6,Stopped
1770568298.9228966,57.83447550,12.30721567,57.83447572,12.30721432,2.790,2.500,1.630,0.29,6,6,Stopped
1770568299.9186008,57.83447600,12.30721750,57.83447586,12.30721591,2.790,2.500,1.630,0.79,6,6,Stopped
1770568300.9159963,57.83447567,12.30721717,57.83447576,12.30721654,2.790,2.500,1.630,0.61,6,6,Stopped
1770568301.9237943,57.83447633,12.30721783,57.83447605,12.30721719,2.790,2.500,1.630,0.05,6,6,Stopped
1770568302.9193733,57.83447700,12.30721967,57.83447652,12.30721843,2.790,2.500,1.630,0.07,6,6,Stopped
1770568303.918456,57.83447583,12.30721550,57.83447618,12.30721696,2.790,2.500,1.630,0.41,6,6,Stopped
1770568304.9177678,57.83447217,12.30721133,57.83447417,12.30721415,2.790,2.500,1.630,0.14,6,6,Stopped
1770568305.9262664,57.83447133,12.30720950,57.83447275,12.30721182,2.790,2.500,1.630,0.16,6,6,Stopped
1770568306.9196792,57.83447150,12.30720800,57.83447213,12.30720991,2.790,2.500,1.630,0.26,6,6,Stopped
1770568307.9062278,57.83447650,12.30720900,57.83447431,12.30720946,2.790,2.500,1.630,0.25,6,6,Stopped
1770568308.9158232,57.83447800,12.30720967,57.83447616,12.30720956,2.790,2.500,1.630,0.83,6,6,Stopped
1770568309.921762,57.83447900,12.30720783,57.83447758,12.30720870,2.790,2.500,1.630,0.52,6,6,Stopped
1770568310.912177,57.83447567,12.30720600,57.83447662,12.30720735,2.790,2.500,1.630,0.74,6,6,Stopped
1770568311.9157507,57.83447667,12.30720517,57.83447664,12.30720626,3.190,2.500,2.050,0.32,5,5,Stopped
1770568312.920744,57.83447367,12.30720233,57.83447516,12.30720430,2.790,2.500,1.630,0.14,6,6,Stopped
1770568313.9162662,57.83447317,12.30719983,57.83447416,12.30720206,2.790,2.500,1.630,0.52,6,6,Stopped
1770568314.9218762,57.83447017,12.30719950,57.83447216,12.30720078,2.790,2.500,1.630,0.14,6,6,Stopped
1770568315.9157665,57.83446817,12.30720183,57.83447017,12.30720131,2.790,2.500,1.630,0.06,6,6,Stopped
1770568316.9209192,57.83446783,12.30720850,57.83446900,12.30720490,2.790,2.500,1.630,0.17,6,6,Forward
1770568317.9180799,57.83446383,12.30721417,57.83446642,12.30720954,2.524,2.500,1.350,0.14,7,7,Forward
1770568318.9213006,57.83446783,12.30721883,57.83446712,12.30721418,2.524,2.500,1.350,0.25,7,7,Forward
1770568319.9192715,57.83447267,12.30722550,57.83446990,12.30721984,2.524,2.500,1.350,0.27,7,7,Forward
1770568320.9234266,57.83447467,12.30723067,57.83447228,12.30722525,2.524,2.500,1.350,0.16,7,7,Forward
1770568321.9205778,57.83447117,12.30722867,57.83447172,12.30722696,2.524,2.500,1.350,0.23,7,7,Stopped
1770568322.923492,57.83447833,12.30724183,57.83447503,12.30723440,2.524,2.500,1.350,0.11,7,7,Forward
1770568323.924059,57.83447367,12.30724067,57.83447435,12.30723753,2.333,2.500,1.150,0.90,8,8,Stopped
1770568324.9271383,57.83447367,12.30724483,57.83447401,12.30724118,2.524,2.500,1.350,1.01,8,8,Forward
1770568325.9230037,57.83448300,12.30725250,57.83447850,12.30724684,2.333,2.500,1.150,0.19,8,8,Forward
1770568326.920547,57.83449600,12.30726367,57.83448725,12.30725525,2.629,2.500,1.460,0.91,7,7,Forward
1770568327.9244132,57.83449767,12.30726633,57.83449246,12.30726079,2.629,2.500,1.460,1.07,7,7,Forward
1770568328.920623,57.83451350,12.30728183,57.83450298,12.30727131,2.524,2.500,1.350,1.70,7,7,Forward
1770568329.9217465,57.83451383,12.30728500,57.83450841,12.30727816,2.333,2.500,1.150,1.44,8,8,Forward
1770568330.932377,57.83452467,12.30729850,57.83451654,12.30728833,2.524,2.500,1.350,2.34,7,7,Forward
1770568331.9327674,57.83454267,12.30731883,57.83452960,12.30730358,2.333,2.500,1.150,3.03,8,8,Forward
1770568332.9144125,57.83454050,12.30732267,57.83453505,12.30731312,2.381,2.500,1.200,2.06,7,7,Forward
1770568333.9220524,57.83453417,12.30732283,57.83453461,12.30731798,3.019,2.500,1.870,1.39,6,6,Forward
1770568334.9225678,57.83452667,12.30732200,57.83453064,12.30731999,2.524,2.500,1.350,0.89,7,7,Stopped
1770568335.920242,57.83452417,12.30732283,57.83452740,12.30732141,2.524,2.500,1.350,1.04,7,7,Stopped
1770568336.9286058,57.83451883,12.30732217,57.83452312,12.30732179,2.524,2.500,1.350,0.49,7,7,Stopped
1770568337.9208386,57.83454833,12.30734833,57.83453573,12.30733506,2.524,2.500,1.350,0.95,7,7,Forward
1770568338.916896,57.83454250,12.30734583,57.83453911,12.30734045,2.333,2.500,1.150,0.47,8,8,Forward
1770568339.914598,57.83453700,12.30734383,57.83453806,12.30734214,2.524,2.500,1.350,1.00,7,7,Stopped
1770568340.91606,57.83453233,12.30734117,57.83453519,12.30734165,2.524,2.500,1.350,0.97,7,7,Stopped
1770568341.9251869,57.83452633,12.30733617,57.83453076,12.30733891,2.524,2.500,1.350,0.27,7,7,Stopped
1770568342.920464,57.83451850,12.30733283,57.83452463,12.30733587,2.524,2.500,1.350,0.41,7,7,Stopped
1770568343.9202166,57.83450867,12.30732750,57.83451665,12.30733169,2.524,2.500,1.350,0.81,7,7,Reverse
1770568344.921105,57.83450267,12.30732617,57.83450966,12.30732893,2.524,2.500,1.350,0.52,7,7,Stopped
1770568345.9217458,57.83449483,12.30732517,57.83450225,12.30732705,2.524,2.500,1.350,0.72,7,7,Stopped
1770568346.907072,57.83449350,12.30732650,57.83449787,12.30732677,2.524,2.500,1.350,1.13,7,7,Stopped
1770568347.9202886,57.83448917,12.30732633,57.83449352,12.30732655,2.552,2.500,1.380,1.24,6,6,Stopped
1770568348.9228234,57.83448733,12.30732650,57.83449043,12.30732653,5.105,2.500,4.060,0.56,5,5,Stopped
1770568349.9203923,57.83446667,12.30731417,57.83447855,12.30732035,5.105,2.500,4.060,1.06,5,5,Reverse
1770568350.9156423,57.83446917,12.30731583,57.83447386,12.30731809,3.019,2.500,1.870,0.73,6,6,Stopped
1770568351.9222069,57.83447067,12.30731600,57.83447226,12.30731704,5.105,2.500,4.060,1.07,5,5,Stopped
1770568352.9192548,57.83447183,12.30731683,57.83447205,12.30731694,5.105,2.500,4.060,0.96,5,5,Stopped
1770568353.9144044,57.83449633,12.30733933,57.83448419,12.30732814,5.105,2.500,4.060,0.54,5,5,Forward
1770568354.9176204,57.83451850,12.30736117,57.83450135,12.30734465,2.638,2.500,1.470,0.87,6,6,Forward
1770568355.9143765,57.83454017,12.30738200,57.83452076,12.30736333,2.638,2.500,1.470,0.96,6,6,Forward
1770568356.9218156,57.83455683,12.30739783,57.83453879,12.30738058,2.638,2.500,1.470,1.31,6,6,Forward
1770568357.9066124,57.83455850,12.30740150,57.83454865,12.30739104,2.638,2.500,1.470,1.54,6,6,Forward
1770568358.9095206,57.83455967,12.30740400,57.83455416,12.30739752,5.486,2.500,4.460,1.58,4,4,Forward
1770568359.907198,57.83456000,12.30740533,57.83455708,12.30740143,5.486,2.500,4.460,1.24,4,4,Forward
1770568360.912408,57.83456133,12.30740667,57.83455921,12.30740405,5.486,2.500,4.460,0.43,4,4,Stopped
1770568361.9071486,57.83456217,12.30740700,57.83456069,12.30740552,5.486,2.500,4.460,0.44,4,4,Stopped
1770568362.911752,57.83458117,12.30742833,57.83457093,12.30741693,5.486,2.500,4.460,1.61,4,4,Forward
1770568363.9179146,57.83460467,12.30745217,57.83458780,12.30743455,2.724,2.500,1.560,2.02,5,5,Forward
1770568364.9124296,57.83462450,12.30747350,57.83460615,12.30745402,2.724,2.500,1.560,1.35,5,5,Forward
1770568365.9066772,57.83462617,12.30747600,57.83461616,12.30746501,2.724,2.500,1.560,1.42,5,5,Forward
1770568366.9065964,57.83462833,12.30747967,57.83462225,12.30747234,5.486,2.500,4.460,1.86,4,4,Forward
1770568367.904041,57.83463367,12.30748333,57.83462796,12.30747784,5.486,2.500,4.460,2.39,4,4,Forward
1770568368.915078,57.83463733,12.30748633,57.83463264,12.30748208,5.486,2.500,4.460,2.48,4,4,Forward
1770568369.9099188,57.83463483,12.30748800,57.83463374,12.30748504,5.486,2.500,4.460,1.04,4,4,Stopped
1770568370.9068565,57.83463883,12.30749133,57.83463629,12.30748819,5.486,2.500,4.460,0.97,4,4,Stopped
1770568371.9079895,57.83463767,12.30749167,57.83463698,12.30748993,5.495,2.500,4.470,1.80,4,4,Stopped
1770568372.9158568,57.83463950,12.30749300,57.83463824,12.30749146,5.495,2.500,4.470,1.67,4,4,Stopped
1770568373.9126117,57.83463983,12.30749433,57.83463904,12.30749290,5.495,2.500,4.470,0.37,4,4,Stopped
1770568374.9179711,57.83464117,12.30749550,57.83464010,12.30749420,5.495,2.500,4.470,0.49,4,4,Stopped
1770568375.9121895,57.83464000,12.30749533,57.83464005,12.30749477,5.495,2.500,4.470,1.47,4,4,Stopped
1770568376.9065666,57.83463933,12.30749667,57.83463969,12.30749572,5.495,2.500,4.470,2.16,4,4,Stopped
1770568377.9068987,57.83464483,12.30750117,57.83464226,12.30749844,5.495,2.500,4.470,2.25,4,4,Stopped
1770568378.9052367,57.83464467,12.30750250,57.83464346,12.30750047,5.495,2.500,4.470,1.69,4,4,Stopped
1770568379.9147253,57.83464417,12.30750267,57.83464382,12.30750157,5.495,2.500,4.470,1.56,4,4,Stopped
1770568380.9204636,57.83464467,12.30750333,57.83464424,12.30750245,5.495,2.500,4.470,2.19,4,4,Stopped
1770568381.9062529,57.83464033,12.30750300,57.83464229,12.30750273,5.495,2.500,4.470,1.70,4,4,Stopped
1770568382.9088247,57.83464050,12.30750483,57.83464139,12.30750378,5.495,2.500,4.470,0.29,4,4,Stopped
1770568383.9145167,57.83464383,12.30750600,57.83464261,12.30750489,5.495,2.500,4.470,0.14,4,4,Stopped
1770568384.910261,57.83465167,12.30751317,57.83464714,12.30750903,5.495,2.500,4.470,1.89,4,4,Forward
1770568385.9159071,57.83467433,12.30752617,57.83466074,12.30751760,5.495,2.500,4.470,3.25,4,4,Forward
1770568386.9065597,57.83467300,12.30752700,57.83466687,12.30752230,5.505,2.500,4.480,2.74,4,4,Forward
1770568387.9184706,57.83460867,12.30746917,57.83463777,12.30749573,5.505,2.500,4.480,1.44,4,4,Reverse
1770568388.9121447,57.83457283,12.30743850,57.83460530,12.30746712,2.724,2.500,1.560,1.12,5,5,Reverse
1770568389.9183898,57.83454167,12.30741300,57.83457348,12.30744006,2.724,2.500,1.560,1.05,5,5,Reverse
1770568390.9139214,57.83452383,12.30739433,57.83454866,12.30741720,2.724,2.500,1.560,0.84,5,5,Reverse
1770568391.9089856,57.83450833,12.30737950,57.83452850,12.30739835,2.724,2.500,1.560,0.41,5,5,Reverse
1770568392.91434,57.83448917,12.30736583,57.83450883,12.30738209,2.724,2.500,1.560,0.85,5,5,Reverse
1770568393.9062815,57.83447483,12.30735500,57.83449183,12.30736855,2.724,2.500,1.560,0.66,5,5,Reverse
1770568394.9160187,57.83446817,12.30734533,57.83448000,12.30735694,2.724,2.500,1.560,0.14,5,5,Reverse
1770568395.922925,57.83444950,12.30731967,57.83446475,12.30733830,2.724,2.500,1.560,0.37,5,5,Reverse
1770568396.9169092,57.83442917,12.30729717,57.83444696,12.30731773,2.695,2.500,1.530,0.83,6,6,Reverse
1770568397.9172425,57.83440650,12.30727550,57.83442673,12.30729662,2.695,2.500,1.530,1.51,6,6,Reverse
1770568398.917955,57.83440367,12.30727383,57.83441520,12.30728523,2.695,2.500,1.530,1.24,6,6,Reverse
1770568399.913321,57.83440067,12.30727283,57.83440793,12.30727903,2.724,2.500,1.560,1.24,5,5,Reverse
1770568400.9112122,57.83439433,12.30727133,57.83440113,12.30727518,2.724,2.500,1.560,1.97,5,5,Reverse
1770568401.9157426,57.83439167,12.30726683,57.83439640,12.30727101,2.724,2.500,1.560,1.79,5,5,Reverse
1770568402.9065006,57.83438767,12.30726533,57.83439203,12.30726817,2.724,2.500,1.560,1.30,5,5,Stopped
1770568403.90699,57.83438967,12.30726533,57.83439085,12.30726675,2.724,2.500,1.560,0.20,5,5,Stopped
1770568404.9095805,57.83439300,12.30726083,57.83439192,12.30726379,2.419,2.500,1.240,0.39,6,6,Stopped
1770568405.9115822,57.83438817,12.30725850,57.83439005,12.30726115,2.724,2.500,1.560,0.70,5,5,Stopped
1770568406.9108539,57.83438950,12.30725567,57.83438977,12.30725841,2.724,2.500,1.560,0.88,5,5,Stopped
1770568407.9171507,57.83438433,12.30725517,57.83438705,12.30725679,2.724,2.500,1.560,0.77,5,5,Stopped
1770568408.9128916,57.83437783,12.30725533,57.83438244,12.30725606,2.419,2.500,1.240,1.26,6,6,Stopped
1770568409.9178836,57.83436367,12.30725867,57.83437305,12.30725736,2.419,2.500,1.240,2.77,6,6,Stopped
1770568410.9132788,57.83435967,12.30725717,57.83436636,12.30725726,2.419,2.500,1.240,2.15,6,6,Stopped
1770568411.919097,57.83435617,12.30725650,57.83436126,12.30725688,2.419,2.500,1.240,1.32,6,6,Stopped
1770568412.9139087,57.83436017,12.30725450,57.83436072,12.30725569,2.419,2.500,1.240,0.64,6,6,Stopped
1770568413.9101129,57.83436383,12.30725350,57.83436227,12.30725460,2.724,2.500,1.560,0.31,5,5,Stopped
1770568414.9168282,57.83436783,12.30725483,57.83436505,12.30725471,2.724,2.500,1.560,0.38,5,5,Stopped
1770568415.9171963,57.83437367,12.30725700,57.83436936,12.30725586,2.724,2.500,1.560,0.20,5,5,Stopped
1770568416.9169765,57.83437817,12.30725800,57.83437376,12.30725693,2.724,2.500,1.560,0.46,5,5,Stopped
1770568417.9223306,57.83438517,12.30725900,57.83437947,12.30725796,2.724,2.500,1.560,0.99,5,5,Stopped
1770568418.918705,57.83438633,12.30725033,57.83438290,12.30725415,2.419,2.500,1.240,0.97,7,7,Reverse
1770568419.9158928,57.83439150,12.30725050,57.83438720,12.30725232,2.381,2.500,1.200,1.06,7,7,Stopped
1770568420.9193428,57.83439750,12.30725000,57.83439235,12.30725116,2.419,2.500,1.240,1.41,6,6,Stopped
1770568421.9178321,57.83440183,12.30725050,57.83439709,12.30725083,2.419,2.500,1.240,1.48,6,6,Stopped
1770568422.9207733,57.83440433,12.30725000,57.83440071,12.30725042,2.419,2.500,1.240,1.01,6,6,Stopped
1770568423.9158633,57.83440117,12.30725250,57.83440094,12.30725146,2.419,2.500,1.240,0.53,6,6,Stopped
1770568424.9205964,57.83439917,12.30725300,57.83440005,12.30725223,2.267,2.500,1.080,0.47,7,7,Stopped
1770568425.915874,57.83439467,12.30725350,57.83439736,12.30725286,2.267,2.500,1.080,0.36,7,7,Stopped
1770568426.9055138,57.83439333,12.30725383,57.83439535,12.30725335,2.419,2.500,1.240,0.43,6,6,Stopped
1770568427.921948,57.83439167,12.30725483,57.83439351,12.30725409,2.419,2.500,1.240,0.64,6,6,Stopped
1770568428.920617,57.83439650,12.30725817,57.83439500,12.30725613,2.419,2.500,1.240,0.27,6,6,Stopped
1770568429.9201653,57.83440467,12.30725950,57.83439983,12.30725781,2.419,2.500,1.240,0.52,6,6,Stopped
1770568430.9030282,57.83440867,12.30725800,57.83440425,12.30725791,2.419,2.500,1.240,0.91,6,6,Stopped
1770568431.9207547,57.83441317,12.30726033,57.83440871,12.30725912,5.095,2.500,4.050,0.87,5,5,Stopped
1770568432.917525,57.83442117,12.30726467,57.83441494,12.30726189,2.419,2.500,1.240,0.93,6,6,Stopped
1770568433.92296,57.83441883,12.30726233,57.83441689,12.30726211,2.419,2.500,1.240,0.39,6,6,Stopped
1770568434.9156969,57.83441817,12.30727567,57.83441753,12.30726889,2.419,2.500,1.240,1.68,6,6,Forward
1770568435.9222486,57.83441800,12.30728283,57.83441776,12.30727586,2.267,2.500,1.080,2.00,7,7,Forward
1770568436.919053,57.83441717,12.30728683,57.83441746,12.30728135,2.210,2.500,1.020,1.83,8,8,Forward
1770568437.9096406,57.83440900,12.30729300,57.83441323,12.30728717,2.210,2.500,1.020,0.57,8,8,Forward
1770568438.9198935,57.83440650,12.30730117,57.83440987,12.30729417,2.267,2.500,1.080,0.64,7,7,Forward
1770568439.910208,57.83440583,12.30731300,57.83440785,12.30730359,2.267,2.500,1.080,0.85,7,7,Forward
1770568440.9203079,57.83441183,12.30731550,57.83440984,12.30730954,2.267,2.500,1.080,0.80,7,7,Forward
1770568441.9193847,57.83441800,12.30731767,57.83441392,12.30731360,2.419,2.500,1.240,0.71,6,6,Forward
1770568442.9244075,57.83441767,12.30731100,57.83441579,12.30731230,2.419,2.500,1.240,0.39,6,6,Stopped
1770568443.91898,57.83442317,12.30731083,57.83441948,12.30731157,2.343,2.500,1.160,0.84,7,7,Stopped
1770568444.922714,57.83442200,12.30730767,57.83442074,12.30730962,2.638,2.500,1.470,0.50,6,6,Stopped
1770568445.9202855,57.83441800,12.30730750,57.83441937,12.30730856,2.638,2.500,1.470,0.22,6,6,Stopped
1770568446.9253201,57.83442067,12.30730483,57.83442002,12.30730670,2.638,2.500,1.470,0.26,6,6,Stopped
1770568447.920591,57.83442600,12.30730883,57.83442301,12.30730776,2.333,2.500,1.150,0.99,7,7,Stopped
1770568448.9158437,57.83442600,12.30731000,57.83442450,12.30730888,2.333,2.500,1.150,1.18,7,7,Stopped
1770568449.9249592,57.83443000,12.30731133,57.83442725,12.30731011,2.333,2.500,1.150,1.30,7,7,Stopped
1770568450.9188735,57.83442600,12.30731167,57.83442663,12.30731089,2.333,2.500,1.150,0.22,7,7,Stopped
1770568451.9230385,57.83443467,12.30730783,57.83443065,12.30730936,2.333,2.500,1.150,1.22,7,7,Stopped
1770568452.9214334,57.83443900,12.30730767,57.83443482,12.30730851,2.333,2.500,1.150,1.45,7,7,Stopped
1770568453.9214745,57.83443717,12.30730350,57.83443599,12.30730601,2.333,2.500,1.150,1.18,7,7,Stopped
1770568454.920424,57.83444117,12.30729717,57.83443858,12.30730159,2.314,2.500,1.130,1.49,8,8,Reverse
1770568455.9173527,57.83444383,12.30729650,57.83444121,12.30729904,2.314,2.500,1.130,1.48,8,8,Stopped
1770568456.923612,57.83444033,12.30729333,57.83444077,12.30729619,2.314,2.500,1.130,1.02,8,8,Stopped
1770568457.9182818,57.83443967,12.30729217,57.83444022,12.30729418,2.314,2.500,1.130,1.06,8,8,Stopped
1770568458.9203596,57.83444567,12.30728900,57.83444294,12.30729159,2.314,2.500,1.130,1.37,8,8,Stopped
1770568459.9160888,57.83445017,12.30728517,57.83444655,12.30728838,2.314,2.500,1.130,1.06,8,8,Stopped
1770568460.9249902,57.83445550,12.30728033,57.83445103,12.30728436,2.152,2.500,0.960,1.00,9,9,Reverse
1770568461.9219701,57.83445067,12.30727150,57.83445085,12.30727793,2.152,2.500,0.960,0.61,9,9,Reverse
1770568462.9258716,57.83444917,12.30726833,57.83445001,12.30727313,2.314,2.500,1.130,0.67,8,8,Reverse
1770568463.9244738,57.83444067,12.30726067,57.83444534,12.30726690,2.314,2.500,1.130,0.63,8,8,Reverse
1770568464.9230025,57.83443483,12.30725400,57.83444009,12.30726045,2.314,2.500,1.130,0.77,8,8,Reverse
1770568465.924367,57.83443167,12.30725767,57.83443588,12.30725906,2.314,2.500,1.130,0.84,8,8,Stopped
1770568466.9186566,57.83443233,12.30725750,57.83443410,12.30725828,2.333,2.500,1.150,0.39,7,7,Stopped
1770568467.9070325,57.83443533,12.30725917,57.83443472,12.30725872,2.333,2.500,1.150,0.13,7,7,Stopped
1770568468.9206345,57.83443200,12.30725750,57.83443336,12.30725811,2.333,2.500,1.150,0.26,7,7,Stopped
1770568469.9177647,57.83443300,12.30726483,57.83443318,12.30726147,2.333,2.500,1.150,0.51,7,7,Stopped
1770568470.9237988,57.83443383,12.30726567,57.83443351,12.30726357,2.333,2.500,1.150,0.40,7,7,Stopped
1770568471.9179678,57.83443300,12.30726333,57.83443325,12.30726345,2.333,2.500,1.150,0.18,7,7,Stopped
1770568472.92304,57.83443133,12.30726167,57.83443229,12.30726256,2.333,2.500,1.150,0.55,7,7,Stopped
1770568473.919206,57.83443400,12.30726417,57.83443315,12.30726336,2.333,2.500,1.150,0.48,7,7,Stopped
1770568474.9248958,57.83443633,12.30726650,57.83443474,12.30726493,2.333,2.500,1.150,0.81,7,7,Stopped
1770568475.9205692,57.83444383,12.30727550,57.83443929,12.30727022,2.333,2.500,1.150,1.74,7,7,Forward
1770568476.918721,57.83444433,12.30728250,57.83444181,12.30727636,2.314,2.500,1.130,1.46,8,8,Forward
1770568477.9014304,57.83444750,12.30728117,57.83444465,12.30727876,2.314,2.500,1.130,1.54,8,8,Stopped
1770568478.9203,57.83445017,12.30728550,57.83444741,12.30728213,2.457,2.500,1.280,1.64,7,7,Stopped
1770568479.9138033,57.83445383,12.30729750,57.83445062,12.30728982,2.457,2.500,1.280,2.04,7,7,Forward
1770568480.9157798,57.83445483,12.30730150,57.83445273,12.30729566,2.457,2.500,1.280,1.82,7,7,Forward
1770568481.9240694,57.83445283,12.30730350,57.83445278,12.30729958,2.457,2.500,1.280,0.97,7,7,Forward
1770568482.924584,57.83445250,12.30730633,57.83445264,12.30730296,2.457,2.500,1.280,0.86,7,7,Stopped
1770568483.9215486,57.83444933,12.30730167,57.83445099,12.30730231,2.457,2.500,1.280,1.14,7,7,Stopped
1770568484.916059,57.83444417,12.30729933,57.83444758,12.30730082,2.314,2.500,1.130,0.75,8,8,Stopped
1770568485.9177005,57.83444583,12.30729817,57.83444671,12.30729949,2.314,2.500,1.130,1.00,8,8,Stopped
1770568486.9222734,57.83444417,12.30729817,57.83444544,12.30729883,2.314,2.500,1.130,0.68,8,8,Stopped
1770568487.9184432,57.83444517,12.30729533,57.83444530,12.30729708,2.314,2.500,1.130,1.06,8,8,Stopped
1770568488.9251873,57.83444517,12.30729483,57.83444523,12.30729596,2.314,2.500,1.130,1.08,8,8,Stopped
1770568489.9204404,57.83444867,12.30729700,57.83444695,12.30729648,2.314,2.500,1.130,1.30,8,8,Stopped
1770568490.9161518,57.83445067,12.30730233,57.83444881,12.30729941,2.314,2.500,1.130,1.13,8,8,Stopped
1770568491.9217157,57.83445200,12.30730200,57.83445040,12.30730070,2.314,2.500,1.130,1.16,8,8,Stopped
1770568492.9201686,57.83445250,12.30730267,57.83445145,12.30730168,2.314,2.500,1.130,1.47,8,8,Stopped
1770568493.9261334,57.83445233,12.30730550,57.83445189,12.30730359,2.314,2.500,1.130,1.34,8,8,Stopped
1770568494.928032,57.83444583,12.30730500,57.83444886,12.30730430,2.314,2.500,1.130,0.23,8,8,Stopped
1770568495.9105773,57.83444267,12.30730667,57.83444576,12.30730548,2.314,2.500,1.130,0.10,8,8,Stopped
1770568496.9205842,57.83443983,12.30730600,57.83444280,12.30730574,2.314,2.500,1.130,0.42,8,8,Stopped
1770568497.9161303,57.83443767,12.30730700,57.83444023,12.30730637,2.314,2.500,1.130,0.57,8,8,Stopped
1770568498.9207277,57.83443450,12.30730767,57.83443737,12.30730702,2.314,2.500,1.130,0.19,8,8,Stopped
1770568499.9292293,57.83442967,12.30730333,57.83443352,12.30730518,2.314,2.500,1.130,0.07,8,8,Stopped
1770568500.9208863,57.83442767,12.30730333,57.83443059,12.30730425,2.314,2.500,1.130,0.19,8,8,Stopped
1770568501.9222815,57.83442433,12.30729567,57.83442746,12.30729996,2.314,2.500,1.130,0.42,8,8,Reverse
1770568502.9248247,57.83442183,12.30729800,57.83442465,12.30729898,2.314,2.500,1.130,0.18,8,8,Stopped
1770568503.919647,57.83441983,12.30729367,57.83442224,12.30729632,2.314,2.500,1.130,0.42,8,8,Stopped
1770568504.9234564,57.83441650,12.30729317,57.83441937,12.30729475,2.314,2.500,1.130,0.19,8,8,Stopped
1770568505.9219081,57.83441417,12.30729117,57.83441677,12.30729296,2.314,2.500,1.130,0.17,8,8,Stopped
1770568506.9053793,57.83441500,12.30728833,57.83441588,12.30729064,2.314,2.500,1.130,0.20,8,8,Stopped
1770568507.920511,57.83441483,12.30728933,57.83441536,12.30728999,2.314,2.500,1.130,0.11,8,8,Stopped
1770568508.9162576,57.83441633,12.30728900,57.83441585,12.30728949,2.314,2.500,1.130,0.19,8,8,Stopped
1770568509.9236526,57.83441383,12.30728683,57.83441484,12.30728816,2.314,2.500,1.130,0.26,8,8,Stopped
1770568510.919196,57.83441300,12.30728683,57.83441392,12.30728750,2.457,2.500,1.280,0.16,7,7,Stopped
1770568511.9137487,57.83441400,12.30728967,57.83441396,12.30728858,2.457,2.500,1.280,0.43,7,7,Stopped
1770568512.916075,57.83441467,12.30729100,57.83441431,12.30728979,2.457,2.500,1.280,0.30,7,7,Stopped
1770568513.9160914,57.83440883,12.30728700,57.83441157,12.30728840,2.457,2.500,1.280,0.41,7,7,Stopped
1770568514.9206324,57.83441117,12.30729033,57.83441137,12.30728936,2.457,2.500,1.280,0.46,7,7,Stopped
1770568515.917171,57.83440983,12.30729017,57.83441060,12.30728977,2.457,2.500,1.280,0.25,7,7,Stopped
1770568516.9232552,57.83441117,12.30729017,57.83441088,12.30728997,2.457,2.500,1.280,0.33,7,7,Stopped
1770568517.9156926,57.83441200,12.30729483,57.83441144,12.30729240,2.457,2.500,1.280,0.12,7,7,Stopped
1770568518.9061217,57.83441333,12.30729650,57.83441239,12.30729445,2.457,2.500,1.280,0.34,7,7,Stopped
1770568519.9189818,57.83441450,12.30729133,57.83441344,12.30729289,2.457,2.500,1.280,0.51,7,7,Stopped
1770568520.9221606,57.83441583,12.30729383,57.83441464,12.30729336,2.457,2.500,1.280,0.41,7,7,Stopped
1770568521.9186099,57.83441617,12.30729767,57.83441540,12.30729551,2.457,2.500,1.280,0.02,7,7,Stopped
1770568522.9160635,57.83441233,12.30729983,57.83441387,12.30729767,2.457,2.500,1.280,0.43,7,7,Stopped
1770568523.9218957,57.83441200,12.30729950,57.83441293,12.30729859,2.457,2.500,1.280,0.31,7,7,Stopped
1770568524.915722,57.83441250,12.30729950,57.83441272,12.30729904,2.457,2.500,1.280,0.24,7,7,Stopped
1770568525.922543,57.83440433,12.30729383,57.83440853,12.30729644,2.457,2.500,1.280,0.76,7,7,Stopped
1770568526.927948,57.83440417,12.30728900,57.83440635,12.30729272,2.314,2.500,1.130,0.29,8,8,Reverse
1770568527.9255514,57.83440433,12.30729083,57.83440534,12.30729178,2.314,2.500,1.130,0.18,8,8,Stopped
1770568528.9180737,57.83440483,12.30729117,57.83440509,12.30729147,2.314,2.500,1.130,0.62,8,8,Stopped
1770568529.926529,57.83440450,12.30729683,57.83440479,12.30729415,2.314,2.500,1.130,0.67,8,8,Stopped
1770568530.920065,57.83439617,12.30730200,57.83440048,12.30729808,2.314,2.500,1.130,0.69,8,8,Forward
1770568531.9242337,57.83439400,12.30730467,57.83439724,12.30730137,2.314,2.500,1.130,0.64,8,8,Stopped
1770568532.920795,57.83439300,12.30730733,57.83439512,12.30730435,2.314,2.500,1.130,0.61,8,8,Stopped
1770568533.921421,57.83439650,12.30730883,57.83439581,12.30730659,2.314,2.500,1.130,0.62,8,8,Stopped
1770568534.9248111,57.83439367,12.30730800,57.83439474,12.30730730,2.314,2.500,1.130,0.17,8,8,Stopped
1770568535.9179163,57.83439583,12.30731117,57.83439529,12.30730923,2.314,2.500,1.130,0.42,8,8,Stopped
1770568536.916839,57.83440033,12.30731567,57.83439781,12.30731245,2.314,2.500,1.130,1.18,8,8,Stopped
1770568537.921636,57.83440283,12.30731283,57.83440032,12.30731264,2.314,2.500,1.130,1.34,8,8,Stopped
1770568538.915803,57.83440667,12.30731017,57.83440349,12.30731140,2.314,2.500,1.130,1.59,8,8,Stopped
1770568539.920617,57.83441300,12.30730950,57.83440825,12.30731045,2.314,2.500,1.130,2.01,8,8,Stopped
1770568540.9172194,57.83441433,12.30730733,57.83441129,12.30730889,2.314,2.500,1.130,1.91,8,8,Stopped
1770568541.9220002,57.83441833,12.30730800,57.83441481,12.30730845,2.314,2.500,1.130,1.98,8,8,Stopped
1770568542.9216182,57.83441583,12.30730600,57.83441532,12.30730722,2.314,2.500,1.130,1.39,8,8,Stopped
1770568543.9226718,57.83440783,12.30731250,57.83441158,12.30730986,2.314,2.500,1.130,0.29,8,8,Stopped
1770568544.915931,57.83440583,12.30731417,57.83440871,12.30731201,2.314,2.500,1.130,0.33,8,8,Stopped
1770568545.9232526,57.83440733,12.30731400,57.83440802,12.30731301,2.314,2.500,1.130,0.78,8,8,Stopped
1770568546.9074724,57.83440683,12.30731133,57.83440743,12.30731217,2.314,2.500,1.130,0.68,8,8,Stopped
1770568547.9149563,57.83440300,12.30731233,57.83440521,12.30731225,2.314,2.500,1.130,0.33,8,8,Stopped
1770568548.9215076,57.83439283,12.30731883,57.83439902,12.30731554,2.314,2.500,1.130,1.18,8,8,Stopped
1770568549.9221594,57.83439133,12.30732083,57.83439518,12.30731819,2.314,2.500,1.130,1.11,8,8,Stopped
1770568550.9256213,57.83439267,12.30732383,57.83439392,12.30732101,2.314,2.500,1.130,0.89,8,8,Stopped
1770568551.9157288,57.83439567,12.30732217,57.83439479,12.30732159,2.314,2.500,1.130,0.31,8,8,Stopped
1770568552.9244077,57.83439667,12.30732033,57.83439573,12.30732096,2.314,2.500,1.130,0.14,8,8,Stopped
1770568553.9192705,57.83439117,12.30732033,57.83439345,12.30732065,2.314,2.500,1.130,0.41,8,8,Stopped
1770568554.9252794,57.83439450,12.30731700,57.83439397,12.30731882,2.314,2.500,1.130,0.48,8,8,Stopped
1770568555.9205234,57.83439500,12.30731767,57.83439449,12.30731825,2.314,2.500,1.130,0.34,8,8,Stopped
1770568556.9159546,57.83439400,12.30732283,57.83439424,12.30732054,2.314,2.500,1.130,0.28,8,8,Stopped
1770568557.9123864,57.83439883,12.30732500,57.83439654,12.30732277,2.314,2.500,1.130,0.74,8,8,Stopped
1770568558.916194,57.83440350,12.30732167,57.83440002,12.30732222,2.314,2.500,1.130,1.17,8,8,Stopped
1770568559.92331,57.83440333,12.30731717,57.83440168,12.30731969,2.314,2.500,1.130,0.88,8,8,Stopped
1770568560.9220982,57.83440183,12.30731367,57.83440175,12.30731668,2.314,2.500,1.130,0.57,8,8,Stopped
1770568561.9230692,57.83440567,12.30730667,57.83440371,12.30731167,2.314,2.500,1.130,1.09,8,8,Reverse
1770568562.918116,57.83440267,12.30731067,57.83440319,12.30731117,2.314,2.500,1.130,0.46,8,8,Stopped
1770568563.9177449,57.83440067,12.30731067,57.83440193,12.30731092,2.314,2.500,1.130,0.34,8,8,Stopped
1770568564.9221332,57.83439983,12.30731217,57.83440088,12.30731154,2.314,2.500,1.130,0.37,8,8,Stopped
1770568565.9177494,57.83439533,12.30731300,57.83439811,12.30731227,2.314,2.500,1.130,0.81,8,8,Stopped
1770568566.9220672,57.83439233,12.30731317,57.83439522,12.30731272,2.314,2.500,1.130,0.88,8,8,Stopped
1770568567.9181,57.83438833,12.30731450,57.83439178,12.30731361,2.457,2.500,1.280,1.08,7,7,Stopped
1770568568.9251313,57.83438833,12.30731400,57.83439006,12.30731380,2.457,2.500,1.280,0.79,7,7,Stopped
1770568569.916109,57.83438750,12.30730767,57.83438878,12.30731074,2.457,2.500,1.280,1.18,7,7,Stopped
1770568570.9156795,57.83438767,12.30731083,57.83438822,12.30731078,2.457,2.500,1.280,0.94,7,7,Stopped
1770568571.9261825,57.83438533,12.30730600,57.83438678,12.30730839,2.457,2.500,1.280,0.88,7,7,Stopped
1770568572.920042,57.83438750,12.30730550,57.83438714,12.30730695,2.457,2.500,1.280,0.71,7,7,Stopped
1770568573.922438,57.83439000,12.30730417,57.83438857,12.30730556,2.314,2.500,1.130,0.56,8,8,Stopped
1770568574.9184618,57.83439383,12.30731100,57.83439120,12.30730828,2.314,2.500,1.130,0.62,8,8,Stopped
1770568575.9068043,57.83438833,12.30731717,57.83438977,12.30731272,2.314,2.500,1.130,1.35,8,8,Forward
1770568576.918905,57.83439517,12.30731800,57.83439247,12.30731536,2.314,2.500,1.130,0.65,8,8,Stopped
1770568577.9183016,57.83439550,12.30732450,57.83439398,12.30731993,2.314,2.500,1.130,1.00,8,8,Forward
1770568578.9221253,57.83440083,12.30732500,57.83439741,12.30732247,2.314,2.500,1.130,0.52,8,8,Stopped
1770568579.9196026,57.83440300,12.30732217,57.83440020,12.30732232,2.314,2.500,1.130,0.37,8,8,Stopped
1770568580.9133227,57.83440117,12.30732150,57.83440069,12.30732191,2.476,2.500,1.300,0.32,7,7,Stopped
1770568581.9217587,57.83439900,12.30732100,57.83439984,12.30732145,2.476,2.500,1.300,0.34,7,7,Stopped
1770568582.923688,57.83439867,12.30732283,57.83439925,12.30732214,2.476,2.500,1.300,0.21,7,7,Stopped
1770568583.9203424,57.83439833,12.30732083,57.83439879,12.30732149,2.314,2.500,1.130,0.13,8,8,Stopped
1770568584.9167047,57.83439850,12.30731983,57.83439865,12.30732066,2.314,2.500,1.130,0.46,8,8,Stopped
1770568585.9206126,57.83439917,12.30731633,57.83439891,12.30731850,2.314,2.500,1.130,0.72,8,8,Stopped
1770568586.91582,57.83440000,12.30731150,57.83439945,12.30731500,2.314,2.500,1.130,0.85,8,8,Reverse
1770568587.9202542,57.83439767,12.30730917,57.83439856,12.30731208,2.314,2.500,1.130,0.54,8,8,Stopped
1770568588.9179254,57.83440033,12.30730967,57.83439945,12.30731087,2.314,2.500,1.130,0.62,8,8,Stopped
1770568589.923298,57.83440200,12.30730483,57.83440072,12.30730785,2.314,2.500,1.130,0.79,8,8,Stopped
1770568590.9196708,57.83440083,12.30730567,57.83440078,12.30730676,2.314,2.500,1.130,0.21,8,8,Stopped
1770568591.916756,57.83440617,12.30730100,57.83440347,12.30730388,2.476,2.500,1.300,0.86,7,7,Stopped
1770568592.9205897,57.83440417,12.30730250,57.83440382,12.30730319,2.476,2.500,1.300,0.14,7,7,Stopped
1770568593.916085,57.83440833,12.30729883,57.83440608,12.30730101,2.476,2.500,1.300,0.58,7,7,Stopped
1770568594.921479,57.83440400,12.30730283,57.83440504,12.30730192,2.476,2.500,1.300,0.52,7,7,Stopped
1770568595.9189954,57.83440783,12.30729933,57.83440644,12.30730063,2.476,2.500,1.300,0.32,7,7,Stopped
1770568596.9224951,57.83440850,12.30729767,57.83440747,12.30729915,2.476,2.500,1.300,0.25,7,7,Stopped
1770568597.9228778,57.83440867,12.30729650,57.83440807,12.30729782,2.476,2.500,1.300,0.18,7,7,Stopped
1770568598.9060528,57.83441183,12.30729650,57.83440995,12.30729716,2.314,2.500,1.130,0.81,8,8,Stopped
1770568599.9192355,57.83441700,12.30729467,57.83441348,12.30729591,2.314,2.500,1.130,0.72,8,8,Stopped
1770568600.907295,57.83442700,12.30729283,57.83442024,12.30729437,2.314,2.500,1.130,1.30,8,8,Stopped
1770568601.9226298,57.83442817,12.30729050,57.83442420,12.30729244,2.314,2.500,1.130,0.64,8,8,Stopped
1770568602.920404,57.83442517,12.30729300,57.83442468,12.30729272,2.314,2.500,1.130,0.42,8,8,Stopped
1770568603.9215856,57.83442233,12.30729350,57.83442351,12.30729311,2.314,2.500,1.130,1.00,8,8,Stopped
1770568604.919531,57.83441433,12.30729350,57.83441892,12.30729330,2.314,2.500,1.130,2.05,8,8,Stopped
1770568605.925716,57.83441517,12.30728600,57.83441704,12.30728965,2.314,2.500,1.130,1.52,8,8,Reverse
1770568606.9185948,57.83441933,12.30728633,57.83441819,12.30728799,2.314,2.500,1.130,0.66,8,8,Stopped
1770568607.920552,57.83442000,12.30728433,57.83441909,12.30728616,2.314,2.500,1.130,0.52,8,8,Stopped
1770568608.9204235,57.83441950,12.30728717,57.83441930,12.30728666,2.314,2.500,1.130,0.70,8,8,Stopped
1770568609.92155,57.83441867,12.30728317,57.83441898,12.30728492,2.314,2.500,1.130,0.82,8,8,Stopped
1770568610.921601,57.83442033,12.30728350,57.83441966,12.30728421,2.314,2.500,1.130,0.62,8,8,Stopped
1770568611.9160924,57.83442200,12.30728883,57.83442083,12.30728652,2.314,2.500,1.130,1.09,8,8,Stopped
1770568612.9263837,57.83442267,12.30728817,57.83442175,12.30728734,2.314,2.500,1.130,0.65,8,8,Stopped
1770568613.9166718,57.83442417,12.30728800,57.83442296,12.30728767,2.314,2.500,1.130,0.41,8,8,Stopped
1770568614.9259064,57.83442550,12.30728367,57.83442423,12.30728567,2.314,2.500,1.130,0.27,8,8,Stopped
1770568615.920833,57.83442817,12.30728067,57.83442620,12.30728317,2.314,2.500,1.130,0.22,8,8,Stopped
1770568616.917079,57.83443367,12.30728133,57.83442993,12.30728225,2.314,2.500,1.130,0.69,8,8,Stopped
1770568617.9233916,57.83443600,12.30727800,57.83443297,12.30728013,2.314,2.500,1.130,0.87,8,8,Stopped
1770568618.9156733,57.83443533,12.30727533,57.83443415,12.30727773,2.314,2.500,1.130,0.61,8,8,Stopped
1770568619.923769,57.83443717,12.30727217,57.83443566,12.30727495,2.314,2.500,1.130,0.42,8,8,Stopped
1770568620.9213884,57.83443683,12.30727167,57.83443625,12.30727331,2.333,2.500,1.150,0.36,7,7,Stopped
1770568621.9208245,57.83444067,12.30726733,57.83443846,12.30727032,2.333,2.500,1.150,1.29,7,7,Stopped
1770568622.920556,57.83444467,12.30726633,57.83444156,12.30726833,2.333,2.500,1.150,1.29,7,7,Stopped
1770568623.9156787,57.83444650,12.30726900,57.83444403,12.30726866,2.333,2.500,1.150,0.26,7,7,Stopped
1770568624.922458,57.83444633,12.30726933,57.83444518,12.30726900,2.333,2.500,1.150,0.34,7,7,Stopped
1770568625.9192166,57.83444800,12.30726917,57.83444659,12.30726908,2.314,2.500,1.130,0.35,8,8,Stopped
1770568626.9148636,57.83444833,12.30726883,57.83444746,12.30726896,2.314,2.500,1.130,0.70,8,8,Stopped
1770568627.9231882,57.83444783,12.30726617,57.83444765,12.30726756,2.314,2.500,1.130,0.45,8,8,Stopped
1770568628.9251091,57.83444817,12.30726800,57.83444791,12.30726778,2.314,2.500,1.130,0.60,8,8,Stopped
1770568629.9204035,57.83444800,12.30726750,57.83444795,12.30726764,2.314,2.500,1.130,0.19,8,8,Stopped
1770568630.916053,57.83445167,12.30726717,57.83444981,12.30726740,2.314,2.500,1.130,1.17,8,8,Stopped
1770568631.9231503,57.83444617,12.30726533,57.83444799,12.30726637,2.314,2.500,1.130,1.64,8,8,Stopped
1770568632.9214756,57.83444517,12.30726617,57.83444658,12.30726627,2.314,2.500,1.130,0.27,8,8,Stopped
1770568633.913539,57.83444583,12.30726650,57.83444621,12.30726638,2.314,2.500,1.130,0.72,8,8,Stopped
1770568634.9210653,57.83444550,12.30726467,57.83444585,12.30726553,2.314,2.500,1.130,0.39,8,8,Stopped
1770568635.9258592,57.83444550,12.30726933,57.83444568,12.30726743,2.314,2.500,1.130,0.16,8,8,Stopped
1770568636.9211817,57.83444683,12.30726650,57.83444625,12.30726696,2.314,2.500,1.130,0.63,8,8,Stopped
1770568637.9156609,57.83444267,12.30726983,57.83444446,12.30726840,2.314,2.500,1.130,1.00,8,8,Stopped
1770568638.923297,57.83444533,12.30726883,57.83444490,12.30726862,2.314,2.500,1.130,1.10,8,8,Stopped
1770568639.915669,57.83444450,12.30726650,57.83444470,12.30726756,2.314,2.500,1.130,0.73,8,8,Stopped
1770568640.927333,57.83444683,12.30726583,57.83444577,12.30726670,2.314,2.500,1.130,0.84,8,8,Stopped
1770568641.9217308,57.83445017,12.30726750,57.83444797,12.30726710,2.314,2.500,1.130,1.49,8,8,Stopped
1770568642.9267082,57.83445033,12.30726967,57.83444915,12.30726838,2.314,2.500,1.130,0.50,8,8,Stopped
1770568643.9201229,57.83444800,12.30727883,57.83444857,12.30727361,2.314,2.500,1.130,0.96,8,8,Forward
1770568644.917697,57.83444850,12.30728350,57.83444854,12.30727855,2.314,2.500,1.130,0.33,8,8,Forward
1770568645.9218252,57.83444933,12.30728367,57.83444894,12.30728111,2.314,2.500,1.130,0.80,8,8,Stopped
1770568646.9232168,57.83444667,12.30728717,57.83444780,12.30728414,2.314,2.500,1.130,1.12,8,8,Stopped
1770568647.906247,57.83445517,12.30728100,57.83445148,12.30728257,2.314,2.500,1.130,2.04,8,8,Stopped
1770568648.9204087,57.83445733,12.30727617,57.83445441,12.30727937,2.333,2.500,1.150,1.35,7,7,Stopped
1770568649.9225204,57.83446100,12.30727817,57.83445770,12.30727877,2.333,2.500,1.150,0.96,7,7,Stopped
1770568650.925211,57.83445967,12.30727317,57.83445869,12.30727597,2.333,2.500,1.150,0.91,7,7,Stopped
1770568651.9177513,57.83445650,12.30727633,57.83445759,12.30727615,2.333,2.500,1.150,1.31,7,7,Stopped
1770568652.9004726,57.83445950,12.30727517,57.83445855,12.30727566,2.333,2.500,1.150,0.57,7,7,Stopped
1770568653.9158587,57.83446017,12.30727150,57.83445936,12.30727358,2.333,2.500,1.150,0.71,7,7,Stopped
1770568654.9136732,57.83446150,12.30726867,57.83446043,12.30727112,2.333,2.500,1.150,1.16,7,7,Stopped
1770568655.9233508,57.83446417,12.30726667,57.83446230,12.30726889,2.333,2.500,1.150,1.64,7,7,Stopped
1770568656.913881,57.83446183,12.30726517,57.83446207,12.30726703,2.333,2.500,1.150,0.57,7,7,Stopped
1770568657.9273753,57.83445300,12.30726033,57.83445753,12.30726368,2.333,2.500,1.150,1.95,7,7,Stopped
1770568658.9230442,57.83444883,12.30726333,57.83445318,12.30726351,2.333,2.500,1.150,1.79,7,7,Stopped
1770568659.9421813,57.83444800,12.30726250,57.83445059,12.30726300,2.333,2.500,1.150,0.77,7,7,Stopped
1770568660.9240777,57.83445483,12.30726033,57.83445271,12.30726167,2.333,2.500,1.150,1.76,7,7,Stopped
1770568661.9724293,57.83445333,12.30725450,57.83445302,12.30725808,2.333,2.500,1.150,0.75,7,7,Reverse
1770568662.9432533,57.83444883,12.30724500,57.83445093,12.30725154,2.333,2.500,1.150,1.23,7,7,Reverse
1770568663.9071903,57.83444750,12.30724917,57.83444921,12.30725035,2.333,2.500,1.150,0.56,7,7,Stopped
1770568664.9392831,57.83445450,12.30724750,57.83445186,12.30724893,2.333,2.500,1.150,0.59,7,7,Stopped
1770568665.9142938,57.83445250,12.30724617,57.83445218,12.30724755,2.333,2.500,1.150,0.05,7,7,Stopped
1770568666.9202368,57.83445817,12.30723883,57.83445517,12.30724319,2.333,2.500,1.150,0.85,7,7,Reverse
1770568667.9164135,57.83446133,12.30723217,57.83445825,12.30723768,2.333,2.500,1.150,1.09,7,7,Reverse
1770568668.9216766,57.83445700,12.30723083,57.83445763,12.30723426,2.333,2.500,1.150,0.44,7,7,Reverse
1770568669.9277732,57.83445433,12.30722917,57.83445598,12.30723171,2.333,2.500,1.150,0.33,7,7,Stopped
1770568670.9206328,57.83445383,12.30722600,57.83445491,12.30722886,2.333,2.500,1.150,0.59,7,7,Stopped
1770568671.917336,57.83445850,12.30722117,57.83445670,12.30722501,2.333,2.500,1.150,0.56,7,7,Reverse
1770568672.9150116,57.83446000,12.30722550,57.83445835,12.30722526,2.333,2.500,1.150,0.72,7,7,Stopped
1770568673.901345,57.83446300,12.30722033,57.83446068,12.30722279,2.333,2.500,1.150,0.81,7,7,Stopped
1770568674.9242365,57.83446417,12.30721983,57.83446242,12.30722131,2.333,2.500,1.150,0.73,7,7,Stopped
1770568675.9197311,57.83446700,12.30721767,57.83446471,12.30721949,2.333,2.500,1.150,0.97,7,7,Stopped
1770568676.9363554,57.83446683,12.30721483,57.83446577,12.30721716,2.333,2.500,1.150,0.65,7,7,Stopped
1770568677.9189148,57.83447033,12.30721133,57.83446805,12.30721425,2.333,2.500,1.150,1.13,7,7,Stopped
1770568678.9159749,57.83446633,12.30721383,57.83446719,12.30721404,2.333,2.500,1.150,0.25,7,7,Stopped
1770568679.9127965,57.83446650,12.30722017,57.83446685,12.30721710,2.333,2.500,1.150,0.60,7,7,Stopped
1770568680.917898,57.83446583,12.30722167,57.83446634,12.30721939,2.333,2.500,1.150,0.47,7,7,Stopped
1770568681.9129355,57.83447067,12.30721800,57.83446850,12.30721869,2.333,2.500,1.150,1.11,7,7,Stopped
1770568682.9179008,57.83447183,12.30721467,57.83447017,12.30721668,2.333,2.500,1.150,1.15,7,7,Stopped
1770568683.9213042,57.83446733,12.30722133,57.83446875,12.30721901,2.333,2.500,1.150,0.54,7,7,Stopped
1770568684.909008,57.83446500,12.30722500,57.83446688,12.30722200,2.333,2.500,1.150,0.27,7,7,Stopped
1770568685.9158983,57.83447233,12.30721833,57.83446960,12.30722017,2.333,2.500,1.150,1.23,7,7,Stopped
1770568686.9091723,57.83446933,12.30722150,57.83446947,12.30722083,2.333,2.500,1.150,0.69,7,7,Stopped
1770568687.9246383,57.83446467,12.30722333,57.83446707,12.30722208,2.333,2.500,1.150,0.32,7,7,Stopped
1770568688.9117959,57.83446767,12.30722600,57.83446737,12.30722404,2.333,2.500,1.150,0.57,7,7,Stopped
1770568689.9174905,57.83446383,12.30722933,57.83446560,12.30722669,2.333,2.500,1.150,0.52,7,7,Stopped
1770568690.9231658,57.83446050,12.30723250,57.83446305,12.30722959,2.333,2.500,1.150,0.82,7,7,Stopped
1770568691.917749,57.83446300,12.30723133,57.83446303,12.30723046,2.333,2.500,1.150,0.55,7,7,Stopped
1770568692.9135134,57.83446583,12.30722967,57.83446443,12.30723007,2.333,2.500,1.150,0.52,7,7,Stopped
1770568693.90909,57.83446133,12.30723167,57.83446288,12.30723087,2.333,2.500,1.150,0.24,7,7,Stopped
1770568694.9156475,57.83445850,12.30723017,57.83446069,12.30723052,2.333,2.500,1.150,0.41,7,7,Stopped
1770568695.9116514,57.83444600,12.30723850,57.83445335,12.30723451,2.333,2.500,1.150,1.34,7,7,Forward
1770568696.9156961,57.83443833,12.30724500,57.83444584,12.30723975,2.333,2.500,1.150,1.73,7,7,Forward
1770568697.9230714,57.83442567,12.30724917,57.83443575,12.30724446,2.333,2.500,1.150,2.52,7,7,Forward
1770568698.9159014,57.83442850,12.30725100,57.83443213,12.30724773,2.333,2.500,1.150,1.52,7,7,Stopped
1770568699.9085286,57.83442800,12.30725100,57.83443006,12.30724937,2.333,2.500,1.150,0.90,7,7,Stopped
1770568700.9218206,57.83442817,12.30725883,57.83442911,12.30725410,2.333,2.500,1.150,0.97,7,7,Forward
1770568701.906115,57.83443183,12.30725600,57.83443047,12.30725505,2.333,2.500,1.150,0.56,7,7,Stopped
1770568702.9065998,57.83443350,12.30725667,57.83443199,12.30725586,2.333,2.500,1.150,0.51,7,7,Stopped
1770568703.9075806,57.83444000,12.30725600,57.83443599,12.30725593,2.333,2.500,1.150,1.40,7,7,Stopped
1770568704.9263933,57.83444433,12.30725400,57.83444016,12.30725496,2.333,2.500,1.150,1.83,7,7,Stopped
1770568705.9167776,57.83444617,12.30725917,57.83444317,12.30725707,2.333,2.500,1.150,1.95,7,7,Stopped
1770568706.9157841,57.83443717,12.30726850,57.83444017,12.30726278,2.333,2.500,1.150,0.78,7,7,Forward
1770568707.919037,57.83443683,12.30727500,57.83443850,12.30726889,2.333,2.500,1.150,0.76,7,7,Forward
1770568708.9068732,57.83443400,12.30728167,57.83443625,12.30727528,2.333,2.500,1.150,0.56,7,7,Forward
1770568709.9211347,57.83443450,12.30728567,57.83443537,12.30728047,2.333,2.500,1.150,0.97,7,7,Forward
1770568710.9161863,57.83442750,12.30729450,57.83443144,12.30728749,2.333,2.500,1.150,1.19,7,7,Forward
1770568711.920427,57.83442167,12.30729550,57.83442655,12.30729149,2.333,2.500,1.150,0.83,7,7,Forward
1770568712.9066448,57.83442467,12.30729450,57.83442561,12.30729300,2.333,2.500,1.150,0.27,7,7,Stopped
1770568713.9120615,57.83442583,12.30729683,57.83442572,12.30729491,2.333,2.500,1.150,0.70,7,7,Stopped
1770568714.9178882,57.83442567,12.30729050,57.83442569,12.30729271,2.333,2.500,1.150,0.49,7,7,Stopped
1770568715.9231224,57.83442917,12.30729083,57.83442743,12.30729177,2.333,2.500,1.150,0.93,7,7,Stopped
1770568716.9186692,57.83444083,12.30728617,57.83443413,12.30728897,2.333,2.500,1.150,1.85,7,7,Stopped
1770568717.9159062,57.83444300,12.30728233,57.83443857,12.30728565,2.333,2.500,1.150,1.77,7,7,Stopped
1770568718.9208071,57.83444200,12.30728067,57.83444028,12.30728316,2.333,2.500,1.150,1.17,7,7,Stopped
1770568719.9181557,57.83444250,12.30727783,57.83444139,12.30728050,2.333,2.500,1.150,0.93,7,7,Stopped
1770568720.9118326,57.83444250,12.30727917,57.83444195,12.30727983,2.333,2.500,1.150,0.76,7,7,Stopped
1770568721.917675,57.83444550,12.30727350,57.83444372,12.30727667,2.333,2.500,1.150,0.98,7,7,Stopped
1770568722.9060266,57.83445517,12.30726150,57.83444944,12.30726908,2.333,2.500,1.150,1.94,7,7,Reverse
1770568723.9183636,57.83445833,12.30726167,57.83445389,12.30726537,2.333,2.500,1.150,1.98,7,7,Reverse
1770568724.9175708,57.83446183,12.30725717,57.83445786,12.30726127,2.333,2.500,1.150,2.08,7,7,Reverse
1770568725.9231114,57.83447133,12.30724833,57.83446460,12.30725480,2.333,2.500,1.150,2.81,7,7,Reverse
1770568726.9166317,57.83447100,12.30724933,57.83446780,12.30725207,2.333,2.500,1.150,2.08,7,7,Stopped
1770568727.9114304,57.83447217,12.30724283,57.83446998,12.30724745,2.333,2.500,1.150,1.69,7,7,Reverse
1770568728.9176383,57.83446767,12.30724167,57.83446882,12.30724456,2.333,2.500,1.150,0.84,7,7,Stopped
1770568729.92363,57.83445917,12.30724133,57.83446400,12.30724295,2.333,2.500,1.150,0.32,7,7,Stopped
1770568730.918062,57.83445883,12.30723850,57.83446141,12.30724072,2.333,2.500,1.150,0.31,7,7,Stopped
1770568731.9069045,57.83445600,12.30723350,57.83445871,12.30723711,2.333,2.500,1.150,0.71,7,7,Reverse
1770568732.915834,57.83445200,12.30723117,57.83445535,12.30723414,2.333,2.500,1.150,0.77,7,7,Stopped
1770568733.9156864,57.83445817,12.30723133,57.83445676,12.30723274,2.333,2.500,1.150,0.36,7,7,Stopped
1770568734.9218676,57.83446283,12.30722700,57.83445980,12.30722987,2.333,2.500,1.150,0.88,7,7,Stopped
1770568735.9157202,57.83445517,12.30722050,57.83445748,12.30722518,2.333,2.500,1.150,1.14,7,7,Reverse
1770568736.9081032,57.83445383,12.30721950,57.83445566,12.30722234,2.333,2.500,1.150,0.46,7,7,Stopped
1770568737.9160533,57.83445167,12.30722217,57.83445366,12.30722225,2.333,2.500,1.150,0.35,7,7,Stopped
1770568738.9243612,57.83444833,12.30722267,57.83445100,12.30722246,2.333,2.500,1.150,0.71,7,7,Stopped
1770568739.9157207,57.83444467,12.30723017,57.83444783,12.30722631,2.333,2.500,1.150,0.96,7,7,Forward
1770568740.922119,57.83444400,12.30723950,57.83444592,12.30723291,2.333,2.500,1.150,0.81,7,7,Forward
1770568741.9157658,57.83444083,12.30724100,57.83444337,12.30723695,2.333,2.500,1.150,0.95,7,7,Forward
1770568742.9157617,57.83443900,12.30724000,57.83444119,12.30723848,2.333,2.500,1.150,0.99,7,7,Stopped
1770568743.9213023,57.83444700,12.30723583,57.83444409,12.30723716,2.333,2.500,1.150,0.47,7,7,Stopped
1770568744.9190643,57.83445483,12.30722350,57.83444946,12.30723033,2.333,2.500,1.150,1.36,7,7,Reverse
1770568745.9058511,57.83444983,12.30722150,57.83444965,12.30722591,2.333,2.500,1.150,0.93,7,7,Reverse
1770568746.9191022,57.83445200,12.30722200,57.83445082,12.30722396,2.333,2.500,1.150,0.53,7,7,Stopped
1770568747.904413,57.83446333,12.30720867,57.83445708,12.30721631,2.333,2.500,1.150,1.69,7,7,Reverse
1770568748.9215195,57.83447317,12.30720683,57.83446512,12.30721157,2.333,2.500,1.150,1.95,7,7,Reverse
1770568749.9150581,57.83447700,12.30719133,57.83447106,12.30720145,2.333,2.500,1.150,2.15,7,7,Reverse
1770568750.9088674,57.83447700,12.30718417,57.83447403,12.30719281,2.838,2.500,1.680,1.95,5,5,Reverse
1770568751.9050677,57.83448100,12.30718700,57.83447752,12.30718990,2.848,2.500,1.690,1.54,4,4,Stopped
1770568753.9035249,57.83448217,12.30717767,57.83447984,12.30718379,6.000,2.500,99.990,2.13,0,0,Reverse
1770568755.2701123,57.83448550,12.30716500,57.83448267,12.30717439,3.010,2.500,1.860,2.37,3,3,Reverse
1770568755.917102,57.83449083,12.30717417,57.83448675,12.30717428,3.010,2.500,1.860,1.63,3,3,Stopped
