time_s,raw_lat,raw_lon,filt_lat,filt_lon,raw_unc_m,filt_unc_x_m,filt_unc_y_m,speed_kmh,sats_used,sats_in_view,direction,altitude_m,alt_unc_m,fix_quality
1.51,57.8345005,12.307301833333334,57.834498749999995,12.307303416666667,2.5,3.75099986670221,3.75099986670221,1.2839720613165015,10,10,Reverse,98.0,3.75,1
2.4,57.83449866666667,12.307313333333331,57.83449870833333,12.307308375,2.5,3.149444395445012,3.149444395445012,1.2667221402183628,10,10,Reverse,98.1,3.75,1
3.42,57.83449383333333,12.307327000000003,57.834496270833334,12.307317687500001,2.5,2.648263582047678,2.648263582047678,1.3275316247464284,10,10,Reverse,98.0,3.75,1
4.36,57.834488166666674,12.307320333333333,57.83449221875,12.307319010416666,2.5,2.5,2.5,1.1863846645550962,11,11,Reverse,98.3,3.75,1
5.27,57.83449033333333,12.30731633333333,57.83449127604167,12.307317671875,2.5,2.5,2.5,0.9510187890939971,11,11,Reverse,98.2,3.75,1
6.43,57.83449316666667,12.307309166666668,57.83449222135417,12.307313419270834,2.5,2.5,2.5,0.720121975702559,9,9,Reverse,98.6,3.75,1
7.27,57.83449866666667,12.307303833333332,57.834495444010415,12.307308626302083,2.5,2.5,2.5,0.6502016954158806,9,9,Reverse,98.8,3.75,1
8.34,57.83450316666667,12.3073055,57.83449930533855,12.307307063151042,2.5,2.5,2.5,0.6291200435724565,9,9,Reverse,98.7,3.75,1
9.47,57.83449733333334,12.307295,57.83449831933594,12.30730103157552,2.5,2.5,2.5,0.5991386801147712,9,9,Reverse,98.3,3.75,1
10.34,57.83449266666666,12.307279000000001,57.8344954930013,12.30729001578776,2.5,2.5,2.5,0.7882593231736303,10,10,Reverse,97.5,3.75,1
11.32,57.83448266666666,12.307267000000001,57.83448907983398,12.307278507893882,2.5,2.5,2.5,1.1000268080092024,10,10,Reverse,96.6,3.75,1
12.32,57.834474833333324,12.307240833333333,57.83448195658365,12.307259670613607,2.5,2.5,2.5,1.6779857283847306,11,11,Reverse,95.9,3.75,1
13.28,57.83446716666667,12.307214833333335,57.834474561625164,12.30723725197347,2.5,2.5,2.5,2.2915169800591912,11,11,Reverse,95.2,3.75,1
14.27,57.83446066666667,12.307186999999999,57.834467614145915,12.307212125986736,2.5,2.5,2.5,2.849167057945794,11,11,Reverse,94.5,3.75,1
15.3,57.834461499999996,12.307195833333333,57.834464557072955,12.307203979660034,2.5,2.5,2.5,2.7972273859046486,10,10,Reverse,93.9,3.75,1
16.26,57.83446716666667,12.307203166666666,57.834465861869816,12.30720357316335,2.5,2.5,2.5,2.3758037610655673,10,10,Reverse,93.2,3.75,1
17.29,57.83447266666667,12.307214166666665,57.83446926426824,12.307208869915007,2.5,2.5,2.5,1.8604110982931688,10,10,Reverse,92.8,3.75,1
18.27,57.8344765,12.307220833333334,57.83447288213412,12.30721485162417,2.5,2.5,2.5,1.4998935106621702,10,10,Reverse,92.4,3.75,1
19.32,57.83447783333333,12.307229500000002,57.83447535773372,12.307222175812086,2.5,2.5,2.5,1.3177817832720782,10,10,Reverse,92.1,3.75,1
20.33,57.83447249999999,12.307240333333334,57.834473928866856,12.307231254572711,2.5,2.5,2.5,1.4107115491211317,10,10,Reverse,91.7,3.75,1
21.43,57.83447066666666,12.307245,57.83447229776676,12.307238127286356,2.5,2.5,2.5,1.4480300842615026,10,10,Reverse,91.1,3.75,1
22.28,57.83446983333333,12.307239666666666,57.83447106555005,12.30723889697651,2.5,2.5,2.5,1.3037130918694708,10,10,Reverse,90.6,3.75,1
23.28,57.83446933333333,12.307240833333333,57.83447019944169,12.307239865154921,2.5,2.5,2.5,1.2058626497448441,9,9,Reverse,90.1,3.75,1
24.28,57.834470499999995,12.307238,57.83447034972084,12.30723893257746,2.5,2.5,2.5,1.0555526970819373,9,9,Reverse,89.8,3.75,1
25.28,57.834469166666665,12.307233833333331,57.834469758193755,12.307236382955397,2.5,2.5,2.5,1.0437052541711327,9,9,Reverse,89.3,3.75,1
26.26,57.834477500000006,12.307229166666666,57.83447362909688,12.30723277481103,2.5,2.5,2.5,1.0035953458541256,9,9,Reverse,89.0,3.75,1
27.36,57.83448433333333,12.307221333333333,57.834478981215106,12.307227054072182,2.5,2.5,2.5,1.1511903534624475,9,9,Reverse,88.6,3.75,1
28.32,57.834493499999994,12.307224833333331,57.834486240607546,12.307225943702756,2.5,2.5,2.5,1.3372605916505667,9,9,Reverse,88.0,3.75,1
29.3,57.83449666666667,12.307226833333335,57.83449145363711,12.307226388518046,2.5,2.5,2.5,1.3831065179408673,10,10,Reverse,87.1,3.75,1
30.31,57.83450116666666,12.307229166666666,57.834496310151884,12.307227777592356,2.5,2.5,2.5,1.4504923301298818,10,10,Reverse,86.7,3.75,1
31.29,57.834504,12.30722633333333,57.83450015507594,12.307227055462842,2.5,2.5,2.5,1.4500611906070435,10,10,Reverse,86.4,3.75,1
32.29,57.83450916666667,12.307224333333332,57.83450466087131,12.307225694398088,2.5,2.5,2.5,1.4945851870219937,10,10,Reverse,86.3,3.75,1
33.27,57.834514999999996,12.307218166666667,57.83450983043565,12.307221930532377,2.5,2.5,2.5,1.6020224783359165,10,10,Reverse,85.6,3.75,1
34.29,57.83451933333334,12.307219333333334,57.8345145818845,12.307220631932855,2.5,2.5,2.5,1.605230449814509,10,10,Reverse,85.2,3.75,1
35.3,57.83452066666667,12.307224499999998,57.834517624275584,12.307222565966427,2.5,2.5,2.5,1.4475162529664058,9,9,Reverse,84.9,3.75,1
36.35,57.83452049999999,12.307233499999999,57.83451906213779,12.307228032983213,2.5,2.5,2.5,1.309184974250647,8,8,Reverse,85.0,3.75,1
37.39,57.83452483333334,12.307239666666666,57.83452194773556,12.30723384982494,2.5,2.5,2.5,1.2357474721910857,8,8,Reverse,85.1,3.75,1
38.53,57.834521166666676,12.307244166666665,57.83452155720112,12.307239008245803,2.5,2.5,2.5,1.1601661499485354,9,9,Reverse,85.2,3.75,1
39.42,57.834514000000006,12.307254166666667,57.83451777860056,12.307246587456234,2.5,2.5,2.5,1.3646065621394792,9,9,Reverse,85.1,3.75,1
40.37,57.83451183333333,12.307262333333332,57.83451480596695,12.307254460394784,2.5,2.5,2.5,1.5564949777977888,9,9,Reverse,85.0,3.75,1
41.57,57.834508166666666,12.307269166666666,57.834511486316806,12.307261813530724,2.5,2.5,2.5,1.6887971504465544,10,10,Reverse,84.8,3.75,1
42.56,57.834503,12.307271666666669,57.8345072431584,12.307266740098697,2.5,2.5,2.5,1.7513395623105545,10,10,Reverse,84.4,3.75,1
43.59,57.83450216666667,12.307273000000002,57.83450470491253,12.30726987004935,2.5,2.5,2.5,1.6590567987314286,10,10,Reverse,84.1,3.75,1
44.77,57.83449766666666,12.307278499999999,57.8345011857896,12.307274185024674,2.5,2.5,2.5,1.6324198437242738,10,10,Reverse,83.8,3.75,1
45.68,57.83449966666667,12.307285666666667,57.83450042622813,12.30727992584567,2.5,2.5,2.5,1.5457656672477902,10,10,Reverse,83.8,3.75,1
46.86,57.83449983333333,12.307290499999999,57.834500129780736,12.307285212922835,2.5,2.5,2.5,1.4324610476895827,10,10,Reverse,83.8,3.75,1
47.78,57.83449616666667,12.307301833333334,57.8344981482237,12.307293523128084,2.5,2.5,2.5,1.4456869136533992,10,10,Reverse,83.8,3.75,1
48.7,57.8344885,12.307312833333333,57.83449332411185,12.307303178230708,2.5,2.5,2.5,1.5592921187114983,10,10,Reverse,83.9,3.75,1
49.62,57.8344825,12.3073175,57.83448791205593,12.307310339115354,2.5,2.5,2.5,1.608291110187145,10,10,Reverse,83.9,3.75,1
50.66,57.83447549999999,12.307315666666666,57.83448170602796,12.30731300289101,2.5,2.5,2.5,1.6461494082478754,10,10,Reverse,84.0,3.75,1
51.65,57.834471666666666,12.307324333333334,57.83447668634731,12.307318668112172,2.5,2.5,2.5,1.7095980381118918,10,10,Reverse,83.8,3.75,1
52.73,57.83446683333333,12.307329166666667,57.83447175984032,12.30732391738942,2.5,2.5,2.5,1.789824442175892,9,9,Reverse,83.6,3.75,1
53.72,57.834464,12.307325500000001,57.83446787992016,12.30732470869471,2.5,2.5,2.5,1.7512679148375905,9,9,Reverse,83.3,3.75,1
54.74,57.83446116666667,12.307317166666667,57.83446452329341,12.30732093768069,2.5,2.5,2.5,1.6876766855485699,9,9,Reverse,83.2,3.75,1
55.51,57.8344565,12.307323833333331,57.83446051164671,12.30732238550701,2.5,2.5,2.5,1.685052608596643,9,9,Reverse,83.0,3.75,1
56.42,57.83444883333333,12.307324333333334,57.83445467249002,12.307323359420172,2.5,2.5,2.5,1.801364522143522,8,8,Reverse,82.7,3.75,1
57.46,57.83444716666666,12.307318166666668,57.834450919578344,12.30732076304342,2.5,2.5,2.5,1.807926815428624,8,8,Reverse,82.6,3.75,1
58.44,57.834433000000004,12.307327000000003,57.834441959789174,12.307323881521711,2.5,2.5,2.5,2.1090916289385078,8,8,Reverse,82.2,3.75,1
59.44,57.834426666666666,12.307318666666667,57.834434313227916,12.307321274094189,2.5,2.5,2.5,2.273431023806624,8,8,Reverse,82.5,3.75,1
60.59,57.834419499999996,12.307320666666666,57.834426906613956,12.307320970380427,2.5,2.5,2.5,2.3963059156930724,8,8,Reverse,82.7,3.75,1
61.77,57.83441849999999,12.3073245,57.83442270330698,12.307322735190214,2.5,2.5,2.5,2.2740453822452475,8,8,Reverse,83.0,3.75,1
62.5,57.83442916666666,12.3073205,57.83442593498682,12.307321617595107,2.5,2.5,2.5,1.8489321549920452,8,8,Reverse,83.0,3.75,1
63.63,57.834415166666666,12.307298833333334,57.83442055082674,12.30731022546422,2.5,2.5,2.5,1.8505606526843885,7,7,Reverse,82.8,3.75,1
64.54,57.83439966666666,12.307269499999999,57.8344101087467,12.307289862732109,2.5,2.5,2.5,2.193387624994601,8,8,Reverse,82.4,3.75,1
65.45,57.83440783333334,12.307265333333332,57.83440897104002,12.307277598032721,2.5,2.5,2.5,2.1878339273812957,8,8,Reverse,82.2,3.75,1
66.45,57.83441233333333,12.307256833333334,57.834410652186676,12.307267215683027,2.5,2.5,2.5,2.1014620529916512,7,7,Reverse,81.8,3.75,1
67.5,57.834423833333325,12.307246833333332,57.83441724276,12.30725702450818,2.5,2.5,2.5,1.9613960743539118,7,7,Reverse,81.7,3.75,1
68.47,57.834421166666665,12.3072475,57.834419204713335,12.30725226225409,2.5,2.5,2.5,1.7893314457848042,7,7,Reverse,81.4,3.75,1
69.58,57.83442516666667,12.307242,57.83442218569,12.307247131127045,2.5,2.5,2.5,1.7598411945836694,7,7,Reverse,81.1,3.75,1
70.49,57.83443033333333,12.307234166666667,57.834426259511666,12.307240648896856,2.5,2.5,2.5,1.7937628800330712,8,8,Reverse,80.4,3.75,1
71.45,57.834442,12.307221,57.834434129755834,12.307230824448428,2.5,2.5,2.5,1.7412334875779176,7,7,Reverse,79.6,3.75,1
72.46,57.83445283333334,12.307211833333334,57.83444348154458,12.307221328890881,4.225,2.5,2.5,1.6101776366251448,6,6,Reverse,78.9,6.3374999999999995,1
73.51,57.83446116666667,12.307202666666667,57.83445232410563,12.307211997778774,4.225,2.5,2.5,1.4109865422342927,6,6,Reverse,78.2,6.3374999999999995,1
74.49,57.834467833333335,12.307199166666665,57.83446007871948,12.30720558222272,3.875,2.5,2.5,1.3300115479486878,7,7,Reverse,77.7,5.8125,1
75.56,57.834476166666676,12.307201166666667,57.83446812269308,12.307203374444693,3.875,2.5,2.5,1.274990089682358,7,7,Reverse,77.0,5.8125,1
76.51,57.83449233333334,12.307200833333331,57.834480228013206,12.307202103889011,2.725,2.5,2.5,1.3130635623064062,9,9,Reverse,76.1,4.0875,1
77.54,57.834495333333344,12.307202333333331,57.83448778067328,12.307202218611172,2.725,2.5,2.5,1.3499978552896617,9,9,Reverse,75.3,4.0875,1
78.47,57.83449016666667,12.307212666666665,57.83448897366997,12.307207442638918,2.5,2.5,2.5,1.0842019379577814,9,9,Reverse,75.1,3.75,1
79.46,57.83449566666666,12.3072155,57.834492320168316,12.307211471319459,2.5,2.5,2.5,0.99128822605731,9,9,Reverse,74.8,3.75,1
80.47,57.83449933333333,12.307221499999999,57.834495826750825,12.30721648565973,2.5,2.5,2.5,0.8555237252013964,9,9,Reverse,74.9,3.75,1
81.77,57.83450066666666,12.307220166666665,57.83449824670875,12.307218326163197,2.5,2.5,2.5,0.7814864203443447,9,9,Reverse,75.1,3.75,1
82.53,57.83450633333334,12.3072225,57.83450229002104,12.307220413081598,2.5,2.5,2.5,0.7507882641657826,9,9,Reverse,75.1,3.75,1
83.49,57.83452016666667,12.307224833333331,57.83451122834386,12.307222623207466,2.5,2.5,2.5,0.9759525027705679,10,10,Reverse,75.4,3.75,1
84.45,57.834521166666676,12.307227333333334,57.834516197505266,12.3072249782704,2.5,2.5,2.5,1.0532505198670632,10,10,Reverse,75.8,3.75,1
85.49,57.834531,12.307223833333333,57.83452359875263,12.307224405801866,2.5,2.5,2.5,1.3076669030023131,9,9,Reverse,75.9,3.75,1
86.48,57.83453566666667,12.307221,57.834529632709646,12.307222702900933,2.5,2.5,2.5,1.534376251704902,9,9,Reverse,75.8,3.75,1
87.46,57.83453533333333,12.307220500000001,57.83453248302149,12.307221601450467,2.5,2.5,2.5,1.5781245294612376,9,9,Reverse,75.8,3.75,1
88.46,57.83453033333333,12.307223333333331,57.83453140817741,12.307222467391899,2.5,2.5,2.5,1.3604670438159365,10,10,Reverse,75.7,3.75,1
89.46,57.83452833333334,12.3072225,57.834529870755375,12.30722248369595,2.5,2.5,2.5,1.1206946204782124,10,10,Reverse,75.5,3.75,1
90.5,57.83452233333334,12.307227666666666,57.83452610204436,12.307225075181307,2.5,2.5,2.5,0.9366003830341312,9,9,Reverse,75.5,3.75,1
91.45,57.83451266666666,12.307237833333334,57.83451938435551,12.307231454257321,2.5,2.5,2.5,1.1132746966891427,9,9,Reverse,75.3,3.75,1
92.47,57.83450583333333,12.307243166666668,57.83451260884442,12.307237310461995,2.5,2.5,2.5,1.3109551969552393,9,9,Reverse,75.1,3.75,1
93.46,57.83450333333334,12.307244500000001,57.834507971088875,12.307240905230998,2.5,2.5,2.5,1.3768787579235782,10,10,Reverse,74.8,3.75,1
94.46,57.83450116666666,12.307247833333333,57.83450456887777,12.307244369282165,2.5,2.5,2.5,1.3513902210542923,9,9,Reverse,74.6,3.75,1
95.46,57.83450666666666,12.307249500000001,57.834505617772216,12.307246934641084,2.5,2.5,2.5,1.1239669727736856,9,9,Reverse,74.3,3.75,1
96.45,57.83451133333333,12.307256166666665,57.834508475552774,12.307251550653874,2.5,2.5,2.5,0.9254719911055953,10,10,Reverse,74.5,3.75,1
97.49,57.83451783333333,12.307258333333333,57.83451315444305,12.307254941993603,2.5,2.5,2.5,0.8455290386091436,10,10,Reverse,74.8,3.75,1
98.78,57.83452016666667,12.307265666666668,57.83451666055486,12.307260304330136,2.5,2.5,2.5,0.6733683102835009,10,10,Reverse,75.0,3.75,1
99.59,57.83452316666667,12.307273333333335,57.83451991361077,12.307266818831735,2.5,2.5,2.5,0.5167222589898126,10,10,Reverse,75.0,3.75,1
100.55,57.834526833333335,12.307279166666667,57.83452337347205,12.307272992749201,2.5,2.5,2.5,0.451920516427769,10,10,Reverse,75.2,3.75,1
101.51,57.83453033333333,12.307282666666667,57.83452685340269,12.307277829707935,2.5,2.5,2.5,0.32775450412330515,10,10,Reverse,75.6,3.75,1
102.61,57.83453216666667,12.307285333333335,57.83452951003468,12.307281581520634,2.5,2.5,2.5,0.2957782827953946,11,11,Reverse,75.7,3.75,1
103.94,57.83453383333334,12.307281499999998,57.83453167168401,12.307281540760316,2.5,2.5,2.5,0.32924303535826593,11,11,Reverse,75.8,3.75,1
105.06,57.834548,12.307277666666668,57.834539835842,12.307279603713493,2.5,2.5,2.5,0.5582079687854999,11,11,Reverse,75.7,3.75,1
105.94,57.834561666666666,12.307265333333332,57.83455075125433,12.307272468523411,2.5,2.5,2.5,1.1082749005931611,11,11,Reverse,75.6,3.75,1
106.8,57.834572166666675,12.307259833333335,57.83456145896051,12.307266150928374,2.5,2.5,2.5,1.5966845560342662,11,11,Forward,75.5,3.75,1
107.83,57.834576,12.307248166666666,57.83456872948025,12.307257158797519,2.5,2.5,2.5,1.9313760040357608,11,11,Reverse,75.3,3.75,1
108.79,57.834580833333334,12.307237666666667,57.83457478140679,12.307247412732094,2.5,2.5,2.5,2.1684182665478255,10,10,Reverse,75.3,3.75,1
109.66,57.83458966666667,12.307231166666668,57.83458222403673,12.30723928969938,2.5,2.5,2.5,2.4131510767823903,10,10,Forward,75.3,3.75,1
110.59,57.83459566666667,12.3072225,57.834588945351705,12.30723089484969,2.5,2.5,2.5,2.596258461265346,10,10,Forward,75.1,3.75,1
111.5,57.83459933333334,12.307216500000001,57.83459413934252,12.307223697424845,2.5,2.5,2.5,2.6083055024832595,10,10,Reverse,74.8,3.75,1
112.58,57.834603666666666,12.307213666666666,57.83459890300459,12.307218682045756,2.5,2.5,2.5,2.511199637342838,10,10,Reverse,74.7,3.75,1
113.53,57.83460616666666,12.307217,57.834602534835625,12.307217841022878,2.5,2.5,2.5,2.2278673088731886,10,10,Reverse,74.6,3.75,1
114.66,57.83461783333334,12.307216333333335,57.83461018408448,12.307217087178106,2.5,2.5,2.5,2.202157494737413,11,11,Reverse,74.7,3.75,1
115.62,57.83462633333333,12.307217166666666,57.83461825870891,12.307217126922387,2.5,2.5,2.5,2.2009482702233,11,11,Reverse,74.6,3.75,1
116.54,57.83463400000001,12.3072155,57.83462612935446,12.307216313461193,2.5,2.5,2.5,2.2342162816557054,11,11,Reverse,74.7,3.75,1
117.59,57.83463216666667,12.307214166666665,57.83462914801056,12.307215240063929,2.5,2.5,2.5,2.1850820829541493,10,10,Reverse,74.6,3.75,1
118.54,57.83463466666667,12.307210166666668,57.83463190733862,12.307212703365298,2.5,2.5,2.5,2.249218426696977,9,9,Reverse,74.8,3.75,1
119.54,57.83463466666667,12.307211666666667,57.834633287002646,12.307212185015983,2.5,2.5,2.5,2.233437668509346,9,9,Reverse,74.6,3.75,1
120.47,57.83463666666667,12.307211500000001,57.83463497683466,12.307211842507991,2.5,2.5,2.5,2.217690732426458,9,9,Reverse,74.5,3.75,1
121.55,57.834625499999994,12.307217333333332,57.834630238417326,12.307214587920662,2.5,2.5,2.5,1.786424610234799,9,9,Reverse,74.4,3.75,1
122.5,57.834607166666665,12.307223500000001,57.834618702541995,12.307219043960332,2.5,2.5,2.5,1.7528544175542728,9,9,Reverse,74.7,3.75,1
123.54,57.83459883333333,12.307224166666666,57.83460876793767,12.307221605313499,2.5,2.5,2.5,1.743116879632146,9,9,Reverse,74.8,3.75,1
124.53,57.834588000000004,12.307221499999999,57.83459838396883,12.307221552656749,2.5,2.5,2.5,1.7681485282443012,9,9,Reverse,74.8,3.75,1
125.55,57.83458483333334,12.307217,57.83459160865109,12.307219276328373,2.5,2.5,2.5,1.598679877669185,10,10,Reverse,74.7,3.75,1
126.52,57.83457666666666,12.307223333333331,57.83458413765887,12.307221304830852,2.5,2.5,2.5,1.5515781375340365,10,10,Reverse,74.6,3.75,1
127.57,57.834573500000005,12.307222000000001,57.83457881882944,12.307221652415427,2.5,2.5,2.5,1.375903521534936,10,10,Reverse,74.6,3.75,1
128.47,57.83456983333334,12.307218833333332,57.83457432608139,12.30722024287438,2.5,2.5,2.5,1.1346836589380866,10,10,Reverse,74.2,3.75,1
129.55,57.834567500000006,12.307217500000002,57.8345709130407,12.307218871437192,2.5,2.5,2.5,0.8954097353561826,10,10,Reverse,74.4,3.75,1
130.42,57.834566166666676,12.307216333333335,57.834568539853684,12.307217602385263,2.5,2.5,2.5,0.7461284693696729,10,10,Reverse,74.4,3.75,1
131.58,57.83456283333333,12.307214833333335,57.83456568659351,12.307216217859299,2.5,2.5,2.5,0.6451344611668436,10,10,Reverse,74.6,3.75,1
132.44,57.83455983333333,12.307214166666665,57.83456275996342,12.307215192262982,2.5,2.5,2.5,0.5658391183162977,10,10,Reverse,74.8,3.75,1
133.54,57.83455383333333,12.307213,57.834558296648375,12.30721409613149,2.5,2.5,2.5,0.6030852507481262,10,10,Reverse,74.9,3.75,1
134.49,57.83455366666667,12.3072135,57.83455598165752,12.307213798065746,2.5,2.5,2.5,0.5781030095768113,10,10,Reverse,75.2,3.75,1
135.5,57.8345455,12.307209333333333,57.83455074082876,12.30721156569954,2.5,2.5,2.5,0.7491073667129863,10,10,Reverse,75.5,3.75,1
136.48,57.83454366666667,12.307213666666666,57.83454720374772,12.307212616183103,2.5,2.5,2.5,0.7598853357343319,10,10,Reverse,76.0,3.75,1
137.55,57.83454366666667,12.307213666666666,57.83454543520719,12.307213141424883,2.5,2.5,2.5,0.686918615631896,10,10,Reverse,76.1,3.75,1
138.5,57.83453766666666,12.30721433333333,57.834541550936926,12.307213737379108,2.5,2.5,2.5,0.7245297723376137,10,10,Reverse,76.4,3.75,1
139.44,57.83453933333333,12.307213666666666,57.83454044213513,12.307213702022887,2.5,2.5,2.5,0.6521091765641065,10,10,Reverse,76.5,3.75,1
140.44,57.83453966666666,12.307218,57.8345400544009,12.307215851011444,2.5,2.5,2.5,0.5495316794705746,10,10,Reverse,76.6,3.75,1
141.54,57.834540333333344,12.307220666666668,57.83454019386712,12.307218258839056,2.5,2.5,2.5,0.4774289013754901,10,10,Reverse,76.9,3.75,1
142.44,57.83454233333334,12.307219333333334,57.83454126360023,12.307218796086195,2.5,2.5,2.5,0.5710806930566001,10,10,Reverse,77.0,3.75,1
143.48,57.83453966666666,12.307223500000001,57.83454046513344,12.307221148043098,2.5,2.5,2.5,0.5148623461740744,10,10,Reverse,77.0,3.75,1
144.44,57.834535499999994,12.307229,57.834537982566715,12.307225074021549,2.7,2.5,2.5,0.4097490920280865,9,9,Reverse,77.0,4.050000000000001,1
145.5,57.834535833333334,12.307229500000002,57.834536907950024,12.307227287010775,2.7,2.5,2.5,0.3749093116428026,9,9,Reverse,77.2,4.050000000000001,1
146.53,57.8345395,12.307230833333332,57.834538203975015,12.307229060172054,2.7,2.5,2.5,0.4831092697779897,9,9,Reverse,77.2,4.050000000000001,1
147.47,57.83453899999999,12.307234333333334,57.834538601987504,12.307231696752693,2.7,2.5,2.5,0.5135108059523819,9,9,Reverse,77.1,4.050000000000001,1
148.45,57.8345365,12.307234666666666,57.83453755099375,12.30723318170968,2.7,2.5,2.5,0.48097940363903946,9,9,Reverse,77.1,4.050000000000001,1
149.46,57.834534166666664,12.307238833333335,57.83453585883021,12.307236007521507,2.7,2.5,2.5,0.42680058667355875,9,9,Reverse,76.9,4.050000000000001,1
150.43,57.83452633333333,12.307241666666668,57.83453109608177,12.307238837094088,2.5,2.5,2.5,0.4600641228001392,10,10,Reverse,76.8,3.75,1
151.45,57.83452666666667,12.307243166666668,57.83452888137422,12.307241001880378,2.5,2.5,2.5,0.36306359630954443,10,10,Reverse,76.8,3.75,1
152.44,57.83452049999999,12.307241333333332,57.834524690687104,12.307241167606854,2.5,2.5,2.5,0.36956574235977746,10,10,Reverse,76.6,3.75,1
153.44,57.834523999999995,12.307238166666666,57.834524345343546,12.307239667136761,2.5,2.5,2.5,0.46530623266492666,10,10,Reverse,76.4,3.75,1
154.44,57.83451883333334,12.307239666666666,57.83452158933844,12.307239666901713,2.5,2.5,2.5,0.4372689824123593,10,10,Reverse,76.2,3.75,1
155.44,57.83450633333334,12.307240666666667,57.834513961335894,12.30724016678419,2.5,2.5,2.5,0.4980021892549237,10,10,Reverse,76.3,3.75,1
156.47,57.8345075,12.3072405,57.834510730667944,12.307240333392095,2.5,2.5,2.5,0.448640614547868,11,11,Reverse,76.4,3.75,1
157.53,57.83450033333334,12.307243000000001,57.83450553200064,12.307241666696049,2.5,2.5,2.5,0.5675708100826722,10,10,Reverse,76.3,3.75,1
158.47,57.834506833333336,12.307250166666666,57.83450618266699,12.307245916681357,2.5,2.5,2.5,0.5655014657274537,9,9,Reverse,76.2,3.75,1
159.49,57.83449900000001,12.307256833333334,57.8345025913335,12.307251375007345,2.5,2.5,2.5,0.5474297073595016,9,9,Reverse,76.3,3.75,1
160.53,57.83448383333333,12.307262500000002,57.83449321233341,12.307256937503674,2.5,2.5,2.5,0.6888314485006023,10,10,Reverse,76.3,3.75,1
161.43,57.834473499999994,12.3072645,57.83448335616671,12.307260718751838,2.5,2.5,2.5,1.0354310857339393,10,10,Reverse,76.2,3.75,1
162.5,57.83447133333334,12.307267999999999,57.83447734475002,12.307264359375917,2.7,2.5,2.5,1.1908206078187238,9,9,Reverse,76.4,4.050000000000001,1
163.44,57.834460166666666,12.307265833333334,57.83446875570834,12.307265096354627,2.7,2.5,2.5,1.4629490051706666,9,9,Reverse,76.2,4.050000000000001,1
164.44,57.83446049999999,12.307273000000002,57.83446462785417,12.307269048177314,2.7,2.5,2.5,1.4658614359570388,9,9,Reverse,76.2,4.050000000000001,1
165.42,57.83445866666666,12.30727,57.83446164726042,12.307269524088657,3.1,2.5,2.5,1.4187177548805474,8,8,Reverse,76.3,4.65,1
166.46,57.83446083333333,12.307258833333332,57.834461240296875,12.307264178710994,3.1,2.5,2.5,1.379154781234788,8,8,Reverse,76.3,4.65,1
167.52,57.83445233333334,12.307255999999999,57.8344567868151,12.307260089355497,2.7,2.5,2.5,1.3722630714567268,9,9,Reverse,76.0,4.050000000000001,1
168.44,57.83444183333333,12.307257833333331,57.83444931007422,12.307258961344415,2.5,2.5,2.5,1.3085041432454068,10,10,Reverse,76.0,3.75,1
169.52,57.834428499999994,12.307260833333332,57.8344389050371,12.307259897338874,2.5,2.5,2.5,1.3433045116871478,9,9,Reverse,76.1,3.75,1
170.47,57.834418166666666,12.307261833333333,57.834428535851885,12.307260865336103,2.5,2.5,2.5,1.4016568681032653,10,10,Reverse,76.3,3.75,1
171.44,57.83441083333334,12.307255999999999,57.83441968459261,12.307258432668052,2.5,2.5,2.5,1.4469487266259762,10,10,Reverse,76.4,3.75,1
172.44,57.83440600000001,12.307260000000001,57.83441284229631,12.307259216334026,2.5,2.5,2.5,1.3485147722987185,10,10,Reverse,76.5,3.75,1
173.44,57.834408,12.307255999999999,57.834410421148156,12.307257608167012,2.5,2.5,2.5,1.2457527527926888,10,10,Reverse,76.6,3.75,1
174.44,57.834416,12.307251,57.83441321057408,12.307254304083507,2.7,2.5,2.5,1.3701463182229936,9,9,Reverse,76.6,4.050000000000001,1
175.46,57.83442883333334,12.307242833333332,57.83442102195371,12.307248568708419,3.125,2.5,2.5,2.02882983703168,8,8,Reverse,76.7,4.6875,1
176.45,57.83443066666667,12.307247166666665,57.83442584431019,12.307247867687542,3.125,2.5,2.5,1.886254902032563,8,8,Reverse,76.7,4.6875,1
177.5,57.83444033333333,12.307241166666666,57.83443308882176,12.307244517177104,3.125,2.5,2.5,2.077344462825641,8,8,Reverse,76.6,4.6875,1
178.45,57.83444899999999,12.307232333333332,57.83444104441088,12.307238425255218,2.7,2.5,2.5,2.353498369820674,9,9,Reverse,76.6,4.050000000000001,1
179.41,57.834444,12.307228166666668,57.834442522205435,12.307233295960943,2.725,2.5,2.5,2.216448554124705,9,9,Reverse,76.6,4.0875,1
180.47,57.83444616666667,12.307232333333332,57.83444434443606,12.307232814647138,3.675,2.5,2.5,1.9812958121370343,7,7,Reverse,76.6,5.512499999999999,1
181.54,57.8344535,12.307235333333331,57.83444892221803,12.307234073990234,3.675,2.5,2.5,1.7810150262730662,7,7,Reverse,76.5,5.512499999999999,1
182.43,57.83446433333334,12.307229166666666,57.83445662777568,12.30723162032845,3.675,2.5,2.5,2.207666931930215,7,7,Reverse,76.6,5.512499999999999,1
183.49,57.83445916666666,12.307227333333334,57.83445789722117,12.307229476830893,5.324999999999999,2.5,2.5,1.9889479676525499,6,6,Reverse,76.3,7.987499999999999,1
184.42,57.83446466666666,12.307222666666666,57.834461281943916,12.30722607174878,5.324999999999999,2.5,2.5,2.121427330231407,6,6,Reverse,76.4,7.987499999999999,1
185.42,57.834467,12.3072355,57.83446414097196,12.30723078587439,5.324999999999999,2.5,2.5,2.344886792448005,6,6,Reverse,76.5,7.987499999999999,1
186.44,57.83446683333333,12.307252000000002,57.83446548715264,12.307241392937195,4.125,2.5,2.5,2.3565474185021396,7,7,Reverse,77.0,6.1875,1
187.44,57.834474500000006,12.307258999999998,57.83446999357633,12.307250196468598,4.125,2.5,2.5,1.9000406979383362,7,7,Reverse,77.1,6.1875,1
188.47,57.83448266666666,12.307258833333332,57.83447633012149,12.307254514900965,4.125,2.5,2.5,1.9386388165601378,7,7,Reverse,76.9,6.1875,1
189.43,57.83447866666667,12.307261666666667,57.83447749839408,12.307258090783815,4.125,2.5,2.5,1.5958331627552567,7,7,Reverse,77.0,6.1875,1
190.47,57.83447433333334,12.307264000000002,57.83447591586371,12.30726104539191,4.125,2.5,2.5,1.4923646153236017,7,7,Reverse,76.2,6.1875,1
191.42,57.83447383333334,12.307266333333333,57.83447487459853,12.307263689362621,4.125,2.5,2.5,1.365867215340519,7,7,Reverse,75.9,6.1875,1
192.44,57.83446166666666,12.307272666666666,57.83446827063259,12.307268178014644,4.125,2.5,2.5,1.5580873684092194,7,7,Reverse,75.7,6.1875,1
193.44,57.83446349999999,12.307265333333332,57.83446588531629,12.307266755673988,4.125,2.5,2.5,1.5336416562284203,7,7,Reverse,75.5,6.1875,1
194.43,57.834464,12.307269166666666,57.834464942658144,12.307267961170327,4.125,2.5,2.5,1.378485151859384,7,7,Reverse,75.6,6.1875,1
195.42,57.83445283333334,12.307266833333331,57.834458887995744,12.30726739725183,4.125,2.5,2.5,1.5530565712902624,7,7,Reverse,75.5,6.1875,1
196.44,57.83444533333333,12.307258666666666,57.834452110664536,12.307263031959247,4.125,2.5,2.5,1.9551553643458528,7,7,Reverse,75.7,6.1875,1
197.45,57.83444666666666,12.307264000000002,57.8344493886656,12.307263515979624,4.125,2.5,2.5,2.04881264978985,7,7,Reverse,76.2,6.1875,1
198.44,57.83444816666667,12.307266666666665,57.83444877766613,12.307265091323146,4.125,2.5,2.5,1.9956459392195025,7,7,Reverse,76.1,6.1875,1
199.42,57.83444916666667,12.307262333333332,57.8344489721664,12.307263712328238,3.7,2.5,2.5,1.9657301514050147,8,8,Reverse,76.0,5.550000000000001,1
200.43,57.83445483333333,12.307258333333333,57.83445190274987,12.307261022830787,3.7,2.5,2.5,1.8806116058705316,8,8,Reverse,76.7,5.550000000000001,1
201.44,57.834455,12.307261333333335,57.834453451374934,12.30726117808206,3.7,2.5,2.5,1.6566114429549257,8,8,Reverse,77.1,5.550000000000001,1
202.45,57.83444883333333,12.307275,57.83445114235413,12.307268089041031,3.7,2.5,2.5,1.618068058645009,8,8,Reverse,76.8,5.550000000000001,1
203.46,57.83445100000001,12.307281833333331,57.83445107117707,12.307274961187181,3.7,2.5,2.5,1.4291118393172333,8,8,Reverse,77.1,5.550000000000001,1
204.4,57.83444783333333,12.307290666666665,57.8344494522552,12.307282813926923,3.7,2.5,2.5,1.3707202311172566,8,8,Reverse,77.0,5.550000000000001,1
205.44,57.83444833333333,12.307294333333335,57.83444889279426,12.307288573630128,3.7,2.5,2.5,1.2272013932620605,8,8,Reverse,77.1,5.550000000000001,1
206.42,57.83446000000001,12.307298166666666,57.83445444639713,12.307293370148397,5.2,2.5,2.5,1.0616017296133151,7,7,Reverse,77.1,7.800000000000001,1
207.44,57.83445983333333,12.307296000000001,57.83445713986523,12.307294685074199,3.675,2.5,2.5,0.9048424362820996,8,8,Reverse,78.3,5.512499999999999,1
208.71,57.83446116666667,12.307301500000001,57.83445915326595,12.307298092537101,3.675,2.5,2.5,0.8207270804942848,8,8,Reverse,78.1,5.512499999999999,1
209.68,57.83445816666667,12.307303999999998,57.83445865996631,12.307301046268549,3.675,2.5,2.5,0.6414570617074562,8,8,Reverse,78.1,5.512499999999999,1
210.49,57.83445916666666,12.307314499999999,57.83445891331649,12.307307773134275,3.675,2.5,2.5,0.6666461200916797,8,8,Reverse,78.3,5.512499999999999,1
211.47,57.83446083333333,12.307312000000001,57.83445987332491,12.307309886567138,3.675,2.5,2.5,0.6141160867782117,8,8,Reverse,79.3,5.512499999999999,1
212.44,57.834466166666665,12.307313500000001,57.83446301999579,12.30731169328357,3.675,2.5,2.5,0.7468255327835425,8,8,Reverse,79.4,5.512499999999999,1
213.49,57.834467499999995,12.307314,57.83446525999789,12.307312846641784,3.5999999999999996,2.5,2.5,0.8432589886766835,7,7,Reverse,79.0,5.3999999999999995,1
214.4,57.83446300000001,12.307307333333332,57.83446412999895,12.307310089987558,4.65,2.5,2.5,0.8149958275785754,6,6,Reverse,78.9,6.9750000000000005,1
215.31,57.83445199999999,12.3073095,57.83445806499947,12.30730979499378,4.65,2.5,2.5,0.7989706156801599,6,6,Reverse,78.7,6.9750000000000005,1
216.27,57.83444666666666,12.307304666666669,57.834452365833066,12.307307230830224,4.65,2.5,2.5,0.8990569258991763,6,6,Reverse,79.7,6.9750000000000005,1
217.39,57.83444133333334,12.307305166666668,57.8344468495832,12.307306198748446,4.65,2.5,2.5,1.0309308386217144,6,6,Reverse,80.2,6.9750000000000005,1
218.32,57.834441,12.307303333333333,57.8344439247916,12.30730476604089,4.65,2.5,2.5,1.031189276076315,6,6,Reverse,80.5,6.9750000000000005,1
219.3,57.83443766666666,12.307298333333332,57.83444079572913,12.30730154968711,3.875,2.5,2.5,1.082755496506871,7,7,Reverse,80.4,5.8125,1
220.26,57.834441,12.307292333333331,57.83444089786456,12.307296941510222,3.875,2.5,2.5,0.9969462019457713,7,7,Reverse,80.7,5.8125,1
221.29,57.834431333333335,12.307289500000001,57.83443611559895,12.307293220755112,3.875,2.5,2.5,1.0545689583242974,7,7,Reverse,80.6,5.8125,1
222.3,57.834429833333324,12.3072845,57.83443297446614,12.307288860377556,3.1,2.5,2.5,1.0349808817140171,8,8,Reverse,80.6,4.65,1
223.33,57.83441866666667,12.307283,57.8344258205664,12.307285930188778,3.1,2.5,2.5,1.0821654514189696,8,8,Reverse,80.6,4.65,1
224.28,57.83441416666666,12.307278833333331,57.834419993616535,12.307282381761054,3.1,2.5,2.5,1.0397585771525977,8,8,Reverse,79.9,4.65,1
225.25,57.83441416666666,12.307273166666668,57.8344170801416,12.307277774213862,3.1,2.5,2.5,0.952733083180259,8,8,Reverse,78.8,4.65,1
226.36,57.83441633333334,12.307269333333332,57.834416706737464,12.307273553773596,2.5,2.5,2.5,0.8914635155508581,9,9,Reverse,78.4,3.75,1
227.28,57.83442066666667,12.307263666666666,57.834418686702065,12.307268610220131,2.5,2.5,2.5,0.9213000835328257,9,9,Reverse,78.0,3.75,1
228.25,57.83441433333334,12.307262,57.834416510017704,12.307265305110066,2.5,2.5,2.5,0.8559640979226522,9,9,Reverse,78.5,3.75,1
229.39,57.83441466666667,12.307263166666667,57.83441558834219,12.307264235888367,2.5,2.5,2.5,0.7665640009693686,9,9,Reverse,77.5,3.75,1
230.27,57.83441183333333,12.307264166666668,57.83441371083776,12.307264201277517,2.5,2.5,2.5,0.6218770166002213,9,9,Reverse,76.9,3.75,1
231.26,57.83441416666666,12.307269833333331,57.834413938752206,12.307267017305424,2.5,2.5,2.5,0.6073101897022426,9,9,Reverse,76.5,3.75,1
232.29,57.834339,12.307282000000002,57.8343764693761,12.307274508652712,2.5,2.5,2.5,1.0575312877044791,9,9,Reverse,76.8,3.75,1
233.27,57.834341166666675,12.307279166666667,57.83435881802139,12.30727683765969,2.5,2.5,2.5,1.2004183686837104,10,10,Reverse,69.6,3.75,1
234.28,57.83433033333334,12.307287666666666,57.83434457567736,12.307282252163178,3.075,2.5,2.5,1.6195568226241708,8,8,Reverse,69.9,4.612500000000001,1
235.29,57.834327833333326,12.307297333333334,57.83433620450535,12.307289792748255,3.075,2.5,2.5,1.8816199523094008,8,8,Reverse,69.9,4.612500000000001,1
236.31,57.8343365,12.307303833333332,57.83433635225267,12.307296813040795,3.075,2.5,2.5,1.9218256080572487,8,8,Reverse,69.1,4.612500000000001,1
237.32,57.834342166666666,12.307302666666665,57.83433925945967,12.307299739853729,4.65,2.5,2.5,1.726975057074556,7,7,Reverse,69.7,6.9750000000000005,1
238.36,57.83434666666667,12.307292833333333,57.83434296306317,12.307296286593532,4.65,2.5,2.5,1.3626920578812713,6,6,Reverse,69.8,6.9750000000000005,1
239.29,57.834357,12.307296833333332,57.83434998153158,12.307296559963431,4.65,2.5,2.5,1.2963720995991672,6,6,Reverse,70.2,6.9750000000000005,1
240.33,57.83435833333333,12.307296666666666,57.83435415743246,12.30729661331505,4.625,2.5,2.5,1.2180156067174275,6,6,Reverse,70.6,6.9375,1
241.37,57.83435533333333,12.307295500000002,57.83435474538289,12.307296056657526,4.625,2.5,2.5,1.0239507413768973,6,6,Reverse,70.4,6.9375,1
242.35,57.834349833333334,12.307298,57.834352289358115,12.307297028328762,4.625,2.5,2.5,0.9046117567223529,6,6,Reverse,70.5,6.9375,1
243.33,57.83434783333334,12.307293,57.834350061345724,12.307295014164382,4.625,2.5,2.5,0.78167742843138,6,6,Reverse,70.7,6.9375,1
244.3,57.83434283333333,12.307300000000001,57.83434644733953,12.307297507082192,4.625,2.5,2.5,0.8202364569160852,6,6,Reverse,70.7,6.9375,1
245.24,57.834330833333325,12.307300333333334,57.834338640336426,12.307298920207762,4.625,2.5,2.5,1.0179406290098725,6,6,Reverse,70.8,6.9375,1
246.37,57.834333666666666,12.30729383333333,57.834336153501546,12.307296376770546,4.625,2.5,2.5,0.9796781734594957,6,6,Reverse,70.7,6.9375,1
247.34,57.834333,12.307295833333335,57.83433457675078,12.307296105051941,4.625,2.5,2.5,0.9531803508753915,6,6,Reverse,70.8,6.9375,1
248.27,57.8343275,12.307299,57.83433103837539,12.30729755252597,4.625,2.5,2.5,0.9940992199584799,6,6,Reverse,71.1,6.9375,1
249.32,57.834333666666666,12.307300000000001,57.834332352521024,12.307298776262986,4.625,2.5,2.5,0.883134575127177,6,6,Reverse,71.1,6.9375,1
250.3,57.83432883333333,12.3073085,57.83433059292718,12.307303638131494,4.625,2.5,2.5,0.9473215509532952,6,6,Reverse,71.3,6.9375,1
251.28,57.83433616666666,12.3073005,57.83433337979692,12.307302069065747,4.625,2.5,2.5,0.7805950695902466,6,6,Reverse,71.2,6.9375,1
252.39,57.834332499999995,12.307295666666668,57.83433293989846,12.307298867866207,4.625,2.5,2.5,0.687630304900996,6,6,Reverse,71.6,6.9375,1
253.34,57.834323,12.30729,57.83432796994923,12.307294433933103,4.625,2.5,2.5,0.8337705669517288,6,6,Reverse,71.9,6.9375,1
254.34,57.83431683333333,12.307275666666666,57.83432240164128,12.307285050299885,4.625,2.5,2.5,1.1993424887857862,6,6,Reverse,71.9,6.9375,1
255.35,57.83431183333334,12.307283166666666,57.83431711748731,12.307284108483275,4.625,2.5,2.5,1.2808330089139373,6,6,Reverse,71.9,6.9375,1
256.34,57.83431533333334,12.3072875,57.834316225410326,12.307285804241637,4.625,2.5,2.5,1.1504556854565227,6,6,Reverse,72.0,6.9375,1
257.35,57.834249833333324,12.307333833333333,57.834283029371825,12.307309818787486,4.625,2.5,2.5,1.4541575417453603,6,6,Reverse,72.4,6.9375,1
258.34,57.83418233333334,12.30738,57.83423268135258,12.307344909393743,3.7,2.5,2.5,2.080330268117274,7,7,Reverse,66.0,5.550000000000001,1
259.34,57.834109166666664,12.307431000000001,57.83417092400962,12.307387954696871,3.7,2.5,2.5,3.117677487748098,7,7,Reverse,59.4,5.550000000000001,1
260.37,57.834061000000005,12.307454833333335,57.834115962004816,12.307421394015103,3.7,2.5,2.5,3.73339168468503,7,7,Reverse,53.4,5.550000000000001,1
261.39,57.834011499999995,12.307494666666665,57.8340637310024,12.307458030340884,3.7,2.5,2.5,4.284546385646036,7,7,Reverse,48.2,5.550000000000001,1
262.38,57.833966333333336,12.3075245,57.83401503216787,12.307491265170443,3.7,2.5,2.5,4.659377167257328,7,7,Reverse,43.0,5.550000000000001,1
263.4,57.833968500000005,12.307517166666665,57.83399176608394,12.307504215918554,3.7,2.5,2.5,4.794319179657441,7,7,Reverse,37.8,5.550000000000001,1
264.37,57.833965500000005,12.307503166666667,57.83397863304197,12.30750369129261,4.625,2.5,2.5,4.861319950702561,6,6,Reverse,38.0,6.9375,1
265.49,57.83397166666667,12.3074915,57.83397514985432,12.307497595646305,4.625,2.5,2.5,4.784694738219648,6,6,Reverse,38.0,6.9375,1
266.35,57.833985166666665,12.307485833333333,57.833980158260495,12.307491714489819,4.625,2.5,2.5,4.50291417988901,6,6,Reverse,38.4,6.9375,1
267.35,57.83399899999999,12.307481833333334,57.83398957913024,12.307486773911576,4.625,2.5,2.5,4.297200311955723,6,6,Reverse,39.1,6.9375,1
268.37,57.83401216666666,12.3074885,57.83400087289845,12.307487636955788,3.5999999999999996,2.5,2.5,4.135349714263954,7,7,Reverse,40.8,5.3999999999999995,1
269.38,57.834036166666664,12.307493,57.83401851978256,12.307490318477894,3.5999999999999996,2.5,2.5,3.7475000661579423,7,7,Reverse,42.3,5.3999999999999995,1
270.5,57.834053833333336,12.307494333333333,57.834036176557944,12.307492325905613,3.5999999999999996,2.5,2.5,3.367984494557459,7,7,Reverse,43.5,5.3999999999999995,1
271.4,57.83408033333333,12.3074805,57.83405825494564,12.307486412952807,3.5999999999999996,2.5,2.5,2.757864531208583,7,7,Reverse,44.5,5.3999999999999995,1
272.44,57.83410983333333,12.307471999999999,57.83408404413949,12.307479206476403,3.5999999999999996,2.5,2.5,2.136202810927307,7,7,Reverse,46.1,5.3999999999999995,1
273.54,57.834143833333336,12.307464999999999,57.83411393873641,12.3074721032382,3.5999999999999996,2.5,2.5,1.85948674165421,7,7,Reverse,47.2,5.3999999999999995,1
274.54,57.834165,12.3074595,57.8341394693682,12.3074658016191,3.5999999999999996,2.5,2.5,1.5582226580068332,7,7,Reverse,48.8,5.3999999999999995,1
275.52,57.834204666666665,12.307455999999998,57.83417206801744,12.307460900809549,3.35,2.5,2.5,1.8050689640399293,8,8,Reverse,50.4,5.025,1
276.53,57.83423316666667,12.307445499999998,57.83420261734205,12.307453200404774,3.35,2.5,2.5,2.1871894483236627,8,8,Reverse,52.0,5.025,1
277.53,57.83425633333333,12.307441500000001,57.83422947533769,12.307447350202388,3.35,2.5,2.5,2.5044632896535943,8,8,Reverse,53.1,5.025,1
278.55,57.834267,12.307438333333334,57.834248237668845,12.30744284176786,3.35,2.5,2.5,2.5115587445249012,8,8,Reverse,54.1,5.025,1
279.54,57.834281499999996,12.307427666666667,57.83426486883442,12.307435254217264,3.35,2.5,2.5,2.447381003297342,8,8,Reverse,55.0,5.025,1
280.53,57.83429066666666,12.307422,57.83427776775054,12.307428627108632,3.35,2.5,2.5,2.3124478238837893,8,8,Reverse,56.1,5.025,1
281.54,57.83430666666666,12.307412,57.8342922172086,12.307420313554315,3.35,2.5,2.5,2.3054348063857897,8,8,Reverse,57.0,5.025,1
282.5,57.8343185,12.307393666666666,57.834305358604304,12.307406990110492,3.35,2.5,2.5,2.337130566343091,8,8,Reverse,58.0,5.025,1
283.51,57.834321,12.307391666666668,57.83431317930215,12.307399328388579,3.35,2.5,2.5,2.097310799520184,8,8,Reverse,59.2,5.025,1
284.5,57.834328500000005,12.307391666666668,57.83432083965108,12.307395497527624,3.35,2.5,2.5,1.8326150525430749,8,8,Reverse,59.9,5.025,1
285.63,57.834346999999994,12.307380166666666,57.83433391982554,12.307387832097145,3.35,2.5,2.5,1.820395698114097,8,8,Reverse,60.8,5.025,1
286.57,57.83433916666666,12.307396333333335,57.834336543246096,12.30739208271524,3.0,2.5,2.5,1.6810122762284876,9,9,Reverse,62.0,4.5,1
287.34,57.834339666666665,12.307385166666666,57.83433810495638,12.307388624690953,3.0,2.5,2.5,1.2693610178950612,9,9,Reverse,63.0,4.5,1
288.3,57.834342500000005,12.307384166666669,57.834340302478196,12.307386395678812,3.0,2.5,2.5,0.9722479159009412,9,9,Reverse,63.8,4.5,1
289.33,57.83434666666667,12.307389166666667,57.83434348457243,12.30738778117274,3.0,2.5,2.5,0.8843314266157645,9,9,Reverse,64.6,4.5,1
290.31,57.83435216666667,12.307373,57.83434782561955,12.307380390586369,3.0,2.5,2.5,0.8100187555922732,9,9,Reverse,65.4,4.5,1
291.29,57.83435899999999,12.307369000000001,57.83435341280977,12.307374695293186,3.0,2.5,2.5,0.7368715861205536,9,9,Reverse,66.1,4.5,1
292.3,57.83436483333333,12.307362333333334,57.83435912307155,12.307368514313259,3.875,2.5,2.5,0.798861797626649,8,8,Reverse,66.4,5.8125,1
293.29,57.834377333333336,12.307359333333332,57.83436822820244,12.307363923823296,3.875,2.5,2.5,1.0443377421944247,8,8,Reverse,66.7,5.8125,1
294.27,57.834383499999994,12.307361166666665,57.83437586410122,12.307362545244981,3.875,2.5,2.5,1.250229107466172,8,8,Reverse,67.2,5.8125,1
295.28,57.834389166666675,12.3073545,57.83438251538395,12.30735852262249,3.875,2.5,2.5,1.371037565592814,8,8,Reverse,67.6,5.8125,1
296.36,57.83439383333333,12.307353166666667,57.83438817435864,12.30735584464458,3.875,2.5,2.5,1.5215624586245582,8,8,Reverse,68.1,5.8125,1
297.3,57.83438833333333,12.307348000000001,57.83438825384599,12.30735192232229,10.275,2.5,2.5,1.3138615415776786,6,6,Reverse,68.1,15.412500000000001,1
298.49,57.834387666666665,12.307343,57.83438796025632,12.307347461161145,4.875,2.5,2.5,1.1336373542734834,7,7,Reverse,68.2,7.3125,1
299.29,57.83438266666667,12.307342833333333,57.834385313461496,12.307345147247238,4.875,2.5,2.5,0.867397758692392,7,7,Reverse,68.3,7.3125,1
300.32,57.83438116666666,12.307336166666667,57.83438324006408,12.307340656956953,4.875,2.5,2.5,0.7451301770053553,7,7,Reverse,68.5,7.3125,1
301.37,57.834387166666666,12.307332666666666,57.83438520336537,12.30733666181181,4.875,2.5,2.5,0.6486981851782306,7,7,Reverse,68.7,7.3125,1
302.29,57.83439766666667,12.307329000000001,57.83439143501602,12.307332830905905,4.875,2.5,2.5,0.8634859469368646,7,7,Reverse,68.9,7.3125,1
303.33,57.83439116666667,12.307333333333334,57.83439130084135,12.30733308211962,4.875,2.5,2.5,0.728374075777624,7,7,Reverse,69.1,7.3125,1
304.39,57.834390666666664,12.307344666666665,57.834390983754005,12.307338874393142,3.625,2.5,2.5,0.8322215149494382,8,8,Reverse,69.2,5.4375,1
305.28,57.834389333333334,12.307351166666669,57.83439015854367,12.307345020529906,3.625,2.5,2.5,0.9583798950081474,8,8,Reverse,69.2,5.4375,1
306.34,57.8343865,12.307354000000002,57.83438832927183,12.307349510264954,4.875,2.5,2.5,0.9981045076044129,7,7,Reverse,69.3,7.3125,1
307.34,57.834388499999996,12.307358666666667,57.83438841463592,12.30735408846581,4.85,2.5,2.5,1.0605591752700971,7,7,Reverse,69.3,7.2749999999999995,1
308.31,57.834384500000006,12.3073665,57.83438645731796,12.307360294232906,4.85,2.5,2.5,1.1417196184668972,7,7,Reverse,69.1,7.2749999999999995,1
309.3,57.834369,12.307372166666669,57.83437772865898,12.307366230449787,4.85,2.5,2.5,1.3951391128549344,7,7,Reverse,68.9,7.2749999999999995,1
310.29,57.83435766666666,12.307375000000002,57.83436769766282,12.307370615224894,4.85,2.5,2.5,1.8112386865483285,7,7,Reverse,68.7,7.2749999999999995,1
311.29,57.8343565,12.3073775,57.83436209883141,12.307374057612448,4.85,2.5,2.5,1.9517996587221105,7,7,Reverse,68.5,7.2749999999999995,1
312.42,57.83435966666666,12.307377,57.83436088274903,12.307375528806224,4.95,2.5,2.5,1.8564585124898758,6,6,Reverse,68.3,7.425000000000001,1
313.42,57.83436516666667,12.307376,57.834363024707855,12.307375764403112,4.85,2.5,2.5,1.5700020262363537,7,7,Reverse,68.0,7.2749999999999995,1
314.37,57.83436533333334,12.307374333333334,57.8343641790206,12.307375048868222,4.85,2.5,2.5,1.2705546626670903,7,7,Reverse,67.9,7.2749999999999995,1
315.39,57.83436733333333,12.307369666666666,57.834365756176965,12.307372357767445,4.85,2.5,2.5,0.9825025863620117,7,7,Reverse,68.0,7.2749999999999995,1
316.4,57.83436199999999,12.307371,57.834363878088475,12.307371678883722,3.175,2.5,2.5,0.8526381039747866,7,7,Reverse,67.8,4.762499999999999,1
317.37,57.83436616666666,12.307368,57.83436502237757,12.307369839441861,3.175,2.5,2.5,0.6530817416049328,7,7,Reverse,67.6,4.762499999999999,1
318.38,57.834367500000006,12.307366666666667,57.83436626118879,12.307368253054264,3.825,2.5,2.5,0.5229646402903215,6,6,Reverse,67.5,5.737500000000001,1
319.38,57.83436183333333,12.307359166666666,57.83436404726106,12.307363709860464,3.825,2.5,2.5,0.6319162756079095,6,6,Reverse,67.5,5.737500000000001,1
320.65,57.83435816666667,12.307362666666666,57.83436110696386,12.307363188263565,14.025,2.5,2.5,0.7004223649366444,5,5,Reverse,67.4,21.0375,1
321.49,57.83435383333334,12.307364333333332,57.8343574701486,12.307363760798449,10.1,2.5,2.5,0.7676027247176768,6,6,Reverse,67.4,15.149999999999999,1
322.47,57.83434616666667,12.307364500000002,57.83435181840763,12.307364130399225,10.1,2.5,2.5,0.9436605143372014,6,6,Reverse,67.5,15.149999999999999,1
323.37,57.83433866666666,12.307365666666666,57.83434524253715,12.307364898532946,10.075000000000001,2.5,2.5,1.1642065406886146,6,6,Reverse,67.5,15.1125,1
324.39,57.834345500000005,12.307368,57.834345371268576,12.307366449266473,10.075000000000001,2.5,2.5,1.2260150639949097,6,6,Reverse,67.4,15.1125,1
325.38,57.83435083333334,12.307365166666667,57.83434810230096,12.30736580796657,4.825,2.5,2.5,1.1424149275000024,7,7,Reverse,67.6,7.237500000000001,1
326.38,57.83435250000001,12.307370333333331,57.83435030115049,12.30736807064995,4.825,2.5,2.5,1.189191840326398,7,7,Reverse,68.0,7.237500000000001,1
327.39,57.83435983333334,12.307368833333332,57.83435506724191,12.30736845199164,4.825,2.5,2.5,1.1662137073863594,7,7,Reverse,68.2,7.237500000000001,1
328.43,57.83435899999999,12.307371666666665,57.834357033620954,12.307370059329154,4.825,2.5,2.5,1.1128838568885224,7,7,Reverse,68.7,7.237500000000001,1
329.37,57.834348500000004,12.307384500000001,57.834352766810476,12.307377279664577,4.9,2.5,2.5,1.3420464794801539,6,6,Reverse,68.9,7.3500000000000005,1
330.43,57.83436266666666,12.307373333333333,57.834357716738566,12.307375306498955,4.9,2.5,2.5,1.1497480979027668,6,6,Reverse,68.9,7.3500000000000005,1
331.42,57.83435716666666,12.307370500000001,57.834357441702615,12.307372903249478,4.9,2.5,2.5,1.0699855399981204,6,6,Reverse,69.4,7.3500000000000005,1
332.38,57.83435166666666,12.307362166666667,57.83435455418464,12.307367534958074,10.024999999999999,2.5,2.5,1.173823238692946,6,6,Reverse,69.8,15.037499999999998,1
333.51,57.834355,12.307359499999999,57.83435477709232,12.307363517479036,23.875,2.5,2.5,1.081636448788782,5,5,Reverse,69.8,35.8125,1
334.69,57.83435716666666,12.3073565,57.83435597187949,12.307360008739517,23.900000000000002,2.5,2.5,0.9238224387441873,5,5,Reverse,69.8,35.85,1
335.53,57.83435333333333,12.307356333333333,57.834354652606415,12.307358171036425,23.900000000000002,2.5,2.5,0.9129554056193525,5,5,Reverse,69.8,35.85,1
336.51,57.8343535,12.307352666666668,57.83435407630321,12.307355418851547,23.900000000000002,2.5,2.5,0.8931073051607021,5,5,Reverse,69.7,35.85,1
337.51,57.834379166666665,12.307352500000002,57.83436662148493,12.307353959425775,23.925,2.5,2.5,0.7472338903865886,5,5,Reverse,69.7,35.8875,1
338.56,57.83438066666666,12.3073535,57.8343736440758,12.307353729712887,11.975,2.5,2.5,0.6350690981532041,6,6,Reverse,71.0,17.9625,1
339.55,57.834388833333335,12.307359166666666,57.834381238704566,12.307356448189777,23.925,2.5,2.5,0.8036275702727792,5,5,Reverse,71.0,35.8875,1
340.54,57.834388999999994,12.307350333333334,57.834385119352284,12.307353390761556,23.925,2.5,2.5,0.8697377309452934,5,5,Reverse,71.0,35.8875,1
341.52,57.834380333333335,12.307351833333334,57.83438272634281,12.307352612047444,23.95,2.5,2.5,0.6993499711437494,5,5,Reverse,71.0,35.925,1
342.5,57.83437366666667,12.307360166666667,57.83437819650474,12.307356389357055,23.95,2.5,2.5,0.6649470076106458,5,5,Reverse,71.1,35.925,1
343.62,57.834376166666665,12.307357166666668,57.8343771815857,12.307356778011862,4.65,2.5,2.5,0.621070843233063,4,4,Reverse,70.6,6.9750000000000005,1
344.65,57.83438783333333,12.307360166666667,57.834382507459516,12.307358472339265,4.65,2.5,2.5,0.722228277138795,4,4,Reverse,70.5,6.9750000000000005,1
345.34,57.834383166666676,12.307364666666668,57.834382837063096,12.307361569502966,13.975,2.5,2.5,0.8436278818448733,5,5,Reverse,70.0,20.9625,1
346.42,57.83438016666667,12.307360333333333,57.83438150186488,12.30736095141815,3.025,2.5,2.5,0.81375387130639,8,8,Reverse,69.1,4.5375,1
347.27,57.83436083333333,12.307361833333335,57.83437116759911,12.307361392375743,3.025,2.5,2.5,0.993758659561064,8,8,Reverse,68.8,4.5375,1
348.35,57.83436133333333,12.307359166666666,57.83436625046622,12.307360279521204,5.45,2.5,2.5,1.020382476321054,6,6,Reverse,69.0,8.175,1
349.32,57.834378833333325,12.307354333333334,57.83437254189977,12.307357306427269,5.45,2.5,2.5,1.1198353089469526,6,6,Reverse,69.3,8.175,1
350.29,57.834377333333336,12.307355833333334,57.83437493761655,12.307356569880302,3.375,2.5,2.5,1.1741671140328214,7,7,Reverse,69.3,5.0625,1
351.39,57.83436199999999,12.307359833333331,57.83436846880827,12.307358201606817,3.375,2.5,2.5,1.0026512741785676,7,7,Reverse,68.9,5.0625,1
352.42,57.83437333333333,12.307360666666666,57.834370901070805,12.30735943413674,3.375,2.5,2.5,1.0816380198958209,7,7,Reverse,68.5,5.0625,1
353.38,57.834381833333325,12.307358833333334,57.83437636720206,12.307359133735037,3.375,2.5,2.5,1.23551911273823,7,7,Reverse,68.6,5.0625,1
354.41,57.834383499999994,12.307363833333334,57.83437993360103,12.307361483534185,3.375,2.5,2.5,1.3558029460413397,7,7,Reverse,68.8,5.0625,1
355.39,57.8343725,12.307368499999999,57.834376216800514,12.307364991767093,3.375,2.5,2.5,1.2332817982512396,7,7,Reverse,68.7,5.0625,1
356.36,57.83435783333333,12.307371833333331,57.834367025066925,12.307368412550211,3.375,2.5,2.5,1.251762926325239,7,7,Reverse,68.5,5.0625,1
357.4,57.834373500000005,12.307370166666665,57.83437026253346,12.307369289608438,3.375,2.5,2.5,1.2018813128429284,7,7,Reverse,68.5,5.0625,1
358.41,57.83437466666666,12.307368166666667,57.834372464600065,12.307368728137552,3.375,2.5,2.5,1.0974748409999298,7,7,Reverse,68.8,5.0625,1
359.38,57.83438383333334,12.307358166666665,57.8343781489667,12.307363447402109,3.375,2.5,2.5,0.9367592956981314,7,7,Reverse,69.0,5.0625,1
360.43,57.83439116666667,12.307358500000001,57.834384657816685,12.307360973701055,4.0,2.5,2.5,0.9083679742614481,7,7,Reverse,69.4,6.0,1
361.45,57.83438549999999,12.307360999999998,57.83438507890834,12.307360986850528,4.0,2.5,2.5,0.8182356487955117,7,7,Reverse,69.5,6.0,1
362.28,57.834382000000005,12.307360666666666,57.83438353945417,12.307360826758597,3.85,2.5,2.5,0.7901340172848356,8,8,Reverse,69.7,5.775,1
363.33,57.83438833333333,12.307357166666668,57.83438593639375,12.307358996712631,4.0,2.5,2.5,0.6530923442884471,7,7,Reverse,69.9,6.0,1
364.27,57.834387500000005,12.307350666666666,57.834386718196875,12.307354831689649,4.0,2.5,2.5,0.563289414136802,7,7,Reverse,70.3,6.0,1
365.38,57.83437833333334,12.307362166666667,57.83438252576511,12.307358499178159,4.0,2.5,2.5,0.6090372542466388,7,7,Reverse,70.6,6.0,1
366.4,57.834384,12.307366666666667,57.834383262882554,12.307362582922412,3.0,2.5,2.5,0.6288392680404111,8,8,Reverse,70.2,4.5,1
367.39,57.8343865,12.307370833333334,57.83438488144128,12.307366708127873,3.0,2.5,2.5,0.6978980762295819,8,8,Reverse,70.0,4.5,1
368.42,57.83438366666666,12.307380666666665,57.83438427405397,12.30737368739727,3.0,2.5,2.5,0.8086244240856264,8,8,Reverse,69.9,4.5,1
369.31,57.8343785,12.307391500000001,57.83438138702699,12.307382593698636,3.0,2.5,2.5,0.9246598603723569,8,8,Reverse,69.7,4.5,1
370.38,57.83436933333334,12.307402666666666,57.83437536018016,12.307392630182651,3.0,2.5,2.5,1.043042954655766,9,9,Reverse,69.5,4.5,1
371.34,57.834365,12.307404333333333,57.83437018009008,12.307398481757991,3.0,2.5,2.5,1.0444468357684489,9,9,Reverse,69.5,4.5,1
372.36,57.83436716666667,12.307392,57.83436867337837,12.307395240878996,3.0,2.5,2.5,0.8954725594145454,8,8,Reverse,69.5,4.5,1
373.28,57.83436016666666,12.307394666666669,57.83436442002252,12.307394953772832,3.0,2.5,2.5,0.7935744166131777,8,8,Reverse,69.5,4.5,1
374.31,57.834355,12.307393999999999,57.83435971001126,12.307394476886415,3.0,2.5,2.5,0.7696800626537235,8,8,Reverse,69.3,4.5,1
375.34,57.83437766666666,12.307377333333333,57.83436868833896,12.307385905109875,3.625,2.5,2.5,0.7660521171156911,7,7,Reverse,69.3,5.4375,1
376.36,57.834391999999994,12.307368499999999,57.834380344169475,12.307377202554937,2.8249999999999997,2.5,2.5,0.9103547990276883,8,8,Reverse,70.7,4.2375,1
377.32,57.83439966666666,12.307353666666666,57.83439000541807,12.307365434610801,2.8249999999999997,2.5,2.5,0.954830438236076,8,8,Reverse,71.8,4.2375,1
378.29,57.83439933333334,12.307349500000003,57.834394669375705,12.307357467305401,2.75,2.5,2.5,1.0229943841040885,9,9,Reverse,73.0,4.125,1
379.29,57.834391999999994,12.307347833333331,57.834393334687846,12.307352650319366,3.5749999999999997,2.5,2.5,0.9754823758346594,8,8,Reverse,73.2,5.3625,1
380.31,57.83438549999999,12.307343666666668,57.83438941734392,12.307348158493017,3.0,2.5,2.5,0.9394242843999778,9,9,Reverse,73.4,4.5,1
381.48,57.83439116666667,12.307330833333333,57.834390292005295,12.307339495913176,3.0,2.5,2.5,0.8833539822811677,9,9,Reverse,73.6,4.5,1
382.35,57.834397833333334,12.307317833333332,57.83439406266931,12.307328664623254,2.5,2.5,2.5,0.8422880795391335,10,10,Reverse,74.7,3.75,1
383.32,57.83440716666667,12.307307833333335,57.83440061466799,12.307318248978294,2.5,2.5,2.5,0.77587172493793,10,10,Reverse,75.8,3.75,1
384.32,57.83442183333333,12.307295,57.83441122400066,12.307306624489147,2.5,2.5,2.5,0.9120322145270996,9,9,Reverse,76.7,3.75,1
385.34,57.834433499999996,12.307277666666668,57.83442236200033,12.307292145577907,2.5,2.5,2.5,1.1293922686918234,9,9,Reverse,77.4,3.75,1
386.31,57.8344475,12.307273166666668,57.83443493100017,12.307282656122288,2.5,2.5,2.5,1.4210055072333414,9,9,Reverse,78.1,3.75,1
387.36,57.8344565,12.307273000000002,57.83444571550008,12.307277828061144,2.5,2.5,2.5,1.6751792928896518,9,9,Reverse,78.6,3.75,1
388.36,57.834468,12.307270666666666,57.83445685775004,12.307274247363905,2.5,2.5,2.5,1.9496830698708558,9,9,Reverse,79.1,3.75,1
389.32,57.83448266666666,12.307266833333331,57.83446976220835,12.307270540348618,2.5,2.5,2.5,2.3176904828326026,9,9,Reverse,79.6,3.75,1
390.3,57.8344975,12.307266666666665,57.83448363110418,12.307268603507643,2.5,2.5,2.5,2.749270707168318,9,9,Reverse,80.0,3.75,1
391.27,57.8345,12.307258666666666,57.834491815552084,12.307263635087153,2.5,2.5,2.5,2.8119825417604853,9,9,Reverse,80.4,3.75,1
392.27,57.83451133333333,12.307257166666666,57.83450157444271,12.30726040087691,2.5,2.5,2.5,2.9910158462130054,9,9,Reverse,80.9,3.75,1
393.3,57.83451133333333,12.3072555,57.83450645388802,12.307257950438455,2.5,2.5,2.5,2.885251201419588,9,9,Reverse,81.2,3.75,1
394.27,57.83451466666667,12.307251333333333,57.834510560277344,12.307254641885894,2.5,2.5,2.5,2.69463371181244,9,9,Reverse,81.6,3.75,1
395.3,57.83450833333333,12.307253333333332,57.83450944680534,12.307253987609613,2.5,2.5,2.5,2.3638123921973513,9,9,Reverse,82.0,3.75,1
396.36,57.83450633333334,12.307260666666666,57.83450789006934,12.30725732713814,3.0,2.5,2.5,2.1671736261039825,8,8,Reverse,81.9,4.5,1
397.32,57.83449516666666,12.307262333333332,57.834501528368,12.307259830235736,3.0,2.5,2.5,1.6876156276794285,8,8,Reverse,81.7,4.5,1
398.4,57.83450033333334,12.307266499999999,57.834500930850666,12.307263165117867,3.0,2.5,2.5,1.54481581810033,8,8,Reverse,81.5,4.5,1
399.3,57.83450916666667,12.307271166666665,57.83450504875867,12.307267165892267,3.0,2.5,2.5,1.674175607778289,8,8,Reverse,81.4,4.5,1
400.32,57.83452316666667,12.307275666666666,57.83451410771267,12.307271416279466,3.5999999999999996,2.5,2.5,2.0258198752235574,7,7,Reverse,81.3,5.3999999999999995,1
401.68,57.83452883333333,12.307273333333335,57.834521470523,12.3072723748064,3.5999999999999996,2.5,2.5,2.1825248305956615,7,7,Reverse,81.3,5.3999999999999995,1
402.59,57.834537166666664,12.307279166666667,57.83452931859483,12.307275770736533,3.5999999999999996,2.5,2.5,2.4419626845524554,7,7,Reverse,81.3,5.3999999999999995,1
403.3,57.83454266666666,12.307281166666666,57.83453599263074,12.3072784687016,3.5999999999999996,2.5,2.5,2.6018671492115724,7,7,Reverse,81.4,5.3999999999999995,1
404.31,57.834544333333334,12.307283500000002,57.83454016298204,12.3072809843508,3.5999999999999996,2.5,2.5,2.592688073136837,7,7,Reverse,81.4,5.3999999999999995,1
405.32,57.83453683333334,12.307284333333333,57.83453849815769,12.307282658842068,4.45,2.5,2.5,2.311401866403304,6,6,Reverse,81.5,6.675000000000001,1
406.44,57.83453866666667,12.3072885,57.83453858241218,12.307285579421034,5.45,2.5,2.5,2.1897370351512047,6,6,Reverse,81.5,8.175,1
407.29,57.83455300000001,12.3072925,57.83454579120609,12.307289039710517,5.45,2.5,2.5,2.3626599283871297,6,6,Reverse,81.4,8.175,1
408.37,57.834551499999996,12.307290333333333,57.83454864560304,12.307289686521925,3.8,2.5,2.5,2.3637361600728934,7,7,Reverse,81.9,5.699999999999999,1
409.28,57.834567166666666,12.307282000000002,57.834557906134854,12.307285843260964,6.15,2.5,2.5,2.5382309851246463,6,6,Reverse,81.9,9.225000000000001,1
410.31,57.834561833333325,12.307279000000001,57.83455986973409,12.307282421630482,6.15,2.5,2.5,2.475875816444051,6,6,Reverse,81.8,9.225000000000001,1
411.33,57.834559000000006,12.307278,57.834559434867046,12.307280210815241,6.15,2.5,2.5,2.269946258449977,6,6,Reverse,81.8,9.225000000000001,1
412.32,57.834564833333324,12.307276833333333,57.83456213410019,12.307278522074288,3.125,2.5,2.5,2.204512007575086,8,8,Reverse,82.2,4.6875,1
413.29,57.83456816666667,12.307279333333334,57.834565150383426,12.30727892770381,3.125,2.5,2.5,2.203903125951724,8,8,Reverse,82.5,4.6875,1
414.35,57.834570666666664,12.307275666666666,57.834567908525045,12.307277297185237,3.125,2.5,2.5,2.1708791011305864,8,8,Reverse,82.9,4.6875,1
415.3,57.834573166666665,12.3072705,57.83457053759586,12.30727389859262,3.125,2.5,2.5,2.1779549915206173,8,8,Reverse,83.4,4.6875,1
416.32,57.834565833333336,12.307265,57.8345681854646,12.307269449296308,3.125,2.5,2.5,2.0025259576928574,8,8,Reverse,83.7,4.6875,1
417.37,57.834571999999994,12.307263833333332,57.83457009273229,12.30726664131482,3.8,2.5,2.5,1.9297811040585358,7,7,Reverse,84.0,5.699999999999999,1
418.29,57.834583,12.307256166666665,57.83457654636615,12.307261403990744,3.8,2.5,2.5,2.0831149433682024,7,7,Reverse,84.2,5.699999999999999,1
419.29,57.83458716666667,12.307253500000002,57.83458185651641,12.307257451995373,3.8,2.5,2.5,2.183758040495849,7,7,Reverse,84.1,5.699999999999999,1
420.32,57.83458383333333,12.3072605,57.834582844924874,12.307258975997685,3.8,2.5,2.5,2.057611989967129,7,7,Reverse,84.1,5.699999999999999,1
421.37,57.834571999999994,12.307264833333333,57.83457742246243,12.30726190466551,3.8,2.5,2.5,1.6809213705144763,7,7,Reverse,84.5,5.699999999999999,1
422.28,57.83456066666666,12.307265833333334,57.834569044564546,12.307263868999422,3.8,2.5,2.5,1.390979364843324,7,7,Reverse,84.7,5.699999999999999,1
423.32,57.834552,12.307273333333335,57.834560522282274,12.307268601166378,3.8,2.5,2.5,1.3156351789011422,7,7,Reverse,85.1,5.699999999999999,1
424.37,57.83454400000001,12.307273166666668,57.83455226114114,12.307270883916523,3.125,2.5,2.5,1.2506151265831438,8,8,Reverse,85.5,4.6875,1
425.31,57.834538,12.307267999999999,57.834545130570575,12.307269441958262,3.375,2.5,2.5,1.301261773185482,8,8,Reverse,85.4,5.0625,1
426.33,57.83453666666666,12.307267166666668,57.83454089861861,12.307268304312464,3.375,2.5,2.5,1.227617353708052,7,7,Reverse,85.5,5.0625,1
427.29,57.8345305,12.30725933333333,57.834535699309306,12.307263818822898,3.375,2.5,2.5,1.269745866575806,7,7,Reverse,85.4,5.0625,1
428.29,57.83453216666667,12.307254333333333,57.83453393298799,12.307259076078115,3.375,2.5,2.5,1.2538829622349836,7,7,Reverse,85.4,5.0625,1
429.32,57.834523999999995,12.307243166666668,57.83452896649399,12.307251121372392,3.375,2.5,2.5,1.4522684149240959,7,7,Reverse,85.6,5.0625,1
430.33,57.834523833333336,12.307241,57.83452639991366,12.307246060686195,3.125,2.5,2.5,1.420022640969602,8,8,Reverse,86.1,4.6875,1
431.32,57.834525166666666,12.307233333333333,57.83452578329017,12.307239697009765,3.175,2.5,2.5,1.3763797592077398,7,7,Reverse,86.5,4.762499999999999,1
432.32,57.8345215,12.307227000000001,57.834523641645085,12.307233348504882,3.175,2.5,2.5,1.3098612182947504,7,7,Reverse,87.0,4.762499999999999,1
433.35,57.834517999999996,12.307216000000002,57.83452082082254,12.307224674252442,3.125,2.5,2.5,1.3682234100078468,8,8,Reverse,87.4,4.6875,1
434.3,57.83452766666666,12.307206333333333,57.834524243744596,12.307215503792888,3.125,2.5,2.5,1.3389088085427288,8,8,Reverse,88.1,4.6875,1
435.32,57.83455383333333,12.3071955,57.83453903853896,12.307205501896444,3.375,2.5,2.5,1.611626680269621,7,7,Reverse,88.4,5.0625,1
436.35,57.83458166666666,12.307184333333332,57.834560352602814,12.307194917614888,3.375,2.5,2.5,2.190222952803209,7,7,Reverse,88.9,5.0625,1
437.33,57.8345905,12.307179499999998,57.834575426301406,12.307187208807443,3.375,2.5,2.5,2.578073663280933,7,7,Reverse,89.3,5.0625,1
438.29,57.83461049999999,12.307177333333334,57.8345929631507,12.307182271070388,4.074999999999999,2.5,2.5,3.1009577812428124,7,7,Reverse,89.4,6.112499999999999,1
439.38,57.83460783333333,12.307171333333335,57.83460039824201,12.307176802201862,4.074999999999999,2.5,2.5,3.1338908983654576,6,6,Reverse,89.5,6.112499999999999,1
440.29,57.83461283333333,12.307170666666666,57.83460661578767,12.307173734434263,4.074999999999999,2.5,2.5,3.098842312670565,6,6,Reverse,89.6,6.112499999999999,1
441.26,57.83461833333334,12.307172666666668,57.83461247456051,12.307173200550466,4.074999999999999,2.5,2.5,3.0860134226139326,6,6,Reverse,89.7,6.112499999999999,1
442.26,57.834620166666674,12.307172666666668,57.83461632061359,12.307172933608568,4.074999999999999,2.5,2.5,2.9760696583104846,6,6,Reverse,89.7,6.112499999999999,1
443.29,57.83462299999999,12.307171666666667,57.83461966030679,12.307172300137617,4.074999999999999,2.5,2.5,2.833783459401958,6,6,Reverse,89.6,6.112499999999999,1
444.31,57.834622499999995,12.307171333333335,57.83462108015339,12.307171816735476,4.074999999999999,2.5,2.5,2.6042005079932107,6,6,Reverse,89.5,6.112499999999999,1
445.27,57.83462899999999,12.307171333333335,57.834625040076695,12.307171575034404,4.074999999999999,2.5,2.5,2.471710984416545,6,6,Reverse,89.5,6.112499999999999,1
446.29,57.83463283333334,12.307167166666666,57.834628936705016,12.307169370850536,4.074999999999999,2.5,2.5,2.2854890393981333,6,6,Reverse,89.5,6.112499999999999,1
447.3,57.83467183333334,12.307160833333334,57.834650385019174,12.307165102091934,4.074999999999999,2.5,2.5,2.5684661179942645,6,6,Reverse,89.6,6.112499999999999,1
448.3,57.834710166666675,12.307147500000001,57.83468027584293,12.307156301045968,3.8,2.5,2.5,3.053697392823383,7,7,Reverse,89.1,5.699999999999999,1
449.31,57.83473333333333,12.307133333333335,57.83470680458813,12.307144817189652,3.8,2.5,2.5,3.312841678058435,7,7,Forward,88.5,5.699999999999999,1
450.31,57.83476,12.307117666666667,57.83473340229406,12.30713124192816,3.8,2.5,2.5,3.5931641168664763,7,7,Forward,87.9,5.699999999999999,1
451.3,57.834792,12.3071055,57.834762701147035,12.30711837096408,3.8,2.5,2.5,4.069841730296786,7,7,Forward,87.2,5.699999999999999,1
452.29,57.83481100000001,12.307102833333333,57.83478685057352,12.307110602148706,3.125,2.5,2.5,4.402772767639507,8,8,Forward,86.8,4.6875,1
453.28,57.83481833333334,12.307100166666665,57.83480259195343,12.307105384407686,3.125,2.5,2.5,4.34796411513112,8,8,Forward,85.9,4.6875,1
454.25,57.83481733333333,12.307094666666668,57.834809962643384,12.307100025537176,3.125,2.5,2.5,3.898689578110746,8,8,Reverse,85.2,4.6875,1
455.25,57.83480833333333,12.307096000000001,57.83480914798835,12.30709801276859,3.125,2.5,2.5,3.433107978080709,8,8,Reverse,84.6,4.6875,1
456.26,57.83478866666666,12.307100666666667,57.83479890732751,12.307099339717627,3.375,2.5,2.5,2.6965894715383536,7,7,Reverse,84.4,5.0625,1
457.33,57.83478783333333,12.307110333333332,57.83479337033042,12.30710483652548,3.375,2.5,2.5,2.354733313136998,7,7,Reverse,84.3,5.0625,1
458.29,57.83477333333334,12.307114166666668,57.83478335183188,12.307109501596074,3.375,2.5,2.5,1.845937870667517,7,7,Reverse,84.3,5.0625,1
459.34,57.83476783333334,12.3071205,57.83477559258261,12.307115000798037,3.375,2.5,2.5,1.5654129254604194,7,7,Reverse,84.1,5.0625,1
460.39,57.83476816666666,12.307119833333335,57.83477187962463,12.307117417065687,3.375,2.5,2.5,1.4505569041075874,7,7,Reverse,84.2,5.0625,1
461.3,57.83474116666666,12.307131166666666,57.83475652314565,12.307124291866176,3.125,2.5,2.5,1.202662625062337,8,8,Reverse,83.8,4.6875,1
462.32,57.83471216666667,12.307147833333334,57.83473434490616,12.307136062599755,3.125,2.5,2.5,1.2510635125610534,8,8,Reverse,83.5,4.6875,1
463.3,57.83468933333334,12.307156333333333,57.83471183911975,12.307146197966544,3.125,2.5,2.5,1.328966438266215,8,8,Reverse,82.9,4.6875,1
464.26,57.834660666666664,12.307170000000001,57.834686252893206,12.307158098983273,3.125,2.5,2.5,1.6373397217174015,8,8,Reverse,82.3,4.6875,1
465.36,57.83463966666667,12.307177000000001,57.83466295977993,12.307167549491638,3.125,2.5,2.5,1.9398572118504793,8,8,Reverse,82.0,4.6875,1
466.35,57.83461783333334,12.307186833333333,57.83464039655664,12.307177191412485,3.125,2.5,2.5,2.219711176711159,8,8,Reverse,81.4,4.6875,1
467.45,57.834602333333336,12.307192833333334,57.83462136494499,12.307185012372909,3.125,2.5,2.5,2.4359091214545288,8,8,Reverse,80.8,4.6875,1
468.54,57.83459116666666,12.307193500000002,57.834606265805824,12.307189256186456,3.9250000000000003,2.5,2.5,2.569148542057497,7,7,Reverse,80.6,5.8875,1
469.28,57.83458183333334,12.307194666666666,57.83459404956958,12.307191961426561,3.9250000000000003,2.5,2.5,2.6428076380418606,7,7,Reverse,80.5,5.8875,1
470.29,57.834580833333334,12.307194333333333,57.83458744145146,12.307193147379946,3.9250000000000003,2.5,2.5,2.4858052037297584,7,7,Reverse,80.1,5.8875,1
471.33,57.83457933333334,12.307199166666665,57.8345833873924,12.307196157023306,3.9250000000000003,2.5,2.5,2.2177548797379214,7,7,Reverse,80.0,5.8875,1
472.41,57.834568833333336,12.307204333333335,57.83457611036287,12.30720024517832,3.9250000000000003,2.5,2.5,2.019314389437379,7,7,Reverse,80.0,5.8875,1
473.29,57.834565000000005,12.307216666666667,57.834570555181436,12.307208455922494,3.9250000000000003,2.5,2.5,1.805358396034662,7,7,Reverse,79.7,5.8875,1
474.27,57.834553166666666,12.307225833333332,57.83456186092405,12.307217144627913,3.125,2.5,2.5,1.594625570265076,8,8,Reverse,79.1,4.6875,1
475.32,57.83454183333333,12.3072355,57.834551847128694,12.307226322313957,3.125,2.5,2.5,1.4158413085673909,8,8,Reverse,78.3,4.6875,1
476.27,57.83454316666666,12.307244333333331,57.83454750689768,12.307235327823644,3.125,2.5,2.5,1.3515935025539882,8,8,Reverse,77.5,4.6875,1
477.28,57.834528666666664,12.3072475,57.83453808678217,12.307241413911823,3.125,2.5,2.5,1.0479384627344512,8,8,Reverse,76.9,4.6875,1
478.31,57.83452633333333,12.307250833333335,57.83453221005775,12.307246123622578,3.125,2.5,2.5,0.8590905669075872,8,8,Reverse,76.1,4.6875,1
479.27,57.83451883333334,12.307254166666667,57.83452552169555,12.307250145144623,3.125,2.5,2.5,0.6404861543751761,8,8,Reverse,75.7,4.6875,1
480.31,57.834512499999995,12.307258166666667,57.83451901084777,12.307254155905644,3.175,2.5,2.5,0.4548469562005267,7,7,Reverse,75.0,4.762499999999999,1
481.3,57.834504,12.307253333333332,57.83451150542388,12.307253744619489,3.175,2.5,2.5,0.4429223975469409,7,7,Reverse,74.4,4.762499999999999,1
482.29,57.834507,12.307260833333332,57.834509252711946,12.30725728897641,3.175,2.5,2.5,0.42428819419206554,7,7,Reverse,73.9,4.762499999999999,1
483.3,57.834498,12.307261833333333,57.834503626355975,12.307259561154872,3.175,2.5,2.5,0.28020458556901623,7,7,Reverse,73.7,4.762499999999999,1
484.31,57.83449716666667,12.3072605,57.834500396511324,12.307260030577435,3.175,2.5,2.5,0.2184629768534007,7,7,Reverse,73.4,4.762499999999999,1
485.3,57.83450183333333,12.307263,57.834501114922325,12.307261515288719,3.175,2.5,2.5,0.38022871026107063,7,7,Reverse,73.0,4.762499999999999,1
486.25,57.8344985,12.307263666666666,57.834499807461164,12.307262590977691,3.175,2.5,2.5,0.38243663877056144,7,7,Reverse,72.8,4.762499999999999,1
487.26,57.8344985,12.307267166666668,57.83449915373058,12.30726487882218,3.175,2.5,2.5,0.38574221809195275,7,7,Reverse,72.7,4.762499999999999,1
488.27,57.834493499999994,12.307273166666668,57.834496326865285,12.307269022744425,3.175,2.5,2.5,0.3700176221438749,7,7,Reverse,72.6,4.762499999999999,1
489.32,57.8344915,12.307280166666665,57.834493913432645,12.307274594705545,3.175,2.5,2.5,0.39896222130710607,7,7,Reverse,72.5,4.762499999999999,1
490.3,57.834493499999994,12.307289166666665,57.834493706716316,12.307281880686105,3.175,2.5,2.5,0.509094759560634,7,7,Reverse,72.4,4.762499999999999,1
491.28,57.83448799999999,12.307294000000002,57.834490853358155,12.307287940343054,3.175,2.5,2.5,0.588171663157274,7,7,Reverse,72.0,4.762499999999999,1
492.32,57.8344885,12.307298333333332,57.83448967667908,12.307293136838192,2.8249999999999997,2.5,2.5,0.6172367988035098,8,8,Reverse,71.6,4.2375,1
493.31,57.834483500000005,12.307304833333335,57.834486588339544,12.307298985085763,2.8249999999999997,2.5,2.5,0.6783022599742698,8,8,Reverse,71.1,4.2375,1
494.29,57.834473166666676,12.307311,57.83447987750311,12.307304992542882,2.8249999999999997,2.5,2.5,0.7750038211969696,8,8,Reverse,70.3,4.2375,1
495.34,57.834458833333336,12.307317333333334,57.83446935541822,12.307311162938108,2.8249999999999997,2.5,2.5,1.0199275884508059,8,8,Reverse,69.6,4.2375,1
496.42,57.83445166666667,12.307324333333334,57.83446051104245,12.307317748135722,2.8249999999999997,2.5,2.5,1.18885370091389,8,8,Reverse,69.2,4.2375,1
497.28,57.834444166666664,12.3073295,57.834452338854554,12.30732362406786,2.8249999999999997,2.5,2.5,1.378853044594728,8,8,Reverse,68.6,4.2375,1
498.4,57.83444083333334,12.307329166666667,57.83444658609395,12.307326395367264,2.7750000000000004,2.5,2.5,1.3993975092590623,9,9,Reverse,68.4,4.1625000000000005,1
499.35,57.83444066666666,12.307316833333335,57.834443626380306,12.307321614350299,2.7750000000000004,2.5,2.5,1.2504256810613983,9,9,Reverse,68.4,4.1625000000000005,1
500.27,57.834434333333334,12.30732,57.83443897985682,12.30732080717515,2.7750000000000004,2.5,2.5,1.1914087243913887,9,9,Reverse,68.3,4.1625000000000005,1
501.29,57.834433999999995,12.307317000000001,57.83443648992841,12.307318903587575,2.7750000000000004,2.5,2.5,1.028085180091438,9,9,Reverse,68.2,4.1625000000000005,1
502.33,57.83443333333333,12.307315833333332,57.834434911630865,12.307317368460454,2.7750000000000004,2.5,2.5,0.8175589309438148,9,9,Reverse,67.8,4.1625000000000005,1
503.24,57.834429833333324,12.307315833333332,57.8344323724821,12.307316600896893,2.7750000000000004,2.5,2.5,0.6388542542854062,9,9,Reverse,67.5,4.1625000000000005,1
504.28,57.834428499999994,12.307311166666667,57.83443043624104,12.307313883781779,2.7750000000000004,2.5,2.5,0.5022828920972007,9,9,Reverse,67.4,4.1625000000000005,1
505.29,57.8344205,12.307311833333332,57.83442546812052,12.307312858557555,2.7750000000000004,2.5,2.5,0.5016746414401516,9,9,Reverse,67.2,4.1625000000000005,1
506.29,57.834418166666666,12.307310500000002,57.8344218173936,12.30731167927878,2.7750000000000004,2.5,2.5,0.49140978877276986,9,9,Reverse,67.1,4.1625000000000005,1
507.26,57.834416499999996,12.307311,57.8344191586968,12.307311339639389,2.7750000000000004,2.5,2.5,0.4441509107237267,9,9,Reverse,66.9,4.1625000000000005,1
508.27,57.834417,12.307309000000002,57.834418079348396,12.307310169819695,2.7750000000000004,2.5,2.5,0.3244249669700085,9,9,Reverse,66.7,4.1625000000000005,1
509.29,57.83440766666666,12.307312333333334,57.83441287300753,12.307311251576515,2.7750000000000004,2.5,2.5,0.41886783191362953,9,9,Reverse,66.7,4.1625000000000005,1
510.32,57.83440349999999,12.307311499999999,57.83440818650376,12.307311375788258,2.7750000000000004,2.5,2.5,0.519844372479704,9,9,Reverse,66.8,4.1625000000000005,1
511.31,57.83440366666667,12.307311333333333,57.83440592658521,12.307311354560795,2.7750000000000004,2.5,2.5,0.534447138966436,9,9,Reverse,67.0,4.1625000000000005,1
512.29,57.83441200000001,12.3073085,57.83440896329261,12.307309927280397,2.7750000000000004,2.5,2.5,0.477478130005585,9,9,Reverse,67.1,4.1625000000000005,1
513.3,57.834414,12.307306833333334,57.834411481646306,12.307308380306866,2.7750000000000004,2.5,2.5,0.41848705103097833,9,9,Reverse,67.2,4.1625000000000005,1
514.25,57.83441016666667,12.307309166666668,57.83441082415649,12.307308773486767,2.7750000000000004,2.5,2.5,0.4347433612180325,9,9,Reverse,67.2,4.1625000000000005,1
515.27,57.8344175,12.307306500000001,57.83441416207825,12.307307636743383,2.7750000000000004,2.5,2.5,0.4444286885674125,9,9,Reverse,67.2,4.1625000000000005,1
516.28,57.834419499999996,12.307309333333334,57.83441683103912,12.307308485038359,3.35,2.5,2.5,0.49386282279746513,8,8,Reverse,67.4,5.025,1
517.3,57.834421999999996,12.307305666666666,57.834419415519555,12.307307075852513,3.35,2.5,2.5,0.43843805306000266,8,8,Reverse,67.4,5.025,1
518.31,57.83440933333333,12.307312833333333,57.834414374426444,12.307309954592922,3.35,2.5,2.5,0.697890222611073,8,8,Reverse,67.5,5.025,1
519.3,57.83440883333333,12.3073055,57.834411603879886,12.307307727296461,3.35,2.5,2.5,0.8802947670467861,8,8,Reverse,67.4,5.025,1
520.42,57.83441366666666,12.307305666666666,57.834412635273274,12.307306696981565,3.35,2.5,2.5,0.7645070963002623,8,8,Reverse,67.6,5.025,1
521.28,57.83441716666666,12.307305000000001,57.83441490096997,12.307305848490783,3.35,2.5,2.5,0.601841126349943,8,8,Reverse,67.8,5.025,1
522.34,57.83442149999999,12.3073005,57.83441820048498,12.30730317424539,2.7750000000000004,2.5,2.5,0.5324896185663608,9,9,Reverse,68.1,4.1625000000000005,1
523.26,57.83441666666666,12.307302499999999,57.83441743357582,12.307302837122695,2.9499999999999997,2.5,2.5,0.4664761315680396,8,8,Reverse,68.4,4.425,1
524.26,57.834423666666666,12.307298333333332,57.834420550121244,12.307300585228013,2.9499999999999997,2.5,2.5,0.4570108591394973,8,8,Reverse,68.7,4.425,1
525.29,57.83442433333333,12.307299666666665,57.834422441727284,12.30730012594734,2.9499999999999997,2.5,2.5,0.42289580345689737,8,8,Reverse,69.0,4.425,1
526.36,57.834435666666664,12.307295166666666,57.834429054196974,12.307297646307003,2.9499999999999997,2.5,2.5,0.6354009100467165,8,8,Reverse,69.1,4.425,1
527.27,57.83443283333333,12.307291999999999,57.834430943765156,12.307294823153502,2.9499999999999997,2.5,2.5,0.6564250162660848,8,8,Reverse,69.1,4.425,1
528.32,57.83442866666666,12.307293333333332,57.834429805215905,12.307294078243416,2.9499999999999997,2.5,2.5,0.5896124273470422,8,8,Reverse,69.2,4.425,1
529.36,57.834428166666676,12.307299166666667,57.834428985941294,12.307296622455041,2.9499999999999997,2.5,2.5,0.5611923196231715,8,8,Reverse,69.3,4.425,1
530.39,57.834429666666665,12.3072975,57.834429326303976,12.307297061227521,2.9499999999999997,2.5,2.5,0.4837445200529312,8,8,Reverse,69.4,4.425,1
531.28,57.834429500000006,12.307294666666667,57.834429413151994,12.307295863947095,2.9499999999999997,2.5,2.5,0.4606505187761538,8,8,Reverse,69.3,4.425,1
532.26,57.83442783333333,12.307300333333334,57.83442862324266,12.307298098640214,2.9499999999999997,2.5,2.5,0.4289693455197742,8,8,Reverse,69.4,4.425,1
533.25,57.834423,12.307301166666665,57.83442581162133,12.30729963265344,2.9499999999999997,2.5,2.5,0.38670908107101104,8,8,Reverse,69.4,4.425,1
534.28,57.834419833333335,12.307300666666666,57.834422822477336,12.307300149660053,3.625,2.5,2.5,0.47377076629763387,7,7,Reverse,69.6,5.4375,1
535.31,57.834419499999996,12.3073035,57.834421161238666,12.307301824830027,3.625,2.5,2.5,0.5538207496213526,7,7,Reverse,69.5,5.4375,1
536.33,57.834413833333336,12.307303166666667,57.834417497286,12.307302495748347,3.625,2.5,2.5,0.6927290934584084,7,7,Reverse,69.3,5.4375,1
537.3,57.83441200000001,12.307298333333332,57.834414748643006,12.307300414540839,3.625,2.5,2.5,0.7632729971400223,7,7,Reverse,69.6,5.4375,1
538.31,57.8344135,12.307290499999999,57.8344141243215,12.307295457270419,3.625,2.5,2.5,0.8004207355849983,7,7,Reverse,70.0,5.4375,1
539.34,57.83442316666666,12.307282000000002,57.83441864549408,12.30728872863521,3.625,2.5,2.5,0.7644567278921578,7,7,Reverse,70.2,5.4375,1
540.41,57.8344375,12.307279333333334,57.83442807274704,12.307284030984272,2.7750000000000004,2.5,2.5,0.6993940232473426,9,9,Reverse,69.8,4.1625000000000005,1
541.3,57.83444366666666,12.307275,57.83443586970685,12.307279515492137,2.7750000000000004,2.5,2.5,0.5764922086758355,9,9,Reverse,69.2,4.1625000000000005,1
542.27,57.83445783333333,12.307269,57.83444685152009,12.307274257746068,2.7750000000000004,2.5,2.5,0.6953387662033843,9,9,Reverse,68.7,4.1625000000000005,1
543.34,57.834467833333335,12.307264666666667,57.83445734242671,12.307269462206367,2.7750000000000004,2.5,2.5,0.8536794212938466,9,9,Reverse,68.1,4.1625000000000005,1
544.35,57.8344685,12.307262833333334,57.83446292121336,12.307266147769852,2.7750000000000004,2.5,2.5,0.8409693390997312,9,9,Reverse,67.5,4.1625000000000005,1
545.28,57.834467499999995,12.307262666666668,57.83446521060667,12.307264407218259,2.7750000000000004,2.5,2.5,0.738113563941577,9,9,Reverse,67.1,4.1625000000000005,1
546.24,57.8344765,12.307264833333333,57.83447085530334,12.307264620275797,2.7750000000000004,2.5,2.5,0.9381038491367872,9,9,Reverse,66.5,4.1625000000000005,1
547.25,57.83447733333334,12.307267333333334,57.83447409431834,12.307265976804565,2.7750000000000004,2.5,2.5,1.0105468136767104,9,9,Reverse,66.0,4.1625000000000005,1
548.32,57.83448383333333,12.307262500000002,57.83447896382584,12.307264238402283,2.7750000000000004,2.5,2.5,1.0021601793008004,9,9,Reverse,65.6,4.1625000000000005,1
549.31,57.834486500000004,12.307256333333331,57.83448273191292,12.307260285867807,2.7750000000000004,2.5,2.5,0.8879950271804042,9,9,Reverse,65.4,4.1625000000000005,1
550.32,57.834488166666674,12.307253666666668,57.834485449289794,12.307256976267238,2.7750000000000004,2.5,2.5,0.9171245519172366,9,9,Reverse,65.1,4.1625000000000005,1
551.3,57.83449033333333,12.307254166666667,57.83448789131156,12.307255571466952,2.9499999999999997,2.5,2.5,0.8902108048309352,9,9,Reverse,65.5,4.425,1
552.24,57.83450283333333,12.307253500000002,57.83449536232245,12.307254535733477,2.7750000000000004,2.5,2.5,1.0922532768931856,9,9,Reverse,65.4,4.1625000000000005,1
553.36,57.83450333333334,12.307248499999998,57.834499347827894,12.307251517866737,2.7750000000000004,2.5,2.5,0.9867839124149447,9,9,Reverse,65.0,4.1625000000000005,1
554.4,57.83450866666667,12.3072435,57.83450400724728,12.307247508933369,2.7750000000000004,2.5,2.5,0.9090261658998767,9,9,Reverse,65.0,4.1625000000000005,1
555.45,57.83450166666667,12.307246000000001,57.83450283695697,12.307246754466686,2.8000000000000003,2.5,2.5,0.7303610674856497,9,9,Reverse,64.9,4.2,1
556.36,57.83449816666666,12.3072475,57.83450050181182,12.307247127233342,2.8000000000000003,2.5,2.5,0.5901968209761435,9,9,Reverse,64.9,4.2,1
557.28,57.83449483333334,12.307249833333334,57.83449766757258,12.307248480283338,2.8000000000000003,2.5,2.5,0.5285440059807403,9,9,Reverse,65.0,4.2,1
558.26,57.83448966666666,12.307247666666667,57.834493667119624,12.307248073475003,2.8000000000000003,2.5,2.5,0.5332254834258568,9,9,Reverse,65.1,4.2,1
559.3,57.83448966666666,12.30724883333333,57.83449166689314,12.307248453404167,2.8000000000000003,2.5,2.5,0.43369995002336326,9,9,Reverse,65.1,4.2,1
560.3,57.83449399999999,12.307244666666667,57.83449283344657,12.307246560035416,2.8000000000000003,2.5,2.5,0.42627645969648364,9,9,Reverse,65.0,4.2,1
561.29,57.834501,12.307244166666665,57.83449691672328,12.307245363351042,2.8000000000000003,2.5,2.5,0.6228258300792858,9,9,Reverse,64.7,4.2,1
562.28,57.83449466666666,12.307247333333331,57.83449579169497,12.307246348342186,2.8000000000000003,2.5,2.5,0.5686629784887494,9,9,Reverse,64.3,4.2,1
563.28,57.83449266666666,12.307250666666668,57.83449422918082,12.307248507504427,2.8000000000000003,2.5,2.5,0.5146221537010867,9,9,Reverse,64.2,4.2,1
564.4,57.834493499999994,12.307242666666665,57.83449386459041,12.307245587085546,2.8000000000000003,2.5,2.5,0.5893408275478861,9,9,Reverse,64.2,4.2,1
565.3,57.83450416666666,12.307242666666665,57.83449901562853,12.307244126876105,2.8000000000000003,2.5,2.5,0.7549480597910543,9,9,Reverse,64.0,4.2,1
566.3,57.83449633333333,12.307237333333335,57.83449767448093,12.30724073010472,2.8000000000000003,2.5,2.5,0.8108599138094497,9,9,Reverse,64.3,4.2,1
567.32,57.83450366666666,12.3072355,57.834500670573796,12.30723811505236,2.8000000000000003,2.5,2.5,0.9233558815980657,9,9,Reverse,64.3,4.2,1
568.29,57.83449416666667,12.307235666666667,57.83449741862024,12.307236890859514,2.5,2.5,2.5,0.8147702821721999,10,10,Reverse,64.5,3.75,1
569.29,57.834483500000005,12.307241500000002,57.83449045931012,12.307239195429759,2.5,2.5,2.5,0.7991425515122914,10,10,Reverse,64.5,3.75,1
570.29,57.834479333333334,12.307242166666667,57.834484896321726,12.307240681048212,2.5,2.5,2.5,0.7427950799496265,10,10,Reverse,65.0,3.75,1
571.35,57.834474500000006,12.307244333333331,57.83447969816087,12.307242507190772,2.5,2.5,2.5,0.6519414305841286,10,10,Reverse,65.0,3.75,1
572.32,57.83447233333333,12.307246000000001,57.8344760157471,12.307244253595387,2.5,2.5,2.5,0.5062080313951832,10,10,Reverse,65.4,3.75,1
573.34,57.834461499999996,12.307252666666667,57.834468757873545,12.307248460131026,2.5,2.5,2.5,0.5576277187806612,9,9,Reverse,65.5,3.75,1
574.37,57.83446333333333,12.307260666666666,57.83446604560344,12.307254563398846,2.5,2.5,2.5,0.6612860900636708,9,9,Reverse,65.3,3.75,1
575.39,57.83445783333333,12.307263333333333,57.83446193946838,12.30725894836609,2.8249999999999997,2.5,2.5,0.7134768266198062,8,8,Reverse,65.2,4.2375,1
576.35,57.834466166666665,12.307258333333333,57.83446405306753,12.307258640849712,2.8249999999999997,2.5,2.5,0.6018677218355396,8,8,Reverse,65.2,4.2375,1
577.36,57.834463166666666,12.307259833333335,57.83446360986709,12.307259237091523,2.8249999999999997,2.5,2.5,0.4718593648791752,8,8,Reverse,65.1,4.2375,1
578.35,57.83445816666667,12.307264833333333,57.83446088826688,12.307262035212428,2.8249999999999997,2.5,2.5,0.5094072185285468,8,8,Reverse,65.3,4.2375,1
579.34,57.83447666666666,12.307260333333334,57.834468777466775,12.30726118427288,2.8249999999999997,2.5,2.5,0.6471890694096885,8,8,Reverse,65.5,4.2375,1
580.42,57.83449016666667,12.307252666666667,57.83447947206672,12.307256925469774,2.5,2.5,2.5,0.847241954021943,10,10,Reverse,65.3,3.75,1
581.36,57.83450366666666,12.30724883333333,57.83449156936669,12.307252879401553,2.5,2.5,2.5,1.1176029120337017,10,10,Reverse,65.7,3.75,1
582.35,57.834518499999994,12.307249666666667,57.834505034683346,12.30725127303411,2.5,2.5,2.5,1.4764398327169037,10,10,Reverse,66.1,3.75,1
583.35,57.83452616666667,12.307250833333335,57.834515600675005,12.307251053183721,2.5,2.5,2.5,1.6420789137641898,10,10,Reverse,66.4,3.75,1
584.39,57.834523999999995,12.307249666666667,57.8345198003375,12.307250359925195,2.5,2.5,2.5,1.5944827159295,10,10,Reverse,66.5,3.75,1
585.34,57.83453133333334,12.307247666666667,57.83452556683542,12.30724901329593,2.8000000000000003,2.5,2.5,1.6973178258202066,9,9,Reverse,67.1,4.2,1
586.42,57.83453599999999,12.307243000000001,57.834530783417705,12.307246006647967,2.8000000000000003,2.5,2.5,1.788019497680735,9,9,Reverse,67.7,4.2,1
587.44,57.83454400000001,12.307240166666668,57.83453739170886,12.307243086657317,2.9749999999999996,2.5,2.5,1.9499988367782741,8,8,Reverse,67.9,4.4624999999999995,1
588.34,57.83455433333334,12.307234999999999,57.8345458625211,12.307239043328657,2.9749999999999996,2.5,2.5,2.1432652385338495,8,8,Reverse,68.1,4.4624999999999995,1
589.34,57.834558666666666,12.30723,57.83455226459388,12.307234521664329,2.9749999999999996,2.5,2.5,2.2467995412966215,8,8,Reverse,68.3,4.4624999999999995,1
590.34,57.83455366666667,12.307236499999998,57.83455296563028,12.307235510832164,2.9749999999999996,2.5,2.5,2.179255767663379,8,8,Reverse,68.3,4.4624999999999995,1
591.34,57.83455116666667,12.307241333333332,57.834552066148476,12.307238422082747,3.65,2.5,2.5,2.0828435663321705,7,7,Reverse,68.0,5.475,1
592.34,57.83455766666666,12.307238166666666,57.834554866407565,12.307238294374708,3.35,2.5,2.5,2.112245465903289,8,8,Reverse,68.0,5.025,1
593.39,57.83455049999999,12.307243833333333,57.83455268320378,12.30724106385402,3.35,2.5,2.5,1.9424164735587781,8,8,Reverse,68.4,5.025,1
594.76,57.83453033333333,12.307257666666665,57.83454150826856,12.307249365260342,3.35,2.5,2.5,1.7192533147548907,8,8,Reverse,68.4,5.025,1
595.43,57.83452366666667,12.307264833333333,57.83453258746761,12.307257099296837,3.35,2.5,2.5,1.5745402176598842,8,8,Reverse,68.1,5.025,1
596.48,57.8345245,12.307269666666665,57.8345285437338,12.307263382981752,3.35,2.5,2.5,1.3996682230260669,8,8,Reverse,68.0,5.025,1
597.52,57.83450733333334,12.307278833333331,57.83451793853357,12.307271108157542,3.35,2.5,2.5,1.2964419729868477,8,8,Reverse,68.0,5.025,1
598.49,57.834503,12.307285166666668,57.83451046926679,12.307278137412105,3.35,2.5,2.5,1.2226383674723613,8,8,Reverse,67.7,5.025,1
599.52,57.83450333333334,12.307288333333334,57.83450690130006,12.307283235372719,3.35,2.5,2.5,1.0971403535537243,8,8,Reverse,67.3,5.025,1
600.5,57.834511166666665,12.307283833333335,57.834509033983366,12.307283534353028,3.35,2.5,2.5,0.9731919251320271,8,8,Reverse,67.1,5.025,1
601.52,57.83451,12.307286166666666,57.83450951699168,12.307284850509847,3.35,2.5,2.5,0.8513154567452341,8,8,Reverse,67.1,5.025,1
602.53,57.83450316666667,12.307288000000002,57.834506341829176,12.307286425254924,3.35,2.5,2.5,0.6220905831364285,8,8,Reverse,66.9,5.025,1
603.51,57.83449633333333,12.307279166666667,57.83450133758125,12.307282795960795,3.35,2.5,2.5,0.7504205404890048,8,8,Reverse,66.8,5.025,1
604.88,57.83449183333334,12.307283500000002,57.834496585457295,12.3072831479804,3.35,2.5,2.5,0.7146280554731356,8,8,Reverse,67.2,5.025,1
605.51,57.83447683333334,12.3072855,57.83448670939532,12.3072843239902,3.35,2.5,2.5,0.9316567625189669,8,8,Reverse,67.3,5.025,1
606.48,57.834465,12.307291833333332,57.83447585469766,12.307288078661767,3.35,2.5,2.5,1.1878818149691779,8,8,Reverse,67.4,5.025,1
607.53,57.83446133333334,12.307294666666667,57.8344685940155,12.307291372664217,3.35,2.5,2.5,1.2743117004072149,8,8,Reverse,67.4,5.025,1
608.52,57.83445816666667,12.307294666666667,57.834463380341084,12.307293019665442,3.35,2.5,2.5,1.3167423388292379,8,8,Reverse,67.5,5.025,1
609.55,57.83446333333333,12.307290833333331,57.83446335683721,12.307291926499387,3.65,2.5,2.5,1.1730729045961132,7,7,Reverse,67.6,5.475,1
610.6,57.8344505,12.307292166666665,57.834456928418604,12.307292046583026,3.675,2.5,2.5,1.2892819651921361,7,7,Reverse,67.8,5.512499999999999,1
611.49,57.83445333333334,12.307286333333332,57.83445513087597,12.307289189958178,3.675,2.5,2.5,1.2407429569168504,7,7,Reverse,67.6,5.512499999999999,1
612.48,57.83444166666666,12.307295333333332,57.83444839877132,12.307292261645756,3.675,2.5,2.5,1.2179173835049808,7,7,Reverse,67.7,5.512499999999999,1
613.52,57.83443483333334,12.3072925,57.83444161605233,12.307292380822878,3.675,2.5,2.5,1.3416996011177549,7,7,Reverse,67.8,5.512499999999999,1
614.84,57.83443166666666,12.307297333333334,57.834436641359495,12.307294857078107,3.675,2.5,2.5,1.418891486755963,7,7,Reverse,68.0,5.512499999999999,1
615.49,57.83442216666667,12.307300333333334,57.83442940401308,12.30729759520572,3.675,2.5,2.5,1.5892772193419722,7,7,Reverse,68.0,5.512499999999999,1
616.52,57.834422833333335,12.307300833333333,57.83442611867321,12.307299214269527,3.675,2.5,2.5,1.5238244210091865,7,7,Reverse,67.8,5.512499999999999,1
617.51,57.83442783333333,12.307302666666665,57.83442697600327,12.307300940468096,3.675,2.5,2.5,1.334747956663591,7,7,Reverse,67.8,5.512499999999999,1
618.85,57.83442866666666,12.307301333333331,57.83442782133496,12.307301136900714,3.675,2.5,2.5,1.159496415103861,7,7,Reverse,67.8,5.512499999999999,1
619.69,57.8344345,12.307299333333333,57.834431160667485,12.307300235117022,6.075,2.5,2.5,0.9876983563197248,6,6,Reverse,68.1,9.1125,1
620.59,57.834427000000005,12.307295833333335,57.83442908033374,12.307298034225179,5.2,2.5,2.5,0.8853873134506565,7,7,Reverse,68.3,7.800000000000001,1
621.5,57.83442149999999,12.307299666666665,57.83442529016687,12.307298850445923,5.2,2.5,2.5,0.783392848086007,7,7,Reverse,68.4,7.800000000000001,1
622.3,57.834422499999995,12.307294666666667,57.83442389508343,12.307296758556294,2.8000000000000003,2.5,2.5,0.7581615462942134,9,9,Reverse,68.4,4.2,1
623.28,57.83443166666666,12.307293666666665,57.834427780875046,12.30729521261148,2.8000000000000003,2.5,2.5,0.6241164078978653,9,9,Reverse,68.7,4.2,1
624.31,57.834439,12.307288333333334,57.834433390437525,12.307291772972407,2.8000000000000003,2.5,2.5,0.5186517550030123,9,9,Reverse,69.2,4.2,1
625.27,57.83445166666667,12.307285666666667,57.834442528552096,12.307288719819537,2.8000000000000003,2.5,2.5,0.6758660922337961,9,9,Reverse,69.4,4.2,1
626.3,57.83445783333333,12.307284333333333,57.83445018094272,12.307286526576435,2.8000000000000003,2.5,2.5,0.8059720331853604,9,9,Reverse,69.4,4.2,1
627.29,57.834464,12.307278666666665,57.83445709047135,12.30728259662155,2.8000000000000003,2.5,2.5,0.9216749635090189,9,9,Reverse,69.5,4.2,1
628.29,57.83446433333334,12.307272333333334,57.834460711902345,12.307277464977442,2.8000000000000003,2.5,2.5,0.9708149651963888,9,9,Reverse,69.9,4.2,1
629.3,57.834464,12.307265500000002,57.834462355951175,12.307271482488721,2.8000000000000003,2.5,2.5,1.0225307554326273,9,9,Reverse,70.1,4.2,1
630.33,57.834467,12.307257166666666,57.83446467797558,12.307264324577694,2.8000000000000003,2.5,2.5,1.1297972136145737,9,9,Reverse,70.2,4.2,1
631.39,57.83445516666667,12.307261500000001,57.83445992232113,12.307262912288847,2.8000000000000003,2.5,2.5,0.9724720253952223,9,9,Reverse,70.5,4.2,1
632.29,57.83445199999999,12.307267000000001,57.83445596116056,12.307264956144424,2.5,2.5,2.5,0.8199983127207603,10,10,Reverse,70.6,3.75,1
633.3,57.83444866666667,12.307283166666666,57.834452313913616,12.307274061405545,2.5,2.5,2.5,1.0641203757263935,10,10,Reverse,70.5,3.75,1
634.28,57.83444616666667,12.307289833333334,57.83444924029014,12.30728194736944,2.5,2.5,2.5,1.1824938977644661,10,10,Reverse,70.1,3.75,1
635.36,57.834435666666664,12.307297333333334,57.8344424534784,12.307289640351387,2.5,2.5,2.5,1.092266307827315,10,10,Reverse,70.0,3.75,1
636.38,57.834424166666665,12.307304666666669,57.834433310072534,12.307297153509028,2.75,2.5,2.5,1.0012522272987796,9,9,Reverse,70.0,4.125,1
637.27,57.834419499999996,12.307301666666667,57.83442640503627,12.307299410087849,2.75,2.5,2.5,0.9152212568600527,9,9,Reverse,69.6,4.125,1
638.28,57.834426833333325,12.307305833333333,57.834426619184796,12.30730262171059,2.75,2.5,2.5,0.9609846783634914,9,9,Reverse,69.7,4.125,1
639.42,57.83442466666667,12.3073095,57.83442564292573,12.307306060855295,2.75,2.5,2.5,0.9529570330946071,9,9,Reverse,69.0,4.125,1
640.37,57.834428499999994,12.307309000000002,57.83442707146286,12.307307530427648,2.7750000000000004,2.5,2.5,1.031700750010417,8,8,Reverse,68.9,4.1625000000000005,1
641.31,57.8344315,12.307306833333334,57.83442928573143,12.30730718188049,2.7750000000000004,2.5,2.5,1.1042376697314684,8,8,Reverse,68.9,4.1625000000000005,1
642.29,57.83442733333333,12.307308833333332,57.834428309532385,12.307308007606911,2.7750000000000004,2.5,2.5,0.943836704871818,8,8,Reverse,68.8,4.1625000000000005,1
643.32,57.83442783333333,12.307305833333333,57.83442807143285,12.307306920470122,2.7750000000000004,2.5,2.5,0.8810332266661041,8,8,Reverse,68.8,4.1625000000000005,1
644.26,57.83442066666667,12.307305166666668,57.83442436904976,12.307306043568396,2.7750000000000004,2.5,2.5,0.839812280228846,8,8,Reverse,68.7,4.1625000000000005,1
645.33,57.834411,12.307312166666668,57.83441768452488,12.30730910511753,2.7750000000000004,2.5,2.5,0.9654393846220088,8,8,Reverse,68.5,4.1625000000000005,1
646.34,57.83440083333333,12.307310166666666,57.83440925892911,12.307309635892098,2.7750000000000004,2.5,2.5,1.3122299940846571,8,8,Reverse,68.8,4.1625000000000005,1
647.32,57.83439416666667,12.307314666666665,57.83440171279789,12.307312151279381,2.7750000000000004,2.5,2.5,1.576846209838235,8,8,Reverse,69.1,4.1625000000000005,1
648.36,57.834394833333334,12.307306333333335,57.83439827306561,12.307309242306358,2.7750000000000004,2.5,2.5,1.6425503387918432,8,8,Reverse,69.2,4.1625000000000005,1
649.29,57.83439833333333,12.307303666666666,57.83439830319947,12.307306454486513,3.05,2.5,2.5,1.5324989504233637,7,7,Reverse,69.5,4.574999999999999,1
650.3,57.83440433333333,12.307303166666667,57.8344013182664,12.30730481057659,3.0,2.5,2.5,1.2072014614517204,8,8,Reverse,69.5,4.5,1
651.3,57.83440966666667,12.307294166666669,57.83440549246654,12.307299488621629,2.75,2.5,2.5,1.0853117719422718,9,9,Reverse,69.7,4.125,1
652.29,57.83441333333334,12.307289666666668,57.83440941289994,12.307294577644148,2.75,2.5,2.5,1.0256184965662034,9,9,Reverse,69.9,4.125,1
653.31,57.834432666666665,12.307289500000001,57.8344210397833,12.307292038822075,2.8499999999999996,2.5,2.5,1.320458717887727,8,8,Reverse,70.1,4.2749999999999995,1
654.3,57.83444633333333,12.307292166666665,57.83443368655832,12.30729210274437,2.75,2.5,2.5,1.7993227482112837,9,9,Reverse,69.6,4.125,1
655.35,57.834443166666674,12.307302833333331,57.83443842661249,12.30729746803885,2.75,2.5,2.5,2.074535722019825,9,9,Reverse,69.0,4.125,1
656.28,57.834441,12.307298500000002,57.834439713306246,12.307297984019426,3.0,2.5,2.5,2.2404853871066788,8,8,Reverse,68.3,4.5,1
657.27,57.83444366666666,12.307299,57.834441689986456,12.307298492009714,3.05,2.5,2.5,2.310688172971738,7,7,Reverse,68.2,4.574999999999999,1
658.29,57.83444266666667,12.307300833333333,57.83444217832656,12.307299662671523,3.0,2.5,2.5,2.234381098476878,8,8,Forward,68.4,4.5,1
659.3,57.83443883333333,12.307304666666669,57.834440505829946,12.307302164669096,3.0,2.5,2.5,2.0403465439406197,8,8,Reverse,68.0,4.5,1
660.27,57.834439499999995,12.307306000000002,57.83444000291497,12.307304082334548,2.75,2.5,2.5,1.8007225990307372,9,9,Reverse,67.7,4.125,1
661.35,57.83444033333333,12.307307333333332,57.834440168124154,12.30730570783394,2.75,2.5,2.5,1.6026087657490162,9,9,Reverse,67.8,4.125,1
662.3,57.83444133333334,12.307307833333335,57.834440750728746,12.307306770583638,2.75,2.5,2.5,1.4391814384219255,9,9,Reverse,67.6,4.125,1
663.36,57.834434333333334,12.30731,57.83443754203104,12.307308385291819,2.75,2.5,2.5,1.1178482931690825,9,9,Reverse,67.7,4.125,1
664.35,57.83443283333333,12.307311833333332,57.83443518768218,12.307310109312574,2.75,2.5,2.5,0.8290637675023992,9,9,Reverse,67.8,4.125,1
665.27,57.834427999999996,12.307316166666665,57.83443159384109,12.30731313798962,2.75,2.5,2.5,0.7305520806822421,9,9,Reverse,67.9,4.125,1
666.38,57.8344265,12.307315000000001,57.83442904692055,12.30731406899481,2.75,2.5,2.5,0.5857415725512432,10,10,Reverse,67.7,4.125,1
667.33,57.83442516666667,12.307314499999999,57.834427106793605,12.307314284497405,2.75,2.5,2.5,0.5095296173714894,10,10,Reverse,67.7,4.125,1
668.3,57.83441716666666,12.307319666666668,57.83442213673013,12.307316975582037,2.75,2.5,2.5,0.45477440587598217,10,10,Reverse,67.6,4.125,1
669.36,57.83441716666666,12.307319666666668,57.8344196516984,12.307318321124352,2.75,2.5,2.5,0.3154023986456919,10,10,Reverse,67.3,4.125,1
670.29,57.83441433333334,12.3073205,57.83441699251587,12.307319410562176,2.75,2.5,2.5,0.20313276298780347,10,10,Reverse,67.5,4.125,1
671.29,57.83441133333334,12.3073215,57.83441416292461,12.307320455281088,2.75,2.5,2.5,0.1327013515213747,10,10,Reverse,67.2,4.125,1
672.3,57.83440983333333,12.307322666666668,57.83441199812897,12.307321560973877,2.75,2.5,2.5,0.08831666816194074,9,9,Reverse,67.0,4.125,1
673.26,57.83440633333333,12.307324666666666,57.834409165731145,12.307323113820273,2.75,2.5,2.5,0.030976890719614507,9,9,Reverse,67.1,4.125,1
674.27,57.83439733333333,12.3073295,57.83440324953224,12.307326306910136,2.75,2.5,2.5,0.21794375343883549,9,9,Reverse,67.3,4.125,1
675.26,57.834395166666674,12.307329833333332,57.834399208099455,12.307328070121734,2.75,2.5,2.5,0.20240669496172703,9,9,Reverse,66.9,4.125,1
676.31,57.83439416666667,12.307328,57.83439668738306,12.307328035060866,2.75,2.5,2.5,0.15450177221509842,9,9,Reverse,66.6,4.125,1
677.33,57.83439666666666,12.307325666666667,57.83439667702486,12.307326850863767,2.75,2.5,2.5,0.22380361351218891,9,9,Reverse,66.5,4.125,1
678.25,57.834396166666664,12.307326666666665,57.83439642184577,12.307326758765216,2.75,2.5,2.5,0.2567733651014462,10,10,Reverse,66.8,4.125,1
679.29,57.834394,12.307327666666668,57.834395210922885,12.307327212715942,2.75,2.5,2.5,0.24866830316198205,10,10,Reverse,66.9,4.125,1
680.29,57.834395166666674,12.307327166666669,57.83439518879478,12.307327189691305,2.75,2.5,2.5,0.35939048552375624,10,10,Reverse,66.8,4.125,1
681.33,57.83439116666667,12.307329666666666,57.834393177730725,12.307328428178986,2.75,2.5,2.5,0.3500997487425189,10,10,Reverse,66.8,4.125,1
682.28,57.83438866666667,12.307329166666667,57.83439092219869,12.307328797422826,2.75,2.5,2.5,0.33371781819008195,9,9,Reverse,66.7,4.125,1
683.35,57.834390666666664,12.307327000000003,57.83439079443268,12.307327898711415,2.75,2.5,2.5,0.261825889701225,9,9,Reverse,66.6,4.125,1
684.32,57.8343865,12.307326,57.83438864721634,12.307326949355707,2.75,2.5,2.5,0.41312489019761756,9,9,Reverse,66.9,4.125,1
685.37,57.834386333333335,12.307323333333333,57.834387490274835,12.30732514134452,2.75,2.5,2.5,0.42645272414498697,9,9,Reverse,67.5,4.125,1
686.32,57.83438283333333,12.307323833333331,57.834385161804086,12.307324487338926,2.75,2.5,2.5,0.5152427392996278,9,9,Reverse,67.9,4.125,1
687.27,57.834376000000006,12.307320333333333,57.83438058090204,12.307322410336129,2.75,2.5,2.5,0.7954546368014159,9,9,Reverse,67.9,4.125,1
688.25,57.834372,12.307319833333334,57.834376290451026,12.307321121834732,2.75,2.5,2.5,0.9461353235084194,9,9,Reverse,68.4,4.125,1
689.31,57.83436666666667,12.307319666666668,57.83437147855884,12.3073203942507,2.75,2.5,2.5,1.0740622309507633,9,9,Reverse,68.4,4.125,1
690.32,57.83436516666667,12.307316666666669,57.83436832261276,12.307318530458684,3.0,2.5,2.5,1.0689629648546175,8,8,Reverse,68.7,4.5,1
691.37,57.834365,12.307306166666669,57.834366661306376,12.307312348562677,2.75,2.5,2.5,1.1329184606560059,9,9,Reverse,69.2,4.125,1
692.26,57.834368,12.307306833333334,57.83436733065319,12.307309590948005,2.75,2.5,2.5,0.9092150886700323,9,9,Reverse,69.7,4.125,1
693.29,57.83436766666667,12.307305833333333,57.83436749865993,12.307307712140668,2.75,2.5,2.5,0.7524455009033071,9,9,Reverse,69.8,4.125,1
694.34,57.83435550000001,12.307309166666668,57.83436149932997,12.307308439403668,2.75,2.5,2.5,0.8699806574010347,9,9,Reverse,69.9,4.125,1
695.34,57.83436566666666,12.3073035,57.834363582998314,12.307305969701835,2.75,2.5,2.5,0.8841004838482625,9,9,Reverse,70.0,4.125,1
696.29,57.83436,12.307291833333332,57.834361791499155,12.307298901517584,2.75,2.5,2.5,1.0361941341809815,9,9,Reverse,70.2,4.125,1
697.34,57.83436166666667,12.307284833333332,57.834361729082914,12.307291867425457,2.75,2.5,2.5,1.0518273824204234,9,9,Reverse,70.5,4.125,1
698.27,57.83436916666666,12.307284666666666,57.83436544787479,12.307288267046061,2.75,2.5,2.5,1.0689456737106435,9,9,Reverse,71.1,4.125,1
699.32,57.834375,12.307281,57.8343702239374,12.30728463352303,2.75,2.5,2.5,1.205207503952092,9,9,Reverse,71.4,4.125,1
700.29,57.834379999999996,12.30727133333333,57.8343751119687,12.30727798342818,3.725,2.5,2.5,1.410233588908506,8,8,Reverse,71.9,5.5875,1
701.27,57.834378666666666,12.307271500000002,57.83437688931768,12.307274741714092,6.75,2.5,2.5,1.4146169095374805,7,7,Reverse,72.1,10.125,1
702.3,57.83438233333333,12.3072585,57.8343796113255,12.307266620857046,8.225,2.5,2.5,1.5350629057786194,6,6,Reverse,72.3,12.337499999999999,1
703.26,57.834382999999995,12.307259500000002,57.83438130566275,12.307263060428523,8.225,2.5,2.5,1.4711689802261108,6,6,Reverse,72.4,12.337499999999999,1
704.26,57.83437383333333,12.307270999999998,57.83437756949804,12.30726703021426,8.225,2.5,2.5,1.1491017916513564,6,6,Reverse,72.6,12.337499999999999,1
705.29,57.834384833333324,12.307265666666668,57.83438120141568,12.307266348440464,8.225,2.5,2.5,1.015553195432575,6,6,Reverse,72.7,12.337499999999999,1
706.25,57.834394,12.307250666666668,57.83438760070784,12.307258507553566,2.75,2.5,2.5,1.1064983805428525,9,9,Reverse,73.1,4.125,1
707.28,57.83440066666667,12.307255000000001,57.834394133687255,12.307256753776784,2.75,2.5,2.5,1.117387528715605,9,9,Reverse,73.5,4.125,1
708.25,57.834390666666664,12.307260666666666,57.83439240017696,12.307258710221726,3.725,2.5,2.5,0.9318911437013973,8,8,Reverse,73.8,5.5875,1
709.37,57.83440666666667,12.307257166666666,57.834399533421816,12.307257938444195,3.725,2.5,2.5,0.9153027251773548,8,8,Reverse,74.0,5.5875,1
710.29,57.8344015,12.307272166666667,57.83440051671091,12.307265052555431,3.725,2.5,2.5,0.913935845396064,8,8,Reverse,74.4,5.5875,1
711.3,57.83438966666666,12.307274666666668,57.83439509168878,12.30726985961105,4.050000000000001,2.5,2.5,0.9610797879110526,7,7,Reverse,74.7,6.075000000000001,1
712.27,57.83438433333334,12.307290166666666,57.83438971251106,12.307280013138858,4.050000000000001,2.5,2.5,1.2162920468404026,7,7,Reverse,74.9,6.075000000000001,1
713.33,57.83437216666666,12.307301166666665,57.83438093958886,12.307290589902761,4.050000000000001,2.5,2.5,1.5830409643855061,8,8,Reverse,75.2,6.075000000000001,1
714.32,57.83435850000001,12.307306166666669,57.83436971979444,12.307298378284715,3.0,2.5,2.5,1.9829210490270985,8,8,Reverse,75.2,4.5,1
715.37,57.834343833333335,12.307314,57.83435677656389,12.307306189142357,3.0,2.5,2.5,2.468251401791195,8,8,Reverse,75.1,4.5,1
716.32,57.834337166666664,12.307314,57.834346971615275,12.307310094571179,3.0,2.5,2.5,2.781628300396055,8,8,Reverse,75.2,4.5,1
717.27,57.83433033333334,12.307313166666665,57.83433865247431,12.307311630618923,4.050000000000001,2.5,2.5,3.0166892531770526,7,7,Reverse,75.3,6.075000000000001,1
718.35,57.83432083333334,12.307327000000003,57.83432974290382,12.307319315309462,4.050000000000001,2.5,2.5,3.23898863641787,7,7,Reverse,75.4,6.075000000000001,1
719.29,57.83432083333334,12.3073335,57.83432528811858,12.307326407654731,4.050000000000001,2.5,2.5,3.2345262362807996,7,7,Reverse,75.6,6.075000000000001,1
720.33,57.83431816666666,12.3073365,57.83432172739262,12.307331453827366,7.7,2.5,2.5,3.127680182272505,6,6,Reverse,75.7,11.55,1
721.34,57.8343115,12.307340666666668,57.83431661369631,12.307336060247017,7.7,2.5,2.5,3.045813031510087,6,6,Reverse,75.8,11.55,1
722.27,57.8342965,12.3073535,57.834306556848155,12.307344780123508,7.7,2.5,2.5,3.1177080523779916,6,6,Reverse,75.8,11.55,1
723.32,57.834278,12.307360833333332,57.83429227842408,12.30735280672842,3.1,2.5,2.5,3.4287202271671413,7,7,Reverse,75.3,4.65,1
724.34,57.83426433333334,12.307351000000002,57.834278305878705,12.30735190336421,3.0,2.5,2.5,3.762389183335629,8,8,Reverse,75.0,4.5,1
725.3,57.83424933333334,12.307348000000001,57.83426381960602,12.307349951682106,2.5,2.5,2.5,4.163572963045421,10,10,Reverse,75.1,3.75,1
726.29,57.8342515,12.307343333333332,57.834257659803015,12.307346642507719,2.75,2.5,2.5,4.160398579630281,9,9,Reverse,74.7,4.125,1
727.39,57.834240666666666,12.307345166666668,57.83424916323484,12.307345904587194,2.75,2.5,2.5,4.234192477688943,9,9,Reverse,74.8,4.125,1
728.29,57.83424933333334,12.307345000000002,57.83424924828409,12.307345452293598,2.75,2.5,2.5,3.782854094739812,9,9,Reverse,74.8,4.125,1
729.37,57.83424433333333,12.307347333333333,57.83424679080871,12.307346392813464,2.75,2.5,2.5,3.5174364822326076,9,9,Reverse,74.7,4.125,1
730.31,57.834251166666675,12.307345166666668,57.83424897873769,12.307345779740066,2.75,2.5,2.5,3.142879793220961,9,9,Reverse,74.5,4.125,1
731.29,57.83424016666666,12.307342000000002,57.834244572702175,12.307343889870035,2.75,2.5,2.5,2.971861853412891,9,9,Reverse,74.6,4.125,1
732.29,57.834237833333326,12.307337500000001,57.834241203017754,12.307340694935018,2.925,2.5,2.5,2.713807717537239,8,8,Reverse,73.7,4.387499999999999,1
733.33,57.83422900000001,12.3073305,57.83423510150888,12.307335597467508,2.925,2.5,2.5,2.5516135304148984,8,8,Reverse,73.2,4.387499999999999,1
734.32,57.834229500000006,12.307325166666665,57.834232300754444,12.307330382067088,2.925,2.5,2.5,2.2762122297581757,8,8,Reverse,72.6,4.387499999999999,1
735.33,57.83422916666667,12.307321833333333,57.834230733710555,12.30732610770021,2.925,2.5,2.5,1.9938593795048085,8,8,Reverse,71.9,4.387499999999999,1
736.32,57.8342305,12.307314833333331,57.83423061685527,12.307320470516771,2.8249999999999997,2.5,2.5,1.5721422710653894,9,9,Reverse,71.2,4.2375,1
737.3,57.83423366666666,12.3073155,57.83423214176097,12.307317985258384,2.8249999999999997,2.5,2.5,1.2674274796162064,9,9,Reverse,70.3,4.2375,1
738.33,57.83423233333333,12.307316833333335,57.83423223754715,12.30731740929586,3.125,2.5,2.5,1.1854060576881902,8,8,Reverse,70.0,4.6875,1
739.25,57.83423116666666,12.307315333333333,57.834231702106905,12.307316371314597,3.125,2.5,2.5,1.208720676012282,8,8,Reverse,69.7,4.6875,1
740.3,57.83423116666666,12.307307833333335,57.83423143438679,12.307312102323966,3.125,2.5,2.5,1.3708991271171904,8,8,Reverse,69.5,4.6875,1
741.3,57.83424316666666,12.307301166666665,57.83423730052672,12.307306634495315,3.125,2.5,2.5,1.2416201135880574,8,8,Reverse,69.2,4.6875,1
742.3,57.834244166666664,12.307304500000003,57.834240733596694,12.307305567247658,3.125,2.5,2.5,1.114224303770971,8,8,Reverse,69.4,4.6875,1
743.27,57.834255,12.3072995,57.83424786679834,12.30730253362383,3.125,2.5,2.5,0.9228458125003564,8,8,Reverse,69.6,4.6875,1
744.32,57.83427133333333,12.30729383333333,57.834259600065835,12.30729818347858,3.125,2.5,2.5,0.8388482701498472,8,8,Reverse,69.9,4.6875,1
745.32,57.83428466666666,12.307294000000002,57.83427213336625,12.30729609173929,3.125,2.5,2.5,0.8252530802445339,8,8,Reverse,70.0,4.6875,1
746.3,57.83429383333334,12.307288000000002,57.834282983349794,12.307292045869646,3.125,2.5,2.5,0.8984862129678675,8,8,Reverse,70.0,4.6875,1
747.32,57.83429066666666,12.307283166666666,57.83428682500823,12.307287606268156,3.125,2.5,2.5,0.824360075222394,8,8,Reverse,70.2,4.6875,1
748.38,57.834306166666664,12.307286666666668,57.83429649583745,12.307287136467412,3.125,2.5,2.5,0.8639148183677854,8,8,Reverse,70.2,4.6875,1
749.25,57.83432133333334,12.307279999999999,57.83430891458539,12.307283568233705,3.125,2.5,2.5,1.1151414120843046,8,8,Reverse,70.2,4.6875,1
750.34,57.83432166666667,12.307280333333331,57.83431529062603,12.30728195078352,3.125,2.5,2.5,1.1655537182745646,8,8,Reverse,70.3,4.6875,1
751.32,57.83432883333333,12.307282166666669,57.834322061979684,12.307282058725093,3.125,2.5,2.5,1.2815926533547468,8,8,Reverse,70.5,4.6875,1
752.25,57.834329333333336,12.307284333333333,57.83432569765651,12.307283196029214,3.125,2.5,2.5,1.1850114982648243,8,8,Reverse,70.3,4.6875,1
753.34,57.834342666666664,12.307280500000001,57.834334182161584,12.307281848014608,3.125,2.5,2.5,1.3159549931704109,8,8,Reverse,70.1,4.6875,1
754.29,57.834338333333335,12.307292166666665,57.83433625774746,12.307287007340635,3.125,2.5,2.5,1.2898895833863608,8,8,Reverse,70.2,4.6875,1
755.3,57.834343000000004,12.307294833333334,57.834339628873735,12.307290920336985,3.125,2.5,2.5,1.2360668298126556,8,8,Reverse,70.3,4.6875,1
756.29,57.83434833333334,12.307297666666667,57.83434398110354,12.307294293501826,3.125,2.5,2.5,1.2202725101539447,8,8,Reverse,70.3,4.6875,1
757.3,57.834346999999994,12.307297166666668,57.83434549055176,12.307295730084247,3.125,2.5,2.5,1.0596400397570798,8,8,Reverse,70.1,4.6875,1
758.29,57.83434933333333,12.307297333333334,57.834347411942545,12.30729653170879,3.125,2.5,2.5,0.8406182766834447,8,8,Reverse,70.3,4.6875,1
759.29,57.83433183333333,12.307295333333332,57.83433962263794,12.307295932521061,3.125,2.5,2.5,0.8573713925791547,8,8,Reverse,70.5,4.6875,1
760.3,57.83431950000001,12.307294666666667,57.834329561318974,12.307295299593864,2.75,2.5,2.5,1.007395935162727,9,9,Reverse,70.6,4.125,1
761.34,57.83430799999999,12.307296666666666,57.83431878065948,12.307295983130265,2.75,2.5,2.5,1.305239160416133,9,9,Reverse,70.9,4.125,1
762.34,57.834301999999994,12.307300999999999,57.83431039032974,12.307298491565133,2.875,2.5,2.5,1.5351750248486202,8,8,Reverse,71.2,4.3125,1
763.32,57.83429566666667,12.307303166666667,57.834303028498205,12.3073008291159,2.875,2.5,2.5,1.727641502058214,8,8,Reverse,71.2,4.3125,1
764.26,57.834288666666666,12.307307,57.83429584758243,12.30730391455795,2.875,2.5,2.5,1.854244922642643,8,8,Reverse,71.1,4.3125,1
765.25,57.83427933333334,12.3073125,57.83428759045789,12.307308207278975,3.1,2.5,2.5,2.047113743262485,7,7,Reverse,71.1,4.65,1
766.34,57.83426599999999,12.307313166666665,57.83427679522894,12.30731068697282,3.2,2.5,2.5,2.2675664902420323,6,6,Reverse,71.5,4.800000000000001,1
767.32,57.834256,12.3073175,57.83426639761447,12.30731409348641,2.9499999999999997,2.5,2.5,2.406198664849789,7,7,Reverse,71.7,4.425,1
768.3,57.83424566666666,12.307314666666665,57.834256032140566,12.307314380076537,3.2,2.5,2.5,2.592255745144783,6,6,Reverse,71.8,4.800000000000001,1
769.33,57.83423283333333,12.307317666666666,57.83424443273695,12.307316023371602,3.2,2.5,2.5,2.8255863895064017,6,6,Reverse,71.9,4.800000000000001,1
770.27,57.83422333333333,12.307318500000001,57.83423388303514,12.307317261685801,3.2,2.5,2.5,3.016748587020633,6,6,Reverse,71.9,4.800000000000001,1
771.25,57.83420833333333,12.307320333333333,57.83422110818423,12.307318797509568,2.9499999999999997,2.5,2.5,3.360081231478979,7,7,Reverse,72.3,4.425,1
772.36,57.8342065,12.307318500000001,57.834213804092116,12.307318648754784,2.9499999999999997,2.5,2.5,3.466095279878251,7,7,Reverse,72.6,4.425,1
773.3,57.83419366666667,12.307328,57.8342037353794,12.307323324377393,2.9499999999999997,2.5,2.5,3.372186732038282,7,7,Reverse,72.9,4.425,1
774.26,57.834189833333326,12.307334333333332,57.83419678435636,12.307328828855361,2.75,2.5,2.5,2.958185896687448,9,9,Reverse,74.3,4.125,1
775.25,57.83418366666667,12.307339666666667,57.83419022551151,12.307334247761014,2.75,2.5,2.5,2.51623979949145,9,9,Reverse,75.6,4.125,1
776.24,57.83417883333333,12.307333999999999,57.83418452942242,12.307334123880507,2.75,2.5,2.5,2.122426229276833,9,9,Reverse,76.8,4.125,1
777.3,57.834181333333326,12.307328333333333,57.834182931377875,12.30733122860692,2.75,2.5,2.5,1.8493239116297668,9,9,Reverse,78.0,4.125,1
778.35,57.83418633333334,12.307333666666667,57.83418463235561,12.307332447636794,2.75,2.5,2.5,1.5953191648106901,9,9,Reverse,78.8,4.125,1
779.25,57.834195666666666,12.307330166666668,57.83419014951114,12.307331307151731,2.75,2.5,2.5,1.6262850078663214,9,9,Reverse,79.8,4.125,1
780.33,57.834204833333324,12.307322833333334,57.83419749142223,12.307327070242533,3.3000000000000003,2.5,2.5,1.8568733367363008,7,7,Reverse,80.7,4.95,1
781.31,57.83420783333333,12.307325833333334,57.834202662377784,12.307326451787933,3.3000000000000003,2.5,2.5,1.9645115157491948,7,7,Reverse,81.2,4.95,1
782.28,57.83421133333333,12.307319833333334,57.83420699785555,12.307323142560634,3.3000000000000003,2.5,2.5,2.011509137646982,7,7,Reverse,81.7,4.95,1
783.29,57.8342185,12.30732,57.834212748927776,12.307321571280317,3.3000000000000003,2.5,2.5,2.055726117409164,7,7,Reverse,82.2,4.95,1
784.25,57.83422266666666,12.307322333333332,57.83421770779722,12.307321952306824,3.3000000000000003,2.5,2.5,2.0357129990359977,7,7,Reverse,82.8,4.95,1
785.29,57.83422216666666,12.307322333333332,57.83421993723194,12.307322142820079,3.3000000000000003,2.5,2.5,1.8813452591076898,7,7,Reverse,83.4,4.95,1
786.31,57.83422533333334,12.307326333333332,57.83422263528264,12.307324238076705,2.75,2.5,2.5,1.7368876808435763,9,9,Reverse,84.2,4.125,1
787.27,57.83423200000001,12.307324666666666,57.83422731764132,12.307324452371686,2.75,2.5,2.5,1.6554250918447424,9,9,Reverse,84.6,4.125,1
788.39,57.83424016666666,12.307325333333331,57.83423374215399,12.307324892852508,2.75,2.5,2.5,1.5997326424331213,9,9,Reverse,85.5,4.125,1
789.28,57.834239333333336,12.307321333333334,57.834236537743664,12.307323113092922,3.125,2.5,2.5,1.331094688577342,8,8,Reverse,86.2,4.6875,1
790.31,57.834243833333325,12.307322166666665,57.8342401855385,12.307322639879793,3.125,2.5,2.5,1.0639907899599104,8,8,Reverse,86.9,4.6875,1
791.29,57.83424783333333,12.307320166666667,57.83424400943591,12.30732140327323,3.125,2.5,2.5,0.8722541724044772,8,8,Reverse,87.5,4.6875,1
792.26,57.83426166666666,12.307318000000002,57.834252838051285,12.307319701636617,3.125,2.5,2.5,0.8156217620890318,8,8,Reverse,88.2,4.6875,1
793.29,57.8342675,12.3073155,57.83426016902565,12.307317600818308,3.125,2.5,2.5,0.7496950826696951,8,8,Reverse,88.8,4.6875,1
794.25,57.83427533333334,12.307324666666666,57.83426775117949,12.307321133742487,3.125,2.5,2.5,0.7981803478622567,8,8,Reverse,89.3,4.6875,1
795.29,57.83428383333333,12.307331833333334,57.83427579225641,12.30732648353791,3.125,2.5,2.5,0.9601095366881498,8,8,Reverse,89.3,4.6875,1
796.31,57.83429016666667,12.307336999999999,57.83428297946154,12.307331741768955,3.125,2.5,2.5,1.0928924123487782,8,8,Reverse,89.3,4.6875,1
797.27,57.834298833333335,12.307344833333332,57.834290906397435,12.307338287551143,3.125,2.5,2.5,1.2939789735598093,8,8,Reverse,89.3,4.6875,1
798.28,57.834297166666666,12.307343666666668,57.83429403653205,12.307340977108906,3.3000000000000003,2.5,2.5,1.1145322219250762,7,7,Reverse,89.6,4.95,1
799.27,57.834305166666674,12.307346500000001,57.83429960159936,12.307343738554453,3.3000000000000003,2.5,2.5,1.0344116316949241,7,7,Reverse,89.8,4.95,1
800.24,57.83430799999999,12.307344,57.83430380079968,12.307343869277227,3.3000000000000003,2.5,2.5,0.783514797258836,7,7,Reverse,89.7,4.95,1
801.29,57.834326499999996,12.307346333333332,57.83431515039984,12.307345101305279,3.3000000000000003,2.5,2.5,0.9540239445297771,7,7,Reverse,89.8,4.95,1
802.36,57.83433916666666,12.307343,57.83432715853325,12.30734405065264,3.3000000000000003,2.5,2.5,1.1188438733801582,7,7,Reverse,90.1,4.95,1
803.29,57.83434283333333,12.307339333333335,57.83433499593329,12.307341691992987,3.3000000000000003,2.5,2.5,1.1154318680468005,7,7,Reverse,90.2,4.95,1
804.3,57.83435266666667,12.307335166666666,57.834343831299975,12.307338429329826,3.3000000000000003,2.5,2.5,1.1740435645269658,7,7,Reverse,90.1,4.95,1
805.32,57.83436583333334,12.307332833333332,57.834354832316656,12.30733563133158,3.3000000000000003,2.5,2.5,1.3717738099958925,7,7,Reverse,90.0,4.95,1
806.3,57.83436716666667,12.307329833333332,57.834360999491665,12.307332732332457,3.3000000000000003,2.5,2.5,1.37904999844125,7,7,Reverse,90.2,4.95,1
807.29,57.83437366666667,12.307326499999999,57.834367333079165,12.307329616166227,3.3000000000000003,2.5,2.5,1.3909427157395484,7,7,Reverse,90.1,4.95,1
808.34,57.83437933333333,12.307324333333334,57.83437333320625,12.307326974749781,3.3000000000000003,2.5,2.5,1.3465299619238815,7,7,Reverse,90.2,4.95,1
809.34,57.83438833333333,12.307322666666668,57.83438083326979,12.307324820708224,4.074999999999999,2.5,2.5,1.4632850242762558,6,6,Reverse,90.2,6.112499999999999,1
810.49,57.8343955,12.3073215,57.834388166634895,12.307323160354112,3.3000000000000003,2.5,2.5,1.6030492756319457,7,7,Reverse,90.4,4.95,1
811.3,57.83440099999999,12.307319166666666,57.83439458331744,12.30732116351039,3.3000000000000003,2.5,2.5,1.6532096718470553,7,7,Reverse,90.2,4.95,1
812.3,57.83440416666667,12.307317666666666,57.83439937499206,12.307319415088527,3.3000000000000003,2.5,2.5,1.5664252244931471,7,7,Reverse,90.3,4.95,1
813.3,57.834405,12.307316833333335,57.834402187496025,12.307318124210932,3.3000000000000003,2.5,2.5,1.3434810176980987,7,7,Reverse,90.4,4.95,1
814.28,57.83440533333334,12.3073175,57.83440376041469,12.307317812105465,3.3000000000000003,2.5,2.5,1.1417682132747737,7,7,Reverse,90.6,4.95,1
815.35,57.83441116666666,12.307313333333331,57.83440746354067,12.307315572719398,3.125,2.5,2.5,1.0017180363180518,8,8,Reverse,90.7,4.6875,1
816.31,57.83441716666666,12.307310166666666,57.83441231510367,12.307312869693032,3.125,2.5,2.5,0.96715306400211,8,8,Reverse,90.8,4.6875,1
817.28,57.834428499999994,12.307308333333333,57.83442040755183,12.307310601513183,3.125,2.5,2.5,1.1439088713352947,8,8,Reverse,90.8,4.6875,1
818.29,57.83442466666667,12.307310666666668,57.83442253710925,12.307310634089925,3.125,2.5,2.5,1.0379545336134004,8,8,Reverse,90.5,4.6875,1
819.34,57.834422333333336,12.307311333333333,57.83442243522129,12.307310983711629,3.125,2.5,2.5,0.8128965917588845,8,8,Reverse,90.2,4.6875,1
820.38,57.834429833333324,12.307310166666666,57.83442613427731,12.307310575189147,3.125,2.5,2.5,0.8454758131853414,8,8,Reverse,90.0,4.6875,1
821.29,57.834427000000005,12.307309333333334,57.83442656713866,12.30730995426124,3.125,2.5,2.5,0.7069197679813196,8,8,Reverse,89.7,4.6875,1
822.33,57.83443016666667,12.307309000000002,57.834428366902664,12.307309477130621,3.125,2.5,2.5,0.7023636585776216,8,8,Reverse,89.2,4.6875,1
823.37,57.83442149999999,12.307307666666668,57.83442493345133,12.307308571898645,3.125,2.5,2.5,0.6736582978117561,8,8,Reverse,88.9,4.6875,1
824.34,57.834429,12.307311499999999,57.834426966725665,12.307310035949323,2.8249999999999997,2.5,2.5,0.6909755669912568,9,9,Reverse,88.5,4.2375,1
825.37,57.83442933333334,12.307311,57.8344281500295,12.307310517974662,2.8249999999999997,2.5,2.5,0.6971830176377717,9,9,Reverse,88.0,4.2375,1
826.29,57.834428166666676,12.307310166666666,57.83442815834809,12.307310342320664,2.8249999999999997,2.5,2.5,0.6584824041663135,9,9,Reverse,87.2,4.2375,1
827.31,57.83442616666666,12.307310333333332,57.834427162507374,12.307310337826998,2.8249999999999997,2.5,2.5,0.5779362380882601,9,9,Reverse,86.7,4.2375,1
828.37,57.83442749999999,12.307308833333332,57.83442733125368,12.307309585580164,2.8249999999999997,2.5,2.5,0.5324413627915839,9,9,Reverse,86.1,4.2375,1
829.25,57.83442483333333,12.307310666666668,57.834426082293504,12.307310126123417,2.8249999999999997,2.5,2.5,0.4179647355993743,9,9,Reverse,85.7,4.2375,1
830.34,57.83442766666667,12.307310166666666,57.83442687448009,12.307310146395041,2.8249999999999997,2.5,2.5,0.3492258735132732,9,9,Reverse,85.1,4.2375,1
831.27,57.834428333333335,12.307309166666668,57.83442760390671,12.307309656530855,2.8249999999999997,2.5,2.5,0.31834425317379983,9,9,Reverse,84.5,4.2375,1
832.29,57.834430999999995,12.307307333333332,57.83442930195336,12.307308494932093,2.8249999999999997,2.5,2.5,0.3500905071687656,9,9,Reverse,83.8,4.2375,1
833.33,57.83443233333334,12.307306166666669,57.834430817643344,12.30730733079938,2.8249999999999997,2.5,2.5,0.32869523332493206,9,9,Reverse,83.3,4.2375,1
834.27,57.834432,12.307305833333333,57.83443140882167,12.307306582066357,2.8249999999999997,2.5,2.5,0.2712982664812596,9,9,Reverse,82.8,4.2375,1
835.32,57.83443366666667,12.307306666666667,57.83443253774417,12.307306624366513,2.8249999999999997,2.5,2.5,0.19691064551637608,9,9,Reverse,82.3,4.2375,1
836.28,57.834435,12.307307500000002,57.83443376887209,12.307307062183257,2.8249999999999997,2.5,2.5,0.1633539706999129,9,9,Reverse,82.2,4.2375,1
837.27,57.834436833333335,12.307307,57.83443530110271,12.307307031091629,2.8249999999999997,2.5,2.5,0.19144612602538313,9,9,Reverse,81.9,4.2375,1
838.51,57.834438,12.3073055,57.83443665055135,12.307306265545813,2.8249999999999997,2.5,2.5,0.12584059284231988,9,9,Reverse,81.6,4.2375,1
839.3,57.83443883333333,12.307306833333334,57.834437741942345,12.307306549439573,2.8249999999999997,2.5,2.5,0.10631547694890045,9,9,Reverse,81.5,4.2375,1
840.27,57.834438500000005,12.307305333333334,57.83443812097117,12.307305941386455,2.8249999999999997,2.5,2.5,0.09262973832801519,9,9,Reverse,81.3,4.2375,1
841.32,57.834438500000005,12.307308333333333,57.83443831048559,12.307307137359894,2.8249999999999997,2.5,2.5,0.16502083427652356,9,9,Reverse,81.0,4.2375,1
842.32,57.83443883333333,12.307307833333335,57.83443857190946,12.307307485346614,2.8249999999999997,2.5,2.5,0.15913225800403225,9,9,Reverse,80.6,4.2375,1
843.3,57.83443833333334,12.307313500000001,57.8344384526214,12.307310492673308,2.8249999999999997,2.5,2.5,0.2996068052245551,9,9,Reverse,80.3,4.2375,1
844.35,57.834438,12.307315166666667,57.8344382263107,12.307312829669987,2.8249999999999997,2.5,2.5,0.36006488699713257,9,9,Reverse,79.9,4.2375,1
845.42,57.8344345,12.307314166666666,57.83443636315535,12.307313498168327,2.8249999999999997,2.5,2.5,0.3970158337712565,9,9,Reverse,79.7,4.2375,1
846.26,57.834435500000005,12.307317666666666,57.83443593157768,12.307315582417496,2.8249999999999997,2.5,2.5,0.44439330807284694,9,9,Reverse,79.5,4.2375,1
847.35,57.834433499999996,12.307322,57.83443471578884,12.307318791208747,2.8249999999999997,2.5,2.5,0.5521265634942875,9,9,Reverse,79.3,4.2375,1
848.29,57.834432166666666,12.307319,57.83443344122775,12.307318895604373,2.8249999999999997,2.5,2.5,0.5448418932713646,9,9,Reverse,78.9,4.2375,1
849.3,57.834436000000004,12.307315666666666,57.83443472061388,12.30731728113552,2.8249999999999997,2.5,2.5,0.49663601187002543,9,9,Reverse,78.8,4.2375,1
850.34,57.834429,12.307315833333332,57.834431860306935,12.307316557234426,2.8249999999999997,2.5,2.5,0.581072894807453,9,9,Reverse,78.7,4.2375,1
851.32,57.834428499999994,12.307314499999999,57.83443018015347,12.307315528617213,2.8249999999999997,2.5,2.5,0.6309876196532654,9,9,Reverse,78.5,4.2375,1
852.29,57.83442633333334,12.307319,57.8344282567434,12.307317264308606,2.8249999999999997,2.5,2.5,0.6605350996988271,9,9,Reverse,78.5,4.2375,1
853.32,57.834424166666665,12.307317000000001,57.834426211705036,12.307317132154303,2.8249999999999997,2.5,2.5,0.7050090472608164,9,9,Reverse,78.4,4.2375,1
854.29,57.83441933333334,12.307313333333331,57.83442277251918,12.307315232743818,2.8249999999999997,2.5,2.5,0.8551945613328256,9,9,Reverse,78.4,4.2375,1
855.27,57.834418166666666,12.307312999999999,57.83442046959293,12.307314116371908,2.8249999999999997,2.5,2.5,0.9435351193764576,9,9,Reverse,78.3,4.2375,1
856.31,57.83441833333333,12.307310500000002,57.83441940146313,12.307312308185955,2.8249999999999997,2.5,2.5,0.9667214915666437,9,9,Reverse,78.1,4.2375,1
857.36,57.83441733333334,12.307309833333333,57.834418367398236,12.307311070759644,2.8249999999999997,2.5,2.5,0.9875816866920631,9,9,Reverse,78.1,4.2375,1
858.3,57.834411,12.307311,57.834414683699116,12.307311035379822,2.8249999999999997,2.5,2.5,1.1355972927013651,9,9,Reverse,78.2,4.2375,1
859.31,57.83441466666667,12.307307333333332,57.83441467518289,12.307309184356578,2.8499999999999996,2.5,2.5,1.0643099937458709,9,9,Reverse,78.2,4.2749999999999995,1
860.35,57.83441166666667,12.307306000000002,57.83441317092478,12.30730759217829,2.8499999999999996,2.5,2.5,1.0892441291560995,9,9,Reverse,78.3,4.2749999999999995,1
861.29,57.83441616666667,12.307301666666667,57.83441466879572,12.307304629422479,2.8499999999999996,2.5,2.5,0.9872698795066908,9,9,Reverse,78.4,4.2749999999999995,1
862.27,57.834421000000006,12.307298500000002,57.83441783439787,12.30730156471124,2.8499999999999996,2.5,2.5,0.8741822097108657,9,9,Reverse,78.4,4.2749999999999995,1
863.3,57.83442,12.307306666666667,57.83441891719893,12.307304115688954,2.8499999999999996,2.5,2.5,0.8428774139241064,9,9,Reverse,78.4,4.2749999999999995,1
864.34,57.834421000000006,12.307316166666665,57.83441995859947,12.307310141177808,3.125,2.5,2.5,0.981651313136096,8,8,Reverse,78.0,4.6875,1
865.27,57.83442133333333,12.3073205,57.834420645966404,12.307315320588904,3.125,2.5,2.5,0.9816750221043322,8,8,Reverse,77.9,4.6875,1
866.31,57.83441833333333,12.307322666666668,57.83441948964987,12.307318993627787,3.125,2.5,2.5,0.8893423297351434,8,8,Reverse,77.8,4.6875,1
867.27,57.834417,12.307322,57.83441824482493,12.307320496813892,3.125,2.5,2.5,0.8190036159008894,8,8,Reverse,77.9,4.6875,1
868.28,57.83441533333333,12.307328833333335,57.834416789079135,12.307324665073613,3.125,2.5,2.5,0.8042786638061128,8,8,Reverse,77.9,4.6875,1
869.27,57.83442216666667,12.307331666666668,57.8344194778729,12.30732816587014,3.125,2.5,2.5,0.7455380002278257,8,8,Reverse,77.4,4.6875,1
870.31,57.83442033333334,12.307332666666666,57.83441990560312,12.307330416268403,2.8499999999999996,2.5,2.5,0.6558999283983915,9,9,Reverse,77.2,4.2749999999999995,1
871.34,57.834423833333325,12.307333666666667,57.83442186946822,12.307332041467536,2.8499999999999996,2.5,2.5,0.5065550632662955,9,9,Reverse,77.1,4.2749999999999995,1
872.33,57.83443316666667,12.307332333333333,57.83442751806745,12.307332187400434,2.8499999999999996,2.5,2.5,0.5629960978576835,9,9,Reverse,77.1,4.2749999999999995,1
873.37,57.834436999999994,12.307333833333333,57.83443225903372,12.307333010366884,2.8499999999999996,2.5,2.5,0.5840373235428319,9,9,Reverse,76.9,4.2749999999999995,1
874.32,57.834433999999995,12.307336666666666,57.83443312951686,12.307334838516775,2.8499999999999996,2.5,2.5,0.4833544664642747,9,9,Reverse,76.5,4.2749999999999995,1
875.28,57.834434166666675,12.307341833333332,57.83443364809177,12.307338335925053,2.8499999999999996,2.5,2.5,0.4824642021549058,9,9,Reverse,76.3,4.2749999999999995,1
876.29,57.834437333333334,12.307343666666668,57.83443549071255,12.30734100129586,2.8499999999999996,2.5,2.5,0.45573377792772174,9,9,Reverse,76.2,4.2749999999999995,1
877.33,57.834441166666664,12.307345166666668,57.83443832868961,12.307343083981264,2.8499999999999996,2.5,2.5,0.48572616093493876,9,9,Reverse,76.1,4.2749999999999995,1
878.34,57.83444533333333,12.307349166666665,57.83444183101147,12.307346125323965,2.8499999999999996,2.5,2.5,0.618126290438327,9,9,Reverse,75.9,4.2749999999999995,1
879.25,57.83444683333334,12.307358500000001,57.8344443321724,12.307352312661983,2.8499999999999996,2.5,2.5,0.8672770927947935,9,9,Reverse,75.9,4.2749999999999995,1
880.32,57.834448,12.307360666666666,57.8344461660862,12.307356489664324,2.8499999999999996,2.5,2.5,1.029856390791306,9,9,Reverse,75.5,4.2749999999999995,1
881.31,57.83445083333333,12.307361333333331,57.834448499709765,12.307358911498827,2.5,2.5,2.5,1.2037376475958623,10,10,Reverse,75.4,3.75,1
882.35,57.83445116666667,12.3073655,57.834449833188216,12.307362205749413,2.5,2.5,2.5,1.3361948757875606,10,10,Reverse,75.4,3.75,1
883.35,57.8344475,12.307365166666667,57.834448666594106,12.30736368620804,2.5,2.5,2.5,1.2498538373698656,10,10,Reverse,75.2,3.75,1
884.33,57.83444716666666,12.307365166666667,57.83444791663039,12.307364426437355,2.5,2.5,2.5,1.1676659821508968,10,10,Reverse,75.1,3.75,1
885.27,57.83445183333333,12.307368333333333,57.83444987498186,12.307366379885343,2.5,2.5,2.5,1.3624844623141716,10,10,Reverse,75.3,3.75,1
886.31,57.83445283333334,12.307367500000002,57.8344513541576,12.307366939942673,2.5,2.5,2.5,1.5109761948219391,10,10,Reverse,75.1,3.75,1
887.3,57.834442,12.307363833333334,57.8344466770788,12.307365386638002,2.5,2.5,2.5,1.1811589944539547,10,10,Reverse,74.9,3.75,1
888.35,57.83443333333333,12.307365166666667,57.83444000520606,12.307365276652336,2.5,2.5,2.5,1.0598238380752574,10,10,Reverse,74.9,3.75,1
889.34,57.834434333333334,12.307367,57.8344371692697,12.307366138326167,2.5,2.5,2.5,0.9280361635159267,10,10,Reverse,74.8,3.75,1
890.31,57.834429,12.307365,57.83443308463485,12.307365569163084,2.5,2.5,2.5,0.8114591224365203,10,10,Reverse,74.6,3.75,1
891.34,57.83442616666666,12.307362333333334,57.834429625650756,12.30736395124821,2.5,2.5,2.5,0.70688509880682,10,10,Reverse,74.5,3.75,1
892.32,57.83442616666666,12.307358500000001,57.83442789615871,12.307361225624105,2.5,2.5,2.5,0.5882032811988647,10,10,Reverse,74.5,3.75,1
893.28,57.83442566666666,12.307355833333334,57.83442678141268,12.30735852947872,2.5,2.5,2.5,0.5243766857523507,10,10,Reverse,74.5,3.75,1
894.27,57.83442566666666,12.307357666666666,57.834426224039674,12.307358098072694,2.5,2.5,2.5,0.563224562539743,10,10,Reverse,74.4,3.75,1
895.29,57.834423666666666,12.307354000000002,57.83442494535317,12.307356049036347,2.5,2.5,2.5,0.5375966228013754,10,10,Reverse,74.1,3.75,1
896.29,57.834421000000006,12.307356833333332,57.834422972676585,12.30735644118484,2.5,2.5,2.5,0.47518560341194693,10,10,Reverse,74.0,3.75,1
897.26,57.83442433333333,12.307349666666669,57.83442365300496,12.307353053925754,2.5,2.5,2.5,0.5448289613482413,10,10,Reverse,73.7,3.75,1
898.29,57.834429500000006,12.307343833333334,57.83442657650248,12.307348443629545,2.5,2.5,2.5,0.7381618591719701,10,10,Reverse,73.7,3.75,1
899.33,57.83443066666667,12.307342666666667,57.83442862158458,12.307345555148105,2.5,2.5,2.5,0.8721573852685153,10,10,Reverse,73.8,3.75,1
900.29,57.83443016666667,12.307344166666667,57.83442939412562,12.307344860907387,2.5,2.5,2.5,0.9791820480225213,10,10,Reverse,73.7,3.75,1
901.29,57.83442916666666,12.307339833333334,57.834429280396144,12.30734234712036,2.5,2.5,2.5,0.9253871002073558,10,10,Reverse,73.6,3.75,1
902.29,57.834430999999995,12.307338666666665,57.834430140198066,12.307340506893512,2.8499999999999996,2.5,2.5,0.8112813303088523,9,9,Reverse,73.6,4.2749999999999995,1
903.33,57.834436000000004,12.307336333333334,57.83443307009904,12.307338420113423,2.8499999999999996,2.5,2.5,0.9762590723987169,9,9,Reverse,73.7,4.2749999999999995,1
904.31,57.83443666666667,12.307334333333332,57.83443486838285,12.307336376723377,2.8499999999999996,2.5,2.5,0.8112827501549352,9,9,Reverse,73.7,4.2749999999999995,1
905.32,57.83443633333333,12.307334166666665,57.83443560085809,12.307335271695022,2.8499999999999996,2.5,2.5,0.6755497239010644,9,9,Reverse,74.0,4.2749999999999995,1
906.34,57.83444366666666,12.307331833333334,57.83443963376237,12.307333552514178,2.8499999999999996,2.5,2.5,1.103415041860302,9,9,Reverse,74.1,4.2749999999999995,1
907.3,57.834444,12.307334500000001,57.83444181688119,12.30733402625709,2.8499999999999996,2.5,2.5,1.0795695987150644,9,9,Reverse,73.9,4.2749999999999995,1
908.33,57.83444633333333,12.307338166666666,57.83444407510726,12.307336096461878,2.8499999999999996,2.5,2.5,1.1173030420087429,9,9,Reverse,74.4,4.2749999999999995,1
909.34,57.83445266666666,12.307339500000001,57.83444837088696,12.30733779823094,3.125,2.5,2.5,1.377904663098126,8,8,Reverse,74.9,4.6875,1
910.32,57.83445083333333,12.307336333333334,57.83444960211014,12.307337065782136,3.125,2.5,2.5,1.2933791138012702,8,8,Reverse,75.4,4.6875,1
911.29,57.83444883333333,12.307337500000001,57.83444921772174,12.30733728289107,3.125,2.5,2.5,1.111251007272512,8,8,Reverse,75.0,4.6875,1
912.3,57.83445449999999,12.307338,57.83445185886087,12.307337641445534,3.125,2.5,2.5,1.3788511926515719,8,8,Reverse,74.8,4.6875,1
913.29,57.83444616666667,12.307333166666668,57.83444901276377,12.3073354040561,3.125,2.5,2.5,1.5417977331076622,8,8,Reverse,74.3,4.6875,1
914.28,57.83443883333333,12.307335333333333,57.834443923048546,12.307335368694718,3.125,2.5,2.5,1.8110707174671494,8,8,Reverse,73.9,4.6875,1
915.29,57.834438166666665,12.307335499999999,57.834441044857606,12.307335434347358,3.125,2.5,2.5,1.5612222850089725,8,8,Reverse,73.7,4.6875,1
916.29,57.83442933333334,12.307337666666667,57.83443518909547,12.307336550507012,3.125,2.5,2.5,1.7710721140013739,8,8,Reverse,73.5,4.6875,1
917.29,57.834420833333326,12.30734,57.8344280112144,12.307338275253507,3.125,2.5,2.5,2.1640039180088855,8,8,Reverse,73.1,4.6875,1
918.29,57.83441616666667,12.307342166666668,57.834422088940535,12.307340220960088,3.125,2.5,2.5,2.2009511558689163,8,8,Reverse,72.9,4.6875,1
919.29,57.83440833333334,12.307342666666667,57.83441521113694,12.307341443813376,3.125,2.5,2.5,2.1615777297290433,8,8,Reverse,72.5,4.6875,1
920.3,57.834416833333336,12.307330333333335,57.83441602223514,12.307335888573355,3.125,2.5,2.5,2.359749416656095,8,8,Reverse,72.0,4.6875,1
921.3,57.834429,12.307327833333334,57.834422511117566,12.307331860953346,3.125,2.5,2.5,2.674093752950969,8,8,Reverse,71.7,4.6875,1
922.31,57.83444766666666,12.307325333333331,57.834435088892114,12.307328597143337,2.8499999999999996,2.5,2.5,3.5650489485430072,9,9,Reverse,72.4,4.2749999999999995,1
923.35,57.834453,12.307329833333332,57.83444404444606,12.307329215238335,2.8499999999999996,2.5,2.5,3.6537103711459844,9,9,Reverse,72.5,4.2749999999999995,1
924.32,57.83444849999999,12.307328166666666,57.834446272223026,12.3073286909525,2.8499999999999996,2.5,2.5,2.8975144332247638,9,9,Reverse,73.1,4.2749999999999995,1
925.3,57.834437333333334,12.307326166666666,57.83444180277818,12.307327428809584,2.8499999999999996,2.5,2.5,2.60484656103923,9,9,Reverse,73.4,4.2749999999999995,1
926.28,57.8344345,12.307318666666667,57.834438151389094,12.307323047738125,2.8499999999999996,2.5,2.5,2.2139573731425024,9,9,Reverse,72.8,4.2749999999999995,1
927.35,57.83443166666666,12.307312333333334,57.83443490902788,12.30731769053573,2.8499999999999996,2.5,2.5,1.8703527932845625,9,9,Reverse,72.0,4.2749999999999995,1
928.3,57.834429666666665,12.307312666666666,57.83443228784727,12.307315178601199,2.8499999999999996,2.5,2.5,1.6303016082935626,9,9,Reverse,72.0,4.2749999999999995,1
929.29,57.83443583333333,12.307304666666669,57.8344340605903,12.307309922633934,2.8499999999999996,2.5,2.5,1.4958307906318387,9,9,Reverse,72.8,4.2749999999999995,1
930.29,57.834429833333324,12.307309666666667,57.834431946961814,12.3073097946503,2.8499999999999996,2.5,2.5,1.218307950464141,9,9,Reverse,72.7,4.2749999999999995,1
931.29,57.834430000000005,12.307310833333334,57.834430973480906,12.307310313991817,2.8499999999999996,2.5,2.5,0.994005205005074,9,9,Reverse,72.4,4.2749999999999995,1
932.37,57.83442933333334,12.307306333333335,57.834430153407126,12.307308323662577,2.8499999999999996,2.5,2.5,0.7780675449032524,9,9,Reverse,72.7,4.2749999999999995,1
933.31,57.834438666666664,12.307309666666667,57.83443441003689,12.307308995164622,2.8499999999999996,2.5,2.5,0.7664080101284785,9,9,Reverse,72.8,4.2749999999999995,1
934.3,57.83444599999999,12.30731,57.834440205018446,12.30730949758231,2.8499999999999996,2.5,2.5,0.8232327576436571,9,9,Reverse,73.0,4.2749999999999995,1
935.26,57.83445083333333,12.307299,57.83444551917589,12.307304248791155,2.8499999999999996,2.5,2.5,0.9599022061348544,9,9,Reverse,74.2,4.2749999999999995,1
936.34,57.834455,12.307306166666669,57.83445025958794,12.307305207728913,2.8499999999999996,2.5,2.5,1.0686660658212466,9,9,Reverse,74.3,4.2749999999999995,1
937.27,57.83445416666667,12.307297833333333,57.83445221312731,12.307301520531123,2.8499999999999996,2.5,2.5,1.0641250400720337,9,9,Reverse,74.3,4.2749999999999995,1
938.28,57.83445749999999,12.307300166666668,57.834454856563646,12.307300843598895,2.8499999999999996,2.5,2.5,1.1507864530120266,9,9,Reverse,73.8,4.2749999999999995,1
939.29,57.83446049999999,12.307304166666665,57.83445767828182,12.30730250513278,2.8499999999999996,2.5,2.5,1.319993294322388,9,9,Reverse,73.8,4.2749999999999995,1
940.31,57.83445816666667,12.307304333333331,57.83445792247424,12.307303419233055,2.8499999999999996,2.5,2.5,1.331097499155903,9,9,Reverse,73.9,4.2749999999999995,1
941.28,57.8344565,12.307304166666665,57.83445721123712,12.30730379294986,2.8499999999999996,2.5,2.5,1.2554535838590046,9,9,Reverse,73.5,4.2749999999999995,1
942.29,57.83444483333333,12.307307,57.83445102228523,12.30730539647493,2.8499999999999996,2.5,2.5,1.0704227065749112,9,9,Reverse,73.6,4.2749999999999995,1
943.33,57.83444883333333,12.307304666666669,57.83444992780928,12.307305031570799,2.8499999999999996,2.5,2.5,0.8451884163903122,9,9,Reverse,73.7,4.2749999999999995,1
944.27,57.83444516666667,12.307305333333334,57.83444754723797,12.307305182452067,2.8499999999999996,2.5,2.5,0.6716964972596461,9,9,Reverse,74.2,4.2749999999999995,1
945.28,57.834442833333334,12.307302666666665,57.834445190285656,12.307303924559365,2.8499999999999996,2.5,2.5,0.5272940723768247,9,9,Reverse,74.2,4.2749999999999995,1
946.36,57.83445183333333,12.307311,57.83444851180949,12.307307462279683,2.8499999999999996,2.5,2.5,0.7323847866588753,9,9,Reverse,74.2,4.2749999999999995,1
947.35,57.83445566666666,12.307312999999999,57.83445208923808,12.30731023113984,2.8499999999999996,2.5,2.5,0.9311286206494421,9,9,Reverse,75.0,4.2749999999999995,1
948.33,57.83445749999999,12.307313833333334,57.834454794619035,12.307312032236588,2.8499999999999996,2.5,2.5,1.0674308375529575,9,9,Reverse,75.2,4.2749999999999995,1
949.29,57.83445333333334,12.307316500000002,57.83445406397619,12.307314266118295,2.9499999999999997,2.5,2.5,1.0346983940881946,8,8,Reverse,75.3,4.425,1
950.6,57.83444766666666,12.307317166666667,57.83445086532143,12.30731571639248,2.8499999999999996,2.5,2.5,0.850590527478119,9,9,Reverse,75.4,4.2749999999999995,1
951.47,57.83444066666666,12.307314499999999,57.83444576599404,12.30731510819624,2.8499999999999996,2.5,2.5,0.7459037489057248,9,9,Reverse,75.3,4.2749999999999995,1
952.4,57.834437333333334,12.307313333333331,57.83444154966369,12.307314220764786,2.8499999999999996,2.5,2.5,0.6479763644930323,9,9,Reverse,75.5,4.2749999999999995,1
953.3,57.834434333333334,12.307313833333334,57.834437941498514,12.30731402704906,2.9749999999999996,2.5,2.5,0.4842159081555494,8,8,Reverse,75.8,4.4624999999999995,1
954.26,57.834433000000004,12.307313666666667,57.834435470749256,12.307313846857863,2.8499999999999996,2.5,2.5,0.34680840073055175,9,9,Reverse,75.5,4.2749999999999995,1
955.27,57.83442766666667,12.307313333333331,57.83443156870796,12.307313590095598,2.9749999999999996,2.5,2.5,0.3160086018405972,8,8,Reverse,75.7,4.4624999999999995,1
956.28,57.83443066666667,12.307311166666667,57.834431117687316,12.307312378381132,2.8499999999999996,2.5,2.5,0.27388517286279845,9,9,Reverse,75.6,4.2749999999999995,1
957.29,57.83442566666666,12.307308333333333,57.83442839217699,12.307310355857233,2.8499999999999996,2.5,2.5,0.25248439215551277,9,9,Reverse,76.0,4.2749999999999995,1
958.26,57.834428166666676,12.307305833333333,57.834428279421836,12.307308094595282,2.8499999999999996,2.5,2.5,0.23545995372963885,9,9,Reverse,76.2,4.2749999999999995,1
959.3,57.834429833333324,12.307302666666665,57.83442905637758,12.307305380630973,2.8499999999999996,2.5,2.5,0.2831874816043366,9,9,Reverse,76.1,4.2749999999999995,1
960.34,57.83442783333333,12.307300999999999,57.834428444855455,12.307303190315487,2.8499999999999996,2.5,2.5,0.2228112694212195,9,9,Reverse,76.2,4.2749999999999995,1
961.3,57.8344315,12.307298500000002,57.83442997242773,12.307300845157744,2.8499999999999996,2.5,2.5,0.2545867433157358,9,9,Reverse,76.6,4.2749999999999995,1
962.44,57.834432500000005,12.307293499999998,57.83443123621387,12.30729717257887,2.8499999999999996,2.5,2.5,0.3554379633550109,9,9,Reverse,77.4,4.2749999999999995,1
963.32,57.834426666666666,12.3072925,57.834428951440266,12.307294836289437,2.8499999999999996,2.5,2.5,0.3749587244992741,9,9,Reverse,77.5,4.2749999999999995,1
964.31,57.83442749999999,12.307289833333334,57.834428225720124,12.307292334811384,2.8499999999999996,2.5,2.5,0.39496736471371974,9,9,Reverse,77.7,4.2749999999999995,1
965.3,57.83443016666667,12.307288333333334,57.8344291961934,12.30729033407236,2.8499999999999996,2.5,2.5,0.34521042240765454,9,9,Reverse,78.3,4.2749999999999995,1
966.3,57.834432666666665,12.307288833333333,57.834430931430035,12.307289583702847,2.8499999999999996,2.5,2.5,0.28572676588191676,9,9,Reverse,78.6,4.2749999999999995,1
967.27,57.834435,12.307288333333334,57.83443296571502,12.30728895851809,2.8499999999999996,2.5,2.5,0.25126130130481983,9,9,Reverse,78.4,4.2749999999999995,1
968.33,57.834432666666665,12.307289666666668,57.83443281619084,12.30728931259238,2.8499999999999996,2.5,2.5,0.2223106096959456,9,9,Reverse,78.5,4.2749999999999995,1
969.33,57.834435666666664,12.307290499999999,57.83443424142875,12.30728990629619,2.8499999999999996,2.5,2.5,0.22987999934121622,9,9,Reverse,78.7,4.2749999999999995,1
970.32,57.834435166666665,12.307289166666665,57.83443470404771,12.307289536481427,2.8499999999999996,2.5,2.5,0.15892274620342922,9,9,Reverse,78.5,4.2749999999999995,1
971.32,57.83443933333333,12.307291000000001,57.834437018690515,12.307290268240713,2.8499999999999996,2.5,2.5,0.2396474894125552,9,9,Reverse,78.4,4.2749999999999995,1
972.28,57.83444733333334,12.307290499999999,57.834442176011926,12.307290384120357,2.8499999999999996,2.5,2.5,0.4811738603552792,9,9,Reverse,78.7,4.2749999999999995,1
973.29,57.83444599999999,12.307288999999999,57.83444408800596,12.307289692060177,2.8499999999999996,2.5,2.5,0.5473652464078629,9,9,Reverse,79.0,4.2749999999999995,1
974.27,57.83444333333333,12.307288000000002,57.834443710669646,12.30728884603009,2.8499999999999996,2.5,2.5,0.4616560408562662,9,9,Reverse,78.9,4.2749999999999995,1
975.27,57.83443783333334,12.3072885,57.83444077200149,12.307288673015044,2.8499999999999996,2.5,2.5,0.4757533354389951,9,9,Reverse,79.2,4.2749999999999995,1
976.31,57.834434333333334,12.307287833333332,57.83443755266742,12.307288253174189,2.8499999999999996,2.5,2.5,0.5594367650958055,9,9,Reverse,79.1,4.2749999999999995,1
977.3,57.83443933333333,12.307288999999999,57.83443844300037,12.307288626587093,3.2750000000000004,2.5,2.5,0.5235290411681671,8,8,Reverse,79.1,4.9125000000000005,1
978.37,57.834433833333335,12.307286666666668,57.83443613816685,12.30728764662688,2.8499999999999996,2.5,2.5,0.5764648159103773,9,9,Reverse,78.8,4.2749999999999995,1
979.29,57.83442916666666,12.3072845,57.83443265241676,12.30728607331344,2.8499999999999996,2.5,2.5,0.6652279246780461,9,9,Reverse,79.2,4.2749999999999995,1
980.29,57.83442066666667,12.307282666666667,57.83442665954171,12.307284369990054,2.8499999999999996,2.5,2.5,0.8857094153149825,9,9,Reverse,79.1,4.2749999999999995,1
981.34,57.83441233333333,12.307283833333335,57.83441949643752,12.307284101661695,2.8499999999999996,2.5,2.5,1.1486480071741494,9,9,Reverse,78.8,4.2749999999999995,1
982.35,57.83441133333334,12.307283833333335,57.834415414885434,12.307283967497515,2.8499999999999996,2.5,2.5,1.2493018193536285,9,9,Reverse,78.5,4.2749999999999995,1
983.34,57.83440466666666,12.307284666666666,57.83441004077604,12.30728431708209,2.8499999999999996,2.5,2.5,1.4409941812742342,9,9,Reverse,78.7,4.2749999999999995,1
984.31,57.83440099999999,12.307282333333335,57.83440552038802,12.307283325207713,2.8499999999999996,2.5,2.5,1.5361415657952067,9,9,Reverse,78.8,4.2749999999999995,1
985.3,57.83439716666667,12.307280500000001,57.83440134352735,12.307281912603857,2.8499999999999996,2.5,2.5,1.61395561400957,9,9,Reverse,78.6,4.2749999999999995,1
986.29,57.83439883333334,12.307281666666665,57.83440008843034,12.30728178963526,2.8499999999999996,2.5,2.5,1.4712738872835032,9,9,Reverse,78.6,4.2749999999999995,1
987.28,57.83440666666667,12.307280333333331,57.834403377548504,12.307281061484296,2.8499999999999996,2.5,2.5,1.2045947777902803,9,9,Reverse,78.2,4.2749999999999995,1
988.36,57.83440900000001,12.307280500000001,57.83440618877426,12.307280780742149,2.8499999999999996,2.5,2.5,1.0376403600608386,9,9,Reverse,78.2,4.2749999999999995,1
989.29,57.83440383333333,12.307279833333332,57.834405011053796,12.30728030703774,2.8499999999999996,2.5,2.5,0.8114743051653689,9,9,Reverse,78.3,4.2749999999999995,1
990.3,57.83440216666666,12.307281833333331,57.834403588860226,12.307281070185535,2.8499999999999996,2.5,2.5,0.6930517822543758,9,9,Reverse,77.8,4.2749999999999995,1
991.34,57.83439633333334,12.307280833333333,57.834399961096786,12.307280951759434,3.2750000000000004,2.5,2.5,0.7161870577690432,8,8,Reverse,78.1,4.9125000000000005,1
992.29,57.834391499999995,12.307281666666665,57.83439573054839,12.30728130921305,2.8499999999999996,2.5,2.5,0.7767794321953765,9,9,Reverse,77.8,4.2749999999999995,1
993.34,57.834396,12.307283333333332,57.834395865274196,12.307282321273192,2.8499999999999996,2.5,2.5,0.6098541598400088,9,9,Reverse,77.5,4.2749999999999995,1
994.34,57.83439983333333,12.307284166666667,57.83439784930376,12.307283243969929,2.8499999999999996,2.5,2.5,0.5779000090998422,9,9,Reverse,77.5,4.2749999999999995,1
995.26,57.834397499999994,12.307286166666666,57.834397674651875,12.307284705318297,2.8499999999999996,2.5,2.5,0.43978083195369705,9,9,Reverse,77.2,4.2749999999999995,1
996.27,57.83439799999999,12.307285833333333,57.83439783732594,12.307285269325815,2.8499999999999996,2.5,2.5,0.3525415219006985,9,9,Reverse,77.2,4.2749999999999995,1
997.31,57.83439799999999,12.307287,57.834397918662965,12.307286134662908,2.8499999999999996,2.5,2.5,0.2781035191926038,9,9,Reverse,77.1,4.2749999999999995,1
998.29,57.83440016666667,12.307287166666667,57.83439904266481,12.307286650664787,2.8499999999999996,2.5,2.5,0.26577286996328675,9,9,Reverse,77.1,4.2749999999999995,1
999.31,57.83440233333334,12.307289333333332,57.83440068799908,12.30728799199906,2.8499999999999996,2.5,2.5,0.3103511805172694,9,9,Reverse,77.7,4.2749999999999995,1
1000.34,57.834415166666666,12.307289500000001,57.83440792733287,12.30728874599953,2.8499999999999996,2.5,2.5,0.6683600512054984,9,9,Reverse,77.8,4.2749999999999995,1
1001.43,57.834413,12.307288833333333,57.83441046366644,12.307288789666432,2.8499999999999996,2.5,2.5,0.7847687431308001,9,9,Reverse,78.0,4.2749999999999995,1
1002.26,57.83440816666666,12.307288833333333,57.834409315166546,12.307288811499882,2.8499999999999996,2.5,2.5,0.7257464371055833,9,9,Reverse,77.9,4.2749999999999995,1
1003.26,57.83440766666666,12.307288166666668,57.8344084909166,12.307288489083275,2.8499999999999996,2.5,2.5,0.7103715608515178,9,9,Reverse,77.7,4.2749999999999995,1
1004.28,57.834400499999994,12.3072915,57.8344044954583,12.307289994541637,2.8499999999999996,2.5,2.5,0.6338143687467069,9,9,Reverse,77.4,4.2749999999999995,1
1005.31,57.83439816666667,12.3072925,57.83440133106249,12.30729124727082,2.8499999999999996,2.5,2.5,0.5727330432477988,9,9,Reverse,77.5,4.2749999999999995,1
1006.26,57.834399166666664,12.307293166666666,57.834400248864576,12.307292206968743,2.8499999999999996,2.5,2.5,0.4963300317029046,9,9,Reverse,77.5,4.2749999999999995,1
1007.3,57.83439466666667,12.30729383333333,57.83439745776562,12.307293020151036,2.8499999999999996,2.5,2.5,0.4583530253499834,9,9,Reverse,77.4,4.2749999999999995,1
1008.29,57.83439533333333,12.307294833333334,57.834396395549476,12.307293926742185,2.8499999999999996,2.5,2.5,0.4174095318838211,9,9,Reverse,77.5,4.2749999999999995,1
1009.29,57.83440416666667,12.307291999999999,57.834400281108074,12.307292963371092,2.8499999999999996,2.5,2.5,0.5803888851282362,9,9,Reverse,77.5,4.2749999999999995,1
1010.26,57.83440883333333,12.307288000000002,57.8344045572207,12.307290481685547,2.8499999999999996,2.5,2.5,0.808256375524675,9,9,Reverse,77.3,4.2749999999999995,1
1011.3,57.83441849999999,12.307288833333333,57.834411528610346,12.30728965750944,2.8499999999999996,2.5,2.5,1.173134195317623,9,9,Reverse,77.0,4.2749999999999995,1
1012.33,57.834432500000005,12.307283500000002,57.834422014305176,12.307286578754722,2.8499999999999996,2.5,2.5,1.7169881046791553,9,9,Reverse,76.6,4.2749999999999995,1
1013.28,57.83443283333333,12.307284000000001,57.83442742381926,12.307285289377361,2.8499999999999996,2.5,2.5,1.9182953676604102,9,9,Reverse,76.2,4.2749999999999995,1
1014.24,57.83443933333333,12.307286333333332,57.83443337857629,12.307285811355346,2.8499999999999996,2.5,2.5,2.075432984474582,9,9,Reverse,76.1,4.2749999999999995,1
1015.33,57.83444433333334,12.307287666666666,57.834438855954815,12.307286739011007,2.8499999999999996,2.5,2.5,2.163182918424685,9,9,Reverse,76.2,4.2749999999999995,1
1016.37,57.834438166666665,12.307290166666666,57.834438511310736,12.307288452838836,2.8499999999999996,2.5,2.5,1.9627976857221965,9,9,Reverse,76.4,4.2749999999999995,1
1017.29,57.834434333333334,12.307292666666667,57.834436422322035,12.30729055975275,2.8499999999999996,2.5,2.5,1.6885788698671156,9,9,Reverse,76.4,4.2749999999999995,1
1018.29,57.83443366666667,12.307292833333333,57.834435044494356,12.307291696543043,2.8499999999999996,2.5,2.5,1.370839387629674,9,9,Reverse,76.6,4.2749999999999995,1
1019.28,57.834433499999996,12.307295666666668,57.83443427224717,12.307293681604856,2.8499999999999996,2.5,2.5,1.1276984761704456,9,9,Reverse,76.8,4.2749999999999995,1
1020.24,57.83443033333333,12.307292166666665,57.834432302790255,12.30729292413576,2.8499999999999996,2.5,2.5,0.9470955150784734,9,9,Reverse,77.1,4.2749999999999995,1
1021.28,57.83442733333333,12.307296666666666,57.83442981806179,12.307294795401212,2.8499999999999996,2.5,2.5,0.8302034531272608,9,9,Reverse,77.0,4.2749999999999995,1
1022.29,57.834439499999995,12.307296333333333,57.83443465903089,12.307295564367273,2.8499999999999996,2.5,2.5,0.88509369287489,9,9,Reverse,77.4,4.2749999999999995,1
1023.25,57.834435500000005,12.307297333333334,57.83443507951545,12.307296448850304,2.8499999999999996,2.5,2.5,0.7946412493523854,9,9,Reverse,77.5,4.2749999999999995,1
1024.33,57.83442449999999,12.307304833333335,57.83442978975772,12.30730064109182,2.8499999999999996,2.5,2.5,0.8513555218723586,9,9,Reverse,77.6,4.2749999999999995,1
1025.29,57.834422833333335,12.307306666666667,57.83442631154553,12.307303653879243,2.8499999999999996,2.5,2.5,0.7911269741512398,9,9,Reverse,77.7,4.2749999999999995,1
1026.29,57.83441633333334,12.307308166666667,57.83442132243943,12.307305910272955,2.8499999999999996,2.5,2.5,0.7887832798219103,9,9,Reverse,77.8,4.2749999999999995,1
1027.27,57.83440949999999,12.307311833333332,57.83441541121971,12.307308871803144,2.8499999999999996,2.5,2.5,0.8951570358211242,9,9,Reverse,77.7,4.2749999999999995,1
1028.34,57.83440416666667,12.307317166666667,57.83440978894319,12.307313019234906,2.8499999999999996,2.5,2.5,1.0452165495539472,9,9,Reverse,77.7,4.2749999999999995,1
1029.29,57.83440316666667,12.307320833333332,57.83440647780493,12.307316926284118,2.8499999999999996,2.5,2.5,1.0841181730330398,9,9,Reverse,77.7,4.2749999999999995,1
1030.32,57.83440283333333,12.307322666666668,57.83440465556913,12.307319796475394,2.8499999999999996,2.5,2.5,1.002040936679007,9,9,Reverse,77.7,4.2749999999999995,1
1031.27,57.83439983333333,12.307321666666667,57.834402244451226,12.30732073157103,2.8499999999999996,2.5,2.5,0.9023839122869386,9,9,Reverse,77.7,4.2749999999999995,1
1032.31,57.83439683333333,12.307324333333334,57.83439953889228,12.307322532452181,2.8499999999999996,2.5,2.5,0.8452191787231715,9,9,Reverse,77.7,4.2749999999999995,1
1033.26,57.83440133333333,12.307322166666665,57.83440043611281,12.307322349559424,2.8499999999999996,2.5,2.5,0.6469497468969162,9,9,Reverse,77.7,4.2749999999999995,1
1034.29,57.83439583333334,12.307321833333333,57.834398134723074,12.307322091446379,2.8499999999999996,2.5,2.5,0.5972030684311724,9,9,Reverse,77.7,4.2749999999999995,1
1035.27,57.834393166666665,12.307326666666665,57.834395650694866,12.30732437905652,2.8499999999999996,2.5,2.5,0.5930578603508804,9,9,Reverse,77.9,4.2749999999999995,1
1036.32,57.83438783333333,12.3073295,57.8343917420141,12.307326939528261,2.8499999999999996,2.5,2.5,0.6490175963660417,9,9,Reverse,77.9,4.2749999999999995,1
1037.32,57.83438383333334,12.307331333333332,57.83438778767372,12.307329136430797,2.8499999999999996,2.5,2.5,0.6967945065404939,9,9,Reverse,77.8,4.2749999999999995,1
1038.32,57.834383499999994,12.307327833333334,57.83438564383686,12.307328484882065,2.8499999999999996,2.5,2.5,0.6237248690413972,9,9,Reverse,77.7,4.2749999999999995,1
1039.27,57.834389333333334,12.307323166666666,57.834387488585094,12.307325825774365,2.8499999999999996,2.5,2.5,0.6380909708653882,9,9,Reverse,77.5,4.2749999999999995,1
1040.42,57.834389333333334,12.307323333333333,57.834388410959214,12.30732457955385,2.8499999999999996,2.5,2.5,0.565924054397477,9,9,Reverse,77.3,4.2749999999999995,1
1041.29,57.83439466666667,12.307319833333334,57.834391538812945,12.307322206443592,2.8499999999999996,2.5,2.5,0.6280836316821473,9,9,Reverse,77.4,4.2749999999999995,1
1042.27,57.83439683333333,12.30732,57.83439418607313,12.307321103221796,2.8499999999999996,2.5,2.5,0.6796015637941137,9,9,Reverse,77.3,4.2749999999999995,1
1043.28,57.83439333333334,12.307316500000002,57.83439375970324,12.307318801610899,2.8499999999999996,2.5,2.5,0.6179123893665113,9,9,Reverse,77.3,4.2749999999999995,1
1044.25,57.834395166666674,12.307316500000002,57.83439446318496,12.307317650805452,2.8499999999999996,2.5,2.5,0.5619514547604647,9,9,Reverse,77.3,4.2749999999999995,1
1045.26,57.83439766666667,12.3073175,57.83439606492581,12.307317575402726,2.8499999999999996,2.5,2.5,0.5859692757300751,9,9,Reverse,77.4,4.2749999999999995,1
1046.27,57.83439883333334,12.307314333333332,57.834397449129575,12.307315954368029,2.8499999999999996,2.5,2.5,0.6340230732575218,9,9,Reverse,77.4,4.2749999999999995,1
1047.3,57.83439583333334,12.307315000000001,57.83439664123146,12.307315477184014,2.8499999999999996,2.5,2.5,0.5527806782584603,9,9,Reverse,77.5,4.2749999999999995,1
1048.35,57.8344025,12.307313666666667,57.83439957061573,12.30731457192534,2.8499999999999996,2.5,2.5,0.6683477806297499,9,9,Reverse,77.6,4.2749999999999995,1
1049.28,57.83440166666666,12.307316666666669,57.83440061864119,12.307315619296006,2.8499999999999996,2.5,2.5,0.6731075761061862,9,9,Reverse,77.7,4.2749999999999995,1
1050.3,57.83439283333334,12.307321333333334,57.83439672598727,12.30731847631467,2.8499999999999996,2.5,2.5,0.5965762193307653,9,9,Reverse,78.0,4.2749999999999995,1
1051.3,57.834387166666666,12.307327333333335,57.83439194632697,12.307322904824002,2.8499999999999996,2.5,2.5,0.7223587723201113,9,9,Reverse,78.1,4.2749999999999995,1
1052.29,57.83438966666666,12.307327333333335,57.83439080649681,12.30732511907867,2.8499999999999996,2.5,2.5,0.6424289599512573,9,9,Reverse,78.2,4.2749999999999995,1
1053.39,57.83439383333333,12.307329000000001,57.83439231991507,12.307327059539334,2.8499999999999996,2.5,2.5,0.5289283559061042,9,9,Reverse,78.1,4.2749999999999995,1
1054.28,57.83440066666667,12.307330333333335,57.83439649329087,12.307328696436334,2.875,2.5,2.5,0.5771156309907852,9,9,Reverse,78.3,4.3125,1
1055.32,57.83440883333333,12.307333166666668,57.8344026633121,12.307330931551501,2.875,2.5,2.5,0.7927691224681951,9,9,Reverse,78.3,4.3125,1
1056.37,57.83441249999999,12.307334500000001,57.834407581656045,12.307332715775752,2.875,2.5,2.5,0.9353614902344315,9,9,Reverse,78.4,4.3125,1
1057.28,57.834417,12.307339166666669,57.83441229082803,12.30733594122121,2.875,2.5,2.5,1.1134527203022193,9,9,Reverse,78.4,4.3125,1
1058.29,57.834419499999996,12.307342833333333,57.83441589541401,12.307339387277272,2.875,2.5,2.5,1.241476443531386,9,9,Reverse,78.4,4.3125,1
1059.3,57.834425333333336,12.307343500000002,57.83442061437367,12.307341443638636,2.875,2.5,2.5,1.3528891104069671,9,9,Reverse,78.4,4.3125,1
1060.32,57.834423833333325,12.307344333333333,57.8344222238535,12.307342888485985,2.875,2.5,2.5,1.2480132632423242,9,9,Reverse,78.5,4.3125,1
1061.27,57.83442016666666,12.307344333333333,57.83442119526008,12.307343610909658,2.875,2.5,2.5,0.984396831676161,9,9,Reverse,78.3,4.3125,1
1062.32,57.834413833333336,12.307347333333333,57.83441751429671,12.307345472121495,2.875,2.5,2.5,0.9400590248224784,9,9,Reverse,78.3,4.3125,1
1063.33,57.83441116666666,12.307349166666665,57.834414340481686,12.307347319394081,2.875,2.5,2.5,0.957311086597826,9,9,Reverse,78.3,4.3125,1
1064.29,57.83440349999999,12.307347333333333,57.83440892024084,12.307347326363706,2.875,2.5,2.5,1.1533599550856954,9,9,Reverse,78.1,4.3125,1
1065.37,57.83439933333334,12.307350833333333,57.834404126787085,12.30734907984852,2.875,2.5,2.5,1.3746504659496244,9,9,Reverse,77.8,4.3125,1
1066.32,57.83440383333333,12.3073425,57.83440398006021,12.30734578992426,2.875,2.5,2.5,1.335725687003451,9,9,Reverse,77.6,4.3125,1
1067.29,57.83440583333333,12.307343333333332,57.83440490669677,12.307344561628796,2.875,2.5,2.5,1.1643110101541156,9,9,Reverse,77.4,4.3125,1
1068.28,57.83440333333333,12.307342666666667,57.83440412001505,12.307343614147731,2.875,2.5,2.5,1.0758943826851617,9,9,Reverse,77.1,4.3125,1
1069.3,57.83441116666666,12.307345833333333,57.83440764334085,12.307344723740533,2.875,2.5,2.5,1.0311939040262588,9,9,Reverse,77.0,4.3125,1
1070.4,57.83441133333334,12.307342000000002,57.8344094883371,12.307343361870267,2.875,2.5,2.5,0.8406141934580375,9,9,Reverse,77.0,4.3125,1
1071.29,57.83441666666666,12.307338499999998,57.83441307750188,12.307340930935133,2.875,2.5,2.5,0.8226013429253621,9,9,Reverse,76.9,4.3125,1
1072.27,57.834416499999996,12.30734,57.83441478875094,12.307340465467567,2.875,2.5,2.5,0.8116772565497917,9,9,Reverse,77.0,4.3125,1
1073.29,57.83441233333333,12.307339833333334,57.83441356104213,12.30734014940045,2.875,2.5,2.5,0.6471946200637457,9,9,Reverse,76.9,4.3125,1
1074.3,57.83441800000001,12.307332166666667,57.83441578052107,12.307336158033559,2.875,2.5,2.5,0.7152126765828553,9,9,Reverse,76.9,4.3125,1
1075.33,57.834425333333336,12.307326666666665,57.834420556927206,12.307331412350111,2.875,2.5,2.5,0.9569531698617388,9,9,Reverse,76.9,4.3125,1
1076.26,57.83441916666667,12.307332166666667,57.83441986179694,12.307331789508389,2.875,2.5,2.5,0.8590968921226649,9,9,Reverse,76.9,4.3125,1
1077.27,57.83441666666666,12.307340333333332,57.8344182642318,12.30733606142086,2.875,2.5,2.5,0.9369612364320763,9,9,Reverse,76.9,4.3125,1
1078.32,57.83441166666667,12.307339166666669,57.834414965449234,12.307337614043766,2.875,2.5,2.5,0.8495643471586873,9,9,Reverse,76.7,4.3125,1
1079.28,57.83440649999999,12.307333166666668,57.83441073272461,12.307335390355217,2.875,2.5,2.5,0.8599989791500605,9,9,Reverse,76.7,4.3125,1
1080.27,57.83439966666666,12.307326833333331,57.83440519969564,12.307331111844274,2.875,2.5,2.5,1.043468513451539,9,9,Reverse,76.6,4.3125,1
1081.29,57.83439683333333,12.307329833333332,57.834401016514484,12.307330472588802,2.875,2.5,2.5,1.0898630454143503,9,9,Reverse,76.6,4.3125,1
1082.27,57.83440133333333,12.307320666666666,57.834401174923904,12.307325569627734,2.875,2.5,2.5,1.0493611997447363,9,9,Reverse,76.6,4.3125,1
1083.35,57.83439716666667,12.307324999999999,57.83439917079529,12.307325284813867,2.875,2.5,2.5,0.8786813734796113,9,9,Reverse,76.4,4.3125,1
1084.37,57.834396,12.307325666666667,57.834397585397646,12.307325475740267,2.875,2.5,2.5,0.7481712958298671,9,9,Reverse,76.1,4.3125,1
1085.27,57.83440483333334,12.307336000000001,57.83440120936549,12.307330737870133,2.875,2.5,2.5,0.9348150720436206,9,9,Reverse,76.0,4.3125,1
1086.29,57.83440383333333,12.307338499999998,57.83440252134941,12.307334618935066,2.875,2.5,2.5,0.94819536965056,9,9,Reverse,75.9,4.3125,1
1087.29,57.83440266666666,12.307336999999999,57.83440259400804,12.307335809467533,2.875,2.5,2.5,0.7712363393897236,9,9,Reverse,75.8,4.3125,1
1088.4,57.834397833333334,12.307332333333333,57.83440021367068,12.307334071400433,2.875,2.5,2.5,0.6720351881778837,9,9,Reverse,75.5,4.3125,1
1089.31,57.83439416666667,12.307328,57.83439719016868,12.307331035700216,2.875,2.5,2.5,0.7264613547992516,9,9,Reverse,75.2,4.3125,1
1090.34,57.83439466666667,12.307329333333334,57.83439592841767,12.307330184516776,2.875,2.5,2.5,0.6201826799393513,9,9,Reverse,75.1,4.3125,1
1091.3,57.834396,12.307328666666669,57.83439596420884,12.307329425591721,2.875,2.5,2.5,0.4614565800714974,9,9,Reverse,75.0,4.3125,1
1092.37,57.834387666666665,12.307324333333334,57.83439181543775,12.307326879462527,2.875,2.5,2.5,0.5823688756440223,9,9,Reverse,75.0,4.3125,1
1093.29,57.834381666666665,12.307319833333334,57.83438674105221,12.307323356397932,2.875,2.5,2.5,0.7770803175094737,9,9,Reverse,74.9,4.3125,1
1094.29,57.834381833333325,12.307318500000001,57.83438428719277,12.307320928198966,2.875,2.5,2.5,0.8316061084364416,9,9,Reverse,74.6,4.3125,1
1095.28,57.83438549999999,12.307321666666667,57.83438489359638,12.307321297432816,2.875,2.5,2.5,0.6912062994270965,9,9,Reverse,74.5,4.3125,1
1096.29,57.834381,12.307322333333332,57.834382946798186,12.307321815383075,2.875,2.5,2.5,0.6454093086363516,9,9,Reverse,74.4,4.3125,1
1097.34,57.834383499999994,12.307323666666665,57.834383223399094,12.30732274102487,2.875,2.5,2.5,0.5276429695208085,9,9,Reverse,74.2,4.3125,1
1098.39,57.83438833333333,12.30732,57.83438577836621,12.307321370512435,2.875,2.5,2.5,0.5046350591475289,9,9,Reverse,74.2,4.3125,1
1099.28,57.834391833333335,12.307324000000001,57.83438880584977,12.307322685256219,2.875,2.5,2.5,0.5343356982515022,9,9,Reverse,74.2,4.3125,1
1100.29,57.83439933333334,12.307319333333332,57.83439406959155,12.307321009294775,2.875,2.5,2.5,0.7011308363050106,9,9,Reverse,74.2,4.3125,1
1101.26,57.834388833333335,12.307319666666668,57.834391451462444,12.307320337980721,2.875,2.5,2.5,0.5896538627527121,9,9,Reverse,74.1,4.3125,1
1102.29,57.834386166666675,12.307320833333332,57.83438880906456,12.307320585657028,2.875,2.5,2.5,0.5285529852531757,9,9,Reverse,73.9,4.3125,1
1103.3,57.834380833333334,12.307320833333332,57.834384821198945,12.30732070949518,2.875,2.5,2.5,0.600644703870991,9,9,Reverse,73.7,4.3125,1
1104.29,57.834381833333325,12.307320333333333,57.83438332726614,12.307320521414256,3.125,2.5,2.5,0.5365111412905197,8,8,Reverse,73.9,4.6875,1
1105.33,57.834380333333335,12.307314166666666,57.83438183029973,12.307317344040461,3.125,2.5,2.5,0.5715673511410229,8,8,Reverse,73.7,4.6875,1
1106.34,57.834375833333326,12.3073175,57.83437883181653,12.30731742202023,3.125,2.5,2.5,0.6262272971834631,8,8,Reverse,73.6,4.6875,1
1107.34,57.83437233333334,12.307314166666666,57.834375582574935,12.307315794343449,3.125,2.5,2.5,0.7043795008270848,8,8,Reverse,73.7,4.6875,1
1108.32,57.834376999999996,12.307315833333332,57.83437629128747,12.30731581383839,3.125,2.5,2.5,0.5961487983321364,8,8,Reverse,73.5,4.6875,1
1109.29,57.834383499999994,12.307314833333331,57.83437989564373,12.307315323585861,3.125,2.5,2.5,0.5369261711328248,8,8,Reverse,73.6,4.6875,1
1110.28,57.83439416666667,12.307311,57.8343870311552,12.30731316179293,3.125,2.5,2.5,0.7359245227515974,8,8,Reverse,74.0,4.6875,1
1111.29,57.834399166666664,12.307310833333334,57.83439309891093,12.307311997563133,3.125,2.5,2.5,0.9109505599350791,8,8,Reverse,74.3,4.6875,1
1112.27,57.834399166666664,12.307309666666667,57.8343961327888,12.307310832114899,3.125,2.5,2.5,0.9224976127662231,8,8,Reverse,74.4,4.6875,1
1113.32,57.83440183333334,12.30731,57.83439898306107,12.30731041605745,3.125,2.5,2.5,0.9112011054573091,8,8,Reverse,74.6,4.6875,1
1114.27,57.83440283333333,12.30731,57.834400908197196,12.307310208028724,3.125,2.5,2.5,0.8746701152822165,8,8,Reverse,74.8,4.6875,1
1115.32,57.83440066666667,12.307311666666665,57.83440078743193,12.307310937347696,3.125,2.5,2.5,0.6974492697652677,8,8,Reverse,74.8,4.6875,1
1116.38,57.8343995,12.307312999999999,57.83440014371597,12.307311968673847,3.125,2.5,2.5,0.622088620338835,8,8,Reverse,75.2,4.6875,1
1117.24,57.834395166666674,12.307312666666666,57.834397655191324,12.307312317670256,3.125,2.5,2.5,0.7050483733927841,8,8,Reverse,75.2,4.6875,1
1118.25,57.834392166666674,12.307310666666668,57.834394910929,12.307311492168463,3.125,2.5,2.5,0.8337848394328811,8,8,Reverse,75.0,4.6875,1
1119.3,57.834394,12.30731,57.8343944554645,12.30731074608423,3.125,2.5,2.5,0.7351656314198525,8,8,Reverse,75.0,4.6875,1
1120.28,57.834396,12.307308833333332,57.83439522773225,12.307309789708782,3.125,2.5,2.5,0.5590349830807069,8,8,Reverse,74.8,4.6875,1
1121.27,57.834396,12.307307333333332,57.83439561386612,12.307308561521056,3.3000000000000003,2.5,2.5,0.4471361008288199,7,7,Reverse,74.5,4.95,1
1122.29,57.834400499999994,12.307308833333332,57.83439805693306,12.307308697427194,3.125,2.5,2.5,0.42638104545614564,8,8,Reverse,74.4,4.6875,1
1123.28,57.8344015,12.307310333333332,57.834399778466526,12.307309515380263,3.125,2.5,2.5,0.42812650150773124,8,8,Reverse,74.4,4.6875,1
1124.55,57.834396166666664,12.307312000000001,57.8343979725666,12.307310757690132,3.125,2.5,2.5,0.4342390565265296,8,8,Reverse,74.3,4.6875,1
1125.38,57.834380833333334,12.307306333333335,57.83438940294997,12.307308545511734,3.125,2.5,2.5,0.8604165939035437,8,8,Reverse,74.2,4.6875,1
1126.35,57.834382166666664,12.307307500000002,57.83438578480831,12.307308022755867,3.125,2.5,2.5,1.0047790546934223,8,8,Reverse,73.9,4.6875,1
1127.3,57.834378,12.307303000000001,57.83438189240416,12.307305511377935,3.125,2.5,2.5,1.1416844166336895,8,8,Reverse,73.9,4.6875,1
1128.3,57.83438433333334,12.307304666666669,57.83438311286875,12.307305089022302,3.125,2.5,2.5,0.985052841110143,8,8,Reverse,73.6,4.6875,1
1129.27,57.83438816666667,12.307302666666665,57.83438563976771,12.307303877844483,3.125,2.5,2.5,0.7557125866944296,8,8,Reverse,73.4,4.6875,1
1130.34,57.834384666666665,12.307301333333331,57.834385153217184,12.307302605588907,3.15,2.5,2.5,0.638298792357907,7,7,Reverse,73.3,4.725,1
1131.29,57.834394499999995,12.3072965,57.83438982660859,12.307299552794454,3.15,2.5,2.5,0.7362658174463294,7,7,Reverse,73.2,4.725,1
1132.27,57.83439716666667,12.307298666666668,57.83439349663763,12.307299109730561,3.15,2.5,2.5,0.7962755061475615,7,7,Reverse,73.2,4.725,1
1133.28,57.83439866666666,12.307294000000002,57.834396081652145,12.307296554865282,3.15,2.5,2.5,0.8714939485828982,7,7,Reverse,73.3,4.725,1
1134.35,57.83439,12.307292666666667,57.83439304082607,12.307294610765974,3.15,2.5,2.5,0.7470818312652152,7,7,Reverse,72.9,4.725,1
1135.28,57.834393666666664,12.3072925,57.834393353746364,12.307293555382987,3.15,2.5,2.5,0.6353532202451799,7,7,Reverse,72.6,4.725,1
1136.29,57.834391999999994,12.307288999999999,57.83439267687318,12.307291277691494,3.15,2.5,2.5,0.558541128031199,7,7,Reverse,72.5,4.725,1
1137.28,57.83440399999999,12.307286333333332,57.834398338436586,12.307288805512412,3.15,2.5,2.5,0.7619061537642182,7,7,Reverse,72.4,4.725,1
1138.24,57.83440333333333,12.307289833333334,57.834400835884956,12.307289319422873,3.15,2.5,2.5,0.746291924008576,7,7,Reverse,72.5,4.725,1
1139.29,57.834405,12.3072915,57.83440291794248,12.307290409711436,3.15,2.5,2.5,0.7180053347523574,7,7,Reverse,72.7,4.725,1
1140.26,57.8344145,12.307291166666667,57.83440870897124,12.307290788189052,3.15,2.5,2.5,0.8945745805282064,7,7,Reverse,72.7,4.725,1
1141.29,57.834413833333336,12.307291000000001,57.83441127115229,12.307290894094526,3.15,2.5,2.5,0.9133330414382336,7,7,Reverse,72.6,4.725,1
1142.3,57.83440833333334,12.307295500000002,57.83440980224282,12.307293197047265,3.15,2.5,2.5,0.8221240888427859,7,7,Reverse,72.5,4.725,1
1143.31,57.83440699999999,12.307296166666667,57.8344084011214,12.307294681856966,3.15,2.5,2.5,0.8712534634996404,7,7,Reverse,72.6,4.725,1
1144.3,57.83440283333333,12.307288666666667,57.83440561722737,12.307291674261815,2.925,2.5,2.5,0.776550338922765,8,8,Reverse,72.5,4.387499999999999,1
1145.29,57.83440116666667,12.307291166666667,57.83440339194702,12.307291420464242,2.925,2.5,2.5,0.6711105645306585,8,8,Reverse,72.2,4.387499999999999,1
1146.38,57.83440399999999,12.307290333333333,57.834403695973506,12.307290876898787,3.15,2.5,2.5,0.5944413521855386,7,7,Reverse,72.3,4.725,1
1147.24,57.83440283333333,12.307289333333332,57.83440326465342,12.30729010511606,3.15,2.5,2.5,0.4698954710252376,7,7,Reverse,72.5,4.725,1
1148.32,57.834403,12.307290166666666,57.834403132326706,12.307290135891362,3.15,2.5,2.5,0.41754369183333395,7,7,Reverse,72.7,4.725,1
1149.29,57.83440133333333,12.307289500000001,57.83440223283002,12.307289817945682,3.15,2.5,2.5,0.30946502884782,7,7,Reverse,72.7,4.725,1
1150.3,57.834392333333334,12.307288333333334,57.83439728308168,12.307289075639508,3.15,2.5,2.5,0.45281945526548995,7,7,Reverse,72.9,4.725,1
1151.27,57.83438233333333,12.307282166666669,57.834389808207504,12.307285621153088,3.15,2.5,2.5,0.5655108591678957,7,7,Reverse,72.8,4.725,1
1152.31,57.834371,12.307277,57.83438040410375,12.307281310576544,2.925,2.5,2.5,0.7085518555703622,8,8,Reverse,72.5,4.387499999999999,1
1153.34,57.83435899999999,12.307272000000001,57.83436970205187,12.307276655288273,2.925,2.5,2.5,0.9106438217753543,8,8,Reverse,72.0,4.387499999999999,1
1154.31,57.83434533333334,12.307266499999999,57.8343575176926,12.307271577644135,2.925,2.5,2.5,1.228923543667959,8,8,Reverse,71.8,4.387499999999999,1
1155.29,57.834334000000005,12.307258999999998,57.834345758846304,12.307265288822068,2.925,2.5,2.5,1.5458419502287755,8,8,Forward,71.6,4.387499999999999,1
1156.33,57.834330666666666,12.307254333333333,57.834338212756485,12.3072598110777,2.925,2.5,2.5,1.6286211267595185,8,8,Reverse,71.5,4.387499999999999,1
1157.29,57.834328000000006,12.307248333333332,57.834333106378246,12.307254072205517,2.925,2.5,2.5,1.5637822826656202,8,8,Reverse,71.7,4.387499999999999,1
1158.26,57.83432416666666,12.307245,57.83432863652246,12.307249536102757,3.225,2.5,2.5,1.4541028212998848,7,7,Reverse,71.6,4.8375,1
1159.3,57.83432016666667,12.307243166666668,57.834324401594564,12.307246351384713,3.225,2.5,2.5,1.334315347676092,7,7,Reverse,71.7,4.8375,1
1160.32,57.83431900000001,12.307239666666666,57.83432170079728,12.30724300902569,3.225,2.5,2.5,1.1207499712935196,7,7,Reverse,71.9,4.8375,1
1161.29,57.83431883333333,12.307234666666666,57.83432026706531,12.307238837846178,3.225,2.5,2.5,0.9165351215556721,7,7,Reverse,72.1,4.8375,1
1162.29,57.83431116666667,12.3072305,57.83431571686599,12.307234668923089,3.225,2.5,2.5,0.729612347575884,7,7,Reverse,72.3,4.8375,1
1163.31,57.834306500000004,12.307227166666667,57.834311108433,12.307230917794877,3.225,2.5,2.5,0.5796009928408501,7,7,Reverse,72.5,4.8375,1
1164.29,57.83430133333333,12.307223333333331,57.834306220883164,12.307227125564104,3.225,2.5,2.5,0.476150098879828,7,7,Reverse,72.6,4.8375,1
1165.3,57.834294666666665,12.307224666666665,57.834300443774914,12.307225896115385,3.225,2.5,2.5,0.43247880892172885,7,7,Reverse,72.6,4.8375,1
1166.29,57.83429516666667,12.307222166666667,57.83429780522079,12.307224031391026,3.225,2.5,2.5,0.4612506452891295,7,7,Reverse,72.5,4.8375,1
1167.28,57.834289166666665,12.307223833333333,57.834293485943725,12.307223932362179,3.225,2.5,2.5,0.3838208785296282,7,7,Reverse,72.4,4.8375,1
1168.32,57.834275,12.307229500000002,57.83428424297186,12.307226716181091,3.225,2.5,2.5,0.6442119348423115,7,7,Reverse,72.4,4.8375,1
1169.3,57.834252166666666,12.307230833333332,57.83426820481927,12.307228774757212,3.225,2.5,2.5,1.0183397821025755,7,7,Reverse,72.3,4.8375,1
1170.31,57.83423616666667,12.307236333333332,57.83425218574297,12.307232554045271,2.925,2.5,2.5,1.2747512934077925,8,8,Reverse,73.1,4.387499999999999,1
1171.34,57.83422683333333,12.307242166666667,57.83423950953815,12.30723736035597,2.925,2.5,2.5,1.3021252047859686,8,8,Reverse,73.9,4.387499999999999,1
1172.3,57.83422816666666,12.307242,57.834233838102406,12.307239680177984,2.925,2.5,2.5,1.1759725269920334,8,8,Reverse,74.2,4.387499999999999,1
1173.26,57.83422616666667,12.307240666666667,57.83423000238454,12.307240173422326,3.225,2.5,2.5,1.1509730502062412,7,7,Reverse,73.9,4.8375,1
1174.25,57.83422666666667,12.307238833333335,57.834228334525605,12.307239503377831,3.225,2.5,2.5,1.1177320382366502,7,7,Reverse,73.8,4.8375,1
1175.29,57.8342305,12.307239666666666,57.8342294172628,12.307239585022248,3.225,2.5,2.5,0.9112632625389534,7,7,Reverse,73.5,4.8375,1
1176.4,57.83423533333333,12.307242833333332,57.834232375298065,12.30724120917779,3.225,2.5,2.5,0.7325113528334393,7,7,Reverse,73.3,4.8375,1
1177.27,57.83424183333333,12.307244666666667,57.8342371043157,12.30724293792223,3.225,2.5,2.5,0.572553489528537,7,7,Reverse,73.4,4.8375,1
1178.29,57.834248166666676,12.307248166666666,57.83424263549119,12.307245552294447,3.25,2.5,2.5,0.42323935508561733,7,7,Reverse,73.5,4.875,1
1179.26,57.834256999999994,12.307252333333334,57.834249817745594,12.30724894281389,3.25,2.5,2.5,0.3729661175206047,7,7,Reverse,73.5,4.875,1
1180.29,57.83426883333333,12.307258000000001,57.83425932553946,12.307253471406947,3.25,2.5,2.5,0.4833825561419539,7,7,Reverse,73.9,4.875,1
1181.27,57.834276,12.307261666666667,57.83426766276973,12.307257569036807,3.25,2.5,2.5,0.4993436752425141,7,7,Reverse,74.6,4.875,1
1182.29,57.834282833333326,12.307264000000002,57.834275248051526,12.307260784518403,3.25,2.5,2.5,0.4852551308344947,7,7,Reverse,74.8,4.875,1
1183.27,57.834287833333335,12.307264166666668,57.83428154069243,12.307262475592536,3.25,2.5,2.5,0.425233439241463,7,7,Reverse,75.0,4.875,1
1184.29,57.83429233333333,12.307264833333333,57.834286937012884,12.307263654462934,3.25,2.5,2.5,0.3634115729468188,7,7,Reverse,74.8,4.875,1
1185.29,57.8342995,12.30727,57.83429321850644,12.307266827231468,3.25,2.5,2.5,0.3305076528291169,7,7,Reverse,75.0,4.875,1
1186.3,57.8343025,12.307272166666667,57.83429785925322,12.307269496949068,3.25,2.5,2.5,0.26017366569534095,7,7,Reverse,75.4,4.875,1
1187.29,57.83430683333333,12.307274166666666,57.83430234629328,12.307271831807867,3.25,2.5,2.5,0.20823140419096914,7,7,Reverse,75.4,4.875,1
1188.26,57.83430966666666,12.3072755,57.83430600647997,12.307273665903933,3.25,2.5,2.5,0.1925500474395101,7,7,Reverse,75.5,4.875,1
1189.29,57.83431216666666,12.307276333333334,57.83430908657331,12.307274999618633,3.25,2.5,2.5,0.18115168361682074,7,7,Reverse,75.6,4.875,1
1190.27,57.83431583333333,12.307276833333333,57.834312459953324,12.307275916475984,3.25,2.5,2.5,0.136650382473665,7,7,Reverse,75.5,4.875,1
1191.29,57.83431950000001,12.307278666666665,57.834315979976665,12.307277291571324,3.25,2.5,2.5,0.10524594916168603,7,7,Reverse,75.3,4.875,1
1192.27,57.83432316666667,12.307281,57.834319573321665,12.307279145785662,3.25,2.5,2.5,0.08232970440856559,7,7,Reverse,75.5,4.875,1
1193.32,57.83432766666667,12.307283500000002,57.834323619994166,12.307281322892832,3.25,2.5,2.5,0.09346151115377987,7,7,Reverse,75.9,4.875,1
1194.29,57.8343305,12.307284166666667,57.83432705999709,12.30728274477975,3.25,2.5,2.5,0.06531399791297425,7,7,Reverse,76.2,4.875,1
1195.27,57.834334500000004,12.307286333333332,57.834330779998545,12.30728453905654,3.25,2.5,2.5,0.08079125822857788,7,7,Reverse,76.2,4.875,1
1196.3,57.83433733333333,12.307288166666668,57.83433405666594,12.307286352861604,3.25,2.5,2.5,0.060270170360695326,7,7,Reverse,76.4,4.875,1
1197.3,57.834339833333324,12.307291000000001,57.83433694499963,12.307288676430803,3.25,2.5,2.5,0.038970807027290125,7,7,Reverse,76.6,4.875,1
1198.31,57.83434916666667,12.307293666666665,57.83434305583315,12.307291171548734,3.25,2.5,2.5,0.1306865059125704,7,7,Reverse,76.9,4.875,1
1199.3,57.83435683333334,12.307295666666668,57.834349944583245,12.307293419107701,2.925,2.5,2.5,0.205752815416202,8,8,Reverse,77.2,4.387499999999999,1
1200.28,57.83436233333334,12.307296166666667,57.83435613895829,12.307294792887184,2.925,2.5,2.5,0.15939782312088063,8,8,Reverse,77.4,4.387499999999999,1
1201.32,57.83436433333333,12.307297666666667,57.83436023614581,12.307296229776926,2.925,2.5,2.5,0.12370416382665078,8,8,Reverse,77.4,4.387499999999999,1
1202.29,57.83436733333333,12.307300000000001,57.83436378473957,12.307298114888463,3.25,2.5,2.5,0.11094276728084988,7,7,Reverse,77.4,4.875,1
1203.33,57.83437266666667,12.307300666666666,57.834368225703116,12.307299390777565,3.25,2.5,2.5,0.08857401030681065,7,7,Reverse,77.6,4.875,1
1204.3,57.834379000000006,12.307303333333333,57.834373612851564,12.30730136205545,2.925,2.5,2.5,0.1746465862901117,8,8,Reverse,77.8,4.387499999999999,1
1205.27,57.834383499999994,12.307302666666665,57.834378556425776,12.307302014361056,2.925,2.5,2.5,0.1575382401935675,8,8,Reverse,78.0,4.387499999999999,1
1206.28,57.834388833333335,12.3073035,57.834383694879556,12.307302757180528,2.925,2.5,2.5,0.13670712228764118,8,8,Reverse,78.0,4.387499999999999,1
1207.24,57.834394499999995,12.307306000000002,57.834389097439775,12.307304378590265,2.925,2.5,2.5,0.1613942582617493,8,8,Reverse,78.2,4.387499999999999,1
1208.32,57.83439766666667,12.307307833333335,57.83439338205322,12.3073061059618,2.925,2.5,2.5,0.14921724319990656,8,8,Reverse,78.4,4.387499999999999,1
1209.26,57.834399166666664,12.307306833333334,57.834396274359946,12.307306469647568,2.925,2.5,2.5,0.1821149344691683,8,8,Reverse,78.4,4.387499999999999,1
1210.3,57.834402,12.307307333333332,57.83439913717997,12.307306901490449,2.925,2.5,2.5,0.1796920280719895,8,8,Reverse,78.2,4.387499999999999,1
1211.29,57.8344045,12.307306833333334,57.83440181858998,12.307306867411892,2.925,2.5,2.5,0.1616885233878976,8,8,Reverse,78.4,4.387499999999999,1
1212.3,57.83440883333333,12.307308166666667,57.834405325961654,12.307307517039279,2.925,2.5,2.5,0.16828504280728115,8,8,Reverse,78.3,4.387499999999999,1
1213.3,57.83441183333333,12.3073095,57.834408579647494,12.30730850851964,2.925,2.5,2.5,0.20731635230956058,8,8,Reverse,78.6,4.387499999999999,1
1214.29,57.83441583333333,12.307309166666668,57.83441220649041,12.307308837593155,2.925,2.5,2.5,0.2633141052665834,8,8,Reverse,78.5,4.387499999999999,1
1215.34,57.83441933333334,12.307308333333333,57.83441576991187,12.307308585463243,2.925,2.5,2.5,0.32011277489872786,8,8,Reverse,78.6,4.387499999999999,1
1216.32,57.83442133333333,12.307308,57.834418551622605,12.307308292731623,2.925,2.5,2.5,0.3265299567111294,8,8,Reverse,78.6,4.387499999999999,1
1217.27,57.834422499999995,12.307306500000001,57.834420525811296,12.307307396365811,2.925,2.5,2.5,0.3188408369042461,8,8,Reverse,78.8,4.387499999999999,1
1218.29,57.83442566666666,12.307307833333335,57.83442309623898,12.307307614849574,2.925,2.5,2.5,0.28082125694011745,8,8,Reverse,78.7,4.387499999999999,1
1219.32,57.83442616666666,12.307309000000002,57.83442463145282,12.307308307424787,2.925,2.5,2.5,0.25387693818997437,8,8,Reverse,78.8,4.387499999999999,1
1220.3,57.834429,12.307308833333332,57.83442681572641,12.30730857037906,3.25,2.5,2.5,0.24733536805599665,8,8,Reverse,79.0,4.875,1
1221.29,57.834433999999995,12.307307166666666,57.8344304078632,12.307307868522862,2.925,2.5,2.5,0.3931910609081087,8,8,Reverse,79.1,4.387499999999999,1
1222.24,57.834439999999994,12.307304333333331,57.8344352039316,12.307306100928097,2.925,2.5,2.5,0.623079208918464,8,8,Reverse,79.0,4.387499999999999,1
1223.3,57.83444299999999,12.307299666666665,57.8344391019658,12.307302883797382,2.925,2.5,2.5,0.7218349234353484,8,8,Reverse,78.9,4.387499999999999,1
1224.26,57.83444366666666,12.307294833333334,57.83444138431623,12.307298858565357,2.925,2.5,2.5,0.7565015920792432,8,8,Reverse,78.9,4.387499999999999,1
1225.25,57.8344475,12.307292833333333,57.834444442158116,12.307295845949346,2.925,2.5,2.5,0.8073982093289658,8,8,Reverse,78.8,4.387499999999999,1
1226.27,57.83445116666667,12.307288666666667,57.83444780441239,12.307292256308006,2.925,2.5,2.5,0.909943421149878,8,8,Reverse,78.7,4.387499999999999,1
1227.34,57.83445516666667,12.307290333333333,57.83445148553953,12.307291294820669,2.925,2.5,2.5,0.9971399164704964,8,8,Reverse,78.5,4.387499999999999,1
1228.29,57.8344565,12.307287666666666,57.83445399276977,12.307289480743668,2.925,2.5,2.5,0.9837438866636002,8,8,Reverse,78.3,4.387499999999999,1
1229.33,57.83445833333334,12.307283666666669,57.83445616305155,12.307286573705168,2.925,2.5,2.5,0.9865713792819064,8,8,Reverse,78.2,4.387499999999999,1
1230.32,57.83445866666666,12.307282833333334,57.83445741485911,12.307284703519251,2.925,2.5,2.5,0.9256749833216372,8,8,Reverse,78.2,4.387499999999999,1
1231.27,57.83446116666667,12.307282000000002,57.83445929076289,12.307283351759626,2.925,2.5,2.5,0.8322613404998943,8,8,Reverse,78.0,4.387499999999999,1
1232.27,57.834464,12.307283500000002,57.834461645381445,12.307283425879815,2.925,2.5,2.5,0.7527743477572941,8,8,Reverse,78.1,4.387499999999999,1
1233.25,57.834464499999996,12.307287166666667,57.83446307269072,12.30728529627324,2.925,2.5,2.5,0.661674278798297,8,8,Reverse,78.1,4.387499999999999,1
1234.27,57.83446433333334,12.307288666666667,57.83446370301203,12.307286981469954,2.925,2.5,2.5,0.5343877331358928,8,8,Reverse,78.1,4.387499999999999,1
1235.3,57.83446466666666,12.307287833333332,57.83446418483935,12.307287407401642,2.925,2.5,2.5,0.4210353540836131,8,8,Reverse,78.1,4.387499999999999,1
1236.37,57.834466000000006,12.3072855,57.83446509241968,12.307286453700822,2.925,2.5,2.5,0.32200904775266453,8,8,Reverse,77.9,4.387499999999999,1
1237.32,57.83446683333333,12.307285333333335,57.8344659628765,12.307285893517077,2.925,2.5,2.5,0.23754391588606116,8,8,Reverse,77.8,4.387499999999999,1
1238.28,57.83446683333333,12.307285333333335,57.834466398104915,12.307285613425206,2.925,2.5,2.5,0.17350871152504782,8,8,Reverse,77.7,4.387499999999999,1
1239.36,57.83446683333333,12.307284333333333,57.83446661571912,12.30728497337927,2.925,2.5,2.5,0.1565315864160894,8,8,Reverse,77.6,4.387499999999999,1
1240.29,57.834468666666666,12.307283500000002,57.834467641192894,12.307284236689636,2.925,2.5,2.5,0.15483291459550935,8,8,Reverse,77.4,4.387499999999999,1
1241.27,57.83446933333333,12.307283500000002,57.834468487263116,12.30728386834482,2.925,2.5,2.5,0.12251297530629512,8,8,Reverse,77.2,4.387499999999999,1
1242.28,57.834469000000006,12.307284000000001,57.83446874363156,12.30728393417241,2.925,2.5,2.5,0.12058194100764762,8,8,Reverse,77.1,4.387499999999999,1
1243.3,57.83446933333333,12.307285000000002,57.834469038482446,12.307284467086205,2.925,2.5,2.5,0.11777029397669926,8,8,Reverse,76.9,4.387499999999999,1
1244.3,57.834469166666665,12.307286166666666,57.83446910257455,12.307285316876436,2.925,2.5,2.5,0.1309772315983601,8,8,Reverse,77.0,4.387499999999999,1
1245.29,57.834467833333335,12.307288333333334,57.83446846795395,12.307286825104885,2.925,2.5,2.5,0.12513818646302702,8,8,Reverse,77.0,4.387499999999999,1
1246.3,57.83446633333333,12.307288999999999,57.83446740064364,12.307287912552441,2.925,2.5,2.5,0.142975742014568,8,8,Reverse,76.8,4.387499999999999,1
1247.29,57.83446433333334,12.307290166666666,57.83446586698849,12.307289039609554,2.925,2.5,2.5,0.16318495280072637,8,8,Reverse,76.8,4.387499999999999,1
1248.24,57.83446300000001,12.3072915,57.83446443349425,12.307290269804778,2.925,2.5,2.5,0.1846750959117549,8,8,Reverse,76.8,4.387499999999999,1
1249.29,57.834461,12.307290666666665,57.83446271674712,12.30729046823572,2.925,2.5,2.5,0.2487792123328994,8,8,Reverse,76.8,4.387499999999999,1
1250.29,57.8344595,12.30729,57.83446110837356,12.307290234117861,2.925,2.5,2.5,0.2706938590766795,8,8,Reverse,76.6,4.387499999999999,1
1251.32,57.834459,12.307291000000001,57.834460054186785,12.30729061705893,2.925,2.5,2.5,0.26189666247808824,8,8,Reverse,76.4,4.387499999999999,1
1252.27,57.83446000000001,12.307293166666666,57.83446002709339,12.307291891862798,2.925,2.5,2.5,0.32943013306333624,8,8,Reverse,76.4,4.387499999999999,1
1253.3,57.8344595,12.307294833333334,57.8344597635467,12.307293362598067,2.925,2.5,2.5,0.34702834584709746,8,8,Reverse,76.6,4.387499999999999,1
1254.33,57.834461833333336,12.307295333333332,57.83446079844002,12.3072943479657,2.925,2.5,2.5,0.3714360440809282,8,8,Reverse,76.5,4.387499999999999,1
1255.26,57.83446383333333,12.307297166666668,57.834462315886675,12.307295757316183,2.925,2.5,2.5,0.3781558615191449,8,8,Reverse,76.6,4.387499999999999,1
1256.27,57.834464833333335,12.307296666666666,57.834463574610005,12.307296211991424,2.925,2.5,2.5,0.4039074912128813,8,8,Reverse,76.8,4.387499999999999,1
1257.29,57.83446533333334,12.307296833333332,57.83446445397167,12.307296522662378,2.925,2.5,2.5,0.34112093901364776,8,8,Reverse,76.7,4.387499999999999,1
1258.29,57.83446633333333,12.307298,57.8344653936525,12.30729726133119,2.925,2.5,2.5,0.37322913691759174,8,8,Reverse,76.8,4.387499999999999,1
1259.3,57.83446666666667,12.307299,57.83446603015959,12.307298130665595,2.925,2.5,2.5,0.3343180274911282,8,8,Reverse,76.9,4.387499999999999,1
1260.32,57.83446516666666,12.3072975,57.834465598413125,12.307297815332797,2.925,2.5,2.5,0.3508936905067498,8,8,Reverse,77.2,4.387499999999999,1
1261.29,57.83446633333333,12.307299833333332,57.83446596587323,12.307298824333065,2.925,2.5,2.5,0.45653396565883364,8,8,Reverse,76.9,4.387499999999999,1
1262.3,57.83446349999999,12.307297166666668,57.83446473293661,12.307297995499866,2.925,2.5,2.5,0.5404523385055824,8,8,Reverse,77.0,4.387499999999999,1
1263.34,57.83446049999999,12.307296833333332,57.8344626164683,12.307297414416599,2.925,2.5,2.5,0.44047596854146526,8,8,Reverse,76.8,4.387499999999999,1
1264.26,57.83446049999999,12.307299,57.834461558234146,12.3072982072083,2.925,2.5,2.5,0.4341713036404325,8,8,Reverse,76.3,4.387499999999999,1
1265.25,57.8344585,12.3072975,57.83446002911707,12.307297853604151,2.925,2.5,2.5,0.40733401150475124,8,8,Reverse,76.6,4.387499999999999,1
1266.28,57.83445983333333,12.307297666666667,57.8344599312252,12.307297760135409,2.925,2.5,2.5,0.5632965160853315,8,8,Reverse,76.1,4.387499999999999,1
1267.3,57.8344595,12.307292166666665,57.8344597156126,12.307294963401036,2.925,2.5,2.5,0.7804121559143042,8,8,Reverse,75.8,4.387499999999999,1
1268.32,57.834462833333326,12.307292833333333,57.834461274472964,12.307293898367185,2.925,2.5,2.5,0.7778030510802361,8,8,Reverse,75.5,4.387499999999999,1
1269.3,57.83446216666666,12.307291166666667,57.83446172056981,12.307292532516927,2.925,2.5,2.5,0.6871676216899493,8,8,Reverse,75.7,4.387499999999999,1
1270.32,57.83446083333333,12.307284666666666,57.83446127695157,12.307288599591796,2.925,2.5,2.5,1.0324382243225283,8,8,Reverse,75.4,4.387499999999999,1
1271.3,57.83445983333333,12.307279000000001,57.83446055514245,12.307283799795899,2.925,2.5,2.5,1.0729051313508522,8,8,Reverse,75.9,4.387499999999999,1
1272.31,57.83446066666667,12.307278,57.83446061090456,12.307280899897949,2.925,2.5,2.5,0.8819344390652306,8,8,Reverse,75.6,4.387499999999999,1
1273.34,57.83446049999999,12.307277666666668,57.834460555452274,12.307279283282309,2.925,2.5,2.5,0.7151754329134153,8,8,Reverse,75.5,4.387499999999999,1
1274.33,57.834464499999996,12.307281166666666,57.83446252772614,12.307280224974487,2.925,2.5,2.5,0.8564808213309167,8,8,Reverse,75.5,4.387499999999999,1
1275.33,57.83446233333334,12.307278833333331,57.83446243052974,12.30727952915391,2.925,2.5,2.5,0.7892567782634698,8,8,Reverse,75.7,4.387499999999999,1
1276.28,57.834461,12.307277666666668,57.834461715264865,12.307278597910289,2.925,2.5,2.5,0.695361481070632,8,8,Reverse,75.4,4.387499999999999,1
1277.29,57.834458833333336,12.307275666666666,57.834460274299104,12.307277132288476,2.925,2.5,2.5,0.7408206822240115,8,8,Reverse,75.3,4.387499999999999,1
1278.32,57.83446216666666,12.307277500000001,57.83446122048288,12.307277316144239,2.925,2.5,2.5,0.8847883354364247,8,8,Reverse,75.0,4.387499999999999,1
1279.3,57.834459,12.307273166666668,57.834460110241444,12.307275241405454,2.925,2.5,2.5,0.9252396846759009,8,8,Reverse,74.7,4.387499999999999,1
1280.27,57.834458833333336,12.307272000000001,57.83445947178739,12.307273620702727,2.925,2.5,2.5,0.8134265420867405,8,8,Reverse,73.8,4.387499999999999,1
1281.28,57.834458833333336,12.307272666666666,57.83445915256036,12.307273143684696,2.925,2.5,2.5,0.6176352888548783,8,8,Reverse,73.8,4.387499999999999,1
1282.29,57.83445566666666,12.307270666666666,57.83445740961351,12.307271905175682,2.925,2.5,2.5,0.7136016337920417,8,8,Reverse,73.6,4.387499999999999,1
1283.24,57.83445766666667,12.307271833333335,57.83445753814009,12.307271869254508,2.925,2.5,2.5,0.6409478653788363,8,8,Reverse,73.2,4.387499999999999,1
1284.26,57.83446049999999,12.3072765,57.83445901907004,12.307274184627254,2.925,2.5,2.5,0.5406644223016375,8,8,Reverse,73.5,4.387499999999999,1
1285.29,57.83445833333334,12.307277833333334,57.83445867620169,12.307276008980294,2.925,2.5,2.5,0.5281176944271768,8,8,Reverse,74.1,4.387499999999999,1
1286.29,57.83445766666667,12.307280500000001,57.83445817143418,12.307278254490148,2.925,2.5,2.5,0.4572160483930583,8,8,Reverse,73.7,4.387499999999999,1
1287.26,57.834459,12.307282500000001,57.834458585717094,12.307280377245075,2.925,2.5,2.5,0.34260458695744633,8,8,Reverse,73.8,4.387499999999999,1
1288.29,57.83445783333333,12.307285333333335,57.83445820952521,12.307282855289204,2.925,2.5,2.5,0.26269813462746516,8,8,Reverse,74.1,4.387499999999999,1
1289.27,57.834455,12.307289666666668,57.83445660476261,12.307286260977936,2.925,2.5,2.5,0.2076798333184545,8,8,Reverse,74.1,4.387499999999999,1
1290.31,57.83445416666667,12.307290833333331,57.834455385714634,12.307288547155634,2.9499999999999997,2.5,2.5,0.17397006064813303,8,8,Reverse,73.9,4.425,1
1291.27,57.83445449999999,12.307293166666666,57.83445494285731,12.30729085691115,2.9499999999999997,2.5,2.5,0.13227268997478517,8,8,Reverse,73.7,4.425,1
1292.29,57.83445316666666,12.307294500000001,57.83445405476199,12.307292678455575,2.9499999999999997,2.5,2.5,0.14278757136445092,8,8,Reverse,73.7,4.425,1
1293.27,57.83445233333334,12.307295666666668,57.83445319404766,12.307294172561122,2.9499999999999997,2.5,2.5,0.12269784298414539,8,8,Reverse,73.6,4.425,1
1294.33,57.83445183333333,12.307297000000002,57.8344525136905,12.307295586280562,2.9499999999999997,2.5,2.5,0.10562717152826727,8,8,Reverse,73.6,4.425,1
1295.25,57.83445100000001,12.307297666666667,57.834451756845255,12.307296626473615,2.9499999999999997,2.5,2.5,0.07318717679416005,8,8,Reverse,73.7,4.425,1
1296.26,57.83445016666666,12.3072995,57.834450961755955,12.307298063236807,2.9499999999999997,2.5,2.5,0.10241814403596179,8,8,Reverse,73.7,4.425,1
1297.31,57.83444883333333,12.307300999999999,57.834449897544644,12.307299531618403,2.9499999999999997,2.5,2.5,0.07733034841704295,8,8,Reverse,73.8,4.425,1
1298.27,57.834447,12.307302,57.83444844877232,12.3073007658092,2.9499999999999997,2.5,2.5,0.10311528662092587,8,8,Reverse,73.9,4.425,1
1299.37,57.83444716666666,12.307302166666666,57.83444780771949,12.307301466237934,2.9499999999999997,2.5,2.5,0.09959688832474059,8,8,Reverse,73.8,4.425,1
1300.27,57.83444716666666,12.307302833333331,57.83444748719308,12.307302149785633,2.9499999999999997,2.5,2.5,0.09194409805418019,8,8,Reverse,73.9,4.425,1
1301.31,57.83444849999999,12.307303333333333,57.834447993596534,12.307302741559482,2.9499999999999997,2.5,2.5,0.06898914855603672,8,8,Reverse,73.9,4.425,1
1302.26,57.83445033333334,12.307304833333335,57.83444916346494,12.30730378744641,2.9499999999999997,2.5,2.5,0.13268465419636918,8,8,Reverse,74.0,4.425,1
1303.29,57.83445,12.3073055,57.83444958173247,12.307304643723205,2.9499999999999997,2.5,2.5,0.15796178162676358,8,8,Reverse,74.3,4.425,1
1304.32,57.83444966666666,12.307305000000001,57.834449624199564,12.307304821861603,2.9499999999999997,2.5,2.5,0.15213067027060054,8,8,Reverse,74.3,4.425,1
1305.26,57.83444716666666,12.307304333333331,57.834448395433114,12.307304577597467,2.9499999999999997,2.5,2.5,0.1374152769038186,8,8,Reverse,74.3,4.425,1
1306.3,57.8344475,12.307303333333333,57.834447947716555,12.3073039554654,2.9499999999999997,2.5,2.5,0.10751627591952095,8,8,Reverse,74.1,4.425,1
1307.27,57.83444783333333,12.307304166666665,57.83444789052494,12.307304061066032,2.9499999999999997,2.5,2.5,0.12221606216828063,8,8,Reverse,74.1,4.425,1
1308.29,57.83444916666667,12.307306166666669,57.83444852859581,12.30730511386635,2.9499999999999997,2.5,2.5,0.11996908514696525,8,8,Reverse,74.4,4.425,1
1309.36,57.834448,12.307306333333335,57.834448264297905,12.307305723599843,2.9499999999999997,2.5,2.5,0.10520402169329554,8,8,Reverse,74.9,4.425,1
1310.35,57.83444883333333,12.307307166666666,57.83444854881562,12.307306445133253,2.9499999999999997,2.5,2.5,0.14237774930228006,8,8,Reverse,74.9,4.425,1
1311.32,57.83444966666666,12.307308,57.834449107741136,12.307307222566628,2.9499999999999997,2.5,2.5,0.3472094957052573,8,8,Reverse,75.0,4.425,1
1312.3,57.83445066666666,12.307309000000002,57.8344498872039,12.307308111283314,2.9499999999999997,2.5,2.5,0.40485975134638263,8,8,Reverse,74.8,4.425,1
1313.28,57.83445033333334,12.307308,57.83445011026862,12.307308055641657,2.9499999999999997,2.5,2.5,0.4739945910424609,8,8,Reverse,74.9,4.425,1
1314.28,57.8344505,12.307305000000001,57.83445030513431,12.30730652782083,2.9499999999999997,2.5,2.5,0.5218365995167792,8,8,Reverse,74.9,4.425,1
1315.29,57.83445116666667,12.307303166666667,57.83445073590049,12.30730484724375,2.9499999999999997,2.5,2.5,0.42703341034507514,8,8,Reverse,74.7,4.425,1
1316.32,57.83445100000001,12.3073035,57.83445086795025,12.307304173621874,2.9499999999999997,2.5,2.5,0.3555558169640177,8,8,Reverse,74.6,4.425,1
1317.29,57.83445016666666,12.3073035,57.834450517308454,12.307303836810936,2.9499999999999997,2.5,2.5,0.32254151928903974,8,8,Reverse,74.5,4.425,1
1318.29,57.8344505,12.307303999999998,57.83445050865423,12.307303918405468,2.9499999999999997,2.5,2.5,0.2938228543788886,8,8,Reverse,74.5,4.425,1
1319.29,57.83445,12.307303666666666,57.834450254327116,12.307303792536066,2.9499999999999997,2.5,2.5,0.32568225668631673,8,8,Reverse,74.5,4.425,1
1320.3,57.83445116666667,12.307303999999998,57.83445071049689,12.307303896268033,3.125,2.5,2.5,0.30674690530439286,7,7,Reverse,74.4,4.6875,1
1321.32,57.83445066666666,12.307303999999998,57.834450688581775,12.307303948134015,3.125,2.5,2.5,0.2964684724122156,7,7,Reverse,74.4,4.6875,1
1322.29,57.83445100000001,12.3073055,57.83445084429089,12.307304724067007,3.125,2.5,2.5,0.2475497151217796,7,7,Reverse,74.3,4.6875,1
1323.32,57.83445,12.307305333333334,57.834450422145444,12.30730502870017,3.125,2.5,2.5,0.2707380271221879,7,7,Reverse,74.5,4.6875,1
1324.26,57.83444816666667,12.3073055,57.834449294406056,12.307305264350086,3.125,2.5,2.5,0.21298490454038838,7,7,Reverse,74.5,4.6875,1
1325.29,57.83444783333333,12.307304166666665,57.83444856386969,12.307304715508375,3.125,2.5,2.5,0.2076874833801956,7,7,Reverse,74.4,4.6875,1
1326.3,57.83444866666667,12.307304500000003,57.83444861526818,12.307304607754189,3.125,2.5,2.5,0.32602755857789106,7,7,Reverse,74.4,4.6875,1
1327.28,57.83445,12.307305333333334,57.83444930763409,12.307304970543761,3.125,2.5,2.5,0.37474556068402504,7,7,Reverse,74.3,4.6875,1
1328.3,57.83445016666666,12.307304333333331,57.83444973715038,12.307304651938546,3.125,2.5,2.5,0.34645371468464986,7,7,Reverse,74.4,4.6875,1
1329.29,57.83445083333333,12.307304666666669,57.83445028524185,12.307304659302607,3.125,2.5,2.5,0.2945455263875564,7,7,Reverse,74.3,4.6875,1
1330.29,57.83445116666667,12.307305666666666,57.83445072595426,12.307305162984637,3.125,2.5,2.5,0.27874613535585985,7,7,Reverse,74.3,4.6875,1
1331.29,57.83445083333333,12.307305166666668,57.834450779643795,12.307305164825653,3.125,2.5,2.5,0.24659653976532359,7,7,Reverse,74.1,4.6875,1
1332.34,57.8344535,12.307306333333335,57.8344521398219,12.307305749079493,3.125,2.5,2.5,0.2126043922106561,7,7,Reverse,74.1,4.6875,1
1333.28,57.83445466666667,12.307305666666666,57.83445340324428,12.30730570787308,3.125,2.5,2.5,0.24774338505204138,7,7,Reverse,74.2,4.6875,1
1334.3,57.83445516666667,12.307307333333332,57.83445428495548,12.307306520603206,3.125,2.5,2.5,0.23693012749020745,7,7,Reverse,74.1,4.6875,1
1335.3,57.83445400000001,12.307307500000002,57.834454142477746,12.307307010301605,3.125,2.5,2.5,0.2721379063165244,7,7,Reverse,73.9,4.6875,1
1336.3,57.83445516666667,12.307309333333334,57.834454654572205,12.30730817181747,3.125,2.5,2.5,0.2708643252968283,7,7,Reverse,73.5,4.6875,1
1337.29,57.8344565,12.307309333333334,57.83445557728611,12.307308752575402,3.125,2.5,2.5,0.22864413532915936,7,7,Reverse,73.1,4.6875,1
1338.32,57.83445766666667,12.3073095,57.834456621976386,12.3073091262877,2.9499999999999997,2.5,2.5,0.18379181047301926,8,8,Reverse,73.3,4.425,1
1339.35,57.83445700000001,12.307308333333333,57.8344568109882,12.307308729810517,2.9499999999999997,2.5,2.5,0.1887809396930587,8,8,Reverse,73.3,4.425,1
1340.29,57.83445616666666,12.307307166666666,57.83445648882743,12.307307948238591,2.9499999999999997,2.5,2.5,0.16904794012867508,8,8,Reverse,72.9,4.425,1
1341.31,57.834456,12.307306333333335,57.834456244413715,12.307307140785964,2.9499999999999997,2.5,2.5,0.18775747034188897,8,8,Reverse,72.3,4.425,1
1342.26,57.83445666666667,12.307305000000001,57.83445645554019,12.307306070392983,3.125,2.5,2.5,0.21963666466890025,7,7,Reverse,72.1,4.6875,1
1343.4,57.83445766666667,12.307305166666668,57.834457061103436,12.307305618529824,3.125,2.5,2.5,0.18752169804320545,7,7,Reverse,72.1,4.6875,1
1344.28,57.834458833333336,12.307305000000001,57.83445794721838,12.307305309264914,3.125,2.5,2.5,0.16128760492682181,7,7,Reverse,72.2,4.6875,1
1345.26,57.8344585,12.307304333333331,57.83445822360919,12.307304821299121,3.125,2.5,2.5,0.1805565410236667,7,7,Reverse,72.1,4.6875,1
1346.31,57.8344555,12.307302499999999,57.8344568618046,12.307303660649561,3.125,2.5,2.5,0.44683892264772707,7,7,Reverse,71.9,4.6875,1
1347.3,57.83445316666666,12.307298666666668,57.83445501423563,12.307301163658114,3.125,2.5,2.5,0.4009709978972309,7,7,Reverse,71.6,4.6875,1
1348.3,57.83445333333334,12.3072975,57.834454173784486,12.307299331829057,2.9499999999999997,2.5,2.5,0.37409811439063434,8,8,Reverse,70.5,4.425,1
1349.29,57.83445416666667,12.3072965,57.83445417022558,12.307297915914528,2.9499999999999997,2.5,2.5,0.41997371901117336,8,8,Reverse,69.6,4.425,1
1350.33,57.83445566666666,12.3072965,57.83445491844612,12.307297207957264,2.9499999999999997,2.5,2.5,0.3901701863349297,8,8,Reverse,69.1,4.425,1
1351.29,57.83445533333334,12.307296000000001,57.834455125889725,12.307296603978633,2.9499999999999997,2.5,2.5,0.37043176249205245,8,8,Reverse,68.7,4.425,1
1352.32,57.83445533333334,12.307296666666666,57.834455229611535,12.307296635322649,2.9499999999999997,2.5,2.5,0.349189519471012,8,8,Reverse,68.0,4.425,1
1353.32,57.83445366666667,12.307295166666666,57.8344544481391,12.307295900994658,2.9499999999999997,2.5,2.5,0.29280384279731236,8,8,Reverse,67.8,4.425,1
1354.3,57.83445083333333,12.307293,57.83445264073622,12.307294450497329,2.9499999999999997,2.5,2.5,0.22982731479087593,8,8,Reverse,67.1,4.425,1
1355.28,57.83445033333334,12.307295166666666,57.83445148703478,12.307294808581997,2.9499999999999997,2.5,2.5,0.2097881578734022,8,8,Reverse,66.3,4.425,1
1356.27,57.83444866666667,12.307293666666665,57.83445007685072,12.307294237624332,3.125,2.5,2.5,0.26177154038539296,7,7,Reverse,66.3,4.6875,1
1357.26,57.83444833333333,12.307292333333331,57.83444920509203,12.307293285478831,2.9499999999999997,2.5,2.5,0.2297607540540731,8,8,Reverse,65.8,4.425,1
1358.34,57.83444916666667,12.307293666666665,57.83444918587935,12.307293476072747,2.9499999999999997,2.5,2.5,0.20741406485898506,8,8,Reverse,65.4,4.425,1
1359.3,57.83444983333334,12.307295666666668,57.834449509606344,12.307294571369708,2.9499999999999997,2.5,2.5,0.1865720616953216,8,8,Reverse,65.5,4.425,1
1360.3,57.83445,12.307296333333333,57.83444975480317,12.307295452351521,2.9499999999999997,2.5,2.5,0.20581967814739524,8,8,Reverse,65.6,4.425,1
1361.29,57.83445033333334,12.3072965,57.834450044068255,12.30729597617576,2.9499999999999997,2.5,2.5,0.177689513846991,8,8,Reverse,65.8,4.425,1
1362.29,57.83445033333334,12.307297000000002,57.8344501887008,12.30729648808788,2.9499999999999997,2.5,2.5,0.164295211701473,8,8,Reverse,66.2,4.425,1
1363.42,57.83445033333334,12.3072975,57.834450261017075,12.307296994043941,2.9499999999999997,2.5,2.5,0.14584392953514957,8,8,Reverse,66.4,4.425,1
1364.39,57.83444933333333,12.307297833333333,57.8344497971752,12.307297413688637,2.9499999999999997,2.5,2.5,0.13348989148338344,8,8,Reverse,66.8,4.425,1
1365.33,57.83444849999999,12.307297833333333,57.834449148587595,12.307297623510985,2.9499999999999997,2.5,2.5,0.12167931105440818,8,8,Reverse,67.0,4.425,1
1366.27,57.83444899999999,12.307298833333334,57.834449074293794,12.307298228422159,2.9499999999999997,2.5,2.5,0.12997457764469578,8,8,Reverse,67.1,4.425,1
1367.28,57.83445016666666,12.307300000000001,57.83444962048023,12.30729911421108,2.9499999999999997,2.5,2.5,0.15944969367412998,8,8,Reverse,67.5,4.425,1
1368.29,57.83445016666666,12.307300833333333,57.83444989357345,12.307299973772206,2.9499999999999997,2.5,2.5,0.17252731414374137,8,8,Reverse,67.9,4.425,1
1369.33,57.83445033333334,12.3073005,57.83445011345339,12.307300236886103,2.9499999999999997,2.5,2.5,0.20896757167158275,8,8,Reverse,68.0,4.425,1
1370.28,57.83444983333334,12.307300000000001,57.83444997339337,12.307300118443052,2.9499999999999997,2.5,2.5,0.20004377212146365,8,8,Reverse,68.2,4.425,1
1371.27,57.8344495,12.307300000000001,57.83444973669668,12.307300059221527,2.9499999999999997,2.5,2.5,0.1584919494248118,8,8,Reverse,68.3,4.425,1
1372.27,57.83444866666667,12.307299166666667,57.83444920168167,12.307299612944098,2.9499999999999997,2.5,2.5,0.21057279428475462,8,8,Reverse,68.1,4.425,1
1373.29,57.83444966666666,12.307299,57.83444943417417,12.307299306472048,2.9499999999999997,2.5,2.5,0.21643902900596912,8,8,Reverse,68.1,4.425,1
1374.33,57.83444916666667,12.307298166666666,57.83444930042042,12.307298736569358,2.9499999999999997,2.5,2.5,0.17936184391369453,8,8,Reverse,68.1,4.425,1
1375.32,57.8344505,12.3072975,57.83444990021021,12.30729811828468,2.9499999999999997,2.5,2.5,0.21764796233945954,8,8,Reverse,67.9,4.425,1
1376.3,57.83445100000001,12.307297166666668,57.83445045010511,12.307297642475673,2.9499999999999997,2.5,2.5,0.19574922174650164,8,8,Reverse,67.5,4.425,1
1377.29,57.83445066666666,12.307295833333335,57.83445055838589,12.307296737904505,2.9499999999999997,2.5,2.5,0.17265992921235623,8,8,Reverse,67.4,4.425,1
1378.3,57.8344505,12.307295666666668,57.83445052919294,12.307296202285587,2.9499999999999997,2.5,2.5,0.1894600572929397,8,8,Reverse,67.5,4.425,1
1379.26,57.83445016666666,12.307296000000001,57.8344503479298,12.307296101142793,2.9499999999999997,2.5,2.5,0.1760060090708083,8,8,Reverse,67.7,4.425,1
1380.27,57.83444983333334,12.307295500000002,57.83445009063157,12.307295800571397,2.9499999999999997,2.5,2.5,0.1548794727743195,8,8,Reverse,67.7,4.425,1
1381.4,57.83445083333333,12.307295833333335,57.83445046198245,12.307295816952367,2.9499999999999997,2.5,2.5,0.13492151574643102,8,8,Reverse,67.7,4.425,1
1382.29,57.83445283333334,12.3072965,57.83445164765789,12.307296158476182,2.9499999999999997,2.5,2.5,0.20897148572757218,8,8,Reverse,67.9,4.425,1
1383.28,57.83445199999999,12.307296333333333,57.83445182382894,12.307296245904759,2.9499999999999997,2.5,2.5,0.20298161940423223,8,8,Reverse,68.0,4.425,1
1384.31,57.83445416666667,12.307298,57.83445299524781,12.307297122952379,2.9499999999999997,2.5,2.5,0.4063041227939814,8,8,Reverse,67.7,4.425,1
1385.3,57.8344555,12.307297833333333,57.8344542476239,12.307297478142855,2.9499999999999997,2.5,2.5,0.4873897562190892,8,8,Reverse,67.8,4.425,1
1386.29,57.83445666666667,12.307299,57.83445545714528,12.307298239071429,2.9499999999999997,2.5,2.5,0.5618210307477792,8,8,Reverse,67.6,4.425,1
1387.27,57.83445916666666,12.307298500000002,57.83445731190597,12.307298369535715,2.9499999999999997,2.5,2.5,0.6600216961896799,7,7,Reverse,67.3,4.425,1
1388.29,57.83445933333334,12.307298,57.83445832261966,12.307298184767857,2.9499999999999997,2.5,2.5,0.5313254600750458,7,7,Reverse,67.2,4.425,1
1389.27,57.834460166666666,12.307298833333334,57.83445924464316,12.307298509050595,2.9499999999999997,2.5,2.5,0.44744777082240866,7,7,Reverse,67.0,4.425,1
1390.24,57.834460166666666,12.307298666666668,57.834459705654915,12.307298587858632,2.9499999999999997,2.5,2.5,0.38847617656956646,7,7,Reverse,67.1,4.425,1
1391.28,57.83446000000001,12.307296666666666,57.83445985282746,12.307297627262649,2.9499999999999997,2.5,2.5,0.3725353953384272,7,7,Reverse,67.2,4.425,1
1392.25,57.83445866666666,12.307298,57.834459259747064,12.307297813631324,2.9499999999999997,2.5,2.5,0.46275544351264464,7,7,Reverse,66.8,4.425,1
1393.27,57.83445983333333,12.307299,57.834459546540195,12.307298406815661,2.9499999999999997,2.5,2.5,0.4202225454425273,7,7,Reverse,66.9,4.425,1
1394.26,57.83446066666667,12.307297666666667,57.83446010660343,12.307298036741164,2.9499999999999997,2.5,2.5,0.40817858121529127,7,7,Reverse,67.3,4.425,1
1395.3,57.83446166666666,12.307294833333334,57.83446088663505,12.30729643503725,2.9499999999999997,2.5,2.5,0.44917348985049477,7,7,Reverse,67.6,4.425,1
1396.24,57.83446133333334,12.307294666666667,57.83446110998419,12.307295550851958,2.9499999999999997,2.5,2.5,0.41898923881913325,7,7,Reverse,68.0,4.425,1
1397.24,57.834462833333326,12.307298166666666,57.83446197165876,12.307296858759312,2.9499999999999997,2.5,2.5,0.42640937685222324,7,7,Reverse,67.5,4.425,1
1398.3,57.834464,12.307299833333332,57.834462985829376,12.307298346046322,2.9499999999999997,2.5,2.5,0.39175087042333534,7,7,Reverse,67.7,4.425,1
1399.32,57.83446566666667,12.307300000000001,57.834464326248025,12.307299173023162,2.9499999999999997,2.5,2.5,0.41013494035822107,7,7,Reverse,67.7,4.425,1
1400.3,57.834467833333335,12.307302499999999,57.83446607979068,12.30730083651158,2.9499999999999997,2.5,2.5,0.5520868503599207,7,7,Reverse,68.0,4.425,1
1401.4,57.8344685,12.307305833333333,57.834467289895336,12.307303334922457,2.9499999999999997,2.5,2.5,0.6530788141806015,7,7,Reverse,68.6,4.425,1
1402.3,57.83446833333334,12.307305833333333,57.83446781161434,12.307304584127895,2.9499999999999997,2.5,2.5,0.6023293029335859,7,7,Reverse,68.7,4.425,1
1403.32,57.83446816666666,12.307310333333332,57.8344679891405,12.307307458730612,2.9499999999999997,2.5,2.5,0.5948642937267051,7,7,Reverse,69.1,4.425,1
1404.3,57.834468,12.307309000000002,57.834467994570254,12.307308229365308,2.9499999999999997,2.5,2.5,0.6064940487256882,7,7,Reverse,68.6,4.425,1
1405.28,57.834467,12.307308333333333,57.834467497285125,12.30730828134932,2.9499999999999997,2.5,2.5,0.5575265298606275,7,7,Reverse,68.7,4.425,1
1406.3,57.834464833333335,12.307306166666669,57.83446616530923,12.307307224007994,2.9499999999999997,2.5,2.5,0.5627992133189754,7,7,Reverse,68.7,4.425,1
1407.28,57.83446366666667,12.307308166666667,57.83446491598795,12.30730769533733,2.9499999999999997,2.5,2.5,0.5938819879918175,7,7,Reverse,68.7,4.425,1
1408.32,57.83446383333333,12.307304500000003,57.83446437466064,12.307306097668667,2.9499999999999997,2.5,2.5,0.4794705704889226,7,7,Reverse,68.8,4.425,1
1409.32,57.83446633333333,12.307307166666666,57.83446535399698,12.307306632167666,2.9499999999999997,2.5,2.5,0.5549458078041267,7,7,Reverse,69.3,4.425,1
1410.28,57.834467,12.3073085,57.83446617699849,12.307307566083834,2.9499999999999997,2.5,2.5,0.42848349502298894,7,7,Reverse,69.7,4.425,1
1411.29,57.83446966666667,12.307310833333334,57.834467921832584,12.307309199708584,2.9499999999999997,2.5,2.5,0.43610034381535845,7,7,Reverse,69.7,4.425,1
1412.3,57.834469999999996,12.307310666666668,57.83446896091629,12.307309933187625,2.9499999999999997,2.5,2.5,0.4091552201114728,7,7,Reverse,70.0,4.425,1
1413.29,57.8344685,12.3073095,57.83446873045814,12.307309716593814,2.9499999999999997,2.5,2.5,0.3884245959357073,7,7,Reverse,69.8,4.425,1
1414.27,57.83446933333333,12.307310833333334,57.834469031895736,12.307310274963573,2.9499999999999997,2.5,2.5,0.42399398174511266,7,7,Reverse,70.0,4.425,1
1415.26,57.834470499999995,12.307311666666665,57.834469765947865,12.30731097081512,2.9499999999999997,2.5,2.5,0.37657344137710197,7,7,Reverse,69.5,4.425,1
1416.32,57.83446966666667,12.307312666666666,57.83446971630727,12.307311818740892,2.9499999999999997,2.5,2.5,0.3319952451778525,7,7,Reverse,70.1,4.425,1
1417.26,57.834472166666664,12.3073125,57.83447094148697,12.307312159370447,2.9499999999999997,2.5,2.5,0.4988713034182626,7,7,Reverse,69.6,4.425,1
1418.29,57.83447116666666,12.307310500000002,57.834471054076815,12.307311329685223,2.9499999999999997,2.5,2.5,0.411053010219751,7,7,Reverse,69.8,4.425,1
1419.34,57.834469000000006,12.307309166666668,57.83447002703841,12.307310248175947,2.9499999999999997,2.5,2.5,0.5217340466047681,7,7,Reverse,69.9,4.425,1
1420.29,57.834471,12.307307500000002,57.83447051351921,12.307308874087974,2.9499999999999997,2.5,2.5,0.49184100943752396,7,7,Reverse,69.9,4.425,1
1421.29,57.834471666666666,12.307307166666666,57.83447109009293,12.30730802037732,2.9499999999999997,2.5,2.5,0.5173349815495798,7,7,Reverse,70.3,4.425,1
1422.25,57.834472000000005,12.307305166666668,57.83447154504647,12.307306593521993,2.9499999999999997,2.5,2.5,0.4289684397659219,7,7,Reverse,70.5,4.425,1
1423.28,57.834470833333334,12.3073035,57.834471189189905,12.307305046760996,2.9499999999999997,2.5,2.5,0.4298655927821853,7,7,Reverse,71.1,4.425,1
1424.39,57.83447133333334,12.307303666666666,57.83447126126162,12.307304356713832,2.9499999999999997,2.5,2.5,0.3429074763875551,7,7,Reverse,71.3,4.425,1
1425.26,57.83447066666666,12.307303166666667,57.834470963964144,12.30730376169025,2.9499999999999997,2.5,2.5,0.3658322833186124,7,7,Reverse,71.2,4.425,1
1426.33,57.834469999999996,12.307302333333332,57.834470481982066,12.307303047511791,2.9499999999999997,2.5,2.5,0.31381804601736246,7,7,Reverse,71.1,4.425,1
1427.28,57.834469000000006,12.307302,57.83446974099104,12.307302523755896,2.9499999999999997,2.5,2.5,0.2801528157596635,7,7,Reverse,71.3,4.425,1
1428.38,57.83446683333333,12.307300833333333,57.83446828716218,12.307301678544613,2.9749999999999996,2.5,2.5,0.3882092927179339,7,7,Reverse,71.3,4.4624999999999995,1
1429.28,57.83446566666667,12.307301333333331,57.83446697691443,12.307301505938973,2.9749999999999996,2.5,2.5,0.3633423029638699,7,7,Reverse,71.2,4.4624999999999995,1
1430.29,57.83446466666666,12.307301166666665,57.834465821790545,12.30730133630282,2.9749999999999996,2.5,2.5,0.3845482757604946,7,7,Reverse,71.0,4.4624999999999995,1
1431.31,57.834464499999996,12.307300999999999,57.83446516089527,12.307301168151408,2.9749999999999996,2.5,2.5,0.34970194677212413,7,7,Reverse,71.1,4.4624999999999995,1
1432.25,57.834464,12.307300333333334,57.83446458044763,12.307300750742371,2.9749999999999996,2.5,2.5,0.3821934284589534,8,8,Reverse,71.2,4.4624999999999995,1
1433.27,57.834464833333335,12.307300000000001,57.834464706890486,12.307300375371186,2.9749999999999996,2.5,2.5,0.3318392483596715,8,8,Reverse,71.3,4.4624999999999995,1
1434.34,57.834468,12.307300666666666,57.834466353445244,12.307300521018927,2.9749999999999996,2.5,2.5,0.4268621239399344,8,8,Reverse,71.4,4.4624999999999995,1
1435.32,57.83446816666666,12.307299333333333,57.83446726005595,12.30729992717613,2.9499999999999997,2.5,2.5,0.3463750277448895,8,8,Reverse,71.9,4.425,1
1436.3,57.834468666666666,12.307299,57.834467963361305,12.307299463588064,2.9499999999999997,2.5,2.5,0.3277482382865075,8,8,Reverse,72.4,4.425,1
1437.31,57.834468666666666,12.307299166666667,57.834468315013986,12.307299315127366,2.9499999999999997,2.5,2.5,0.31129361898453173,8,8,Reverse,72.6,4.425,1
1438.29,57.834468,12.307300166666668,57.834468157507,12.307299740897017,2.9499999999999997,2.5,2.5,0.3177021985655345,8,8,Reverse,72.6,4.425,1
1439.29,57.834469166666665,12.307300833333333,57.83446866208683,12.307300287115174,2.9499999999999997,2.5,2.5,0.33502732074774405,8,8,Reverse,72.6,4.425,1
1440.29,57.834470833333334,12.307301500000001,57.83446974771008,12.307300893557588,2.9499999999999997,2.5,2.5,0.41512412409515576,8,8,Reverse,72.8,4.425,1
1441.35,57.83446949999999,12.307302499999999,57.834469623855036,12.307301696778794,2.9499999999999997,2.5,2.5,0.3476907112779235,8,8,Reverse,73.0,4.425,1
1442.34,57.83446983333333,12.307304666666669,57.834469728594186,12.30730318172273,2.9499999999999997,2.5,2.5,0.2741420841338419,8,8,Reverse,73.0,4.425,1
1443.29,57.834469000000006,12.3073055,57.83446936429709,12.307304340861366,2.9499999999999997,2.5,2.5,0.2736663123624917,8,8,Reverse,72.9,4.425,1
1444.26,57.83446949999999,12.307306000000002,57.834469432148545,12.307305170430684,2.9499999999999997,2.5,2.5,0.27699642937389274,8,8,Reverse,73.1,4.425,1
1445.26,57.83446933333333,12.307309333333334,57.834469382740934,12.307307251882008,2.9499999999999997,2.5,2.5,0.2099506392492443,8,8,Reverse,73.2,4.425,1
1446.31,57.834470333333336,12.307310333333332,57.83446985803714,12.307308792607671,2.9499999999999997,2.5,2.5,0.28719676813334233,8,8,Reverse,73.0,4.425,1
1447.29,57.83446816666666,12.307313500000001,57.834469012351896,12.307311146303835,2.9499999999999997,2.5,2.5,0.30031710718250926,8,8,Reverse,73.1,4.425,1
1448.29,57.834467333333336,12.307317833333332,57.83446817284262,12.307314489818584,2.9499999999999997,2.5,2.5,0.3708329365311269,8,8,Reverse,72.9,4.425,1
1449.34,57.834465833333326,12.30732,57.83446700308797,12.307317244909292,2.9499999999999997,2.5,2.5,0.3255466284360721,8,8,Reverse,72.8,4.425,1
1450.36,57.83446633333333,12.307321166666668,57.83446666821065,12.30731920578798,2.9499999999999997,2.5,2.5,0.3040491991094326,8,8,Reverse,72.6,4.425,1
1451.37,57.834465,12.307321333333334,57.83446583410532,12.307320269560657,2.9499999999999997,2.5,2.5,0.2919184706340869,8,8,Reverse,72.7,4.425,1
1452.31,57.83446516666666,12.307320833333332,57.834465500385996,12.307320551446995,2.9499999999999997,2.5,2.5,0.2493772002856124,8,8,Reverse,72.7,4.425,1
1453.27,57.83446333333333,12.307322333333332,57.83446441685966,12.307321442390164,2.9499999999999997,2.5,2.5,0.27105766592582026,8,8,Reverse,73.0,4.425,1
1454.3,57.83445983333333,12.307324166666668,57.83446212509649,12.307322804528415,2.9499999999999997,2.5,2.5,0.33403636738405146,8,8,Reverse,72.8,4.425,1
1455.29,57.8344595,12.307323666666665,57.83446081254825,12.30732323559754,2.9499999999999997,2.5,2.5,0.2924311183651778,8,8,Reverse,72.2,4.425,1
1456.27,57.83445749999999,12.307324666666666,57.83445915627412,12.307323951132103,2.9499999999999997,2.5,2.5,0.38899112078721326,8,8,Reverse,72.1,4.425,1
1457.37,57.83445766666667,12.307325166666665,57.83445841147039,12.307324558899385,2.9499999999999997,2.5,2.5,0.3172655907969085,8,8,Reverse,71.8,4.425,1
1458.3,57.8344555,12.307326166666666,57.8344569557352,12.307325362783025,2.9499999999999997,2.5,2.5,0.3351703369519365,8,8,Reverse,71.9,4.425,1
1459.28,57.83445666666667,12.307325666666667,57.83445681120093,12.307325514724846,2.9499999999999997,2.5,2.5,0.35032386613385946,8,8,Reverse,71.4,4.425,1
1460.3,57.83445916666666,12.307323833333331,57.8344579889338,12.307324674029088,2.9499999999999997,2.5,2.5,0.31816908739857463,8,8,Reverse,71.7,4.425,1
1461.25,57.83446116666667,12.307318833333333,57.83445957780023,12.307321753681212,2.9499999999999997,2.5,2.5,0.27015156453138633,8,8,Reverse,72.1,4.425,1
1462.32,57.834462833333326,12.307319666666668,57.83446120556678,12.30732071017394,2.9499999999999997,2.5,2.5,0.3271818907853618,8,8,Reverse,72.8,4.425,1
1463.36,57.83446300000001,12.307319,57.83446210278339,12.30731985508697,2.9499999999999997,2.5,2.5,0.3460827568985113,8,8,Reverse,73.4,4.425,1
1464.3,57.834466166666665,12.307318000000002,57.83446413472503,12.307318927543486,2.9499999999999997,2.5,2.5,0.4626712977783183,8,8,Reverse,74.0,4.425,1
1465.29,57.83445533333334,12.307322166666665,57.83445973402918,12.307320547105075,2.9499999999999997,2.5,2.5,0.937870190527403,8,8,Reverse,74.5,4.425,1
1466.27,57.83445966666667,12.307319666666668,57.83445970034793,12.307320106885872,2.9499999999999997,2.5,2.5,0.9159953354938264,8,8,Reverse,73.9,4.425,1
1467.29,57.8344565,12.307323499999999,57.83445810017396,12.307321803442935,2.9499999999999997,2.5,2.5,0.897215193055328,8,8,Reverse,73.9,4.425,1
1468.35,57.83445666666667,12.307323499999999,57.834457383420315,12.307322651721467,2.9499999999999997,2.5,2.5,0.7880622765285634,8,8,Reverse,73.7,4.425,1
1469.27,57.83445583333334,12.307323,57.834456608376826,12.307322825860734,2.9499999999999997,2.5,2.5,0.6186880915995214,8,8,Reverse,73.4,4.425,1
1470.29,57.83445383333333,12.307321833333333,57.83445522085508,12.307322329597033,2.9499999999999997,2.5,2.5,0.5853456994808937,8,8,Reverse,73.3,4.425,1
1471.3,57.83444866666667,12.307324666666666,57.834451943760875,12.30732349813185,2.9499999999999997,2.5,2.5,0.5853490247248538,8,8,Reverse,73.3,4.425,1
1472.27,57.83444733333334,12.307324666666666,57.834449638547106,12.307324082399258,2.9499999999999997,2.5,2.5,0.5710934488692382,8,8,Reverse,72.7,4.425,1
1473.26,57.83445016666666,12.3073205,57.834449902606885,12.307322291199629,2.9499999999999997,2.5,2.5,0.7105367133693642,8,8,Reverse,72.5,4.425,1
1474.31,57.83445100000001,12.307319166666666,57.83445045130345,12.307320728933147,2.9499999999999997,2.5,2.5,0.5922505280615022,8,8,Reverse,72.7,4.425,1
1475.27,57.83445216666667,12.307316500000002,57.83445130898506,12.307318614466574,2.9499999999999997,2.5,2.5,0.4745640756548888,8,8,Reverse,72.9,4.425,1
1476.29,57.83445266666666,12.30731633333333,57.83445198782586,12.307317473899953,2.9499999999999997,2.5,2.5,0.3971042497377517,8,8,Reverse,73.1,4.425,1
1477.27,57.83445683333333,12.307312999999999,57.83445441057959,12.307315236949975,2.9499999999999997,2.5,2.5,0.3657473579860372,8,8,Reverse,73.3,4.425,1
1478.27,57.83445733333333,12.307311666666665,57.834455871956465,12.307313451808321,2.9499999999999997,2.5,2.5,0.318809321895523,8,8,Reverse,73.5,4.425,1
1479.27,57.83445483333333,12.307313833333334,57.834455352644895,12.307313642570827,2.9499999999999997,2.5,2.5,0.43560728609027466,8,8,Reverse,73.7,4.425,1
1480.27,57.83445566666666,12.3073125,57.83445550965578,12.307313071285414,2.9499999999999997,2.5,2.5,0.3295151760052137,8,8,Reverse,73.4,4.425,1
1481.29,57.83445516666667,12.307313333333331,57.83445533816123,12.307313202309372,2.9499999999999997,2.5,2.5,0.34939361794417484,8,8,Reverse,73.5,4.425,1
1482.3,57.83445700000001,12.307312999999999,57.83445616908062,12.307313101154685,2.9499999999999997,2.5,2.5,0.30566661419295715,8,8,Reverse,73.4,4.425,1
1483.32,57.83445916666666,12.307312333333334,57.834457667873636,12.30731271724401,2.9499999999999997,2.5,2.5,0.23842054014209035,8,8,Reverse,73.7,4.425,1
1484.29,57.83446033333333,12.307312000000001,57.83445900060349,12.307312358622006,2.9499999999999997,2.5,2.5,0.18482820458894753,8,8,Reverse,73.8,4.425,1
1485.28,57.83446266666667,12.307309833333333,57.83446083363508,12.307311095977669,2.9499999999999997,2.5,2.5,0.27119692579554355,8,8,Reverse,73.8,4.425,1
1486.33,57.834462,12.30731,57.83446141681754,12.307310547988834,2.9499999999999997,2.5,2.5,0.3307024982433244,8,8,Reverse,73.9,4.425,1
1487.29,57.83446349999999,12.307308166666667,57.834462458408765,12.307309357327751,2.9499999999999997,2.5,2.5,0.2521210681758032,8,8,Reverse,73.4,4.425,1
1488.3,57.83446033333333,12.30731,57.834461395871045,12.307309678663875,2.9499999999999997,2.5,2.5,0.44632611599864874,8,8,Reverse,73.7,4.425,1
1489.34,57.834458833333336,12.307309833333333,57.834460114602194,12.307309755998604,2.9499999999999997,2.5,2.5,0.39270664369173414,8,8,Reverse,73.5,4.425,1
1490.32,57.83446083333333,12.307305000000001,57.83446047396776,12.307307377999303,2.9499999999999997,2.5,2.5,0.39667282302034335,8,8,Reverse,73.3,4.425,1
1491.27,57.83445633333334,12.307306000000002,57.83445840365055,12.307306688999653,2.9499999999999997,2.5,2.5,0.4132551883431212,8,8,Reverse,74.0,4.425,1
1492.28,57.834453,12.307308166666667,57.83445570182528,12.307307427833159,2.9499999999999997,2.5,2.5,0.6656354773627456,8,8,Reverse,73.8,4.425,1
1493.4,57.83445283333334,12.307307500000002,57.83445426757931,12.307307463916581,2.9499999999999997,2.5,2.5,0.5620248447003685,8,8,Reverse,73.8,4.425,1
1494.25,57.83445199999999,12.307307666666668,57.83445313378965,12.307307565291625,2.9499999999999997,2.5,2.5,0.4471358044931229,8,8,Reverse,73.8,4.425,1
1495.28,57.83445016666666,12.307308833333332,57.834451650228154,12.307308199312478,2.9499999999999997,2.5,2.5,0.4714136692505394,8,8,Reverse,73.9,4.425,1
1496.32,57.83444983333334,12.307308,57.83445074178075,12.30730809965624,2.9499999999999997,2.5,2.5,0.5840374471865979,8,8,Reverse,73.9,4.425,1
1497.44,57.83444933333333,12.307306000000002,57.83445003755704,12.30730704982812,2.9499999999999997,2.5,2.5,0.4983766073276422,8,8,Reverse,74.0,4.425,1
1498.32,57.8344475,12.307306166666669,57.83444876877852,12.307306608247394,2.9499999999999997,2.5,2.5,0.4598998462568494,8,8,Reverse,74.2,4.425,1
1499.28,57.83444733333334,12.307304333333331,57.83444805105593,12.307305470790363,2.9499999999999997,2.5,2.5,0.3732013051134151,8,8,Reverse,73.9,4.425,1
1500.25,57.83444716666666,12.307302499999999,57.834447608861296,12.307303985395182,2.9499999999999997,2.5,2.5,0.326205570241792,8,8,Reverse,74.1,4.425,1
1501.35,57.83444966666666,12.307299166666667,57.83444863776398,12.307301576030923,2.9499999999999997,2.5,2.5,0.2682026200669154,8,8,Reverse,74.3,4.425,1
1502.32,57.83445016666666,12.307297333333334,57.83444940221532,12.307299454682129,2.9499999999999997,2.5,2.5,0.23951780897711739,8,8,Reverse,74.9,4.425,1
1503.37,57.83444816666667,12.307296666666666,57.834448784440994,12.307298060674398,2.9499999999999997,2.5,2.5,0.311848161501505,8,8,Reverse,75.2,4.425,1
1504.33,57.834443166666674,12.307302166666666,57.834445975553834,12.307300113670532,2.9499999999999997,2.5,2.5,0.36146533289085847,8,8,Reverse,74.8,4.425,1
1505.29,57.834441166666664,12.307302499999999,57.83444357111025,12.307301306835265,2.9499999999999997,2.5,2.5,0.43552833470763674,8,8,Reverse,74.5,4.425,1
1506.29,57.834436000000004,12.307304833333335,57.834439785555126,12.3073030700843,2.9499999999999997,2.5,2.5,0.4879718463174872,8,8,Reverse,74.5,4.425,1
1507.29,57.83443366666667,12.307306833333334,57.834436726110894,12.307304951708817,2.9499999999999997,2.5,2.5,0.41758752035736246,8,8,Reverse,73.9,4.425,1
1508.27,57.834428166666676,12.307309000000002,57.83443244638879,12.30730697585441,2.9499999999999997,2.5,2.5,0.4724427338443656,8,8,Reverse,73.8,4.425,1
1509.31,57.834427166666664,12.307307833333335,57.83442980652772,12.307307404593871,2.9499999999999997,2.5,2.5,0.6111899233714516,8,8,Reverse,73.7,4.425,1
1510.28,57.83442616666666,12.307307666666668,57.83442798659719,12.30730753563027,2.9499999999999997,2.5,2.5,0.6722179469735039,8,8,Reverse,74.1,4.425,1
1511.29,57.834425833333334,12.307307,57.834426909965266,12.307307267815135,2.9499999999999997,2.5,2.5,0.5826713516615374,8,8,Reverse,73.9,4.425,1
1512.31,57.83442566666666,12.307306666666667,57.83442628831596,12.307306967240901,2.9499999999999997,2.5,2.5,0.5225994375269343,8,8,Reverse,73.8,4.425,1
1513.3,57.834423666666666,12.307306500000001,57.83442497749132,12.30730673362045,2.9499999999999997,2.5,2.5,0.548504601225826,8,8,Reverse,73.9,4.425,1
1514.28,57.834421000000006,12.307306833333334,57.83442298874566,12.307306783476893,2.9499999999999997,2.5,2.5,0.4881949770368764,8,8,Reverse,73.9,4.425,1
1515.27,57.834418166666666,12.3073085,57.83442057770616,12.307307641738445,2.9499999999999997,2.5,2.5,0.39467636673251166,8,8,Reverse,73.9,4.425,1
1516.3,57.83441849999999,12.307306333333335,57.834419538853076,12.30730698753589,2.9499999999999997,2.5,2.5,0.43959347973662316,8,8,Reverse,73.7,4.425,1
1517.34,57.83441566666667,12.307308333333333,57.83441760275988,12.307307660434612,2.9499999999999997,2.5,2.5,0.48299693939288596,8,8,Reverse,73.9,4.425,1
1518.27,57.83441500000001,12.307308833333332,57.83441630137994,12.307308246883972,2.9499999999999997,2.5,2.5,0.4200327443020291,8,8,Reverse,73.8,4.425,1
1519.34,57.83441133333334,12.307312000000001,57.83441381735664,12.307310123441987,2.9499999999999997,2.5,2.5,0.47184037260198686,8,8,Reverse,73.8,4.425,1
1520.32,57.83440833333334,12.307313333333331,57.834411075344995,12.30731172838766,2.9499999999999997,2.5,2.5,0.45586087274349896,8,8,Reverse,73.5,4.425,1
1521.4,57.83440916666667,12.307312666666666,57.83441012100583,12.307312197527162,2.9499999999999997,2.5,2.5,0.4489387720263948,8,8,Reverse,73.4,4.425,1
1522.31,57.83440283333333,12.307317833333332,57.83440647716958,12.307315015430248,2.9499999999999997,2.5,2.5,0.7292543113997715,8,8,Reverse,73.2,4.425,1
1523.3,57.83440166666666,12.307319166666666,57.834404071918115,12.307317091048457,2.9499999999999997,2.5,2.5,0.755687666875545,8,8,Reverse,72.4,4.425,1
1524.26,57.83440066666667,12.307319,57.83440236929239,12.307318045524228,2.9499999999999997,2.5,2.5,0.5805372706910845,8,8,Reverse,72.2,4.425,1
1525.3,57.8343995,12.30732,57.8344009346462,12.307319022762114,2.9499999999999997,2.5,2.5,0.5116706321868623,8,8,Reverse,72.1,4.425,1
1526.3,57.834396166666664,12.307322666666668,57.83439855065643,12.307320844714392,2.9499999999999997,2.5,2.5,0.6626601705438284,8,8,Reverse,71.8,4.425,1
1527.29,57.83439416666667,12.3073245,57.83439635866155,12.307322672357195,2.9499999999999997,2.5,2.5,0.76997426144293,8,8,Reverse,71.4,4.425,1
1528.26,57.83439133333333,12.307327333333335,57.83439384599744,12.307325002845266,2.9499999999999997,2.5,2.5,0.7612416909769633,8,8,Reverse,71.3,4.425,1
1529.29,57.834388000000004,12.307328500000002,57.83439092299872,12.307326751422634,2.9499999999999997,2.5,2.5,0.7932912144387237,8,8,Reverse,71.1,4.425,1
1530.26,57.834381,12.307334666666668,57.834385961499365,12.30733070904465,2.9499999999999997,2.5,2.5,0.9722575475700903,8,8,Reverse,70.8,4.425,1
1531.26,57.83437833333334,12.307336666666666,57.83438214741635,12.307333687855659,2.9499999999999997,2.5,2.5,0.9728811391827225,8,8,Reverse,70.3,4.425,1
1532.34,57.834373500000005,12.307340500000002,57.83437782370818,12.30733709392783,2.9499999999999997,2.5,2.5,0.9279126446509565,8,8,Reverse,70.0,4.425,1
1533.29,57.83437383333333,12.307339833333334,57.834375828520756,12.307338463630582,2.9499999999999997,2.5,2.5,0.9217975388239861,8,8,Reverse,69.5,4.425,1
1534.3,57.83436966666667,12.3073425,57.83437274759371,12.307340481815292,2.9499999999999997,2.5,2.5,0.9394301271915528,8,8,Reverse,69.5,4.425,1
1535.34,57.834371833333336,12.307340333333332,57.83437229046352,12.307340407574312,2.9499999999999997,2.5,2.5,0.8100165756623949,8,8,Reverse,69.6,4.425,1
1536.31,57.8343685,12.307343,57.83437039523176,12.307341703787156,2.9499999999999997,2.5,2.5,0.8137216512057609,8,8,Reverse,69.9,4.425,1
1537.35,57.83436133333333,12.307350166666668,57.834365864282546,12.30734593522691,2.9499999999999997,2.5,2.5,0.7960617572748836,8,8,Reverse,69.6,4.425,1
1538.29,57.83435966666666,12.307352,57.8343627654746,12.307348967613455,2.9499999999999997,2.5,2.5,0.8037285244239064,8,8,Reverse,68.9,4.425,1
1539.32,57.83435766666666,12.307354000000002,57.83436021607063,12.307351483806729,2.9499999999999997,2.5,2.5,0.9158901550556422,8,8,Reverse,69.0,4.425,1
1540.32,57.83435483333333,12.307357166666668,57.83435752470198,12.307354325236698,2.9499999999999997,2.5,2.5,1.086185990860228,8,8,Reverse,69.1,4.425,1
1541.29,57.83435566666667,12.3073575,57.834356595684326,12.30735591261835,2.9499999999999997,2.5,2.5,1.0556263734008287,8,8,Reverse,68.9,4.425,1
1542.29,57.83435066666666,12.307363166666669,57.83435363117549,12.307359539642508,2.9499999999999997,2.5,2.5,1.0403380066975565,8,8,Reverse,69.1,4.425,1
1543.26,57.83434783333334,12.307368,57.834350732254414,12.307363769821254,2.9499999999999997,2.5,2.5,0.9768839167094129,8,8,Reverse,68.6,4.425,1
1544.26,57.834346833333335,12.307371166666666,57.834348782793874,12.30736746824396,2.9499999999999997,2.5,2.5,0.8807532890247459,8,8,Reverse,68.4,4.425,1
1545.29,57.83434950000001,12.307368666666665,57.83434914139694,12.307368067455313,2.9499999999999997,2.5,2.5,0.748994687747604,8,8,Reverse,68.3,4.425,1
1546.28,57.83434866666666,12.3073695,57.834348904031806,12.307368783727657,2.9499999999999997,2.5,2.5,0.5587464573360054,8,8,Reverse,68.9,4.425,1
1547.29,57.834348,12.3073695,57.8343484520159,12.307369141863829,2.9499999999999997,2.5,2.5,0.4334824280123671,8,8,Reverse,69.0,4.425,1
1548.3,57.83435433333334,12.307364166666666,57.83435139267462,12.307366654265246,2.9499999999999997,2.5,2.5,0.32518975245536985,8,8,Reverse,69.0,4.425,1
1549.29,57.83435616666667,12.307363000000002,57.83435377967064,12.307364827132625,2.9499999999999997,2.5,2.5,0.242177170814759,8,8,Reverse,69.6,4.425,1
1550.29,57.8343575,12.3073605,57.83435563983532,12.307362663566312,2.9499999999999997,2.5,2.5,0.32231312434686005,8,8,Reverse,69.9,4.425,1
1551.3,57.834354,12.307365,57.834354819917664,12.307363831783157,2.9499999999999997,2.5,2.5,0.26977303516378437,8,8,Reverse,70.2,4.425,1
1552.34,57.83435583333333,12.307363666666667,57.8343553266255,12.307363749224912,2.9499999999999997,2.5,2.5,0.44332888350680383,8,8,Reverse,69.6,4.425,1
1553.29,57.834354,12.307365,57.834354663312745,12.307364374612456,2.9499999999999997,2.5,2.5,0.5741511412818283,8,8,Reverse,69.9,4.425,1
1554.27,57.834352833333334,12.307367166666666,57.83435374832304,12.30736577063956,2.9499999999999997,2.5,2.5,0.6182765036376241,8,8,Reverse,70.1,4.425,1
1555.37,57.834355,12.307363833333334,57.83435437416152,12.307364801986447,2.9499999999999997,2.5,2.5,0.48599944408942364,8,8,Reverse,70.4,4.425,1
1556.27,57.83435716666666,12.307360833333332,57.83435577041409,12.30736281765989,2.9499999999999997,2.5,2.5,0.43758384238976766,8,8,Reverse,70.6,4.425,1
1557.31,57.83435933333333,12.307357666666666,57.834357551873715,12.307360242163279,2.9499999999999997,2.5,2.5,0.41752248809366554,8,8,Reverse,70.8,4.425,1
1558.28,57.83436066666666,12.307355500000002,57.83435910927019,12.30735787108164,2.9499999999999997,2.5,2.5,0.3437602750174851,8,8,Reverse,71.2,4.425,1
1559.28,57.83436333333334,12.307352333333332,57.83436122130176,12.307355102207486,2.9499999999999997,2.5,2.5,0.392525763414658,8,8,Reverse,71.3,4.425,1
1560.24,57.83436583333334,12.307349333333331,57.83436352731755,12.307352217770408,2.9499999999999997,2.5,2.5,0.36955387348742275,8,8,Reverse,71.6,4.425,1
1561.3,57.8343685,12.307347166666666,57.83436601365877,12.307349692218537,2.9499999999999997,2.5,2.5,0.36159186179747804,8,8,Reverse,72.0,4.425,1
1562.3,57.83437116666667,12.307344333333333,57.834368590162725,12.307347012775935,2.9499999999999997,2.5,2.5,0.32141513162573704,8,8,Reverse,72.4,4.425,1
1563.26,57.834373166666666,12.307341833333332,57.834370878414695,12.307344423054634,2.9499999999999997,2.5,2.5,0.46673669626007597,8,8,Reverse,72.4,4.425,1
1564.28,57.83437266666667,12.307342166666668,57.83437177254068,12.307343294860651,2.9499999999999997,2.5,2.5,0.4322281444162534,8,8,Reverse,72.7,4.425,1
1565.27,57.83437133333334,12.307343833333334,57.83437155293701,12.307343564096993,2.9499999999999997,2.5,2.5,0.5557036427004081,8,8,Reverse,72.8,4.425,1
1566.24,57.834372,12.307343666666668,57.83437177646851,12.30734361538183,2.9499999999999997,2.5,2.5,0.5955676879013381,8,8,Reverse,72.6,4.425,1
1567.24,57.83437533333334,12.307340833333335,57.83437355490092,12.307342224357583,2.9499999999999997,2.5,2.5,0.523371322011306,8,8,Reverse,72.7,4.425,1
1568.29,57.834376000000006,12.3073415,57.83437477745046,12.307341862178792,2.9499999999999997,2.5,2.5,0.4324889407239874,8,8,Reverse,73.1,4.425,1
1569.26,57.834373166666666,12.307344,57.834373972058565,12.307342931089396,2.9499999999999997,2.5,2.5,0.667530585243972,8,8,Reverse,73.1,4.425,1
1570.3,57.834375,12.307343,57.83437448602928,12.307342965544697,2.9499999999999997,2.5,2.5,0.7083123678298104,8,8,Reverse,72.5,4.425,1
1571.32,57.834377833333335,12.307341666666666,57.83437615968131,12.307342316105682,2.9499999999999997,2.5,2.5,0.5770241513025607,8,8,Reverse,72.6,4.425,1
1572.27,57.834379000000006,12.307341666666666,57.834377579840655,12.307341991386174,2.9499999999999997,2.5,2.5,0.46307222612139187,8,8,Reverse,73.0,4.425,1
1573.3,57.834379999999996,12.307341000000001,57.83437878992033,12.307341495693088,2.9499999999999997,2.5,2.5,0.3839105235024377,8,8,Reverse,73.0,4.425,1
1574.29,57.834381,12.307342000000002,57.834379894960165,12.307341747846545,2.9499999999999997,2.5,2.5,0.3973594698523534,8,8,Reverse,73.1,4.425,1
1575.27,57.83438433333334,12.307338666666665,57.83438211414675,12.307340207256605,2.9499999999999997,2.5,2.5,0.443970880772233,8,8,Reverse,73.0,4.425,1
1576.3,57.83438666666666,12.307338499999998,57.834384390406704,12.3073393536283,2.9499999999999997,2.5,2.5,0.46301278378143007,8,8,Reverse,73.5,4.425,1
1577.3,57.834388000000004,12.307337833333333,57.83438619520336,12.307338593480818,2.9499999999999997,2.5,2.5,0.44138332779898,8,8,Reverse,73.4,4.425,1
1578.27,57.83439083333333,12.307335,57.83438851426834,12.307336796740408,2.9499999999999997,2.5,2.5,0.39328357552904025,8,8,Reverse,73.3,4.425,1
1579.35,57.83439666666666,12.3073295,57.8343925904675,12.307333148370205,2.9499999999999997,2.5,2.5,0.3281582819194422,8,8,Reverse,73.5,4.425,1
1580.32,57.834400499999994,12.307325833333334,57.83439654523375,12.30732949085177,2.9499999999999997,2.5,2.5,0.31972505445650645,8,8,Reverse,74.3,4.425,1
1581.27,57.83440649999999,12.307320166666667,57.83440152261687,12.307324828759217,2.9499999999999997,2.5,2.5,0.4238975299069113,8,8,Reverse,75.0,4.425,1
1582.32,57.83440616666667,12.3073205,57.83440384464177,12.307322664379608,2.9499999999999997,2.5,2.5,0.35669760915528564,8,8,Reverse,75.8,4.425,1
1583.32,57.83440949999999,12.307318000000002,57.83440667232088,12.307320332189805,2.9499999999999997,2.5,2.5,0.3042315221174152,8,8,Reverse,75.8,4.425,1
1584.26,57.83441316666667,12.307315000000001,57.83440991949377,12.307317666094903,2.9499999999999997,2.5,2.5,0.290471381120425,8,8,Reverse,76.4,4.425,1
1585.27,57.83441366666666,12.307314833333331,57.83441179308022,12.307316249714118,2.9499999999999997,2.5,2.5,0.24703445567289287,8,8,Reverse,77.1,4.425,1
1586.28,57.834418166666666,12.307310333333332,57.83441497987344,12.307313291523725,2.9499999999999997,2.5,2.5,0.2611860883851109,8,8,Reverse,77.1,4.425,1
1587.29,57.83442016666666,12.307307833333335,57.83441757327005,12.30731056242853,2.9749999999999996,2.5,2.5,0.22602186396046936,8,8,Reverse,77.8,4.4624999999999995,1
1588.3,57.8344235,12.307305000000001,57.83442053663502,12.307307781214265,2.9749999999999996,2.5,2.5,0.19158830863883178,8,8,Reverse,78.2,4.4624999999999995,1
1589.34,57.83442633333334,12.307302166666666,57.83442343498418,12.307304973940466,2.9749999999999996,2.5,2.5,0.23644752135296832,8,8,Reverse,78.6,4.4624999999999995,1
1590.36,57.83442749999999,12.307301166666665,57.83442546749209,12.307303070303565,2.9749999999999996,2.5,2.5,0.18341906794273546,8,8,Reverse,78.7,4.4624999999999995,1
1591.31,57.83442749999999,12.3073035,57.834426483746036,12.307303285151782,2.9749999999999996,2.5,2.5,0.2446255364385525,8,8,Reverse,78.6,4.4624999999999995,1
1592.29,57.834428166666676,12.307302666666665,57.834427325206356,12.307302975909224,2.9749999999999996,2.5,2.5,0.2663184618911441,8,8,Reverse,78.3,4.4624999999999995,1
1593.31,57.8344315,12.307300166666668,57.83442941260318,12.307301571287946,2.9749999999999996,2.5,2.5,0.2574960547706244,8,8,Reverse,78.3,4.4624999999999995,1
1594.3,57.834436999999994,12.3072965,57.83443320630159,12.307299035643974,2.9749999999999996,2.5,2.5,0.36926366179800574,8,8,Reverse,78.6,4.4624999999999995,1
1595.33,57.834445833333334,12.307291666666666,57.83443951981746,12.30729535115532,2.9749999999999996,2.5,2.5,0.5351152311929943,8,8,Reverse,79.3,4.4624999999999995,1
1596.27,57.8344535,12.307287833333332,57.83444650990873,12.307291592244326,2.9749999999999996,2.5,2.5,0.8967638566463259,8,8,Reverse,80.2,4.4624999999999995,1
1597.31,57.8344535,12.307288000000002,57.83445000495437,12.307289796122163,2.9749999999999996,2.5,2.5,0.7835337645690469,8,8,Reverse,80.9,4.4624999999999995,1
1598.27,57.834461,12.307283833333335,57.834455502477184,12.30728681472775,2.9749999999999996,2.5,2.5,0.8452412342885439,8,8,Reverse,80.6,4.4624999999999995,1
1599.26,57.834468833333325,12.307284000000001,57.83446216790525,12.307285407363874,2.9749999999999996,2.5,2.5,1.1205042020795397,8,8,Reverse,81.4,4.4624999999999995,1
1600.31,57.834471,12.307284000000001,57.834466583952626,12.307284703681939,2.9749999999999996,2.5,2.5,1.2642767881674017,8,8,Reverse,81.8,4.4624999999999995,1
1601.52,57.834468,12.307283833333335,57.83446729197632,12.307284268507637,2.9749999999999996,2.5,2.5,1.07219703155971,8,8,Reverse,81.7,4.4624999999999995,1
1602.26,57.83446833333334,12.307285000000002,57.83446781265483,12.307284634253818,2.9749999999999996,2.5,2.5,0.9586170880523635,8,8,Reverse,81.4,4.4624999999999995,1
1603.24,57.834471,12.307283500000002,57.834469406327415,12.307284067126911,2.9749999999999996,2.5,2.5,0.8474628526653109,8,8,Reverse,81.2,4.4624999999999995,1
1604.24,57.834475000000005,12.3072765,57.834472203163706,12.307280283563456,2.9749999999999996,2.5,2.5,1.09593439938954,8,8,Reverse,81.5,4.4624999999999995,1
1605.29,57.834477666666665,12.307274500000002,57.834474934915185,12.307277391781728,2.9749999999999996,2.5,2.5,0.9947247733928197,8,8,Reverse,81.5,4.4624999999999995,1
1606.26,57.834476333333335,12.307276166666668,57.83447563412426,12.307276779224198,2.9749999999999996,2.5,2.5,0.9347557743181364,8,8,Reverse,81.8,4.4624999999999995,1
1607.28,57.834481499999995,12.307279833333332,57.83447856706213,12.307278306278766,2.9749999999999996,2.5,2.5,0.9687129056087962,8,8,Reverse,81.6,4.4624999999999995,1
1608.29,57.834490833333334,12.307284666666666,57.834484700197734,12.307281486472716,2.9749999999999996,2.5,2.5,1.4435100744030496,8,8,Reverse,82.0,4.4624999999999995,1
1609.26,57.83448799999999,12.3072855,57.834486350098864,12.307283493236358,2.9749999999999996,2.5,2.5,1.4093506374441735,8,8,Reverse,82.6,4.4624999999999995,1
1610.34,57.83448833333333,12.307279333333334,57.8344873417161,12.307281413284846,2.9749999999999996,2.5,2.5,1.2193242600861929,8,8,Reverse,82.2,4.4624999999999995,1
1611.35,57.83448466666667,12.307286,57.83448600419138,12.307283706642423,2.9749999999999996,2.5,2.5,1.0583744521662473,8,8,Reverse,82.5,4.4624999999999995,1
1612.27,57.83448733333333,12.307282000000002,57.83448666876235,12.307282853321212,2.9749999999999996,2.5,2.5,0.9283626999859615,8,8,Reverse,81.9,4.4624999999999995,1
1613.32,57.83448883333334,12.307287166666667,57.834487751047845,12.30728500999394,2.9749999999999996,2.5,2.5,1.0209725602403517,8,8,Reverse,82.3,4.4624999999999995,1
1614.35,57.834487499999994,12.307285833333333,57.83448762552392,12.307285421663636,2.9749999999999996,2.5,2.5,0.8023697440756434,8,8,Reverse,82.4,4.4624999999999995,1
1615.34,57.834484999999994,12.307293333333332,57.83448631276196,12.307289377498485,2.9749999999999996,2.5,2.5,0.6985631208773789,8,8,Reverse,82.3,4.4624999999999995,1
1616.29,57.834478999999995,12.307305000000001,57.83448265638098,12.307297188749242,2.9749999999999996,2.5,2.5,0.7418632984435747,8,8,Reverse,81.9,4.4624999999999995,1
1617.29,57.8344855,12.307307500000002,57.834484078190485,12.307302344374623,2.9749999999999996,2.5,2.5,1.0925983471514245,8,8,Reverse,80.8,4.4624999999999995,1
1618.26,57.83448799999999,12.3073095,57.83448603909524,12.307305922187311,2.9749999999999996,2.5,2.5,1.235903191973104,8,8,Reverse,81.1,4.4624999999999995,1
1619.34,57.83448383333333,12.307305833333333,57.83448493621429,12.307305877760323,2.9749999999999996,2.5,2.5,1.1162705846239598,8,8,Reverse,81.0,4.4624999999999995,1
1620.27,57.83449466666666,12.307302333333332,57.83448980144047,12.307304105546827,2.9749999999999996,2.5,2.5,1.4956539708356011,8,8,Reverse,80.8,4.4624999999999995,1
1621.29,57.83450016666667,12.307297000000002,57.83449498405357,12.307300552773414,2.9749999999999996,2.5,2.5,1.7132327859575516,8,8,Reverse,81.5,4.4624999999999995,1
1622.31,57.83449966666667,12.307295666666668,57.834497325360125,12.307298109720042,2.9749999999999996,2.5,2.5,1.5591091594784126,8,8,Reverse,81.7,4.4624999999999995,1
1623.32,57.83450283333333,12.307294000000002,57.834500079346725,12.307296054860021,2.9749999999999996,2.5,2.5,1.5277752015467463,8,8,Reverse,81.5,4.4624999999999995,1
1624.27,57.83449649999999,12.307290166666666,57.83449828967336,12.307293110763345,2.9749999999999996,2.5,2.5,1.435933113519852,8,8,Reverse,81.8,4.4624999999999995,1
1625.29,57.83448716666667,12.307290833333331,57.83449272817001,12.307291972048338,2.9749999999999996,2.5,2.5,1.5017161109315371,8,8,Reverse,81.5,4.4624999999999995,1
1626.31,57.834488166666674,12.307291666666666,57.83449044741835,12.307291819357502,2.9749999999999996,2.5,2.5,1.268621452071153,8,8,Reverse,80.9,4.4624999999999995,1
1627.28,57.834490499999994,12.307292166666665,57.83449047370917,12.307291993012083,2.9749999999999996,2.5,2.5,0.9986352421438864,8,8,Reverse,81.1,4.4624999999999995,1
1628.28,57.83448433333333,12.307294500000001,57.83448740352125,12.307293246506042,2.9749999999999996,2.5,2.5,0.8019976467807562,8,8,Reverse,81.4,4.4624999999999995,1
1629.29,57.834486500000004,12.3072975,57.834486951760624,12.307295373253021,2.9749999999999996,2.5,2.5,0.6939803529887532,8,8,Reverse,80.7,4.4624999999999995,1
1630.34,57.834486500000004,12.307295666666668,57.83448672588032,12.307295519959846,2.9749999999999996,2.5,2.5,0.6168259247619589,8,8,Reverse,80.7,4.4624999999999995,1
1631.34,57.834481999999994,12.307295333333332,57.83448436294015,12.307295426646588,2.9749999999999996,2.5,2.5,0.4487928920507599,8,8,Reverse,81.0,4.4624999999999995,1
1632.34,57.834478499999996,12.307297166666668,57.834481431470074,12.307296296656629,2.9749999999999996,2.5,2.5,0.3539035423610808,8,8,Reverse,80.8,4.4624999999999995,1
1633.34,57.83448,12.307299,57.83448071573504,12.307297648328314,2.9749999999999996,2.5,2.5,0.30816738008977834,8,8,Reverse,80.5,4.4624999999999995,1
1634.27,57.834483666666664,12.307299333333333,57.83448219120085,12.307298490830824,2.9749999999999996,2.5,2.5,0.41462354025840703,8,8,Reverse,80.4,4.4624999999999995,1
1635.29,57.8344915,12.307302,57.83448684560042,12.307300245415412,2.9749999999999996,2.5,2.5,0.7080279438365382,8,8,Reverse,80.6,4.4624999999999995,1
1636.25,57.834492,12.3073035,57.83448942280021,12.307301872707706,2.9749999999999996,2.5,2.5,0.7727802301329705,8,8,Reverse,80.9,4.4624999999999995,1
1637.29,57.83449466666666,12.307304166666665,57.83449204473344,12.307303019687184,2.9749999999999996,2.5,2.5,0.7746547083443837,8,8,Reverse,80.9,4.4624999999999995,1
1638.31,57.83449716666667,12.307303333333333,57.83449460570005,12.30730317651026,2.9749999999999996,2.5,2.5,0.7265822835433037,8,8,Reverse,80.9,4.4624999999999995,1
1639.26,57.83449916666667,12.307303000000001,57.83449688618336,12.30730308825513,2.9749999999999996,2.5,2.5,0.7368223415328866,8,8,Reverse,81.3,4.4624999999999995,1
1640.35,57.8344955,12.307301333333331,57.83449619309168,12.30730221079423,2.9749999999999996,2.5,2.5,0.601013475519108,8,8,Reverse,81.6,4.4624999999999995,1
1641.37,57.8344915,12.307303333333333,57.83449384654584,12.307302772063782,2.9749999999999996,2.5,2.5,0.5165721789649013,8,8,Reverse,81.4,4.4624999999999995,1
1642.29,57.8344945,12.307308666666666,57.83449417327292,12.307305719365225,2.9749999999999996,2.5,2.5,0.48130302165189714,8,8,Reverse,81.1,4.4624999999999995,1
1643.29,57.83449783333334,12.307313833333334,57.83449600330313,12.307309776349278,2.9749999999999996,2.5,2.5,0.6582197450013287,8,8,Reverse,81.1,4.4624999999999995,1
1644.29,57.8345,12.307311333333333,57.83449800165156,12.307310554841306,2.9749999999999996,2.5,2.5,0.7521176990109905,8,8,Reverse,81.0,4.4624999999999995,1
1645.28,57.83450216666667,12.307306166666669,57.83450008415912,12.307308360753987,2.9749999999999996,2.5,2.5,0.7802287945502667,8,8,Reverse,81.1,4.4624999999999995,1
1646.32,57.834498,12.307307,57.83449904207956,12.307307680376994,2.9749999999999996,2.5,2.5,0.642848432487684,8,8,Reverse,81.4,4.4624999999999995,1
1647.29,57.83449116666667,12.307302,57.83449510437312,12.307304840188497,2.9749999999999996,2.5,2.5,0.6924735971746391,8,8,Reverse,81.1,4.4624999999999995,1
1648.29,57.83449516666666,12.307300999999999,57.83449513551989,12.307302920094248,2.9749999999999996,2.5,2.5,0.5292981618114301,8,8,Reverse,81.0,4.4624999999999995,1
1649.29,57.83449516666666,12.307298333333332,57.83449515109328,12.30730062671379,2.9749999999999996,2.5,2.5,0.4039203426768982,8,8,Reverse,81.2,4.4624999999999995,1
1650.32,57.83449333333333,12.307300333333334,57.8344942422133,12.307300480023562,2.9749999999999996,2.5,2.5,0.34345946488229845,8,8,Reverse,81.3,4.4624999999999995,1
1651.33,57.83449583333333,12.307298500000002,57.834495037773316,12.307299490011781,2.9749999999999996,2.5,2.5,0.369671149488695,8,8,Reverse,81.2,4.4624999999999995,1
1652.29,57.83449466666666,12.307297666666667,57.83449485221998,12.307298578339225,2.9749999999999996,2.5,2.5,0.31107340000437295,8,8,Reverse,81.4,4.4624999999999995,1
1653.29,57.83449683333333,12.307294833333334,57.83449584277666,12.30729670583628,2.9749999999999996,2.5,2.5,0.28932556368582096,8,8,Reverse,81.3,4.4624999999999995,1
1654.27,57.83449466666666,12.307297833333333,57.83449525472166,12.307297269584806,2.9749999999999996,2.5,2.5,0.2028434288700135,8,8,Reverse,81.6,4.4624999999999995,1
1655.33,57.83449683333333,12.3072975,57.834496044027496,12.307297384792403,2.9749999999999996,2.5,2.5,0.23396994578053143,8,8,Reverse,81.6,4.4624999999999995,1
1656.27,57.83449883333333,12.307297333333334,57.83449743868041,12.307297359062868,2.9749999999999996,2.5,2.5,0.32660998747186265,8,8,Reverse,81.7,4.4624999999999995,1
1657.31,57.83449633333333,12.307298833333334,57.83449688600687,12.307298096198101,2.9749999999999996,2.5,2.5,0.27827519935913375,8,8,Reverse,81.8,4.4624999999999995,1
1658.24,57.834490833333334,12.30729383333333,57.834493859670104,12.307295964765716,2.9749999999999996,2.5,2.5,0.3837725755824056,8,8,Reverse,81.7,4.4624999999999995,1
1659.26,57.834484999999994,12.307291000000001,57.834489429835045,12.307293482382859,2.9749999999999996,2.5,2.5,0.5850674252947968,8,8,Reverse,81.6,4.4624999999999995,1
1660.27,57.83448166666667,12.307287,57.83448554825086,12.30729024119143,2.9749999999999996,2.5,2.5,0.7696093570047647,8,8,Reverse,81.4,4.4624999999999995,1
1661.3,57.83448033333334,12.307288833333333,57.8344829407921,12.307289537262381,2.9749999999999996,2.5,2.5,0.7498581684185712,8,8,Reverse,81.6,4.4624999999999995,1
1662.24,57.83447416666666,12.307285000000002,57.834478553729376,12.307287268631192,2.9749999999999996,2.5,2.5,0.8825924410742894,8,8,Reverse,81.4,4.4624999999999995,1
1663.27,57.834468833333325,12.307288333333334,57.83447369353135,12.307287800982262,2.9749999999999996,2.5,2.5,1.0232836470112774,8,8,Reverse,81.4,4.4624999999999995,1
1664.27,57.834474500000006,12.307289333333332,57.83447409676568,12.307288567157798,2.9749999999999996,2.5,2.5,0.82463837924944,8,8,Reverse,81.5,4.4624999999999995,1
1665.27,57.83446966666667,12.3072875,57.834471881716176,12.307288033578898,2.9749999999999996,2.5,2.5,0.7371555619293904,8,8,Reverse,81.6,4.4624999999999995,1
1666.33,57.83446233333334,12.3072885,57.83446710752476,12.307288266789449,2.9749999999999996,2.5,2.5,0.8173963202307957,8,8,Reverse,81.3,4.4624999999999995,1
1667.29,57.83445966666667,12.307289833333334,57.83446338709571,12.307289050061392,2.9749999999999996,2.5,2.5,0.879974593369174,8,8,Reverse,81.1,4.4624999999999995,1
1668.29,57.83446233333334,12.307286166666666,57.83446286021453,12.307287608364028,2.9749999999999996,2.5,2.5,0.8118373703536099,8,8,Reverse,81.1,4.4624999999999995,1
1669.33,57.83445733333333,12.307286,57.83446009677393,12.307286804182015,2.9749999999999996,2.5,2.5,0.8636637257035951,8,8,Reverse,81.0,4.4624999999999995,1
1670.32,57.83446333333333,12.307285666666667,57.83446171505363,12.30728623542434,2.9749999999999996,2.5,2.5,0.6744569761601004,8,8,Reverse,80.7,4.4624999999999995,1
1671.37,57.834458,12.307285166666668,57.83445985752682,12.307285701045505,2.9749999999999996,2.5,2.5,0.7012151465702303,8,8,Reverse,80.5,4.4624999999999995,1
1672.26,57.8344585,12.3072885,57.8344591787634,12.307287100522752,2.9749999999999996,2.5,2.5,0.6221827927944733,8,8,Reverse,80.3,4.4624999999999995,1
1673.34,57.83445483333333,12.307294833333334,57.83445700604837,12.307290966928043,2.9749999999999996,2.5,2.5,0.6402146004739843,8,8,Reverse,80.1,4.4624999999999995,1
1674.32,57.8344505,12.307298833333334,57.834453753024185,12.307294900130689,2.9749999999999996,2.5,2.5,0.6925518483671312,8,8,Reverse,80.0,4.4624999999999995,1
1675.32,57.83444733333334,12.307308666666666,57.83445054317876,12.307301783398676,2.9749999999999996,2.5,2.5,0.821318307672912,8,8,Reverse,79.8,4.4624999999999995,1
1676.26,57.83444683333334,12.307310166666666,57.83444868825605,12.307305975032671,2.9749999999999996,2.5,2.5,0.8007743266265294,8,8,Reverse,79.7,4.4624999999999995,1
1677.29,57.83444599999999,12.307309000000002,57.83444734412802,12.307307487516336,2.9749999999999996,2.5,2.5,0.7039950810995095,8,8,Reverse,79.7,4.4624999999999995,1
1678.27,57.83443883333333,12.307305833333333,57.83444308873067,12.307306660424835,2.9749999999999996,2.5,2.5,0.8203700306359356,8,8,Reverse,79.6,4.4624999999999995,1
1679.29,57.834438,12.307311833333332,57.834440544365336,12.307309246879083,2.9749999999999996,2.5,2.5,0.8730053919293623,8,8,Reverse,79.8,4.4624999999999995,1
1680.24,57.834435500000005,12.307313166666665,57.834438022182674,12.307311206772875,2.9749999999999996,2.5,2.5,0.9007753021264802,8,8,Reverse,79.8,4.4624999999999995,1
1681.29,57.834426833333325,12.307320333333333,57.834432427757996,12.307315770053103,2.9749999999999996,2.5,2.5,1.0655405432896106,8,8,Reverse,79.8,4.4624999999999995,1
1682.25,57.834423666666666,12.307318333333335,57.834428047212334,12.30731705169322,2.9749999999999996,2.5,2.5,1.1251555764784202,8,8,Reverse,79.7,4.4624999999999995,1
1683.27,57.83441716666666,12.307314333333332,57.8344226069395,12.307315692513276,2.9749999999999996,2.5,2.5,1.276177110577972,8,8,Reverse,79.6,4.4624999999999995,1
1684.26,57.83441500000001,12.307314166666666,57.83441880346975,12.307314929589971,2.9749999999999996,2.5,2.5,1.2964973175858845,8,8,Reverse,79.6,4.4624999999999995,1
1685.3,57.83441266666667,12.307305666666666,57.83441573506821,12.307310298128318,2.9749999999999996,2.5,2.5,1.3847589074756388,8,8,Reverse,79.6,4.4624999999999995,1
1686.3,57.83441233333333,12.307303333333333,57.83441403420077,12.307306815730826,2.9749999999999996,2.5,2.5,1.347432340373238,8,8,Reverse,79.8,4.4624999999999995,1
1687.27,57.83441616666667,12.307304833333335,57.83441510043372,12.307305824532081,2.9749999999999996,2.5,2.5,1.0505102588849091,8,8,Reverse,80.0,4.4624999999999995,1
1688.26,57.83440983333333,12.3073085,57.83441246688353,12.30730716226604,2.9749999999999996,2.5,2.5,0.950464749789294,8,8,Reverse,79.9,4.4624999999999995,1
1689.3,57.83440766666666,12.307312166666668,57.83441006677509,12.307309664466354,3.4749999999999996,2.5,2.5,0.8373615524647717,7,7,Reverse,79.7,5.2124999999999995,1
1690.3,57.83440783333334,12.307311666666665,57.83440895005421,12.30731066556651,3.4749999999999996,2.5,2.5,0.6955964534627379,7,7,Reverse,79.3,5.2124999999999995,1
1691.33,57.83440333333333,12.307314,57.83440614169377,12.307312332783255,3.4749999999999996,2.5,2.5,0.7108854221229569,7,7,Reverse,79.5,5.2124999999999995,1
1692.29,57.83440333333333,12.307313333333331,57.83440473751355,12.307312833058292,3.4749999999999996,2.5,2.5,0.6790948752887144,7,7,Reverse,79.7,5.2124999999999995,1
1693.29,57.83440516666666,12.307318833333333,57.834404952090104,12.307315833195814,3.4749999999999996,2.5,2.5,0.6838376302173467,7,7,Reverse,79.8,5.2124999999999995,1
1694.32,57.83440316666667,12.307321333333334,57.834404059378386,12.307318583264573,3.4749999999999996,2.5,2.5,0.6571024400395337,7,7,Reverse,79.7,5.2124999999999995,1
1695.3,57.834399166666664,12.307317833333332,57.83440161302253,12.307318208298954,3.4749999999999996,2.5,2.5,0.6145371375459763,7,7,Reverse,79.6,5.2124999999999995,1
1696.24,57.83439799999999,12.307315333333333,57.83439980651126,12.307316770816144,3.4749999999999996,2.5,2.5,0.5959477041401082,7,7,Reverse,79.9,5.2124999999999995,1
1697.3,57.83439833333333,12.307315999999998,57.8343990699223,12.30731638540807,3.4749999999999996,2.5,2.5,0.6501064477350227,7,7,Reverse,80.0,5.2124999999999995,1
1698.32,57.834399,12.307315166666667,57.834399034961145,12.307315776037369,3.4749999999999996,2.5,2.5,0.6840961880142634,7,7,Reverse,80.0,5.2124999999999995,1
1699.29,57.83439683333333,12.307316166666665,57.83439793414724,12.307315971352017,3.4749999999999996,2.5,2.5,0.746029116141744,7,7,Reverse,79.9,5.2124999999999995,1
1700.27,57.834395166666674,12.307316166666665,57.83439655040696,12.30731606900934,3.4749999999999996,2.5,2.5,0.8399694461359367,7,7,Reverse,80.1,5.2124999999999995,1
1701.26,57.834396500000004,12.307315333333333,57.83439652520348,12.307315701171337,3.4749999999999996,2.5,2.5,0.9254138935460505,7,7,Reverse,80.2,5.2124999999999995,1
1702.28,57.83440533333334,12.307311499999999,57.83440092926841,12.307313600585669,3.4749999999999996,2.5,2.5,0.7348292394559639,7,7,Reverse,80.2,5.2124999999999995,1
1703.27,57.83440466666666,12.307309833333333,57.834402797967535,12.3073117169595,3.4749999999999996,2.5,2.5,0.6552183255736956,7,7,Reverse,80.2,5.2124999999999995,1
1704.28,57.83439716666667,12.307305000000001,57.8343999823171,12.307308358479752,3.4749999999999996,2.5,2.5,0.8217242042917643,7,7,Reverse,80.5,5.2124999999999995,1
1705.26,57.83440266666666,12.307299166666667,57.83440132449188,12.30730376257321,3.4749999999999996,2.5,2.5,0.7289218961350501,7,7,Reverse,81.1,5.2124999999999995,1
1706.3,57.834394833333334,12.307300333333334,57.834398078912606,12.307302047953272,3.4749999999999996,2.5,2.5,0.8161023160335352,7,7,Reverse,81.3,5.2124999999999995,1
1707.3,57.834394999999994,12.3073005,57.8343965394563,12.307301273976636,3.4749999999999996,2.5,2.5,0.6996546626207589,7,7,Reverse,81.6,5.2124999999999995,1
1708.3,57.83438966666666,12.307300000000001,57.83439310306148,12.307300636988318,3.4749999999999996,2.5,2.5,0.7590470884455761,7,7,Reverse,81.4,5.2124999999999995,1
1709.27,57.83438833333333,12.3072995,57.834390718197405,12.30730006849416,3.4749999999999996,2.5,2.5,0.847044592366339,7,7,Reverse,81.5,5.2124999999999995,1
1710.28,57.834385999999995,12.307299,57.8343883590987,12.307299534247079,3.4749999999999996,2.5,2.5,0.9933983608688086,7,7,Reverse,81.5,5.2124999999999995,1
1711.24,57.834384,12.307298833333334,57.83438617954935,12.307299183790207,3.4749999999999996,2.5,2.5,1.0585162610737389,7,7,Reverse,81.3,5.2124999999999995,1
1712.29,57.834386333333335,12.307297833333333,57.83438625644134,12.30729850856177,3.4749999999999996,2.5,2.5,0.817297366111887,7,7,Reverse,81.0,5.2124999999999995,1
1713.24,57.834387666666665,12.307295833333335,57.834386961554,12.307297170947553,3.4749999999999996,2.5,2.5,0.6353886287024315,7,7,Reverse,80.8,5.2124999999999995,1
1714.3,57.834392166666674,12.307291333333334,57.83438956411034,12.307294252140442,3.4749999999999996,2.5,2.5,0.7586913673287548,7,7,Reverse,80.7,5.2124999999999995,1
1715.29,57.83439633333334,12.307288999999999,57.83439294872184,12.30729162607022,3.225,2.5,2.5,0.9243539171800259,7,7,Reverse,80.5,4.8375,1
1716.29,57.8343995,12.307287166666667,57.83439622436092,12.307289396368445,3.225,2.5,2.5,1.0156465956429845,7,7,Reverse,80.0,4.8375,1
1717.31,57.83440233333334,12.307284833333332,57.83439927884713,12.307287114850888,3.225,2.5,2.5,1.055277607374268,7,7,Reverse,79.6,4.8375,1
1718.31,57.83440416666667,12.307281833333331,57.8344017227569,12.307284474092109,3.225,2.5,2.5,1.1420302362163737,7,7,Reverse,79.4,4.8375,1
1719.29,57.83440933333333,12.307278166666666,57.83440552804512,12.307281320379388,3.225,2.5,2.5,1.1307247417670943,7,7,Reverse,79.1,4.8375,1
1720.3,57.83441833333333,12.307278333333333,57.83441193068922,12.30727982685636,3.225,2.5,2.5,0.8844088018244152,7,7,Reverse,79.1,4.8375,1
1721.27,57.83441883333333,12.307276333333334,57.83441538201128,12.307278080094846,3.225,2.5,2.5,0.6912357424774885,7,7,Reverse,78.9,4.8375,1
1722.28,57.83442449999999,12.307274666666668,57.834419941005635,12.307276373380757,3.225,2.5,2.5,0.6310764969940966,7,7,Reverse,78.7,4.8375,1
1723.26,57.83443183333334,12.307274666666668,57.83442588716949,12.307275520023714,3.225,2.5,2.5,0.6431185575226671,7,7,Reverse,78.5,4.8375,1
1724.27,57.83443333333333,12.307275666666666,57.834429610251405,12.307275593345189,3.225,2.5,2.5,0.5680562133184719,7,7,Reverse,78.3,4.8375,1
1725.32,57.8344405,12.307274,57.8344350551257,12.307274796672594,4.0,2.5,2.5,0.5142023294977252,6,6,Reverse,78.2,6.0,1
1726.29,57.834436833333335,12.3072705,57.83443594422952,12.307272648336298,4.0,2.5,2.5,0.4816274461351554,6,6,Reverse,78.1,6.0,1
1727.39,57.83444133333334,12.307273166666668,57.83443863878143,12.307272907501483,4.0,2.5,2.5,0.40269605463595814,6,6,Reverse,78.1,6.0,1
1728.26,57.83443933333333,12.307267166666668,57.83443898605738,12.307270037084075,4.4,2.5,2.5,0.47656530532301333,5,5,Reverse,78.1,6.6000000000000005,1
1729.24,57.834439499999995,12.307263166666667,57.83443924302869,12.307266601875371,4.4,2.5,2.5,0.5146005789032126,5,5,Reverse,78.0,6.6000000000000005,1
1730.24,57.8344375,12.307263833333332,57.834438371514345,12.307265217604352,4.4,2.5,2.5,0.46932760232624077,5,5,Reverse,78.0,6.6000000000000005,1
1731.29,57.83443366666667,12.307260666666666,57.834436019090504,12.307262942135509,4.4,2.5,2.5,0.514818759177479,5,5,Reverse,78.0,6.6000000000000005,1
1732.3,57.834432666666665,12.307257333333332,57.83443434287859,12.30726013773442,4.0,2.5,2.5,0.5669375274037581,6,6,Reverse,78.2,6.0,1
1733.27,57.83442616666666,12.307257,57.83443025477262,12.30725856886721,4.0,2.5,2.5,0.7319767455767966,6,6,Reverse,78.3,6.0,1
1734.36,57.8344345,12.307258333333333,57.834432377386314,12.307258451100271,4.0,2.5,2.5,0.5813626534848926,6,6,Reverse,78.5,6.0,1
1735.29,57.834439,12.307261166666668,57.834435688693155,12.30725980888347,3.975,2.5,2.5,0.5695633998397519,6,6,Reverse,78.7,5.9625,1
1736.33,57.834438666666664,12.307265833333334,57.83443717767991,12.307262821108402,3.975,2.5,2.5,0.614281742784768,6,6,Reverse,78.9,5.9625,1
1737.25,57.8344345,12.307270666666666,57.83443583883996,12.307266743887533,3.975,2.5,2.5,0.5991570614007147,6,6,Reverse,79.0,5.9625,1
1738.27,57.83444233333333,12.307274,57.83443908608664,12.307270371943767,3.975,2.5,2.5,0.6123232107080866,6,6,Reverse,79.1,5.9625,1
1739.3,57.834445,12.3072755,57.834442043043325,12.307272935971882,3.975,2.5,2.5,0.700631105827942,6,6,Reverse,79.3,5.9625,1
1740.35,57.834445,12.307277500000001,57.83444352152166,12.307275217985943,3.975,2.5,2.5,0.7183289855046842,6,6,Reverse,79.2,5.9625,1
1741.32,57.83445400000001,12.307281666666665,57.834448760760836,12.307278442326304,3.975,2.5,2.5,0.893771300553764,6,6,Reverse,79.2,5.9625,1
1742.28,57.83446083333333,12.307284833333332,57.83445479704708,12.307281637829817,3.975,2.5,2.5,1.0792437099708971,6,6,Reverse,79.3,5.9625,1
1743.34,57.83445666666667,12.307286500000002,57.83445573185688,12.30728406891491,3.975,2.5,2.5,1.0649402901986684,6,6,Reverse,79.4,5.9625,1
1744.32,57.83445733333333,12.307287333333333,57.834456532595105,12.30728570112412,3.975,2.5,2.5,1.1439135548703532,6,6,Reverse,79.2,5.9625,1
1745.27,57.83444899999999,12.307288333333334,57.834452766297545,12.307287017228727,3.975,2.5,2.5,1.0224748003251847,6,6,Reverse,79.1,5.9625,1
1746.26,57.83444899999999,12.307289666666668,57.83445088314877,12.307288341947698,3.975,2.5,2.5,0.8057467496854075,6,6,Reverse,79.0,5.9625,1
1747.23,57.83444849999999,12.30729,57.834449691574385,12.30728917097385,3.975,2.5,2.5,0.6359830256808314,6,6,Reverse,79.3,5.9625,1
1748.29,57.83445466666667,12.3072915,57.834452179120525,12.307290335486924,3.975,2.5,2.5,0.7591964801364792,6,6,Reverse,79.2,5.9625,1
1749.27,57.83445783333333,12.3072915,57.83445500622693,12.307290917743462,3.975,2.5,2.5,0.8997230260034462,6,6,Reverse,79.1,5.9625,1
1750.29,57.83445416666667,12.307292833333333,57.834454586446796,12.307291875538398,3.975,2.5,2.5,0.7653238285306354,6,6,Reverse,78.9,5.9625,1
1751.3,57.83445516666667,12.307295333333332,57.834454876556734,12.307293604435865,3.975,2.5,2.5,0.6040045118529309,6,6,Reverse,78.6,5.9625,1
1752.26,57.83445266666666,12.307298500000002,57.8344537716117,12.307296052217934,3.975,2.5,2.5,0.477018856021233,7,7,Reverse,78.6,5.9625,1
1753.24,57.83445583333334,12.307301333333331,57.834454802472514,12.307298692775632,3.975,2.5,2.5,0.6102496517731759,6,6,Reverse,78.3,5.9625,1
1754.27,57.83445983333333,12.3073035,57.834457317902924,12.307301096387816,3.975,2.5,2.5,0.8152707270703435,6,6,Reverse,78.3,5.9625,1
1755.3,57.83446049999999,12.307302,57.834458908951454,12.307301548193909,3.975,2.5,2.5,0.7874001462194792,6,6,Reverse,77.8,5.9625,1
1756.3,57.83446833333334,12.307304500000003,57.8344636211424,12.307303024096955,3.975,2.5,2.5,0.8811511220956769,6,6,Reverse,77.7,5.9625,1
1757.37,57.83446716666667,12.307305666666666,57.83446539390454,12.30730434538181,4.1499999999999995,2.5,2.5,0.9493466127264367,5,5,Reverse,77.8,6.225,1
1758.34,57.83446066666667,12.307309166666668,57.834463030285605,12.30730675602424,3.625,2.5,2.5,0.8076468686459449,6,6,Reverse,77.4,5.4375,1
1759.26,57.8344535,12.307308666666666,57.8344582651428,12.307307711345453,3.625,2.5,2.5,0.6959689869655765,6,6,Reverse,76.9,5.4375,1
1760.28,57.83445466666667,12.30731,57.834456465904736,12.307308855672726,3.625,2.5,2.5,0.5917445026341743,6,6,Reverse,76.1,5.4375,1
1761.3,57.83445366666667,12.307310166666666,57.834455066285706,12.307309511169695,3.625,2.5,2.5,0.467893331015389,6,6,Reverse,75.6,5.4375,1
1762.3,57.83445333333334,12.307309833333333,57.83445419980952,12.307309672251515,3.25,2.5,2.5,0.51681611171328,7,7,Reverse,75.6,4.875,1
1763.29,57.83445366666667,12.30731,57.834453933238095,12.307309836125757,3.25,2.5,2.5,0.6408093882936086,7,7,Reverse,75.3,4.875,1
1764.3,57.8344535,12.307309000000002,57.83445371661905,12.307309418062879,3.25,2.5,2.5,0.6436251719834508,7,7,Reverse,75.2,4.875,1
1765.26,57.8344505,12.307309833333333,57.83445210830953,12.307309625698107,3.25,2.5,2.5,0.5329494148755918,7,7,Reverse,74.9,4.875,1
1766.3,57.8344495,12.30731,57.83445080415476,12.307309812849052,3.25,2.5,2.5,0.4624883433481776,7,7,Reverse,74.3,4.875,1
1767.39,57.83444816666667,12.307310500000002,57.834449485410715,12.307310156424528,3.25,2.5,2.5,0.40689763847886873,7,7,Reverse,74.2,4.875,1
1768.31,57.83444899999999,12.307310166666666,57.834449242705354,12.307310161545596,3.25,2.5,2.5,0.3349624883745608,7,7,Reverse,73.6,4.875,1
1769.3,57.83444766666666,12.307309833333333,57.834448454686004,12.307309997439464,3.25,2.5,2.5,0.2449654785011266,7,7,Reverse,73.4,4.875,1
1770.29,57.834447,12.307309000000002,57.834447727343004,12.307309498719734,3.25,2.5,2.5,0.1643635973724843,7,7,Reverse,72.7,4.875,1
1771.3,57.8344475,12.307307500000002,57.8344476136715,12.307308499359868,3.25,2.5,2.5,0.15806005849583452,7,7,Reverse,72.2,4.875,1
1772.3,57.83444683333334,12.307306333333335,57.83444722350242,12.307307416346601,3.25,2.5,2.5,0.10948505684625433,7,7,Reverse,71.6,4.875,1
1773.41,57.834447,12.307305166666668,57.83444711175121,12.307306291506634,3.25,2.5,2.5,0.12715625542032138,7,7,Reverse,70.9,4.875,1
1774.31,57.834448,12.307306833333334,57.834447555875606,12.307306562419983,3.25,2.5,2.5,0.09560065557942972,7,7,Reverse,70.2,4.875,1
1775.28,57.83444883333333,12.307306333333335,57.83444819460447,12.307306447876659,3.25,2.5,2.5,0.08204131293994153,7,7,Reverse,69.8,4.875,1
1776.34,57.83444849999999,12.307306666666667,57.83444834730223,12.307306557271664,3.25,2.5,2.5,0.09135283892974054,7,7,Reverse,69.7,4.875,1
1777.24,57.8344475,12.307306333333335,57.83444792365112,12.3073064453025,3.25,2.5,2.5,0.10623030995373807,7,7,Reverse,69.2,4.875,1
1778.27,57.83444766666666,12.307306333333335,57.83444779515889,12.307306389317917,3.25,2.5,2.5,0.10860882319514059,7,7,Reverse,68.8,4.875,1
1779.3,57.834447,12.307306166666669,57.834447397579446,12.307306277992293,3.25,2.5,2.5,0.13934133933312715,7,7,Reverse,68.8,4.875,1
1780.32,57.83444666666666,12.307306166666669,57.83444703212305,12.30730622232948,3.25,2.5,2.5,0.1247987556157725,7,7,Reverse,68.7,4.875,1
1781.33,57.8344465,12.307306833333334,57.834446766061525,12.307306527831408,3.25,2.5,2.5,0.12753045472591776,7,7,Reverse,68.6,4.875,1
1782.29,57.83444766666666,12.307309000000002,57.83444721636409,12.307307763915704,3.25,2.5,2.5,0.13144303244582822,7,7,Reverse,68.5,4.875,1
1783.25,57.834448,12.307310166666666,57.834447608182046,12.307308965291185,3.25,2.5,2.5,0.10985509274062293,7,7,Reverse,68.7,4.875,1
1784.28,57.83444866666667,12.307311499999999,57.83444813742436,12.307310232645593,3.25,2.5,2.5,0.11120484308420915,7,7,Reverse,68.7,4.875,1
1785.29,57.83444816666667,12.307311,57.83444815204551,12.307310616322797,3.25,2.5,2.5,0.14461543662134874,7,7,Reverse,68.8,4.875,1
1786.28,57.83444849999999,12.307310666666668,57.83444832602275,12.307310641494732,3.25,2.5,2.5,0.12995312798932054,7,7,Reverse,68.7,4.875,1
1787.3,57.83444833333333,12.307308833333332,57.83444832967804,12.307309737414032,3.25,2.5,2.5,0.2535956681360869,7,7,Reverse,68.3,4.875,1
1788.24,57.83444833333333,12.307306666666667,57.83444833150568,12.30730820204035,3.25,2.5,2.5,0.3873116806707989,7,7,Reverse,68.2,4.875,1
1789.33,57.83444883333333,12.307309166666668,57.83444858241951,12.307308684353508,3.25,2.5,2.5,0.3650436302484088,7,7,Reverse,68.5,4.875,1
1790.3,57.83445199999999,12.307310666666668,57.83445029120975,12.307309675510089,3.25,2.5,2.5,0.30967028173570593,7,7,Reverse,68.8,4.875,1
1791.3,57.8344535,12.307312000000001,57.83445189560488,12.307310837755045,3.25,2.5,2.5,0.2598754782885533,7,7,Reverse,69.2,4.875,1
1792.27,57.83445466666667,12.307312000000001,57.83445328113577,12.307311418877523,3.25,2.5,2.5,0.23386929005823937,7,7,Reverse,69.8,4.875,1
1793.28,57.83445566666666,12.307312833333333,57.83445447390122,12.307312126105428,3.25,2.5,2.5,0.1971047919991096,7,7,Reverse,70.0,4.875,1
1794.26,57.83445566666666,12.307315833333332,57.834455070283944,12.30731397971938,3.25,2.5,2.5,0.3077511651684031,7,7,Reverse,70.1,4.875,1
1795.34,57.83445633333334,12.307317333333334,57.83445570180864,12.307315656526356,3.25,2.5,2.5,0.3489739805043928,7,7,Reverse,70.1,4.875,1
1796.34,57.834458,12.307321833333333,57.83445685090432,12.307318744929844,3.25,2.5,2.5,0.42221217699928587,7,7,Reverse,70.4,4.875,1
1797.28,57.83445866666666,12.307323166666666,57.83445775878549,12.307320955798255,3.25,2.5,2.5,0.36335276786656223,7,7,Reverse,70.4,4.875,1
1798.3,57.83445916666666,12.307324000000001,57.834458462726076,12.30732247789913,3.25,2.5,2.5,0.2895264939261998,7,7,Reverse,70.5,4.875,1
1799.27,57.83445916666666,12.307321666666667,57.83445881469637,12.307322072282897,3.25,2.5,2.5,0.2769766085333104,7,7,Reverse,70.5,4.875,1
1800.29,57.83445966666667,12.307323499999999,57.83445924068152,12.307322786141448,3.25,2.5,2.5,0.23399932382071578,7,7,Reverse,70.3,4.875,1
1801.27,57.834460166666666,12.307323666666665,57.83445970367409,12.307323226404057,3.25,2.5,2.5,0.2552387891509307,7,7,Reverse,70.3,4.875,1
1802.32,57.83445983333333,12.307322,57.83445976850371,12.307322613202029,3.25,2.5,2.5,0.29812120908009454,7,7,Reverse,70.7,4.875,1
1803.29,57.834460166666666,12.30732,57.83445996758519,12.307321306601015,3.25,2.5,2.5,0.30815947981201053,7,7,Reverse,70.9,4.875,1
1804.34,57.834461,12.307319833333334,57.83446048379259,12.307320569967175,3.25,2.5,2.5,0.24030480174025765,7,7,Reverse,71.4,4.875,1
1805.33,57.8344625,12.307320166666667,57.8344614918963,12.30732036831692,3.25,2.5,2.5,0.23312475736998234,7,7,Reverse,71.6,4.875,1
1806.4,57.834462833333326,12.307320166666667,57.83446216261481,12.307320267491793,3.25,2.5,2.5,0.20987504553642466,7,7,Reverse,72.1,4.875,1
1807.26,57.83446433333334,12.307321333333334,57.83446324797407,12.307320800412564,3.25,2.5,2.5,0.2175704676945822,7,7,Reverse,72.0,4.875,1
1808.26,57.83446466666666,12.307320166666667,57.83446395732037,12.307320483539616,3.25,2.5,2.5,0.20999070204158854,7,7,Reverse,72.4,4.875,1
1809.25,57.83446533333334,12.307318333333335,57.834464645326854,12.307319408436475,3.625,2.5,2.5,0.2531098393751449,6,6,Reverse,72.3,5.4375,1
1810.27,57.83446566666667,12.307318500000001,57.83446515599676,12.307318954218237,3.25,2.5,2.5,0.2864445238829562,7,7,Reverse,72.3,4.875,1
1811.28,57.83446649999999,12.3073205,57.83446582799838,12.30731972710912,3.25,2.5,2.5,0.22797916102549104,7,7,Reverse,72.5,4.875,1
1812.33,57.83446716666667,12.307321000000002,57.83446649733252,12.30732036355456,3.625,2.5,2.5,0.29775116328732637,6,6,Reverse,72.4,5.4375,1
1813.28,57.834468,12.307318833333333,57.834467248666265,12.307319598443947,3.625,2.5,2.5,0.26768777693742124,6,6,Reverse,72.2,5.4375,1
1814.29,57.834468833333325,12.307320166666667,57.834468040999795,12.307319882555307,3.625,2.5,2.5,0.21601775168598608,6,6,Reverse,72.0,5.4375,1
1815.32,57.83447133333334,12.3073245,57.83446968716657,12.307322191277654,3.625,2.5,2.5,0.2797151956724899,6,6,Reverse,71.9,5.4375,1
1816.28,57.834471666666666,12.307325500000001,57.83447067691662,12.307323845638827,3.625,2.5,2.5,0.2439275741965561,6,6,Reverse,72.3,5.4375,1
1817.34,57.83447249999999,12.307327000000003,57.8344715884583,12.307325422819416,3.625,2.5,2.5,0.23813338201585582,6,6,Reverse,72.3,5.4375,1
1818.3,57.834472999999996,12.307326833333331,57.83447229422915,12.307326128076372,3.625,2.5,2.5,0.20150349087474329,6,6,Reverse,72.2,5.4375,1
1819.26,57.83447433333334,12.307329166666667,57.834473313781245,12.30732764737152,3.625,2.5,2.5,0.15106451691636832,6,6,Reverse,72.1,5.4375,1
1820.29,57.834474833333324,12.307330333333335,57.83447407355728,12.307328990352428,3.625,2.5,2.5,0.11811527039198964,6,6,Reverse,72.1,5.4375,1
1821.26,57.834475833333336,12.307331833333334,57.83447495344531,12.30733041184288,3.625,2.5,2.5,0.13270573595398935,6,6,Reverse,72.2,5.4375,1
1822.26,57.834475999999995,12.307332166666667,57.83447547672265,12.307331289254774,3.625,2.5,2.5,0.1144695553608798,6,6,Reverse,72.4,5.4375,1
1823.29,57.8344765,12.307332666666666,57.834475988361326,12.30733197796072,3.625,2.5,2.5,0.144052632593287,6,6,Reverse,72.3,5.4375,1
1824.28,57.834477500000006,12.307333666666667,57.83447674418067,12.307332822313693,3.625,2.5,2.5,0.1265965410951355,6,6,Reverse,72.2,5.4375,1
1825.3,57.834479166666675,12.307334166666665,57.83447795542367,12.307333494490178,3.625,2.5,2.5,0.11499255753073322,6,6,Reverse,72.3,5.4375,1
1826.3,57.834481000000004,12.307334500000001,57.83447947771184,12.30733399724509,3.625,2.5,2.5,0.1195606900931734,6,6,Reverse,72.3,5.4375,1
1827.33,57.834480666666664,12.307334500000001,57.83448007218925,12.307334248622546,3.625,2.5,2.5,0.11487142911072072,6,6,Reverse,72.4,5.4375,1
1828.32,57.834480166666665,12.3073365,57.83448011942796,12.307335374311274,3.625,2.5,2.5,0.1392697440153549,6,6,Reverse,72.6,5.4375,1
1829.29,57.83448083333333,12.307338,57.83448047638064,12.307336687155637,3.625,2.5,2.5,0.14685621055002154,6,6,Reverse,72.8,5.4375,1
1830.28,57.834481000000004,12.307338833333331,57.83448073819032,12.307337760244483,3.625,2.5,2.5,0.1424941943811966,6,6,Reverse,73.0,5.4375,1
1831.25,57.834481000000004,12.307339833333334,57.83448086909517,12.307338796788908,3.625,2.5,2.5,0.13536370630999425,6,6,Reverse,73.0,5.4375,1
1832.32,57.834481833333335,12.307341000000001,57.83448135121425,12.307339898394455,3.625,2.5,2.5,0.1236517325286904,6,6,Reverse,73.2,5.4375,1
1833.26,57.8344825,12.307341666666666,57.83448192560712,12.307340782530561,3.625,2.5,2.5,0.10785207463263381,6,6,Reverse,73.2,5.4375,1
1834.29,57.83448283333334,12.307342000000002,57.83448237947023,12.30734139126528,3.625,2.5,2.5,0.09652054600924455,6,6,Reverse,73.4,5.4375,1
1835.39,57.83448533333333,12.307341666666666,57.83448385640178,12.307341528965974,3.625,2.5,2.5,0.23500430997922678,6,6,Reverse,73.4,5.4375,1
1836.33,57.83448466666667,12.307341333333333,57.83448426153423,12.307341431149654,3.625,2.5,2.5,0.25505114891307307,6,6,Reverse,73.4,5.4375,1
1837.33,57.834484999999994,12.307342000000002,57.83448463076711,12.307341715574827,3.625,2.5,2.5,0.23376117701763555,6,6,Reverse,73.8,5.4375,1
1838.27,57.83448566666666,12.307341333333333,57.83448514871689,12.307341524454081,3.625,2.5,2.5,0.2248202588749394,6,6,Reverse,74.1,5.4375,1
1839.32,57.834486500000004,12.307341833333332,57.834485824358445,12.307341678893707,3.625,2.5,2.5,0.18353186184213113,6,6,Reverse,74.1,5.4375,1
1840.32,57.83448833333333,12.307343166666666,57.83448707884589,12.307342422780186,3.625,2.5,2.5,0.18528522320574245,6,6,Reverse,74.4,5.4375,1
1841.28,57.83448866666666,12.307343500000002,57.83448787275627,12.307342961390093,3.625,2.5,2.5,0.2001046036505929,6,6,Reverse,74.5,5.4375,1
1842.24,57.834489166666664,12.307343,57.83448851971147,12.307342980695047,3.625,2.5,2.5,0.23051923194560078,6,6,Reverse,74.7,5.4375,1
1843.26,57.83449033333333,12.307345833333333,57.834489426522396,12.30734440701419,3.625,2.5,2.5,0.26889590643468303,6,6,Reverse,74.7,5.4375,1
1844.25,57.83449016666667,12.307343166666666,57.83448979659453,12.307343786840427,3.625,2.5,2.5,0.24777863733405311,6,6,Reverse,75.0,5.4375,1
1845.35,57.834490833333334,12.307344333333333,57.834490314963936,12.30734406008688,3.625,2.5,2.5,0.21212789551714645,6,6,Reverse,75.2,5.4375,1
1846.28,57.83449016666667,12.3073445,57.8344902408153,12.30734428004344,3.625,2.5,2.5,0.2672085387758404,6,6,Reverse,75.2,5.4375,1
1847.34,57.83449099999999,12.307345000000002,57.83449062040765,12.307344640021721,3.625,2.5,2.5,0.2474050683203251,6,6,Reverse,75.1,5.4375,1
1848.29,57.8344915,12.307345666666667,57.834491060203824,12.307345153344194,3.625,2.5,2.5,0.22529686409639746,6,6,Reverse,75.3,5.4375,1
1849.29,57.83449333333333,12.307345999999999,57.83449219676857,12.307345576672096,3.625,2.5,2.5,0.1798696053498996,6,6,Reverse,75.3,5.4375,1
1850.26,57.8344945,12.307347166666666,57.834493348384285,12.30734637166938,3.625,2.5,2.5,0.14438346804968813,6,6,Reverse,75.6,5.4375,1
1851.29,57.834495,12.307348166666667,57.834494174192145,12.307347269168025,3.625,2.5,2.5,0.14232059531726807,6,6,Reverse,75.8,5.4375,1
1852.25,57.834495,12.307349166666665,57.83449458709607,12.307348217917344,3.2750000000000004,2.5,2.5,0.13274098307579668,7,7,Reverse,75.8,4.9125000000000005,1
1853.32,57.83449600000001,12.307351000000002,57.83449529354804,12.307349608958674,3.2750000000000004,2.5,2.5,0.20544017671500037,7,7,Reverse,75.8,4.9125000000000005,1
1854.3,57.83449783333334,12.307351666666667,57.83449656344069,12.30735063781267,3.2750000000000004,2.5,2.5,0.2602370005501744,7,7,Reverse,76.0,4.9125000000000005,1
1855.28,57.83449666666667,12.307351833333334,57.83449661505368,12.307351235573002,3.2750000000000004,2.5,2.5,0.23110532697383782,7,7,Reverse,75.9,4.9125000000000005,1
1856.27,57.8344985,12.307352833333335,57.834497557526845,12.307352034453169,3.2750000000000004,2.5,2.5,0.3215043289414108,7,7,Reverse,75.8,4.9125000000000005,1
1857.31,57.83449966666667,12.307353833333332,57.83449861209676,12.30735293389325,3.2750000000000004,2.5,2.5,0.3439397489340276,7,7,Reverse,75.5,4.9125000000000005,1
1858.24,57.83449949999999,12.307353833333332,57.83449905604837,12.307353383613291,3.625,2.5,2.5,0.29510727417357124,6,6,Reverse,75.5,5.4375,1
1859.29,57.83449933333333,12.307354333333334,57.834499194690856,12.307353858473313,3.625,2.5,2.5,0.2503149561864532,6,6,Reverse,75.5,5.4375,1
1860.24,57.83449916666667,12.307355,57.83449918067876,12.307354429236655,3.625,2.5,2.5,0.19739753300367738,6,6,Reverse,75.4,5.4375,1
1861.29,57.83449883333333,12.307354000000002,57.834499007006045,12.307354214618329,3.625,2.5,2.5,0.15692201246238305,6,6,Reverse,75.3,5.4375,1
1862.32,57.83449866666667,12.307353333333333,57.83449883683635,12.307353773975832,3.625,2.5,2.5,0.15043427349685884,6,6,Reverse,75.1,5.4375,1
1863.29,57.83449983333333,12.307353333333333,57.83449933508484,12.307353553654583,3.625,2.5,2.5,0.16710046051906663,6,6,Reverse,75.0,5.4375,1
1864.28,57.83450033333334,12.307352500000002,57.83449983420909,12.307353026827291,3.2750000000000004,2.5,2.5,0.16515295572153155,7,7,Reverse,75.0,4.9125000000000005,1
1865.29,57.83450033333334,12.307353166666667,57.83450008377122,12.30735309674698,3.2750000000000004,2.5,2.5,0.19253737832438314,7,7,Reverse,75.1,4.9125000000000005,1
1866.39,57.83450183333333,12.307352833333335,57.83450095855227,12.307352965040158,3.2750000000000004,2.5,2.5,0.15966961285079637,7,7,Reverse,75.2,4.9125000000000005,1
1867.29,57.83450216666667,12.307351500000001,57.83450156260947,12.30735223252008,3.2750000000000004,2.5,2.5,0.14572949433160304,7,7,Reverse,75.2,4.9125000000000005,1
1868.32,57.83450316666667,12.307350333333334,57.83450236463807,12.307351282926707,3.2750000000000004,2.5,2.5,0.11760471340369952,7,7,Reverse,75.2,4.9125000000000005,1
1869.29,57.83450366666666,12.3073505,57.834503015652366,12.307350891463352,3.2750000000000004,2.5,2.5,0.10659410715658588,7,7,Reverse,75.3,4.9125000000000005,1
1870.43,57.834503,12.307349666666669,57.834503007826186,12.30735027906501,3.2750000000000004,2.5,2.5,0.08809203862559307,7,7,Reverse,75.5,4.9125000000000005,1
1871.34,57.83450266666667,12.307348166666667,57.834502837246426,12.30734922286584,3.2750000000000004,2.5,2.5,0.09868995273480846,7,7,Reverse,75.4,4.9125000000000005,1
1872.27,57.834506,12.307349166666665,57.83450441862321,12.307349194766251,3.2750000000000004,2.5,2.5,0.3418674293840661,7,7,Reverse,75.5,4.9125000000000005,1
1873.29,57.83450583333333,12.307350333333334,57.834505125978275,12.307349764049793,3.2750000000000004,2.5,2.5,0.37802798183789654,7,7,Reverse,75.4,4.9125000000000005,1
1874.25,57.83450916666667,12.307352166666666,57.83450714632247,12.30735096535823,3.2750000000000004,2.5,2.5,0.5019646075601152,7,7,Reverse,75.2,4.9125000000000005,1
1875.29,57.83451033333334,12.307353333333333,57.8345087398279,12.307352149345782,3.2750000000000004,2.5,2.5,0.5997761470669226,7,7,Reverse,75.2,4.9125000000000005,1
1876.26,57.83451616666666,12.307355500000002,57.834512453247285,12.30735382467289,3.2750000000000004,2.5,2.5,0.819463013147833,7,7,Reverse,75.0,4.9125000000000005,1
1877.28,57.834518166666676,12.307356666666665,57.83451530995698,12.307355245669779,3.2750000000000004,2.5,2.5,0.8997920664544432,7,7,Reverse,74.8,4.9125000000000005,1
1878.26,57.834517166666664,12.307355500000002,57.83451623831182,12.30735537283489,3.2750000000000004,2.5,2.5,0.7969351538269248,7,7,Reverse,74.8,4.9125000000000005,1
1879.33,57.834523999999995,12.307359,57.83452011915591,12.307357186417445,3.2750000000000004,2.5,2.5,0.903498593466521,7,7,Reverse,74.8,4.9125000000000005,1
1880.32,57.834519833333324,12.307358166666665,57.834519976244614,12.307357676542056,3.2750000000000004,2.5,2.5,0.8221895158956904,7,7,Reverse,74.8,4.9125000000000005,1
1881.28,57.83451433333333,12.307356,57.834517154788976,12.307356838271028,3.2750000000000004,2.5,2.5,0.6890012045533407,7,7,Reverse,74.9,4.9125000000000005,1
1882.28,57.83452183333334,12.307358666666667,57.834519494061155,12.307357752468848,3.625,2.5,2.5,0.671988427832752,6,6,Reverse,74.9,5.4375,1
1883.28,57.83452183333334,12.307358333333331,57.83452066369725,12.30735804290109,3.625,2.5,2.5,0.6058782666556265,6,6,Reverse,75.0,5.4375,1
1884.25,57.83451933333334,12.307357833333333,57.8345199985153,12.30735793811721,3.625,2.5,2.5,0.49532286930028646,6,6,Reverse,75.0,5.4375,1
1885.26,57.83451433333333,12.307355333333332,57.83451716592431,12.307356635725272,3.625,2.5,2.5,0.47505387344558564,6,6,Reverse,75.0,5.4375,1
1886.28,57.834507,12.307352166666666,57.834512082962156,12.307354401195969,3.625,2.5,2.5,0.6368238585602118,6,6,Reverse,75.1,5.4375,1
1887.24,57.834503,12.307350333333334,57.83450754148108,12.30735236726465,3.625,2.5,2.5,0.819317189008549,6,6,Reverse,75.3,5.4375,1
1888.26,57.83449183333334,12.307345333333334,57.83449968740721,12.307348850298993,3.625,2.5,2.5,1.131301144263217,6,6,Reverse,75.4,5.4375,1
1889.29,57.83448799999999,12.307343166666666,57.8344938437036,12.30734600848283,3.625,2.5,2.5,1.2770344665573519,6,6,Reverse,75.4,5.4375,1
1890.3,57.834479333333334,12.307339333333335,57.834486588518466,12.307342670908081,3.625,2.5,2.5,1.498038843043582,6,6,Reverse,75.4,5.4375,1
1891.29,57.834477166666666,12.307336999999999,57.834481877592566,12.30733983545404,3.625,2.5,2.5,1.6223606259938843,6,6,Reverse,75.6,5.4375,1
1892.29,57.83447816666667,12.307338499999998,57.83448002212962,12.307339167727019,3.625,2.5,2.5,1.5781192709920677,6,6,Reverse,75.7,5.4375,1
1893.3,57.83447233333333,12.307335666666665,57.834476177731474,12.307337417196843,3.625,2.5,2.5,1.602785049766039,6,6,Reverse,75.8,5.4375,1
1894.32,57.83446683333333,12.307332333333333,57.834471505532406,12.307334875265088,3.625,2.5,2.5,1.638156738589007,6,6,Reverse,76.0,5.4375,1
1895.34,57.83446566666667,12.307331166666666,57.83446858609953,12.307333020965876,3.625,2.5,2.5,1.5497572527736312,6,6,Reverse,76.3,5.4375,1
1896.32,57.83445916666666,12.307328666666669,57.8344638763831,12.307330843816272,3.625,2.5,2.5,1.571696066376508,6,6,Reverse,76.4,5.4375,1
1897.26,57.83445716666667,12.307327166666669,57.83446052152488,12.30732900524147,3.625,2.5,2.5,1.4698539146900775,6,6,Reverse,76.7,5.4375,1
1898.29,57.8344555,12.307325500000001,57.83445801076244,12.307327252620736,3.625,2.5,2.5,1.1834633625814899,6,6,Reverse,76.6,5.4375,1
1899.26,57.83445316666666,12.307323666666665,57.834455588714555,12.307325459643701,3.625,2.5,2.5,0.9099164393696737,6,6,Reverse,76.7,5.4375,1
1900.27,57.83445083333333,12.307320666666666,57.83445321102394,12.307323063155183,3.625,2.5,2.5,0.8959453442512048,6,6,Reverse,76.7,5.4375,1
1901.29,57.83444883333333,12.307319,57.834451022178634,12.307321031577592,3.625,2.5,2.5,0.7730467929223358,6,6,Reverse,76.8,5.4375,1
1902.27,57.83444466666666,12.30731633333333,57.83444784442265,12.307318682455461,3.3000000000000003,2.5,2.5,0.6647705422881649,7,7,Reverse,76.6,4.95,1
1903.3,57.834439499999995,12.307314666666665,57.83444367221132,12.307316674561063,3.3000000000000003,2.5,2.5,0.6067891332980879,7,7,Reverse,76.5,4.95,1
1904.27,57.8344345,12.3073125,57.83443908610566,12.307314587280532,3.3000000000000003,2.5,2.5,0.5025563220357274,7,7,Reverse,76.4,4.95,1
1905.26,57.834428499999994,12.307310166666666,57.83443379305283,12.307312376973599,3.3000000000000003,2.5,2.5,0.5330662155357011,7,7,Reverse,76.7,4.95,1
1906.28,57.83442616666666,12.307308833333332,57.83442997985974,12.307310605153464,3.3000000000000003,2.5,2.5,0.5039537344535581,7,7,Reverse,76.9,4.95,1
1907.27,57.834425333333336,12.307308166666667,57.83442765659654,12.307309385910067,3.3000000000000003,2.5,2.5,0.39299814761837304,7,7,Reverse,77.2,4.95,1
1908.29,57.83441666666666,12.307304166666665,57.8344221616316,12.307306776288366,3.3000000000000003,2.5,2.5,0.5237640072911887,7,7,Reverse,77.4,4.95,1
1909.27,57.83441333333334,12.307302666666665,57.83441774748247,12.307304721477514,3.3000000000000003,2.5,2.5,0.6607776043497927,7,7,Reverse,78.1,4.95,1
1910.31,57.83441116666666,12.307300000000001,57.834414457074566,12.307302360738758,3.3000000000000003,2.5,2.5,0.6506792280982725,7,7,Reverse,78.6,4.95,1
1911.29,57.83440649999999,12.307298666666668,57.83441047853728,12.307300513702714,3.3000000000000003,2.5,2.5,0.65277441676455,7,7,Reverse,78.9,4.95,1
1912.35,57.83440033333333,12.307295500000002,57.83440540593531,12.307298006851358,3.3000000000000003,2.5,2.5,0.6908799220115888,7,7,Reverse,79.4,4.95,1
1913.29,57.834396166666664,12.307294500000001,57.83440078630098,12.30729625342568,3.3000000000000003,2.5,2.5,0.6619889650896007,7,7,Reverse,79.9,4.95,1
1914.28,57.834394499999995,12.307294166666669,57.83439764315049,12.307295210046174,3.3000000000000003,2.5,2.5,0.6504761091179952,7,7,Reverse,80.5,4.95,1
1915.33,57.8343925,12.307294333333335,57.834395071575244,12.307294771689754,3.3000000000000003,2.5,2.5,0.6187297440792048,7,7,Reverse,80.8,4.95,1
1916.34,57.834393500000004,12.307294666666667,57.834394285787624,12.307294719178211,3.3000000000000003,2.5,2.5,0.5081909867493589,7,7,Reverse,81.2,4.95,1
1917.26,57.834389166666675,12.30729383333333,57.83439172622715,12.30729427625577,3.3000000000000003,2.5,2.5,0.43087401815344123,7,7,Reverse,81.5,4.95,1
1918.29,57.834386166666675,12.307293333333332,57.834388946446914,12.30729380479455,3.3000000000000003,2.5,2.5,0.45111131717352154,7,7,Reverse,82.1,4.95,1
1919.37,57.834385999999995,12.307294500000001,57.83438747322345,12.307294152397276,3.375,2.5,2.5,0.3985730524406431,6,6,Reverse,82.4,5.0625,1
1920.26,57.83438866666667,12.307296166666667,57.834388069945064,12.307295159531972,3.375,2.5,2.5,0.38476012940205007,6,6,Reverse,82.7,5.0625,1
1921.27,57.83439083333333,12.307296166666667,57.8343894516392,12.30729566309932,3.375,2.5,2.5,0.5517508813670008,6,6,Reverse,82.8,5.0625,1
1922.25,57.834385833333336,12.3072925,57.83438764248626,12.30729408154966,3.375,2.5,2.5,0.5216653771437599,6,6,Reverse,83.1,5.0625,1
1923.29,57.834384833333324,12.307292666666667,57.8343862379098,12.307293374108164,3.375,2.5,2.5,0.4397335072288306,6,6,Reverse,83.5,5.0625,1
1924.29,57.834382999999995,12.307291999999999,57.83438461895489,12.307292687054082,3.4000000000000004,2.5,2.5,0.4425259962159122,6,6,Reverse,83.7,5.1000000000000005,1
1925.27,57.83438266666667,12.307293166666666,57.834383642810785,12.307292926860374,3.4000000000000004,2.5,2.5,0.40655555045576275,6,6,Reverse,84.0,5.1000000000000005,1
1926.28,57.834382999999995,12.307293333333332,57.83438332140539,12.307293130096852,3.4000000000000004,2.5,2.5,0.3657871710369921,6,6,Reverse,84.3,5.1000000000000005,1
1927.24,57.834385833333336,12.307294166666669,57.83438457736936,12.30729364838176,3.4000000000000004,2.5,2.5,0.2699983917868578,6,6,Reverse,84.5,5.1000000000000005,1
1928.3,57.83437633333333,12.307291333333334,57.834380455351344,12.307292490857547,3.4000000000000004,2.5,2.5,0.5532433055611198,6,6,Reverse,84.7,5.1000000000000005,1
1929.31,57.83437649999999,12.307291166666667,57.83437847767567,12.307291828762107,3.4000000000000004,2.5,2.5,0.6731412731144453,6,6,Reverse,85.0,5.1000000000000005,1
1930.25,57.8343755,12.307291833333332,57.83437698883783,12.30729183104772,3.4000000000000004,2.5,2.5,0.5766275659675348,6,6,Reverse,85.3,5.1000000000000005,1
1931.29,57.8343665,12.3072885,57.83437174441892,12.30729016552386,3.4000000000000004,2.5,2.5,0.6793186786151062,6,6,Reverse,85.3,5.1000000000000005,1
1932.28,57.83436100000001,12.307289666666668,57.834366372209466,12.307289916095264,3.4000000000000004,2.5,2.5,0.9004786256707862,6,6,Reverse,85.8,5.1000000000000005,1
1933.3,57.83436150000001,12.307291999999999,57.83436393610474,12.30729095804763,3.4000000000000004,2.5,2.5,1.01115414053121,6,6,Reverse,85.9,5.1000000000000005,1
1934.29,57.83435983333334,12.307293333333332,57.83436188471904,12.307292145690482,3.4000000000000004,2.5,2.5,1.0558603851293975,6,6,Reverse,86.2,5.1000000000000005,1
1935.26,57.83436166666667,12.307293666666665,57.834361775692855,12.307292906178573,4.025,2.5,2.5,0.9747709787746275,5,5,Reverse,86.5,6.0375000000000005,1
1936.29,57.834352,12.307288999999999,57.834356887846425,12.307290953089286,4.025,2.5,2.5,1.1619689156548998,5,5,Reverse,86.7,6.0375000000000005,1
1937.29,57.83435333333333,12.307290333333333,57.83435511058988,12.30729064321131,4.025,2.5,2.5,1.2465480576228638,5,5,Reverse,87.0,6.0375000000000005,1
1938.24,57.834366,12.307297333333334,57.83436055529494,12.307293988272322,4.025,2.5,2.5,1.106107284936271,5,5,Reverse,87.2,6.0375000000000005,1
1939.27,57.83436700000001,12.307299,57.834363777647475,12.30729649413616,4.025,2.5,2.5,1.0106079315971186,5,5,Reverse,87.3,6.0375000000000005,1
1940.34,57.834372833333326,12.307301333333331,57.8343683054904,12.307298913734746,4.025,2.5,2.5,1.0010737874336695,5,5,Reverse,87.6,6.0375000000000005,1
1941.24,57.834375666666666,12.307303999999998,57.83437198607853,12.307301456867373,4.025,2.5,2.5,0.9471956382385562,5,5,Reverse,87.7,6.0375000000000005,1
1942.28,57.834376000000006,12.307306000000002,57.83437399303927,12.307303728433688,3.4000000000000004,2.5,2.5,0.8439680215933602,6,6,Reverse,87.9,5.1000000000000005,1
1943.28,57.834376000000006,12.307306500000001,57.834374996519635,12.307305114216843,3.4000000000000004,2.5,2.5,0.6751076891087218,6,6,Reverse,88.2,5.1000000000000005,1
1944.26,57.834374333333336,12.307305666666666,57.834374664926486,12.307305390441755,3.4000000000000004,2.5,2.5,0.5765341556449839,6,6,Reverse,88.7,5.1000000000000005,1
1945.26,57.834379000000006,12.307311333333333,57.83437683246325,12.307308361887545,3.4000000000000004,2.5,2.5,0.4947563527646495,6,6,Reverse,89.2,5.1000000000000005,1
1946.29,57.8343895,12.30732,57.834383166231625,12.307314180943772,3.4000000000000004,2.5,2.5,0.6907469871127638,6,6,Reverse,89.8,5.1000000000000005,1
1947.3,57.834392166666674,12.307326166666666,57.834387666449146,12.30732017380522,4.025,2.5,2.5,0.8355854085933113,5,5,Reverse,90.0,6.0375000000000005,1
1948.36,57.834391000000004,12.307322666666668,57.83438933322458,12.307321420235944,4.025,2.5,2.5,0.7796171622996555,5,5,Reverse,90.2,6.0375000000000005,1
1949.34,57.83439833333333,12.307326333333332,57.83439383327895,12.307323876784638,4.025,2.5,2.5,0.8276853175192004,5,5,Reverse,90.2,6.0375000000000005,1
1950.29,57.83439533333333,12.307329000000001,57.83439458330614,12.30732643839232,4.025,2.5,2.5,0.7778917689793785,5,5,Reverse,90.4,6.0375000000000005,1
1951.24,57.83439933333334,12.307330666666667,57.83439695831974,12.307328552529492,4.025,2.5,2.5,0.7440964509504564,5,5,Reverse,90.5,6.0375000000000005,1
1952.32,57.83439633333334,12.307333666666667,57.83439664582654,12.30733110959808,4.025,2.5,2.5,0.687159933308642,5,5,Reverse,90.4,6.0375000000000005,1
1953.3,57.83439533333333,12.307334500000001,57.83439598957994,12.30733280479904,4.025,2.5,2.5,0.5645753077384619,5,5,Reverse,90.5,6.0375000000000005,1
1954.28,57.8343955,12.307337666666667,57.834395744789965,12.307335235732854,4.025,2.5,2.5,0.5077597434479313,5,5,Reverse,90.7,6.0375000000000005,1
1955.29,57.83439866666666,12.307343,57.834397205728315,12.307339117866427,3.4000000000000004,2.5,2.5,0.5546157607428724,6,6,Reverse,91.2,5.1000000000000005,1
1956.33,57.834390166666665,12.307339500000001,57.83439368619749,12.307339308933214,3.4000000000000004,2.5,2.5,0.570393822172332,6,6,Reverse,91.6,5.1000000000000005,1
1957.31,57.834391000000004,12.307343666666668,57.83439234309875,12.307341487799942,3.4000000000000004,2.5,2.5,0.5005062226664697,6,6,Reverse,92.2,5.1000000000000005,1
1958.3,57.8343925,12.307342166666668,57.834392421549374,12.307341827233305,3.4000000000000004,2.5,2.5,0.5109822194003076,6,6,Reverse,92.4,5.1000000000000005,1
1959.26,57.83439799999999,12.307348000000001,57.83439521077468,12.307344913616653,3.4000000000000004,2.5,2.5,0.5127681581048189,6,6,Reverse,92.8,5.1000000000000005,1
1960.33,57.834396500000004,12.307347,57.83439585538734,12.307345956808327,3.4000000000000004,2.5,2.5,0.39588321501010915,6,6,Reverse,93.1,5.1000000000000005,1
1961.42,57.834397,12.307352500000002,57.834396427693676,12.307349228404163,3.4250000000000003,2.5,2.5,0.3678429798949591,6,6,Reverse,93.5,5.1375,1
1962.29,57.83439566666666,12.307357166666668,57.834396047180164,12.307353197535416,3.4250000000000003,2.5,2.5,0.3302936096498783,6,6,Reverse,93.8,5.1375,1
1963.28,57.834396,12.307361333333331,57.83439602359008,12.307357265434373,3.4250000000000003,2.5,2.5,0.3221803226137406,6,6,Reverse,94.1,5.1375,1
1964.27,57.834403,12.307370333333331,57.83439951179504,12.307363799383852,3.4250000000000003,2.5,2.5,0.5598771477348626,6,6,Reverse,94.6,5.1375,1
1965.37,57.83440483333334,12.307376833333334,57.83440217256419,12.307370316358593,3.4250000000000003,2.5,2.5,0.7410421768970417,6,6,Reverse,94.7,5.1375,1
1966.26,57.83440416666667,12.307370333333331,57.834403169615435,12.307370324845962,3.3000000000000003,2.5,2.5,0.5937820256691302,7,7,Reverse,95.2,4.95,1
1967.36,57.83440433333333,12.307367500000002,57.83440375147438,12.307368912422982,3.3000000000000003,2.5,2.5,0.5052020965220774,7,7,Reverse,95.7,4.95,1
1968.32,57.83440116666667,12.307368333333333,57.834402459070525,12.307368622878158,3.3000000000000003,2.5,2.5,0.463995697039905,7,7,Reverse,96.0,4.95,1
1969.27,57.83440183333334,12.307366333333334,57.83440214620193,12.307367478105746,3.3000000000000003,2.5,2.5,0.440861062275573,7,7,Reverse,96.0,4.95,1
1970.28,57.8344105,12.307368333333333,57.834406323100964,12.30736790571954,3.3000000000000003,2.5,2.5,0.49349848146616054,7,7,Reverse,95.9,4.95,1
1971.28,57.83441233333333,12.307367833333334,57.83440932821715,12.307367869526436,3.325,2.5,2.5,0.5494911588890427,7,7,Reverse,95.8,4.987500000000001,1
1972.3,57.83441183333333,12.307364666666668,57.83441058077524,12.307366268096553,3.325,2.5,2.5,0.5312123176403413,7,7,Reverse,95.4,4.987500000000001,1
1973.33,57.8344105,12.3073625,57.834410540387616,12.307364384048276,3.325,2.5,2.5,0.4621801686926626,7,7,Reverse,94.9,4.987500000000001,1
1974.3,57.83441266666667,12.307361833333335,57.834411603527144,12.307363108690806,3.325,2.5,2.5,0.396242778207674,7,7,Reverse,94.5,4.987500000000001,1
1975.27,57.834419833333335,12.3073655,57.83441571843024,12.307364304345402,3.325,2.5,2.5,0.5391505221376316,7,7,Reverse,93.9,4.987500000000001,1
1976.28,57.83441533333333,12.307363333333335,57.83441552588179,12.307363818839368,3.325,2.5,2.5,0.443585384274873,7,7,Reverse,93.5,4.987500000000001,1
1977.32,57.834418166666666,12.307366333333334,57.83441684627422,12.307365076086352,3.325,2.5,2.5,0.4831687414127981,7,7,Reverse,93.1,4.987500000000001,1
1978.29,57.834419499999996,12.307366166666668,57.83441817313711,12.30736562137651,3.325,2.5,2.5,0.4438382588542556,7,7,Reverse,92.6,4.987500000000001,1
1979.29,57.83441466666667,12.307363833333334,57.83441641990189,12.307364727354921,3.325,2.5,2.5,0.49158464071373054,7,7,Reverse,92.1,4.987500000000001,1
1980.34,57.83441249999999,12.307361666666669,57.83441445995094,12.307363197010796,3.325,2.5,2.5,0.5670342507512804,7,7,Reverse,91.5,4.987500000000001,1
1981.27,57.83441266666667,12.307357999999999,57.83441356330881,12.307360598505397,3.325,2.5,2.5,0.594676326998245,7,7,Reverse,91.1,4.987500000000001,1
1982.29,57.83441266666667,12.307357166666668,57.83441311498774,12.307358882586032,3.325,2.5,2.5,0.5790017433432008,7,7,Reverse,90.6,4.987500000000001,1
1983.31,57.83441316666667,12.307358500000001,57.8344131408272,12.307358691293016,3.325,2.5,2.5,0.6052473796341328,7,7,Reverse,90.4,4.987500000000001,1
1984.37,57.8344145,12.307356,57.8344138204136,12.307357345646508,3.325,2.5,2.5,0.527556049588596,7,7,Reverse,90.5,4.987500000000001,1
1985.35,57.83441333333334,12.307356,57.83441357687347,12.307356672823255,3.325,2.5,2.5,0.4678523159478632,7,7,Reverse,90.3,4.987500000000001,1
1986.34,57.83441116666666,12.307355333333332,57.834412371770064,12.307356003078294,3.325,2.5,2.5,0.4864070456127819,7,7,Reverse,90.1,4.987500000000001,1
1987.29,57.83441433333334,12.307351833333334,57.83441335255171,12.307353918205813,3.325,2.5,2.5,0.40062394029859655,7,7,Reverse,90.1,4.987500000000001,1
1988.32,57.834416833333336,12.3073535,57.83441509294252,12.307353709102907,3.325,2.5,2.5,0.43368408406856784,7,7,Reverse,89.5,4.987500000000001,1
1989.3,57.834425333333336,12.307359333333332,57.834420213137925,12.30735652121812,3.325,2.5,2.5,0.8064453224485708,7,7,Reverse,89.2,4.987500000000001,1
1990.27,57.834422833333335,12.307356333333333,57.83442152323563,12.307356427275726,3.4250000000000003,2.5,2.5,0.860663044242108,6,6,Reverse,89.3,5.1375,1
1991.34,57.83443033333333,12.307361166666665,57.83442592828448,12.307358796971196,3.4250000000000003,2.5,2.5,1.1068379643122568,6,6,Reverse,89.2,5.1375,1
1992.33,57.834431333333335,12.307356666666665,57.83442863080891,12.30735773181893,3.4250000000000003,2.5,2.5,1.1402025385505419,6,6,Reverse,89.3,5.1375,1
1993.32,57.83443233333334,12.307353166666667,57.83443048207112,12.307355449242799,3.4250000000000003,2.5,2.5,1.0799101461397351,6,6,Reverse,88.9,5.1375,1
1994.24,57.83443233333334,12.307354000000002,57.83443140770223,12.3073547246214,3.4250000000000003,2.5,2.5,0.9542340612854399,6,6,Reverse,88.6,5.1375,1
1995.26,57.834425333333336,12.307353666666666,57.834428370517784,12.307354195644033,3.4250000000000003,2.5,2.5,0.8750127022042324,6,6,Reverse,88.8,5.1375,1
1996.28,57.834427000000005,12.307356333333333,57.834427685258895,12.307355264488683,3.4250000000000003,2.5,2.5,0.8330175850829531,6,6,Reverse,89.1,5.1375,1
1997.31,57.83442633333334,12.307352166666666,57.834427009296114,12.307353715577674,3.4250000000000003,2.5,2.5,0.7205547253039885,6,6,Reverse,89.2,5.1375,1
1998.33,57.83443066666667,12.307351500000001,57.83442883798139,12.307352607788838,3.325,2.5,2.5,0.7429338865630213,7,7,Reverse,88.8,4.987500000000001,1
1999.27,57.834430000000005,12.307349500000003,57.8344294189907,12.30735105389442,3.325,2.5,2.5,0.7044657893749807,7,7,Reverse,87.9,4.987500000000001,1
2000.29,57.834428499999994,12.307347333333333,57.83442895949535,12.307349193613877,3.325,2.5,2.5,0.5540632281570622,7,7,Reverse,87.5,4.987500000000001,1
2001.37,57.83443049999999,12.307343,57.83442972974767,12.307346096806938,3.325,2.5,2.5,0.5344524172871804,7,7,Reverse,87.1,4.987500000000001,1
2002.27,57.83442749999999,12.307340500000002,57.83442861487383,12.30734329840347,3.4499999999999997,2.5,2.5,0.44657118937433776,6,6,Reverse,86.6,5.175,1
2003.29,57.834428499999994,12.307340333333332,57.83442855743691,12.307341815868401,3.4499999999999997,2.5,2.5,0.3987418907131891,6,6,Reverse,86.5,5.175,1
2004.33,57.8344235,12.307337666666667,57.834426028718454,12.307339741267533,3.675,2.5,2.5,0.377546964593997,5,5,Reverse,86.3,5.512499999999999,1
2005.3,57.83442333333334,12.307337166666665,57.8344246810259,12.3073384539671,3.675,2.5,2.5,0.363123050069478,5,5,Reverse,86.1,5.512499999999999,1
2006.3,57.83442616666666,12.307336000000001,57.83442542384628,12.30733722698355,3.675,2.5,2.5,0.2830962582747574,5,5,Reverse,86.1,5.512499999999999,1
2007.24,57.83442483333333,12.3073295,57.83442512858981,12.307333363491775,3.675,2.5,2.5,0.3161511105992347,5,5,Reverse,85.9,5.512499999999999,1
2008.29,57.83443316666667,12.307328333333333,57.834429147628235,12.307330848412553,3.675,2.5,2.5,0.4373480317369821,5,5,Reverse,85.7,5.512499999999999,1
2009.3,57.83442433333333,12.307323499999999,57.83442674048079,12.307327174206277,3.675,2.5,2.5,0.4194505758671417,5,5,Reverse,85.4,5.512499999999999,1
2010.29,57.83442149999999,12.307320666666666,57.834424120240385,12.30732392043647,3.325,2.5,2.5,0.4402803016068826,7,7,Reverse,84.7,4.987500000000001,1
2011.29,57.834424999999996,12.307319,57.83442456012019,12.307321460218235,3.325,2.5,2.5,0.33447431382261394,7,7,Reverse,83.7,4.987500000000001,1
2012.26,57.834421166666665,12.307315166666667,57.83442286339343,12.307318313442451,3.325,2.5,2.5,0.2919848075374194,7,7,Reverse,82.5,4.987500000000001,1
2013.31,57.8344175,12.307313166666665,57.834420181696714,12.307315740054559,3.325,2.5,2.5,0.26006289185972337,7,7,Reverse,81.6,4.987500000000001,1
2014.29,57.83441283333333,12.307308833333332,57.83441650751502,12.307312286693945,3.325,2.5,2.5,0.31474317276815533,7,7,Reverse,80.6,4.987500000000001,1
2015.29,57.83440816666666,12.307302833333331,57.834412337090846,12.307307560013639,3.325,2.5,2.5,0.4427186594224565,7,7,Reverse,79.4,4.987500000000001,1
2016.29,57.83440649999999,12.307301500000001,57.83440941854542,12.30730453000682,3.325,2.5,2.5,0.4840624577256462,7,7,Reverse,78.1,4.987500000000001,1
2017.28,57.83439733333333,12.307298333333332,57.834403375939374,12.307301431670076,3.325,2.5,2.5,0.6952615111524787,7,7,Reverse,77.2,4.987500000000001,1
2018.31,57.83438966666666,12.307293666666665,57.83439652130301,12.30729754916837,3.325,2.5,2.5,1.0031645588292863,7,7,Reverse,76.5,4.987500000000001,1
2019.3,57.8343925,12.307291999999999,57.83439451065151,12.307294774584184,3.325,2.5,2.5,1.0521222833396382,7,7,Reverse,75.6,4.987500000000001,1
2020.29,57.834388000000004,12.307288666666667,57.834391255325755,12.307291720625425,3.9000000000000004,2.5,2.5,1.1203336669221116,6,6,Reverse,75.2,5.8500000000000005,1
2021.27,57.834379999999996,12.307284000000001,57.834385627662876,12.307287860312714,3.9000000000000004,2.5,2.5,1.26748450520488,6,6,Reverse,74.5,5.8500000000000005,1
2022.3,57.834377833333335,12.307281499999998,57.83438173049811,12.307284680156355,3.9000000000000004,2.5,2.5,1.3014228304033513,6,6,Reverse,73.7,5.8500000000000005,1
2023.24,57.83436983333333,12.307276166666668,57.83437578191572,12.307280423411513,3.9000000000000004,2.5,2.5,1.4564952166412422,6,6,Reverse,73.1,5.8500000000000005,1
2024.28,57.834370166666666,12.307274666666668,57.83437297429119,12.30727754503909,3.9000000000000004,2.5,2.5,1.4464989109834314,6,6,Reverse,72.3,5.8500000000000005,1
2025.3,57.83436516666667,12.307275833333332,57.83436907047893,12.30727668918621,3.9000000000000004,2.5,2.5,1.3843067103058175,6,6,Reverse,71.6,5.8500000000000005,1
2026.28,57.8343605,12.307276166666668,57.834364785239465,12.307276427926439,3.325,2.5,2.5,1.2714695885871128,7,7,Reverse,71.1,4.987500000000001,1
2027.3,57.834354166666664,12.307275833333332,57.834359475953065,12.307276130629885,3.325,2.5,2.5,1.2062286244337423,7,7,Reverse,70.9,4.987500000000001,1
2028.32,57.8343475,12.307276333333334,57.834353487976536,12.30727623198161,3.325,2.5,2.5,1.175270147696913,7,7,Reverse,70.5,4.987500000000001,1
2029.27,57.83434833333334,12.307278666666665,57.83435091065493,12.307277449324138,3.325,2.5,2.5,0.9434797815528297,7,7,Reverse,70.0,4.987500000000001,1
2030.33,57.834340000000005,12.307278499999999,57.83434545532747,12.307277974662068,3.325,2.5,2.5,0.8096618234303274,7,7,Reverse,69.8,4.987500000000001,1
2031.28,57.83433133333333,12.307278666666665,57.8343383943304,12.307278320664366,3.325,2.5,2.5,0.7128664788595469,7,7,Reverse,69.3,4.987500000000001,1
2032.26,57.83432316666667,12.307277666666668,57.83433078049853,12.307277993665517,3.325,2.5,2.5,0.6827017096872107,7,7,Reverse,69.1,4.987500000000001,1
2033.28,57.83432566666667,12.307275166666667,57.8343282235826,12.307276580166093,3.325,2.5,2.5,0.6388475804800524,7,7,Reverse,68.9,4.987500000000001,1
2034.28,57.834326499999996,12.307272833333332,57.8343273617913,12.307274706749713,3.9000000000000004,2.5,2.5,0.5545037513341119,6,6,Reverse,67.9,5.8500000000000005,1
2035.31,57.834326499999996,12.307271666666669,57.83432693089565,12.30727318670819,3.9000000000000004,2.5,2.5,0.5077836639755444,6,6,Reverse,67.0,5.8500000000000005,1
2036.3,57.834327,12.30727133333333,57.83432696544782,12.30727226002076,3.9000000000000004,2.5,2.5,0.4670515930171748,6,6,Reverse,66.0,5.8500000000000005,1
2037.29,57.834326,12.307271666666669,57.83432648272391,12.307271963343714,3.9000000000000004,2.5,2.5,0.47429393967677297,6,6,Reverse,65.1,5.8500000000000005,1
2038.3,57.834327,12.307271833333335,57.834326741361956,12.307271898338525,3.9250000000000003,2.5,2.5,0.4399204159992744,6,6,Reverse,63.8,5.8875,1
2039.27,57.834328500000005,12.307271666666669,57.83432762068098,12.307271782502596,3.9250000000000003,2.5,2.5,0.3926938287863812,6,6,Reverse,62.8,5.8875,1
2040.28,57.83432533333333,12.307270666666666,57.83432647700716,12.307271224584632,3.9250000000000003,2.5,2.5,0.44419673256633074,6,6,Reverse,62.4,5.8875,1
2041.3,57.83432766666667,12.307271666666669,57.83432707183691,12.30727144562565,3.9250000000000003,2.5,2.5,0.4069527857306435,6,6,Reverse,61.7,5.8875,1
2042.26,57.83432966666666,12.307269666666665,57.834328369251786,12.307270556146158,3.9250000000000003,2.5,2.5,0.33000645369410486,6,6,Reverse,60.9,5.8875,1
2043.24,57.83432866666667,12.307268666666667,57.83432851795923,12.307269611406412,3.9250000000000003,2.5,2.5,0.28263666016037736,6,6,Reverse,60.1,5.8875,1
2044.36,57.834332833333335,12.307267333333334,57.834330675646285,12.307268472369874,3.9250000000000003,2.5,2.5,0.28568208571548664,6,6,Reverse,59.5,5.8875,1
2045.31,57.834331999999996,12.307267000000001,57.83433133782314,12.307267736184937,3.9250000000000003,2.5,2.5,0.26871571869548705,6,6,Reverse,59.4,5.8875,1
2046.3,57.83433333333334,12.307266833333331,57.83433233557824,12.307267284759135,3.9250000000000003,2.5,2.5,0.284268416246717,6,6,Reverse,59.1,5.8875,1
2047.24,57.834336666666665,12.307265,57.834334501122456,12.307266142379566,3.9250000000000003,2.5,2.5,0.3629028622269742,6,6,Reverse,58.9,5.8875,1
2048.29,57.83433566666666,12.307265,57.83433508389456,12.307265571189783,3.9250000000000003,2.5,2.5,0.2946777782940806,6,6,Reverse,58.4,5.8875,1
2049.29,57.834336833333325,12.3072645,57.83433595861394,12.307265035594892,3.9250000000000003,2.5,2.5,0.2486268120832348,6,6,Reverse,58.1,5.8875,1
2050.27,57.834339666666665,12.307264166666668,57.8343378126403,12.30726460113078,3.9250000000000003,2.5,2.5,0.3027528011680459,6,6,Reverse,57.8,5.8875,1
2051.29,57.834345166666665,12.307262333333332,57.83434148965348,12.307263467232056,3.9250000000000003,2.5,2.5,0.5061561644438556,6,6,Reverse,57.6,5.8875,1
2052.3,57.834343000000004,12.307262666666668,57.83434224482674,12.307263066949362,3.9250000000000003,2.5,2.5,0.5285807699350525,6,6,Reverse,57.4,5.8875,1
2053.34,57.834342166666666,12.307262166666666,57.83434220574671,12.307262616808014,3.9250000000000003,2.5,2.5,0.48876340276330127,6,6,Reverse,56.7,5.8875,1
2054.33,57.834349,12.307258166666667,57.834345602873356,12.30726039173734,3.9250000000000003,2.5,2.5,0.6600422349317664,6,6,Reverse,56.4,5.8875,1
2055.27,57.83434166666666,12.307257833333331,57.83434363477001,12.307259112535336,3.9250000000000003,2.5,2.5,0.5696364413871606,6,6,Reverse,55.9,5.8875,1
2056.3,57.834348500000004,12.307255666666666,57.834346067385006,12.307257389601,3.35,2.5,2.5,0.5806284268334502,7,7,Reverse,55.3,5.025,1
2057.3,57.834343000000004,12.307257166666666,57.8343445336925,12.307257278133834,3.35,2.5,2.5,0.6385284659163261,7,7,Reverse,54.6,5.025,1
2058.29,57.83434966666667,12.307254,57.834347100179585,12.307255639066916,3.35,2.5,2.5,0.580521254312508,7,7,Reverse,54.0,5.025,1
2059.29,57.83434350000001,12.30725,57.8343453000898,12.307252819533458,3.35,2.5,2.5,0.5913568743666675,7,7,Reverse,53.5,5.025,1
2060.27,57.83434233333334,12.307248499999998,57.834343816711566,12.307250659766728,3.35,2.5,2.5,0.6299679487592292,7,7,Reverse,52.4,5.025,1
2061.28,57.834345500000005,12.307244666666667,57.83434465835579,12.307247663216698,3.35,2.5,2.5,0.6411196512000656,7,7,Reverse,52.0,5.025,1
2062.33,57.83435133333334,12.307244166666665,57.83434799584456,12.307245914941682,3.35,2.5,2.5,0.5618865054079033,7,7,Reverse,51.4,5.025,1
2063.29,57.83434883333333,12.307249666666667,57.834348414588945,12.307247790804174,3.35,2.5,2.5,0.5205227641428264,7,7,Reverse,51.0,5.025,1
2064.31,57.83434350000001,12.307251333333333,57.83434595729448,12.307249562068755,3.35,2.5,2.5,0.6273259920944336,7,7,Reverse,50.9,5.025,1
2065.26,57.83434783333334,12.307248499999998,57.83434689531391,12.307249031034376,3.35,2.5,2.5,0.5229229965710317,7,7,Reverse,50.6,5.025,1
2066.29,57.8343545,12.307242166666667,57.83435069765696,12.307245598850521,3.35,2.5,2.5,0.5883133681231536,7,7,Reverse,50.3,5.025,1
2067.29,57.83435516666667,12.307238500000002,57.83435293216181,12.307242049425263,3.35,2.5,2.5,0.684693537640072,7,7,Reverse,50.0,5.025,1
2068.25,57.834348166666665,12.307248166666666,57.83435054941424,12.307245108045963,3.35,2.5,2.5,0.6456752347633635,7,7,Reverse,49.7,5.025,1
2069.29,57.83434866666666,12.307250666666668,57.83434960804045,12.307247887356317,3.35,2.5,2.5,0.6115339914566107,7,7,Reverse,49.3,5.025,1
2070.32,57.834354166666664,12.307243166666668,57.834351887353556,12.307245527011492,3.35,2.5,2.5,0.6144885752453892,7,7,Reverse,48.9,5.025,1
2071.27,57.83435083333334,12.307248166666666,57.83435136034345,12.307246846839078,3.35,2.5,2.5,0.5068809589196523,7,7,Reverse,48.8,5.025,1
2072.26,57.834348166666665,12.307257499999999,57.83434976350506,12.307252173419538,3.35,2.5,2.5,0.6149260023170323,7,7,Reverse,48.5,5.025,1
2073.31,57.83434366666667,12.3072585,57.834346715085864,12.307255336709769,3.5,2.5,2.5,0.7115731540960077,6,6,Reverse,48.1,5.25,1
2074.27,57.83434583333333,12.307255666666666,57.834346274209594,12.307255501688218,3.5,2.5,2.5,0.665543943515153,6,6,Reverse,47.6,5.25,1
2075.3,57.834343833333335,12.307251,57.834345053771465,12.30725325084411,3.5,2.5,2.5,0.7668036768037635,6,6,Reverse,47.3,5.25,1
2076.34,57.834342500000005,12.307249833333334,57.83434377688574,12.307251542088721,3.5,2.5,2.5,0.8014923990991161,6,6,Reverse,46.8,5.25,1
2077.3,57.83433733333333,12.307249833333334,57.834340555109534,12.307250687711027,3.5,2.5,2.5,0.8901778492659713,6,6,Reverse,46.4,5.25,1
2078.3,57.83433866666666,12.307249500000001,57.834339610888094,12.307250093855515,3.7,2.5,2.5,0.8910445684682032,5,5,Reverse,45.9,5.550000000000001,1
2079.32,57.83433766666667,12.3072525,57.83433863877738,12.307251296927758,3.7,2.5,2.5,0.9349352276514232,5,5,Reverse,45.6,5.550000000000001,1
2080.3,57.83433766666667,12.307258000000001,57.834338152722026,12.307254648463879,3.7,2.5,2.5,0.9563085180109298,5,5,Reverse,45.1,5.550000000000001,1
2081.29,57.83433933333334,12.307253,57.834338743027686,12.307253824231939,3.7,2.5,2.5,0.8830785099094934,5,5,Reverse,44.5,5.550000000000001,1
2082.32,57.834333833333325,12.307257,57.8343362881805,12.30725541211597,3.7,2.5,2.5,1.011255891863093,5,5,Reverse,44.2,5.550000000000001,1
2083.26,57.834330666666666,12.307256666666667,57.834333477423584,12.30725603939132,3.5,2.5,2.5,1.1311018985625712,6,6,Reverse,43.9,5.25,1
2084.28,57.834336666666665,12.307258999999998,57.83433507204513,12.307257519695659,3.5,2.5,2.5,1.0378039610542313,6,6,Reverse,43.7,5.25,1
2085.32,57.83432866666667,12.307262833333334,57.8343318693559,12.307260176514497,3.5,2.5,2.5,1.1866414963548688,6,6,Reverse,43.3,5.25,1
2086.29,57.83431516666666,12.307268833333334,57.83432351801128,12.307264504923914,3.5,2.5,2.5,1.592463780583054,6,6,Reverse,43.2,5.25,1
2087.27,57.83431916666667,12.307270999999998,57.834321342338974,12.307267752461957,3.35,2.5,2.5,1.7018252232870137,7,7,Reverse,42.6,5.025,1
2088.25,57.83432116666666,12.307270666666666,57.83432125450282,12.30726920956431,3.35,2.5,2.5,1.659542928808537,7,7,Reverse,42.3,5.025,1
2089.36,57.83432133333334,12.30727133333333,57.83432129391808,12.307270271448822,3.35,2.5,2.5,1.5729798114340023,7,7,Reverse,41.8,5.025,1
2090.29,57.834325500000006,12.307265833333334,57.83432339695904,12.307268052391077,3.35,2.5,2.5,1.3395415311641121,7,7,Reverse,41.1,5.025,1
2091.28,57.834328166666666,12.307254499999999,57.83432578181285,12.307261276195538,3.775,2.5,2.5,1.1031451157569265,6,6,Reverse,40.9,5.6625,1
2092.26,57.83432766666667,12.307249833333334,57.83432672423976,12.307255554764437,3.775,2.5,2.5,1.0206658264358168,6,6,Reverse,40.4,5.6625,1
2093.29,57.834333,12.307248,57.83432986211988,12.307251777382218,3.775,2.5,2.5,0.9341029309200553,6,6,Reverse,40.4,5.6625,1
2094.29,57.834329833333335,12.307246333333334,57.83432984772661,12.307249055357776,3.775,2.5,2.5,0.7956928704101507,6,6,Reverse,40.3,5.6625,1
2095.3,57.834324833333326,12.307243666666666,57.83432734052997,12.30724636101222,3.775,2.5,2.5,0.7757781567346363,6,6,Reverse,40.4,5.6625,1
2096.26,57.83431716666667,12.307244500000001,57.83432225359832,12.30724543050611,3.775,2.5,2.5,0.83844571530032,6,6,Reverse,40.4,5.6625,1
2097.34,57.8343145,12.307254833333332,57.83431837679916,12.307250131919721,3.775,2.5,2.5,0.9510574831427189,6,6,Reverse,40.5,5.6625,1
2098.32,57.834324833333326,12.307254166666667,57.83432160506624,12.307252149293195,3.35,2.5,2.5,0.7576546644226015,7,7,Reverse,41.1,5.025,1
2099.26,57.834324,12.3072585,57.83432280253312,12.307255324646597,3.35,2.5,2.5,0.5823470413664371,7,7,Reverse,41.4,5.025,1
2100.27,57.83432333333334,12.3072585,57.83432306793323,12.307256912323298,3.35,2.5,2.5,0.4425875074529394,7,7,Reverse,41.7,5.025,1
2101.26,57.83431316666667,12.307264000000002,57.83431811729995,12.30726045616165,3.35,2.5,2.5,0.622023484281343,7,7,Reverse,42.0,5.025,1
2102.26,57.83431433333333,12.307261000000002,57.83431622531664,12.307260728080825,3.35,2.5,2.5,0.7352576480166463,7,7,Reverse,42.3,5.025,1
2103.27,57.83431416666667,12.307264000000002,57.83431519599166,12.307262364040414,3.35,2.5,2.5,0.7321785671034297,7,7,Reverse,42.9,5.025,1
2104.3,57.83431483333334,12.307269499999999,57.834315014662494,12.307265932020206,3.35,2.5,2.5,0.6693409279514251,7,7,Reverse,43.5,5.025,1
2105.34,57.8343245,12.307264000000002,57.83431975733125,12.307264966010104,3.35,2.5,2.5,0.7544021412914154,7,7,Reverse,44.0,5.025,1
2106.31,57.83432283333333,12.307267999999999,57.83432129533229,12.307266483005051,3.35,2.5,2.5,0.7225419770275584,7,7,Reverse,44.3,5.025,1
2107.35,57.83431766666666,12.3072725,57.834319480999476,12.307269491502526,3.35,2.5,2.5,0.570617058025489,7,7,Reverse,44.7,5.025,1
2108.29,57.83432266666667,12.307275166666667,57.834321073833074,12.307272329084597,3.35,2.5,2.5,0.6436998404080931,7,7,Reverse,45.1,5.025,1
2109.28,57.83432200000001,12.307278833333331,57.83432153691654,12.307275581208964,3.35,2.5,2.5,0.7013799648515778,7,7,Reverse,45.5,5.025,1
2110.35,57.83432016666667,12.307277,57.8343208517916,12.30727629060448,3.35,2.5,2.5,0.6626772539986511,7,7,Reverse,45.9,5.025,1
2111.27,57.83431216666666,12.307281833333331,57.83431650922913,12.307279061968906,3.35,2.5,2.5,0.5801736141835178,7,7,Reverse,46.4,5.025,1
2112.33,57.834306166666664,12.307274,57.8343113379479,12.307276530984453,3.35,2.5,2.5,0.5868631669126403,7,7,Reverse,47.1,5.025,1
2113.34,57.83430416666667,12.307273166666668,57.83430775230728,12.30727484882556,3.35,2.5,2.5,0.5463341925979913,7,7,Reverse,47.7,5.025,1
2114.26,57.834301833333335,12.307274333333332,57.83430479282031,12.307274591079446,3.35,2.5,2.5,0.5321890701589842,7,7,Reverse,48.4,5.025,1
2115.37,57.834301,12.307272000000001,57.83430289641016,12.307273295539725,3.35,2.5,2.5,0.5898145156492323,7,7,Reverse,49.2,5.025,1
2116.27,57.834300666666664,12.307274166666666,57.83430178153841,12.307273731103194,3.35,2.5,2.5,0.5468910687322317,7,7,Reverse,50.0,5.025,1
2117.27,57.83430133333333,12.3072845,57.83430155743587,12.307279115551598,3.35,2.5,2.5,0.5513248975723498,7,7,Reverse,50.8,5.025,1
2118.3,57.83430266666666,12.307282000000002,57.83430211205126,12.3072805577758,3.65,2.5,2.5,0.5026736441483102,6,6,Reverse,51.3,5.475,1
2119.3,57.83430833333333,12.307294333333335,57.8343052226923,12.307287445554568,3.65,2.5,2.5,0.6354547801030845,6,6,Reverse,51.9,5.475,1
2120.26,57.8343115,12.307299166666667,57.834308361346146,12.307293306110617,3.65,2.5,2.5,0.7228401051605533,6,6,Reverse,52.3,5.475,1
2121.32,57.83431,12.307308,57.834309180673074,12.307300653055309,3.65,2.5,2.5,0.8242132666929335,6,6,Reverse,53.0,5.475,1
2122.35,57.8343185,12.307303000000001,57.83431384033654,12.307301826527654,4.8,2.5,2.5,0.9171640772058844,5,5,Reverse,53.9,7.199999999999999,1
2123.34,57.83431699999999,12.307302499999999,57.83431542016827,12.307302163263827,4.8,2.5,2.5,0.8746297927535159,5,5,Reverse,54.8,7.199999999999999,1
2124.27,57.83431733333334,12.307301166666665,57.8343163767508,12.307301664965246,4.8,2.5,2.5,0.8465268651429734,5,5,Reverse,55.7,7.199999999999999,1
2125.27,57.83431950000001,12.3073005,57.834317938375406,12.307301082482622,3.65,2.5,2.5,0.7839860787336195,6,6,Reverse,56.6,5.475,1
2126.24,57.83432083333334,12.307306833333334,57.83431938585437,12.307303957907978,3.65,2.5,2.5,0.6339377580589832,6,6,Reverse,57.5,5.475,1
2127.3,57.83432583333333,12.3073035,57.83432260959385,12.30730372895399,4.8,2.5,2.5,0.5918898012635382,5,5,Reverse,58.2,7.199999999999999,1
2128.29,57.83432666666666,12.307305833333333,57.834324638130255,12.30730478114366,4.8,2.5,2.5,0.48754309442514254,5,5,Reverse,58.9,7.199999999999999,1
2129.28,57.83433016666666,12.307304500000003,57.83432740239846,12.307304640571832,4.8,2.5,2.5,0.45106866530570994,5,5,Reverse,59.6,7.199999999999999,1
2130.33,57.83432916666667,12.307309000000002,57.83432828453257,12.307306820285916,4.8,2.5,2.5,0.45944090522497344,5,5,Reverse,60.1,7.199999999999999,1
2131.27,57.83433016666666,12.307318833333333,57.83432922559961,12.307312826809625,4.8,2.5,2.5,0.6092957863882761,5,5,Reverse,60.7,7.199999999999999,1
2132.29,57.83433166666667,12.307318000000002,57.834330446133144,12.307315413404813,4.8,2.5,2.5,0.521822642107101,5,5,Reverse,61.2,7.199999999999999,1
2133.28,57.83433483333333,12.307324999999999,57.83433263973323,12.307320206702407,4.8,2.5,2.5,0.5559817849349222,5,5,Reverse,61.7,7.199999999999999,1
2134.27,57.834335333333335,12.307329833333332,57.83433398653329,12.307325020017869,4.8,2.5,2.5,0.6266129621688283,5,5,Reverse,62.4,7.199999999999999,1
2135.32,57.83433466666667,12.307324000000001,57.83433432659998,12.307324510008936,4.8,2.5,2.5,0.5207044387175763,5,5,Reverse,63.2,7.199999999999999,1
2136.28,57.834337999999995,12.307323499999999,57.83433616329999,12.307324005004467,4.8,2.5,2.5,0.4720803224719093,5,5,Reverse,64.1,7.199999999999999,1
2137.33,57.83433750000001,12.307321833333333,57.83433683165,12.3073229191689,4.8,2.5,2.5,0.5117490935282717,5,5,Reverse,64.7,7.199999999999999,1
2138.23,57.834338499999994,12.307319666666668,57.834337665825,12.307321292917784,4.8,2.5,2.5,0.5892079345193055,5,5,Reverse,65.3,7.199999999999999,1
2139.29,57.834339,12.307320833333332,57.834338332912495,12.307321063125558,4.8,2.5,2.5,0.49402269575771796,5,5,Reverse,65.9,7.199999999999999,1
2140.27,57.834340999999995,12.307315833333332,57.834339666456245,12.307318448229445,4.8,2.5,2.5,0.5152755987581152,5,5,Reverse,66.2,7.199999999999999,1
2141.23,57.834340833333336,12.307323666666665,57.834340249894794,12.307321057448055,4.8,2.5,2.5,0.422681868537342,5,5,Reverse,66.2,7.199999999999999,1
2142.31,57.83433883333334,12.307327666666668,57.834339541614064,12.307324362057361,4.8,2.5,2.5,0.46441150547931076,5,5,Reverse,66.6,7.199999999999999,1
2143.24,57.834339,12.307328166666666,57.834339270807035,12.307326264362013,4.8,2.5,2.5,0.4586729402631237,5,5,Reverse,67.1,7.199999999999999,1
2144.28,57.834338499999994,12.307322500000001,57.83433888540351,12.307324382181008,4.8,2.5,2.5,0.4545583923804848,5,5,Reverse,67.4,7.199999999999999,1
2145.27,57.834339500000006,12.3073215,57.83433919270176,12.307322941090504,4.8,2.5,2.5,0.43733347209486767,5,5,Reverse,68.3,7.199999999999999,1
2146.28,57.83434050000001,12.307319333333332,57.834339846350886,12.307321137211918,4.8,2.5,2.5,0.4500098341448122,5,5,Reverse,68.6,7.199999999999999,1
2147.27,57.834343833333335,12.307316666666669,57.83434183984211,12.307318901939293,4.8,2.5,2.5,0.5486834890042072,5,5,Reverse,68.5,7.199999999999999,1
2148.24,57.83434366666667,12.307313333333331,57.83434275325439,12.307316117636312,4.8,2.5,2.5,0.4419469936536488,5,5,Reverse,68.8,7.199999999999999,1
2149.27,57.83434466666666,12.307304833333335,57.83434370996052,12.307310475484824,4.8,2.5,2.5,0.4889764119330308,5,5,Reverse,69.1,7.199999999999999,1
2150.27,57.834346833333335,12.307305666666666,57.83434527164693,12.307308071075745,4.8,2.5,2.5,0.4704067307412121,5,5,Reverse,69.4,7.199999999999999,1
2151.32,57.83434933333333,12.307302166666666,57.83434730249013,12.307305118871206,4.8,2.5,2.5,0.49331185392401883,5,5,Reverse,69.9,7.199999999999999,1
2152.26,57.834350166666674,12.307310333333332,57.8343487345784,12.307307726102268,4.8,2.5,2.5,0.4847945807293918,5,5,Reverse,70.5,7.199999999999999,1
2153.31,57.834351,12.307315833333332,57.8343498672892,12.3073117797178,4.8,2.5,2.5,0.5846501489915766,5,5,Reverse,71.0,7.199999999999999,1
2154.27,57.83435083333334,12.307318833333333,57.83435035031127,12.307315306525567,4.8,2.5,2.5,0.6814737993944495,5,5,Reverse,71.6,7.199999999999999,1
2155.3,57.83435133333334,12.307316500000002,57.83435084182231,12.307315903262785,4.8,2.5,2.5,0.6091794816676257,5,5,Reverse,72.3,7.199999999999999,1
2156.32,57.83435266666667,12.307319666666668,57.83435175424449,12.307317784964727,4.8,2.5,2.5,0.5098393271648669,5,5,Reverse,72.7,7.199999999999999,1
2157.3,57.83435483333333,12.307322833333334,57.83435329378891,12.30732030914903,4.8,2.5,2.5,0.5380344574255753,5,5,Reverse,73.1,7.199999999999999,1
2158.27,57.83435633333333,12.307324000000001,57.83435481356112,12.307322154574516,4.8,2.5,2.5,0.5369487318421912,5,5,Reverse,73.5,7.199999999999999,1
2159.31,57.83435766666666,12.307320833333332,57.83435624011389,12.307321493953923,4.8,2.5,2.5,0.46802659128407426,5,5,Reverse,73.9,7.199999999999999,1
2160.35,57.83435983333334,12.307325166666665,57.834358036723614,12.307323330310295,4.8,2.5,2.5,0.3761774901588387,5,5,Reverse,74.4,7.199999999999999,1
2161.29,57.83436199999999,12.307326,57.8343600183618,12.307324665155146,4.8,2.5,2.5,0.2985575573887372,5,5,Reverse,74.7,7.199999999999999,1
2162.3,57.83436283333334,12.307325666666667,57.83436142584757,12.307325165910907,4.8,2.5,2.5,0.37104168590142883,5,5,Reverse,74.9,7.199999999999999,1
2163.25,57.83436316666666,12.3073335,57.83436229625712,12.307329332955455,4.8,2.5,2.5,0.5566297506926912,5,5,Reverse,75.5,7.199999999999999,1
2164.26,57.83436416666667,12.307338166666666,57.83436323146189,12.30733374981106,4.8,2.5,2.5,0.6069227244669732,5,5,Reverse,75.9,7.199999999999999,1
2165.35,57.834365,12.307339666666667,57.83436411573094,12.307336708238864,4.8,2.5,2.5,0.6565689435964135,5,5,Reverse,76.4,7.199999999999999,1
2166.27,57.83436583333334,12.3073425,57.83436497453214,12.307339604119433,4.8,2.5,2.5,0.7918592875668681,5,5,Reverse,76.5,7.199999999999999,1
2167.26,57.83436733333333,12.307345666666667,57.834366153932734,12.307342635393049,4.8,2.5,2.5,0.8546882025515556,5,5,Reverse,76.9,7.199999999999999,1
2168.3,57.834368,12.307345166666668,57.834367076966366,12.307343901029858,4.8,2.5,2.5,0.7874295738405488,5,5,Reverse,77.0,7.199999999999999,1
2169.26,57.834368833333336,12.307342666666667,57.83436795514985,12.307343283848263,4.8,2.5,2.5,0.6378233534515111,5,5,Reverse,77.3,7.199999999999999,1
2170.34,57.83436966666667,12.307341833333332,57.83436881090826,12.307342558590797,4.8,2.5,2.5,0.6224093981321452,5,5,Reverse,77.5,7.199999999999999,1
2171.32,57.83437083333333,12.307333333333334,57.8343698221208,12.307337945962066,4.8,2.5,2.5,0.6181785978073906,5,5,Reverse,78.1,7.199999999999999,1
2172.34,57.83437116666667,12.307336333333334,57.83437049439373,12.3073371396477,4.8,2.5,2.5,0.5077723710092289,5,5,Reverse,78.4,7.199999999999999,1
2173.26,57.834372,12.307335499999999,57.83437124719687,12.307336319823849,4.8,2.5,2.5,0.5580112789581851,5,5,Reverse,78.9,7.199999999999999,1
2174.3,57.834372833333326,12.307336166666667,57.834372040265094,12.307336243245258,4.8,2.5,2.5,0.5159825344301064,5,5,Reverse,79.3,7.199999999999999,1
2175.29,57.834373500000005,12.307330333333335,57.83437277013255,12.307333288289296,4.8,2.5,2.5,0.4636591939308812,5,5,Reverse,79.7,7.199999999999999,1
2176.3,57.834375833333326,12.307334333333332,57.834374301732936,12.307333810811315,4.8,2.5,2.5,0.46326850932503016,5,5,Reverse,80.2,7.199999999999999,1
2177.29,57.83437716666667,12.307334166666665,57.8343757341998,12.30733398873899,4.8,2.5,2.5,0.35879581089904244,5,5,Reverse,80.8,7.199999999999999,1
2178.26,57.83437833333334,12.307341833333332,57.83437703376657,12.30733791103616,4.8,2.5,2.5,0.3408171747710488,5,5,Reverse,81.2,7.199999999999999,1
2179.32,57.834381833333325,12.307344333333333,57.83437943354995,12.307341122184747,4.8,2.5,2.5,0.26925069307219224,5,5,Reverse,81.7,7.199999999999999,1
2180.29,57.834385999999995,12.307342166666668,57.834382716774975,12.307341644425708,3.65,2.5,2.5,0.2838483431863866,6,6,Reverse,82.4,5.475,1
2181.29,57.834390666666664,12.307345999999999,57.834386691720816,12.307343822212854,3.65,2.5,2.5,0.3691352498701068,6,6,Reverse,82.8,5.475,1
2182.35,57.83439583333334,12.307348166666667,57.83439126252708,12.30734599443976,3.65,2.5,2.5,0.49532369271528576,6,6,Reverse,83.0,5.475,1
2183.39,57.834393500000004,12.307348999999999,57.83439238126354,12.30734749721988,3.65,2.5,2.5,0.4679462288955731,6,6,Reverse,83.1,5.475,1
2184.28,57.834393166666665,12.307349500000003,57.83439277396511,12.30734849860994,3.375,2.5,2.5,0.49951993585949234,7,7,Reverse,83.7,5.0625,1
2185.26,57.83439033333334,12.307351000000002,57.83439155364922,12.307349749304972,3.375,2.5,2.5,0.589765155203795,7,7,Reverse,84.4,5.0625,1
2186.26,57.8343755,12.307344666666665,57.83438352682461,12.307347207985819,3.375,2.5,2.5,1.2537157127919922,7,7,Reverse,84.6,5.0625,1
2187.3,57.83435916666667,12.307345166666668,57.83437134674564,12.307346187326242,3.375,2.5,2.5,2.096067703379002,7,7,Reverse,85.2,5.0625,1
2188.27,57.83435833333333,12.307342166666668,57.834364840039484,12.307344176996455,3.375,2.5,2.5,2.4381067399051024,7,7,Reverse,85.4,5.0625,1
2189.26,57.83435916666667,12.307336666666666,57.83436200335308,12.307340421831562,4.475,2.5,2.5,2.5019863999246326,5,5,Reverse,85.8,6.7124999999999995,1
2190.27,57.83436816666667,12.307329666666666,57.83436508500988,12.307335044249113,4.475,2.5,2.5,2.2795409236646687,5,5,Reverse,86.3,6.7124999999999995,1
2191.33,57.83436316666666,12.307327333333335,57.83436412583827,12.307331188791224,5.9750000000000005,2.5,2.5,2.182917695126737,4,4,Reverse,86.7,8.9625,1
2192.25,57.83435833333333,12.307308666666666,57.834361229585795,12.307319927728946,5.9750000000000005,2.5,2.5,2.111567949221417,4,4,Reverse,87.1,8.9625,1
2193.29,57.83434933333333,12.3073035,57.834355281459565,12.307311713864472,6.725,2.5,2.5,2.112599594737941,3,3,Reverse,78.0,10.087499999999999,1
2194.29,57.834354,12.3073035,57.83435464072978,12.307307606932236,3.9000000000000004,2.5,2.5,1.8788462182680212,6,6,Reverse,78.2,5.8500000000000005,1
2195.24,57.83435716666666,12.307310333333332,57.834355903698224,12.307308970132784,3.9000000000000004,2.5,2.5,1.661616343408105,6,6,Reverse,78.4,5.8500000000000005,1
2196.27,57.834368,12.307345333333334,57.83436195184911,12.307327151733059,3.375,2.5,2.5,1.6085080484762428,7,7,Reverse,78.2,5.0625,1
2197.36,57.834371,12.307350000000001,57.834366475924554,12.307338575866531,3.375,2.5,2.5,1.5382956399795338,7,7,Reverse,78.1,5.0625,1
2198.35,57.83436566666666,12.3073415,57.834366071295605,12.307340037933265,3.825,2.5,2.5,1.2711851828209488,6,6,Reverse,78.0,5.737500000000001,1
2199.32,57.83437000000001,12.307340666666668,57.834368035647806,12.307340352299967,3.825,2.5,2.5,1.1422045203834204,6,6,Reverse,78.0,5.737500000000001,1
2200.34,57.83435983333334,12.307331666666668,57.834363934490575,12.307336009483317,3.375,2.5,2.5,1.2062803816825212,7,7,Reverse,78.0,5.0625,1
2202.01,57.83435166666666,12.307323,57.834357800578616,12.30732950474166,3.375,2.5,2.5,1.4305513759930324,7,7,Reverse,78.0,5.0625,1
2202.44,57.83434933333333,12.307313666666667,57.834353566955976,12.307321585704162,3.375,2.5,2.5,1.685772927352525,7,7,Reverse,78.1,5.0625,1
2203.28,57.834363,12.307295500000002,57.83435828347799,12.307308542852082,3.375,2.5,2.5,1.9795674177652476,7,7,Reverse,78.2,5.0625,1
2204.25,57.834373500000005,12.3072885,57.834365891739,12.307298521426041,3.375,2.5,2.5,2.1582372220523793,7,7,Reverse,78.4,5.0625,1
2205.28,57.834381833333325,12.3072855,57.83437386253616,12.307292010713022,3.375,2.5,2.5,2.200444070268791,7,7,Reverse,78.6,5.0625,1
2206.27,57.834390166666665,12.3072845,57.83438201460141,12.30728825535651,3.375,2.5,2.5,2.160243709842772,7,7,Reverse,78.8,5.0625,1
2207.26,57.83439266666666,12.307279833333332,57.83438734063404,12.307284044344922,3.375,2.5,2.5,2.0616576057229477,7,7,Reverse,78.9,5.0625,1
2208.29,57.83439166666667,12.307270333333333,57.83438950365035,12.307277188839127,3.5999999999999996,2.5,2.5,1.925857573995435,6,6,Reverse,78.9,5.3999999999999995,1
2209.38,57.83438866666667,12.307259166666665,57.83438908515851,12.307268177752896,3.5999999999999996,2.5,2.5,1.8090669829901944,6,6,Reverse,78.9,5.3999999999999995,1
2210.28,57.834399,12.307247333333331,57.834394042579255,12.307257755543114,3.5999999999999996,2.5,2.5,1.873289633525059,6,6,Reverse,78.9,5.3999999999999995,1
2211.31,57.83439966666666,12.307238,57.83439685462296,12.307247877771557,3.5999999999999996,2.5,2.5,1.8681506957699723,6,6,Reverse,78.8,5.3999999999999995,1
2212.35,57.83439983333333,12.307228166666668,57.834398343978144,12.307238022219112,3.375,2.5,2.5,1.8439916714153306,7,7,Reverse,78.7,5.0625,1
2213.29,57.834399,12.307225333333333,57.83439867198907,12.307231677776223,3.375,2.5,2.5,1.6658247193012221,7,7,Reverse,78.8,5.0625,1
2214.27,57.834393,12.307224333333332,57.834395835994535,12.307228005554778,3.375,2.5,2.5,1.4758719751254894,7,7,Reverse,78.8,5.0625,1
2215.27,57.83438683333334,12.3072195,57.834391334663934,12.30722375277739,3.4000000000000004,2.5,2.5,1.445536535448479,7,7,Reverse,78.9,5.1000000000000005,1
2216.29,57.834388499999996,12.307215833333332,57.83438991733197,12.30721979305536,3.4000000000000004,2.5,2.5,1.3487512682699252,7,7,Reverse,78.9,5.1000000000000005,1
2217.26,57.83438533333333,12.307213999999998,57.834387625332646,12.30721689652768,3.4000000000000004,2.5,2.5,1.327053029636649,7,7,Reverse,78.9,5.1000000000000005,1
2218.27,57.834385833333336,12.307209833333332,57.83438672933299,12.307213364930506,4.375,2.5,2.5,1.3184674371892666,6,6,Reverse,78.9,6.5625,1
2219.3,57.834394833333334,12.3072105,57.83439078133316,12.307211932465252,4.375,2.5,2.5,1.12270679245551,6,6,Reverse,78.9,6.5625,1
2220.32,57.834390500000005,12.307208833333334,57.834390640666584,12.307210382899294,3.4000000000000004,2.5,2.5,1.0537240775650387,7,7,Reverse,78.9,5.1000000000000005,1
2221.33,57.83438666666666,12.307211666666667,57.83438865366662,12.30721102478298,3.4000000000000004,2.5,2.5,1.0486065731351206,7,7,Reverse,78.9,5.1000000000000005,1
2222.27,57.83439033333334,12.307212499999999,57.834389493499984,12.30721176239149,3.4000000000000004,2.5,2.5,0.9243557920356267,7,7,Reverse,78.9,5.1000000000000005,1
2223.37,57.8343955,12.30721433333333,57.83439249674999,12.30721304786241,3.4000000000000004,2.5,2.5,0.7221587578699133,7,7,Reverse,79.0,5.1000000000000005,1
2224.28,57.83440699999999,12.307215166666667,57.83439974837499,12.307214107264539,3.4000000000000004,2.5,2.5,0.6931340768344177,7,7,Reverse,79.1,5.1000000000000005,1
2225.3,57.8344175,12.307217166666666,57.834408624187496,12.307215636965603,3.4000000000000004,2.5,2.5,0.8072776745194763,7,7,Reverse,79.2,5.1000000000000005,1
2226.28,57.83441633333334,12.307218666666666,57.83441247876041,12.307217151816134,7.35,2.5,2.5,0.7612068965435412,4,4,Reverse,79.2,11.024999999999999,1
2227.3,57.83442566666666,12.307227166666667,57.83441907271354,12.3072221592414,7.35,2.5,2.5,0.9006089482664432,4,4,Reverse,79.4,11.024999999999999,1
2228.28,57.834443166666674,12.307252833333333,57.83443111969011,12.307237496287367,4.0,2.5,2.5,1.4292617044786335,5,5,Reverse,79.5,6.0,1
2229.27,57.83444533333333,12.307254666666665,57.834438226511715,12.307246081477016,4.0,2.5,2.5,1.6550795692605074,5,5,Reverse,79.8,6.0,1
2230.24,57.83444599999999,12.307252333333334,57.834442113255854,12.307249207405174,5.05,2.5,2.5,1.6766506443278035,4,4,Reverse,79.9,7.574999999999999,1
2231.27,57.83444733333334,12.3072465,57.834444723294595,12.307247853702588,5.05,2.5,2.5,1.5960255570727568,4,4,Reverse,80.0,7.574999999999999,1
2232.3,57.834472166666664,12.307264000000002,57.83445844498063,12.307255926851294,5.05,2.5,2.5,1.956809336000553,4,4,Reverse,80.0,7.574999999999999,1
2233.26,57.834470499999995,12.307268833333334,57.83446447249031,12.307262380092315,3.9000000000000004,2.5,2.5,1.933199500952403,6,6,Reverse,80.0,5.8500000000000005,1
2234.25,57.83447416666666,12.307269,57.83446931957849,12.307265690046156,3.9000000000000004,2.5,2.5,1.7657621901291365,6,6,Reverse,80.1,5.8500000000000005,1
2235.29,57.83448533333333,12.307274500000002,57.83447732645591,12.30727009502308,3.9000000000000004,2.5,2.5,1.8085178187383166,6,6,Reverse,80.2,5.8500000000000005,1
2236.26,57.83447966666666,12.307274166666666,57.83447849656128,12.307272130844872,3.4000000000000004,2.5,2.5,1.6013976815036757,7,7,Reverse,80.4,5.1000000000000005,1
2237.25,57.834477500000006,12.307269166666666,57.83447799828065,12.30727064875577,4.375,2.5,2.5,1.3933104452472107,6,6,Reverse,80.4,6.5625,1
2238.31,57.834477666666665,12.307268833333334,57.83447783247365,12.307269741044552,4.375,2.5,2.5,1.248032895135226,6,6,Reverse,80.4,6.5625,1
2239.34,57.834477500000006,12.307262500000002,57.83447766623683,12.307266120522277,4.375,2.5,2.5,1.2015406425206323,6,6,Reverse,80.4,6.5625,1
2240.28,57.83447383333334,12.307255333333334,57.834475749785085,12.307260726927804,4.375,2.5,2.5,1.1933087000775318,6,6,Reverse,80.4,6.5625,1
2241.27,57.8344765,12.307252166666668,57.83447612489255,12.307256446797236,4.375,2.5,2.5,1.2815923534580602,6,6,Reverse,80.5,6.5625,1
2242.41,57.834477666666665,12.307260666666666,57.8344768957796,12.307258556731952,3.4000000000000004,2.5,2.5,1.2231691232338837,7,7,Reverse,80.8,5.1000000000000005,1
2243.48,57.83448083333333,12.307263666666666,57.834478864556466,12.307261111699308,3.4000000000000004,2.5,2.5,1.199970095468108,7,7,Reverse,81.0,5.1000000000000005,1
2244.29,57.83448766666667,12.307255166666668,57.83448326561157,12.307258139182988,3.4000000000000004,2.5,2.5,1.441642774040818,7,7,Reverse,81.2,5.1000000000000005,1
2245.28,57.83448383333333,12.307243333333334,57.83448354947245,12.307250736258162,3.4000000000000004,2.5,2.5,1.7320703257347878,7,7,Reverse,81.4,5.1000000000000005,1
2246.29,57.834480666666664,12.307249500000001,57.83448210806956,12.307250118129081,3.4000000000000004,2.5,2.5,1.7322254569923132,7,7,Reverse,81.7,5.1000000000000005,1
2247.28,57.834470499999995,12.307266166666667,57.83447630403477,12.307258142397874,3.4000000000000004,2.5,2.5,1.6568926828377648,7,7,Reverse,81.9,5.1000000000000005,1
2248.34,57.83445966666667,12.307270333333333,57.83446798535072,12.307264237865603,3.4000000000000004,2.5,2.5,1.7789786209445622,7,7,Reverse,82.3,5.1000000000000005,1
2249.25,57.83446516666666,12.307264666666667,57.834466576008694,12.307264452266136,3.4000000000000004,2.5,2.5,1.6090921740759974,7,7,Reverse,82.6,5.1000000000000005,1
2250.24,57.834473333333335,12.307269666666665,57.834469954671015,12.3072670594664,3.4000000000000004,2.5,2.5,1.3533724328778547,7,7,Reverse,82.9,5.1000000000000005,1
2251.24,57.834473333333335,12.307277333333332,57.83447164400217,12.307272196399866,3.4000000000000004,2.5,2.5,1.105721634123518,7,7,Reverse,83.4,5.1000000000000005,1
2252.29,57.83447666666666,12.307283333333332,57.83447415533442,12.3072777648666,3.4000000000000004,2.5,2.5,1.027865092123931,7,7,Reverse,83.7,5.1000000000000005,1
2253.45,57.834474666666665,12.307287333333333,57.83447441100054,12.307282549099966,3.4000000000000004,2.5,2.5,0.8999109330743359,7,7,Reverse,83.9,5.1000000000000005,1
2254.36,57.834474833333324,12.307289666666668,57.83447462216693,12.307286107883316,3.4000000000000004,2.5,2.5,0.7939117087399603,7,7,Reverse,84.2,5.1000000000000005,1
2255.32,57.834471,12.307279999999999,57.834472811083465,12.307283053941658,3.4000000000000004,2.5,2.5,0.7439530519522453,7,7,Reverse,84.4,5.1000000000000005,1
2256.28,57.834481499999995,12.307271833333335,57.834477155541734,12.307277443637496,3.4000000000000004,2.5,2.5,1.0266971287649496,7,7,Reverse,84.8,5.1000000000000005,1
2257.27,57.834468,12.307268666666667,57.83447257777087,12.307273055152082,3.4000000000000004,2.5,2.5,1.0963019146476387,7,7,Reverse,85.0,5.1000000000000005,1
2258.25,57.8344595,12.307265,57.83446603888543,12.30726902757604,3.4000000000000004,2.5,2.5,1.2083242410883885,7,7,Reverse,85.2,5.1000000000000005,1
2259.36,57.83446133333334,12.307268666666667,57.83446368610939,12.307268847121353,3.4000000000000004,2.5,2.5,1.1028095857609685,7,7,Reverse,85.6,5.1000000000000005,1
2260.39,57.83445766666667,12.307265833333334,57.83446067638803,12.307267340227344,3.4000000000000004,2.5,2.5,1.0814784207158459,7,7,Reverse,86.0,5.1000000000000005,1
2261.25,57.83445333333334,12.307275666666666,57.83445700486069,12.307271503447005,3.4000000000000004,2.5,2.5,0.9956349944738755,7,7,Reverse,86.3,5.1000000000000005,1
2262.33,57.83445400000001,12.307283166666666,57.834455502430345,12.307277335056835,3.4000000000000004,2.5,2.5,0.8689056382159135,7,7,Reverse,86.8,5.1000000000000005,1
2263.24,57.83445149999999,12.307285166666668,57.83445350121517,12.307281250861752,3.4000000000000004,2.5,2.5,0.7705199509015179,7,7,Reverse,87.2,5.1000000000000005,1
2264.26,57.83445233333334,12.307283833333335,57.834452917274255,12.307282542097543,3.4000000000000004,2.5,2.5,0.5836551458075602,7,7,Reverse,87.6,5.1000000000000005,1
2265.28,57.834461833333336,12.307289500000001,57.83445737530379,12.307286021048773,3.4000000000000004,2.5,2.5,0.6881599278539149,7,7,Reverse,87.9,5.1000000000000005,1
2266.32,57.834469000000006,12.307288333333334,57.8344631876519,12.307287177191053,3.4000000000000004,2.5,2.5,0.8762705218208208,7,7,Reverse,88.2,5.1000000000000005,1
2267.27,57.83446649999999,12.307291666666666,57.83446484382595,12.307289421928859,3.4000000000000004,2.5,2.5,0.8403764185800985,7,7,Reverse,88.5,5.1000000000000005,1
2268.29,57.834472999999996,12.307299,57.83446892191297,12.30729421096443,3.4000000000000004,2.5,2.5,0.9551717154337119,7,7,Reverse,88.7,5.1000000000000005,1
2269.34,57.834475833333336,12.307298,57.83447237762315,12.307296105482214,3.4000000000000004,2.5,2.5,1.0021340571547495,7,7,Reverse,89.0,5.1000000000000005,1
2270.26,57.8344765,12.307294166666669,57.834474438811576,12.307295136074442,3.4000000000000004,2.5,2.5,0.9365536742780635,7,7,Reverse,89.1,5.1000000000000005,1
2271.27,57.834478000000004,12.307294000000002,57.83447621940579,12.307294568037221,3.4000000000000004,2.5,2.5,0.8523273047977593,7,7,Reverse,89.4,5.1000000000000005,1
2272.3,57.83447249999999,12.307282166666669,57.83447435970289,12.307288367351946,3.4000000000000004,2.5,2.5,0.8307625982732434,7,7,Reverse,89.6,5.1000000000000005,1
2273.33,57.834464,12.307269,57.834469179851446,12.307278683675973,3.4000000000000004,2.5,2.5,1.0661134904240575,7,7,Reverse,89.9,5.1000000000000005,1
2274.26,57.83446933333333,12.307271166666665,57.834469256592385,12.307274925171319,3.4000000000000004,2.5,2.5,0.9387507990662876,7,7,Reverse,90.0,5.1000000000000005,1
2275.29,57.834467333333336,12.30727,57.83446829496286,12.30727246258566,3.4000000000000004,2.5,2.5,0.790967188940757,7,7,Reverse,90.1,5.1000000000000005,1
2276.31,57.834470833333334,12.307264166666668,57.8344695641481,12.307268314626164,3.4000000000000004,2.5,2.5,0.7065855086962972,7,7,Reverse,90.3,5.1000000000000005,1
2277.3,57.834470499999995,12.307261000000002,57.834470032074044,12.307264657313082,3.4000000000000004,2.5,2.5,0.6051715133311125,7,7,Reverse,90.3,5.1000000000000005,1
2278.27,57.834469166666665,12.307248666666665,57.83446959937036,12.307256661989873,3.4000000000000004,2.5,2.5,0.6986210338077644,7,7,Reverse,90.6,5.1000000000000005,1
2279.24,57.834470833333334,12.307253166666666,57.834470216351846,12.30725491432827,3.4000000000000004,2.5,2.5,0.5915289253944899,7,7,Reverse,91.0,5.1000000000000005,1
2280.29,57.834467833333335,12.3072425,57.83446902484259,12.307248707164135,3.4000000000000004,2.5,2.5,0.7508529322184795,7,7,Reverse,91.5,5.1000000000000005,1
2281.25,57.83447366666666,12.307243999999999,57.83447134575462,12.307246353582066,3.4000000000000004,2.5,2.5,0.647781154312739,7,7,Reverse,92.0,5.1000000000000005,1
2282.27,57.83447666666666,12.307246000000001,57.83447400621064,12.307246176791034,3.4000000000000004,2.5,2.5,0.5002250869155194,7,7,Reverse,92.1,5.1000000000000005,1
2283.26,57.834478499999996,12.307251833333332,57.83447625310532,12.307249005062182,3.4000000000000004,2.5,2.5,0.44823210210993625,7,7,Reverse,92.4,5.1000000000000005,1
2284.28,57.834480666666664,12.307254333333333,57.83447845988599,12.307251669197758,3.4000000000000004,2.5,2.5,0.45157836831209736,7,7,Reverse,92.3,5.1000000000000005,1
2285.25,57.834481999999994,12.307253333333332,57.83448022994299,12.307252501265545,3.4000000000000004,2.5,2.5,0.3616136904141398,7,7,Reverse,92.3,5.1000000000000005,1
2286.24,57.83448383333333,12.307258000000001,57.83448203163816,12.307255250632773,4.95,2.5,2.5,0.3392461209882405,5,5,Reverse,92.2,7.425000000000001,1
2287.24,57.834481499999995,12.307261166666668,57.83448176581908,12.30725820864972,4.925,2.5,2.5,0.30722334192254364,5,5,Reverse,92.3,7.387499999999999,1
2288.28,57.834478000000004,12.307256500000001,57.83447988290954,12.307257354324861,4.925,2.5,2.5,0.47612332153358083,5,5,Reverse,92.1,7.387499999999999,1
2289.33,57.834481499999995,12.307269166666666,57.83448069145477,12.307263260495764,4.925,2.5,2.5,0.532923453899504,5,5,Reverse,91.7,7.387499999999999,1
2290.35,57.834482166666675,12.307263833333332,57.83448142906072,12.307263546914548,4.925,2.5,2.5,0.45108380185606267,5,5,Reverse,91.5,7.387499999999999,1
2291.24,57.83448833333333,12.307274,57.83448488119703,12.307268773457274,4.925,2.5,2.5,0.5437649991696883,5,5,Reverse,91.3,7.387499999999999,1
2292.31,57.83448683333333,12.307277,57.83448585726518,12.307272886728637,3.875,2.5,2.5,0.49267250191348516,6,6,Reverse,91.1,5.8125,1
2293.25,57.83449283333333,12.307275,57.834489345299254,12.307273943364319,3.875,2.5,2.5,0.5160277525083019,6,6,Reverse,90.9,5.8125,1
2294.25,57.83449866666667,12.307277666666668,57.83449400598296,12.307275805015493,3.875,2.5,2.5,0.668848113601585,6,6,Reverse,90.7,5.8125,1
2295.29,57.83450416666666,12.3072875,57.83449908632481,12.307281652507745,3.875,2.5,2.5,0.9358669069201664,6,6,Reverse,90.5,5.8125,1
2296.31,57.834506,12.3072975,57.8345025431624,12.307289576253874,3.875,2.5,2.5,1.1650688198531305,6,6,Reverse,90.4,5.8125,1
2297.3,57.83450833333333,12.307306000000002,57.83450543824787,12.307297788126938,3.4000000000000004,2.5,2.5,1.34816651942371,7,7,Reverse,89.8,5.1000000000000005,1
2298.35,57.834509,12.307303333333333,57.834507219123935,12.307300560730136,3.875,2.5,2.5,1.2539098997421314,6,6,Reverse,89.8,5.8125,1
2299.26,57.83451316666666,12.307308166666667,57.834510192895294,12.307304363698401,3.4000000000000004,2.5,2.5,1.3422403251468986,7,7,Reverse,89.5,5.1000000000000005,1
2300.33,57.834517000000005,12.3073155,57.83451359644765,12.3073099318492,3.4000000000000004,2.5,2.5,1.529302001826017,7,7,Reverse,89.2,5.1000000000000005,1
2301.32,57.83451883333334,12.307323166666666,57.8345162148905,12.307316549257934,3.875,2.5,2.5,1.7395579619180557,6,6,Reverse,89.0,5.8125,1
2302.3,57.83452233333334,12.307334166666665,57.83451927411192,12.307325357962299,3.875,2.5,2.5,2.0582798542540974,6,6,Reverse,88.9,5.8125,1
2303.29,57.83452033333333,12.3073415,57.83451980372262,12.30733342898115,3.875,2.5,2.5,2.2071072752440983,6,6,Reverse,88.6,5.8125,1
2304.32,57.834519833333324,12.307341333333333,57.83451981852797,12.307337381157241,3.875,2.5,2.5,2.173330326222579,6,6,Reverse,88.5,5.8125,1
2305.35,57.83452049999999,12.307339333333335,57.83452015926398,12.307338357245289,3.875,2.5,2.5,2.075541372009196,6,6,Reverse,88.5,5.8125,1
2306.27,57.83451866666666,12.3073365,57.83451941296532,12.307337428622644,3.875,2.5,2.5,1.8450603394056753,6,6,Reverse,88.4,5.8125,1
2307.3,57.83451883333334,12.307319500000002,57.834519123149335,12.307328464311324,3.875,2.5,2.5,1.6881531406748953,6,6,Reverse,88.3,5.8125,1
2308.29,57.834518499999994,12.307310500000002,57.83451881157466,12.307319482155663,3.4250000000000003,2.5,2.5,1.6574828799396433,7,7,Reverse,88.4,5.1375,1
2309.27,57.83451483333333,12.307309666666667,57.834516822454,12.307314574411164,3.4250000000000003,2.5,2.5,1.43858537819647,7,7,Reverse,88.2,5.1375,1
2310.27,57.834520833333336,12.307307833333335,57.83451882789367,12.30731120387225,3.4250000000000003,2.5,2.5,1.3209275915330172,7,7,Reverse,87.8,5.1375,1
2311.32,57.834523999999995,12.3073035,57.83452141394683,12.307307351936124,3.4250000000000003,2.5,2.5,1.2275063434468323,7,7,Reverse,87.4,5.1375,1
2312.3,57.834519666666665,12.3072965,57.83452054030675,12.307301925968062,3.4250000000000003,2.5,2.5,1.0898826812550981,7,7,Reverse,87.3,5.1375,1
2313.34,57.83452049999999,12.307301333333331,57.83452052015337,12.307301629650697,3.4250000000000003,2.5,2.5,1.081136267428477,7,7,Reverse,87.2,5.1375,1
2314.27,57.83451616666666,12.307299166666667,57.83451834341001,12.307300398158683,3.4250000000000003,2.5,2.5,0.8874673178794488,7,7,Reverse,86.8,5.1375,1
2315.35,57.8345135,12.307294000000002,57.834515921705005,12.307297199079342,3.4250000000000003,2.5,2.5,0.7374989318509841,7,7,Reverse,86.5,5.1375,1
2316.27,57.834513833333325,12.307290499999999,57.83451487751917,12.30729384953967,3.4250000000000003,2.5,2.5,0.6902667031958734,7,7,Reverse,86.0,5.1375,1
2317.33,57.83451066666667,12.307288333333334,57.834512772092914,12.307291091436502,3.4250000000000003,2.5,2.5,0.6110007315037895,7,7,Reverse,85.5,5.1375,1
2318.34,57.83450866666667,12.307286833333334,57.83451071937979,12.307288962384918,3.4250000000000003,2.5,2.5,0.488237085812623,7,7,Reverse,84.7,5.1375,1
2319.28,57.83450466666667,12.307280166666665,57.834507693023234,12.307284564525792,3.4250000000000003,2.5,2.5,0.5153628270263894,7,7,Reverse,84.2,5.1375,1
2320.32,57.83450466666667,12.307278333333333,57.83450617984495,12.307281448929562,3.4250000000000003,2.5,2.5,0.4876587114912457,7,7,Reverse,83.7,5.1375,1
2321.27,57.83450766666667,12.307274166666666,57.83450692325581,12.307277807798114,3.4250000000000003,2.5,2.5,0.6364725016122075,7,7,Reverse,83.5,5.1375,1
2322.29,57.83451333333334,12.3072735,57.834510128294575,12.307275653899058,3.4250000000000003,2.5,2.5,0.8418125651799313,7,7,Reverse,83.2,5.1375,1
2323.27,57.83450166666667,12.307268333333331,57.83450589748062,12.307271993616194,3.4250000000000003,2.5,2.5,0.7872182078826918,7,7,Reverse,82.7,5.1375,1
2324.27,57.83450533333333,12.307269166666666,57.834505615406975,12.30727058014143,3.4250000000000003,2.5,2.5,0.6841722698770364,7,7,Reverse,82.5,5.1375,1
2325.32,57.83450633333334,12.307268166666665,57.83450597437016,12.307269373404047,3.4250000000000003,2.5,2.5,0.6968925693624523,7,7,Reverse,81.9,5.1375,1
2326.3,57.83449933333333,12.307258000000001,57.83450265385174,12.307263686702024,3.4250000000000003,2.5,2.5,0.727563719641884,7,7,Reverse,81.5,5.1375,1
2327.27,57.83449266666666,12.307251666666666,57.8344976602592,12.307257676684346,3.4250000000000003,2.5,2.5,0.8686953540495466,7,7,Reverse,80.9,5.1375,1
2328.24,57.83449416666667,12.307253666666668,57.83449591346294,12.307255671675506,3.4250000000000003,2.5,2.5,0.7781130358121144,7,7,Reverse,80.5,5.1375,1
2329.27,57.83449399999999,12.307259833333335,57.83449495673147,12.307257752504421,3.4250000000000003,2.5,2.5,0.6798538742364734,7,7,Reverse,80.2,5.1375,1
2330.3,57.83449583333333,12.307257833333331,57.8344953950324,12.307257792918875,3.4250000000000003,2.5,2.5,0.715823273396354,7,7,Reverse,79.5,5.1375,1
2331.26,57.83449600000001,12.307266499999999,57.8344956975162,12.307262146459438,3.4250000000000003,2.5,2.5,0.764673739868708,7,7,Reverse,79.5,5.1375,1
2332.31,57.83449666666667,12.307274833333334,57.834496182091435,12.307268489896385,3.4250000000000003,2.5,2.5,0.9218324681801221,7,7,Reverse,79.4,5.1375,1
2333.28,57.8344955,12.3072515,57.83449584104572,12.307259994948193,3.4250000000000003,2.5,2.5,1.214742816607294,7,7,Reverse,79.0,5.1375,1
2334.27,57.834506833333336,12.307266,57.83450133718953,12.307262997474096,3.4250000000000003,2.5,2.5,1.500287908460976,7,7,Reverse,79.1,5.1375,1
2335.25,57.83450433333334,12.307269833333331,57.83450283526143,12.307266415403713,3.4250000000000003,2.5,2.5,1.5014355252017175,7,7,Reverse,79.2,5.1375,1
2336.31,57.83450433333334,12.3072725,57.83450358429739,12.307269457701857,3.4250000000000003,2.5,2.5,1.4725715142813722,7,7,Reverse,79.2,5.1375,1
2337.31,57.83449733333334,12.307270666666666,57.83450045881536,12.307270062184262,3.9000000000000004,2.5,2.5,1.1851624149873246,6,6,Reverse,79.3,5.8500000000000005,1
2338.32,57.83448866666666,12.307269499999999,57.834494562741014,12.30726978109213,3.9000000000000004,2.5,2.5,1.107423188661204,6,6,Reverse,79.1,5.8500000000000005,1
2339.27,57.83448799999999,12.30727,57.834491281370504,12.307269890546065,3.9000000000000004,2.5,2.5,0.9792420277301,6,6,Reverse,78.8,5.8500000000000005,1
2340.31,57.83448416666667,12.3072735,57.83448772401859,12.307271695273034,3.9000000000000004,2.5,2.5,0.9150555087069483,6,6,Reverse,79.0,5.8500000000000005,1
2341.32,57.834484499999995,12.307272833333332,57.83448611200929,12.307272264303183,3.9000000000000004,2.5,2.5,0.8520201854880339,6,6,Reverse,79.0,5.8500000000000005,1
2342.3,57.83448166666667,12.307277500000001,57.83448388933798,12.307274882151592,3.9000000000000004,2.5,2.5,0.7857788298577528,6,6,Reverse,78.9,5.8500000000000005,1
2343.35,57.834484,12.307280833333333,57.83448394466899,12.307277857742463,3.9000000000000004,2.5,2.5,0.6385492557334416,6,6,Reverse,78.5,5.8500000000000005,1
2344.34,57.83448933333334,12.307282500000001,57.83448663900116,12.307280178871231,3.9000000000000004,2.5,2.5,0.6701122392555944,6,6,Reverse,78.6,5.8500000000000005,1
2345.26,57.83449600000001,12.307289500000001,57.834491319500586,12.307284839435617,3.9000000000000004,2.5,2.5,0.7748558494945477,6,6,Reverse,78.7,5.8500000000000005,1
2346.27,57.83449283333333,12.307293166666666,57.83449207641696,12.30728900305114,3.9000000000000004,2.5,2.5,0.6788129602142503,6,6,Reverse,78.9,5.8500000000000005,1
2347.24,57.834493,12.3072975,57.83449253820848,12.307293251525572,3.9000000000000004,2.5,2.5,0.6749182499150778,6,6,Reverse,78.9,5.8500000000000005,1
2348.3,57.8344945,12.307305166666668,57.83449351910424,12.307299209096119,3.9000000000000004,2.5,2.5,0.8002328295019152,6,6,Reverse,78.4,5.8500000000000005,1
2349.28,57.83449316666667,12.307306833333334,57.83449334288545,12.307303021214727,3.9000000000000004,2.5,2.5,0.8156924617429352,6,6,Reverse,78.0,5.8500000000000005,1
2350.27,57.834493499999994,12.307303000000001,57.83449342144272,12.307303010607363,3.9000000000000004,2.5,2.5,0.7304351557448897,6,6,Reverse,77.7,5.8500000000000005,1
2351.29,57.83448933333334,12.307302166666666,57.834491377388034,12.307302588637015,3.9000000000000004,2.5,2.5,0.6369444152137277,6,6,Reverse,77.6,5.8500000000000005,1
2352.29,57.83448933333334,12.307307833333335,57.834490355360685,12.307305210985175,3.9000000000000004,2.5,2.5,0.6532449268176396,6,6,Reverse,77.4,5.8500000000000005,1
2353.24,57.83448116666667,12.307297666666667,57.834485761013674,12.30730143882592,3.9000000000000004,2.5,2.5,0.6846694920193709,6,6,Reverse,77.1,5.8500000000000005,1
2354.24,57.834474833333324,12.307291999999999,57.8344802971735,12.30729671941296,3.9000000000000004,2.5,2.5,0.8041804269175554,6,6,Reverse,77.0,5.8500000000000005,1
2355.26,57.834477500000006,12.3073035,57.83447889858675,12.30730010970648,4.6000000000000005,2.5,2.5,0.7903386407873264,5,5,Reverse,76.6,6.9,1
2356.29,57.834477500000006,12.307308833333332,57.83447819929338,12.307304471519906,4.6000000000000005,2.5,2.5,0.8087636394586518,5,5,Reverse,76.4,6.9,1
2357.36,57.834476333333335,12.307310666666668,57.83447726631336,12.307307569093286,6.175000000000001,2.5,2.5,0.7692976023546955,4,4,Reverse,76.2,9.262500000000001,1
2358.35,57.83447533333333,12.307305666666666,57.83447629982334,12.307306617879977,6.175000000000001,2.5,2.5,0.6144787650406844,4,4,Reverse,76.0,9.262500000000001,1
2359.22,57.834466000000006,12.307295,57.83447114991168,12.307300808939988,6.175000000000001,2.5,2.5,0.7359023914514313,4,4,Reverse,75.9,9.262500000000001,1
2360.27,57.834474833333324,12.307300333333334,57.8344729916225,12.307300571136661,6.175000000000001,2.5,2.5,0.6522846155381985,5,5,Reverse,75.5,9.262500000000001,1
2361.26,57.8344925,12.307320833333332,57.83448274581125,12.307310702234997,4.8,2.5,2.5,1.0203914910100091,5,5,Reverse,75.1,7.199999999999999,1
2362.26,57.83449566666666,12.307332166666667,57.834489206238956,12.30732143445083,3.9000000000000004,2.5,2.5,1.252870786077074,6,6,Reverse,74.9,5.8500000000000005,1
2363.31,57.83449466666666,12.307333166666668,57.83449193645281,12.30732730055875,3.9000000000000004,2.5,2.5,1.2383391980571672,6,6,Reverse,74.8,5.8500000000000005,1
2364.27,57.83449016666667,12.307332,57.83449105155974,12.307329650279375,3.9000000000000004,2.5,2.5,1.0484801838855966,6,6,Reverse,74.8,5.8500000000000005,1
2365.31,57.834487833333334,12.307334333333332,57.83448944244654,12.307331991806354,3.9000000000000004,2.5,2.5,0.8539679439446128,6,6,Reverse,74.8,5.8500000000000005,1
2366.31,57.834481000000004,12.307328333333333,57.83448522122327,12.307330162569842,3.9000000000000004,2.5,2.5,0.7912237201851223,6,6,Reverse,74.7,5.8500000000000005,1
2367.28,57.834474500000006,12.3073215,57.83447986061164,12.307325831284922,3.4250000000000003,2.5,2.5,0.865428708944668,7,7,Reverse,74.3,5.1375,1
2368.27,57.834466000000006,12.307315833333332,57.83447293030582,12.307320832309127,3.4250000000000003,2.5,2.5,0.966082026640655,7,7,Reverse,74.1,5.1375,1
2369.24,57.834464,12.307315666666666,57.83446846515291,12.307318249487896,3.4250000000000003,2.5,2.5,0.9641477253985985,7,7,Reverse,73.2,5.1375,1
2370.28,57.8344565,12.307304500000003,57.834462482576455,12.30731137474395,3.4250000000000003,2.5,2.5,1.1205449300483308,7,7,Reverse,72.9,5.1375,1
2371.25,57.83445416666667,12.307298500000002,57.834458324621565,12.307304937371976,3.4250000000000003,2.5,2.5,1.1868186488180335,7,7,Reverse,72.5,5.1375,1
2372.3,57.83444766666666,12.307291999999999,57.834452995644114,12.307298468685987,3.4250000000000003,2.5,2.5,1.2369878380279233,7,7,Reverse,72.5,5.1375,1
2373.31,57.83443966666667,12.307285333333335,57.83444633115539,12.30729190100966,3.4250000000000003,2.5,2.5,1.3974920884833002,7,7,Reverse,71.9,5.1375,1
2374.32,57.83443233333334,12.307275333333333,57.834439332244365,12.307283617171496,3.4250000000000003,2.5,2.5,1.684419181406578,7,7,Reverse,71.3,5.1375,1
2375.29,57.834428499999994,12.307267666666666,57.83443391612218,12.307275641919082,3.4250000000000003,2.5,2.5,1.8756580481734315,7,7,Reverse,71.0,5.1375,1
2376.3,57.834425499999995,12.307265,57.83442970806109,12.30727032095954,3.4250000000000003,2.5,2.5,1.8710327259410342,7,7,Reverse,70.8,5.1375,1
2377.33,57.834421000000006,12.30725933333333,57.83442535403054,12.307264827146435,3.4250000000000003,2.5,2.5,1.8055893333385051,7,7,Reverse,70.5,5.1375,1
2378.29,57.834421166666665,12.307258833333332,57.83442326034861,12.307261830239884,3.4250000000000003,2.5,2.5,1.5867904132247854,7,7,Reverse,70.0,5.1375,1
2379.3,57.83441266666667,12.307255999999999,57.83441796350764,12.307258915119942,3.4250000000000003,2.5,2.5,1.5995972805951593,7,7,Reverse,69.8,5.1375,1
2380.4,57.83441066666666,12.307255666666666,57.83441431508715,12.307257290893304,3.4250000000000003,2.5,2.5,1.5316453840966955,7,7,Reverse,69.0,5.1375,1
2381.27,57.8344135,12.307257666666665,57.83441390754357,12.307257478779984,3.4250000000000003,2.5,2.5,1.2776411735367086,7,7,Reverse,68.7,5.1375,1
2382.33,57.83442033333334,12.307262166666666,57.83441712043846,12.307259822723324,3.4250000000000003,2.5,2.5,1.0686917590911684,7,7,Reverse,68.5,5.1375,1
2383.28,57.83442133333333,12.307257166666666,57.83441922688589,12.307258494694995,3.4250000000000003,2.5,2.5,0.8967309798439898,7,7,Reverse,68.6,5.1375,1
2384.26,57.834416,12.307254666666665,57.834417613442945,12.30725658068083,3.4250000000000003,2.5,2.5,0.8294973707244996,7,7,Reverse,68.5,5.1375,1
2385.34,57.83441433333334,12.307252333333334,57.83441597338815,12.307254457007083,3.4250000000000003,2.5,2.5,0.7947358474426891,7,7,Reverse,68.2,5.1375,1
2386.36,57.8344145,12.307250666666668,57.83441523669407,12.307252561836876,3.4250000000000003,2.5,2.5,0.7407133774819438,7,7,Reverse,68.0,5.1375,1
2387.26,57.83441233333333,12.30725,57.8344137850137,12.307251280918438,3.4250000000000003,2.5,2.5,0.7242415598651254,7,7,Reverse,67.8,5.1375,1
2388.29,57.8344135,12.30724883333333,57.83441364250685,12.307250057125884,3.4250000000000003,2.5,2.5,0.7279502007184647,7,7,Reverse,67.6,5.1375,1
2389.29,57.8344135,12.307252333333334,57.83441357125342,12.30725119522961,3.4250000000000003,2.5,2.5,0.6272184596175812,7,7,Reverse,67.7,5.1375,1
2390.35,57.834413,12.307249500000001,57.83441328562671,12.307250347614804,3.4250000000000003,2.5,2.5,0.6538552267044814,7,7,Reverse,67.7,5.1375,1
2391.29,57.834413833333336,12.30725,57.834413559480026,12.307250173807402,3.4250000000000003,2.5,2.5,0.5958452255740899,7,7,Reverse,67.8,5.1375,1
2392.29,57.834421000000006,12.307255833333333,57.834417279740016,12.307253003570368,3.4250000000000003,2.5,2.5,0.5599313116685326,7,7,Reverse,67.8,5.1375,1
2393.26,57.83442266666666,12.307262333333332,57.83441997320334,12.30725766845185,3.4250000000000003,2.5,2.5,0.5924111680479363,7,7,Reverse,68.0,5.1375,1
2394.34,57.834422499999995,12.307263666666666,57.83442123660166,12.307260667559257,3.4250000000000003,2.5,2.5,0.6017737796264676,7,7,Reverse,68.2,5.1375,1
2395.29,57.83442316666666,12.307266666666665,57.83442220163416,12.307263667112961,3.4250000000000003,2.5,2.5,0.5811555030059514,7,7,Reverse,67.8,5.1375,1
2396.26,57.83442316666666,12.30727133333333,57.83442268415041,12.307267500223146,3.4250000000000003,2.5,2.5,0.5559081400861978,7,7,Reverse,67.8,5.1375,1
2397.37,57.8344265,12.307276166666668,57.83442459207521,12.307271833444908,3.4499999999999997,2.5,2.5,0.6602940835587039,7,7,Reverse,67.5,5.175,1
2398.28,57.834423666666666,12.307278166666666,57.83442412937094,12.307275000055787,3.4499999999999997,2.5,2.5,0.677748805194664,7,7,Reverse,67.2,5.175,1
2399.3,57.83442749999999,12.307284333333333,57.83442581468546,12.30727966669456,3.4499999999999997,2.5,2.5,0.7339641046611717,7,7,Reverse,67.1,5.175,1
2400.31,57.834429,12.307282166666669,57.83442740734273,12.307280916680615,3.9250000000000003,2.5,2.5,0.6787812418494676,6,6,Reverse,67.4,5.8875,1
2401.27,57.834431166666675,12.307286833333334,57.8344292870047,12.307283875006974,5.725,2.5,2.5,0.6058129232459127,5,5,Reverse,67.5,8.587499999999999,1
2402.29,57.834435,12.307297833333333,57.834432143502355,12.307290854170153,3.9250000000000003,2.5,2.5,0.739030155091458,6,6,Reverse,67.5,5.8875,1
2403.25,57.834432666666665,12.307297666666667,57.834432405084506,12.307294260418411,3.9250000000000003,2.5,2.5,0.7045661769563957,6,6,Reverse,67.4,5.8875,1
2404.29,57.834435500000005,12.307308166666667,57.834433952542255,12.307301213542539,3.9250000000000003,2.5,2.5,0.8473165496071392,6,6,Reverse,67.1,5.8875,1
2405.31,57.83443583333333,12.307313333333331,57.83443489293779,12.307307273437935,3.9250000000000003,2.5,2.5,1.008438631065155,6,6,Reverse,66.8,5.8875,1
2406.27,57.83442766666667,12.307317000000001,57.83443127980223,12.307312136718968,3.9250000000000003,2.5,2.5,1.0641969008139063,6,6,Reverse,66.4,5.8875,1
2407.29,57.834430999999995,12.307319666666668,57.83443113990111,12.307315901692817,3.9250000000000003,2.5,2.5,1.0865061498717978,6,6,Reverse,65.8,5.8875,1
2408.29,57.83444733333334,12.3073295,57.83443923661723,12.30732270084641,3.9250000000000003,2.5,2.5,1.3028057817116583,6,6,Reverse,65.7,5.8875,1
2409.27,57.83444833333333,12.307328,57.83444378497528,12.307325350423204,2.9,2.5,2.5,1.2667610319755207,7,7,Reverse,67.3,4.35,1
2410.28,57.83445716666667,12.307333833333333,57.83445047582097,12.307329591878268,2.9,2.5,2.5,1.3662590257209664,7,7,Reverse,67.6,4.35,1
2411.27,57.834466166666665,12.307338333333332,57.834458321243815,12.307333962605801,2.9,2.5,2.5,1.5874881075591407,7,7,Reverse,68.2,4.35,1
2412.26,57.83447966666666,12.307346500000001,57.83446899395524,12.3073402313029,2.9,2.5,2.5,1.9372939396954199,7,7,Reverse,68.6,4.35,1
2413.3,57.834487499999994,12.307351000000002,57.83447824697762,12.307345615651451,2.9,2.5,2.5,2.1387629441836693,7,7,Reverse,69.0,4.35,1
2414.29,57.83449783333334,12.307357333333334,57.83448804015548,12.307351474492393,2.9,2.5,2.5,2.353845096472803,7,7,Reverse,69.3,4.35,1
2415.29,57.834514000000006,12.307371,57.83450102007774,12.307361237246196,2.9,2.5,2.5,2.803157626828266,7,7,Reverse,69.4,4.35,1
2416.27,57.834527166666675,12.307379666666668,57.834514093372206,12.307370451956432,2.9,2.5,2.5,3.185880305820001,7,7,Reverse,69.5,4.35,1
2417.24,57.83453066666666,12.307381999999999,57.834522380019436,12.307376225978215,2.9,2.5,2.5,3.3896211606786046,7,7,Reverse,69.5,4.35,1
2418.26,57.834535833333334,12.307386000000001,57.834529106676385,12.307381112989109,3.975,2.5,2.5,3.4663374757486722,6,6,Reverse,69.6,5.9625,1
2419.26,57.8345305,12.307378666666667,57.83452980333819,12.307379889827887,3.975,2.5,2.5,3.1767595186162563,6,6,Reverse,70.0,5.9625,1
2420.29,57.83452533333334,12.307369333333334,57.834527568335766,12.307374611580611,3.975,2.5,2.5,2.7747784373804283,6,6,Reverse,70.2,5.9625,1
2421.29,57.834531,12.307370833333334,57.83452928416788,12.307372722456972,3.975,2.5,2.5,2.578290216253749,6,6,Reverse,70.4,5.9625,1
2422.31,57.834534166666664,12.307374833333332,57.83453172541727,12.307373777895153,3.975,2.5,2.5,2.381395080157648,6,6,Reverse,70.4,5.9625,1
2423.29,57.83454016666666,12.307379333333332,57.83453594604197,12.307376555614242,4.85,2.5,2.5,2.30586949970543,5,5,Reverse,70.8,7.2749999999999995,1
2424.25,57.834524166666675,12.307368499999999,57.834530056354325,12.30737252780712,4.85,2.5,2.5,1.8432675253010657,5,5,Reverse,70.8,7.2749999999999995,1
2425.28,57.834513833333325,12.307367333333332,57.83452194484382,12.307369930570227,4.85,2.5,2.5,1.5099803197422477,5,5,Reverse,70.9,7.2749999999999995,1
2426.28,57.83452033333333,12.307373666666669,57.83452113908858,12.307371798618448,4.85,2.5,2.5,1.2953622832831204,5,5,Reverse,71.1,7.2749999999999995,1
2427.28,57.83451866666666,12.307368,57.83451990287762,12.307369899309224,4.85,2.5,2.5,1.0298394507973363,5,5,Reverse,71.2,7.2749999999999995,1
2428.27,57.83451149999999,12.307359333333332,57.834515701438804,12.307364616321278,4.85,2.5,2.5,0.7707212108416436,5,5,Reverse,71.3,7.2749999999999995,1
2429.27,57.83450916666667,12.307358166666665,57.83451243405274,12.307361391493972,4.85,2.5,2.5,0.6190511942987874,5,5,Reverse,71.3,7.2749999999999995,1
2430.29,57.83450483333333,12.307352666666668,57.834508633693034,12.30735702908032,4.85,2.5,2.5,0.46809984811902045,5,5,Reverse,71.2,7.2749999999999995,1
2431.27,57.83450216666667,12.3073425,57.83450540017985,12.30734976454016,4.85,2.5,2.5,0.32565613191974396,5,5,Reverse,71.2,7.2749999999999995,1
2432.26,57.83449383333333,12.307331500000002,57.83449961675659,12.307340632270082,3.975,2.5,2.5,0.39252993203086256,6,6,Reverse,70.8,5.9625,1
2433.3,57.83448966666666,12.307326,57.83449464171163,12.30733331613504,3.975,2.5,2.5,0.45962218114699105,6,6,Reverse,70.7,5.9625,1
2434.3,57.83448766666667,12.307322666666668,57.834491154189145,12.307327991400854,3.975,2.5,2.5,0.4837159842183134,6,6,Reverse,70.7,5.9625,1
2435.28,57.83447783333333,12.3073125,57.83448449376124,12.307320245700428,3.975,2.5,2.5,0.4685658155228098,6,6,Reverse,70.6,5.9625,1
2436.33,57.83447116666666,12.307304333333331,57.83447783021395,12.30731228951688,3.075,2.5,2.5,0.44464196309699383,7,7,Reverse,70.6,4.612500000000001,1
2437.27,57.83446816666666,12.307299833333332,57.834472998440305,12.307306061425106,3.075,2.5,2.5,0.37144408900241727,7,7,Reverse,70.7,4.612500000000001,1
2438.38,57.83447266666667,12.307301833333334,57.83447283255349,12.30730394737922,3.075,2.5,2.5,0.5497675151653098,7,7,Reverse,70.3,4.612500000000001,1
2439.27,57.834444,12.307270666666666,57.834458416276746,12.307287307022943,3.075,2.5,2.5,0.5524672202389959,7,7,Reverse,70.4,4.612500000000001,1
2440.44,57.834427999999996,12.307255333333334,57.83444320813837,12.307271320178138,2.625,2.5,2.5,0.5282725990721414,8,8,Reverse,70.3,3.9375,1
2441.29,57.83442749999999,12.307256833333334,57.83443535406918,12.307264076755736,2.625,2.5,2.5,0.4903538633582524,8,8,Reverse,70.6,3.9375,1
2442.34,57.83442483333333,12.307252333333334,57.83443009370126,12.307258205044535,3.075,2.5,2.5,0.5000440389580617,8,8,Reverse,70.4,4.612500000000001,1
2443.26,57.83442166666667,12.307248166666666,57.834425880183964,12.3072531858556,3.075,2.5,2.5,0.6005927690605697,7,7,Reverse,70.3,4.612500000000001,1
2444.26,57.834427166666664,12.307252833333333,57.834426523425314,12.307253009594467,3.075,2.5,2.5,0.5220291730412776,7,7,Reverse,70.1,4.612500000000001,1
2445.27,57.83442616666666,12.307251,57.83442634504598,12.307252004797233,3.075,2.5,2.5,0.4002361544345391,7,7,Reverse,69.9,4.612500000000001,1
2446.24,57.83442483333333,12.307249833333334,57.83442558918966,12.307250919065284,3.075,2.5,2.5,0.3288440123507746,7,7,Reverse,69.8,4.612500000000001,1
2447.3,57.834424999999996,12.307250666666668,57.83442529459483,12.307250792865975,3.075,2.5,2.5,0.35465490072489836,7,7,Reverse,69.7,4.612500000000001,1
2448.41,57.83441849999999,12.307242333333333,57.83442189729741,12.307246563099655,3.075,2.5,2.5,0.351926734631437,7,7,Reverse,69.7,4.612500000000001,1
2449.27,57.83441849999999,12.307241,57.8344201986487,12.307243781549827,3.075,2.5,2.5,0.29047537667648504,7,7,Reverse,69.7,4.612500000000001,1
2450.31,57.8344145,12.307236333333332,57.83441734932435,12.307240057441579,3.075,2.5,2.5,0.31629130993588706,7,7,Reverse,69.7,4.612500000000001,1
2451.28,57.83440766666666,12.307229,57.8344125079955,12.30723452872079,3.075,2.5,2.5,0.49749145911531467,7,7,Reverse,69.5,4.612500000000001,1
2452.27,57.83440466666666,12.307224833333331,57.83440858733108,12.30722968102706,3.075,2.5,2.5,0.5860206323061924,7,7,Reverse,69.6,4.612500000000001,1
2453.3,57.83440216666666,12.307224166666666,57.83440537699887,12.307226923846864,3.075,2.5,2.5,0.6322633280051735,7,7,Reverse,69.4,4.612500000000001,1
2454.38,57.83440633333333,12.307230166666667,57.834405855166096,12.307228545256764,3.075,2.5,2.5,0.6850226783776191,7,7,Reverse,69.3,4.612500000000001,1
2455.29,57.83440583333333,12.307232500000001,57.834405844249716,12.307230522628384,3.075,2.5,2.5,0.6406235356102642,7,7,Reverse,68.7,4.612500000000001,1
2456.26,57.83440399999999,12.307234000000001,57.834404922124854,12.307232261314192,3.075,2.5,2.5,0.5149301484493178,7,7,Reverse,68.9,4.612500000000001,1
2457.32,57.83440616666667,12.307236,57.83440554439576,12.307234130657095,3.075,2.5,2.5,0.4617828239911532,7,7,Reverse,69.1,4.612500000000001,1
2458.32,57.83441266666667,12.307245499999999,57.834409105531215,12.307239815328547,3.075,2.5,2.5,0.6682413924428967,7,7,Reverse,69.1,4.612500000000001,1
2459.24,57.83441666666666,12.30725,57.83441288609894,12.307244907664273,3.075,2.5,2.5,0.874800611052241,7,7,Reverse,69.2,4.612500000000001,1
2460.3,57.83441633333334,12.307249166666669,57.83441460971614,12.307247037165471,3.075,2.5,2.5,0.9464581109849056,7,7,Reverse,69.4,4.612500000000001,1
2461.24,57.83442133333333,12.3072525,57.834417971524736,12.307249768582736,3.075,2.5,2.5,1.0829542291390133,7,7,Reverse,69.4,4.612500000000001,1
2462.29,57.83442266666666,12.307253166666666,57.8344203190957,12.3072514676247,3.075,2.5,2.5,1.1362509513774643,7,7,Reverse,69.7,4.612500000000001,1
2463.3,57.834426,12.307256833333334,57.834423159547846,12.307254150479018,3.075,2.5,2.5,1.2298473581052556,7,7,Reverse,69.5,4.612500000000001,1
2464.29,57.834416833333336,12.307248333333332,57.834419996440595,12.307251241906174,3.075,2.5,2.5,0.9792838338307046,7,7,Reverse,69.5,4.612500000000001,1
2465.26,57.83441333333334,12.307244833333334,57.834416664886966,12.307248037619754,3.075,2.5,2.5,0.8980999090471486,7,7,Reverse,69.6,4.612500000000001,1
2466.29,57.83441283333333,12.307244333333331,57.834414749110145,12.307246185476544,3.075,2.5,2.5,0.8548586882991964,7,7,Reverse,69.9,4.612500000000001,1
2467.27,57.834416833333336,12.307249166666669,57.834415791221744,12.307247676071606,3.075,2.5,2.5,0.6544345707510266,7,7,Reverse,70.2,4.612500000000001,1
2468.34,57.83442066666667,12.307255000000001,57.8344182289442,12.307251338035803,3.075,2.5,2.5,0.6646265607485043,7,7,Reverse,70.4,4.612500000000001,1
2469.29,57.83442183333333,12.307257333333332,57.83442003113877,12.307254335684569,3.075,2.5,2.5,0.6746109103170222,7,7,Reverse,70.6,4.612500000000001,1
2470.3,57.83442183333333,12.307258333333333,57.83442093223605,12.307256334508951,3.075,2.5,2.5,0.6234696282953414,7,7,Reverse,70.7,4.612500000000001,1
2471.36,57.83442866666666,12.307268333333331,57.834424799451355,12.307262333921141,3.075,2.5,2.5,0.8385018974731704,7,7,Reverse,70.9,4.612500000000001,1
2472.3,57.83442183333333,12.307262166666666,57.83442331639234,12.307262250293903,3.075,2.5,2.5,0.6598952705754931,7,7,Reverse,71.4,4.612500000000001,1
2473.29,57.8344205,12.307263,57.83442190819617,12.307262625146953,3.075,2.5,2.5,0.5290456872200638,7,7,Reverse,71.6,4.612500000000001,1
2474.29,57.834423666666666,12.307269666666665,57.83442278743142,12.307266145906809,3.075,2.5,2.5,0.5544980722821576,7,7,Reverse,71.9,4.612500000000001,1
2475.25,57.834425499999995,12.307273666666667,57.83442414371571,12.307269906286738,3.075,2.5,2.5,0.5969656804310881,7,7,Reverse,72.3,4.612500000000001,1
2476.34,57.83442766666667,12.307277500000001,57.83442590519119,12.30727370314337,3.075,2.5,2.5,0.6824754142034565,7,7,Reverse,72.8,4.612500000000001,1
2477.29,57.834432166666666,12.307281666666665,57.83442903592893,12.307277684905017,3.075,2.5,2.5,0.8564851676769382,7,7,Reverse,73.0,4.612500000000001,1
2478.35,57.834432166666666,12.307281833333331,57.8344306012978,12.307279759119174,3.075,2.5,2.5,0.9246386456890588,7,7,Reverse,73.1,4.612500000000001,1
2479.31,57.834435166666665,12.307286166666666,57.83443288398223,12.30728296289292,3.075,2.5,2.5,1.053352231749293,7,7,Reverse,73.4,4.612500000000001,1
2480.29,57.834430000000005,12.307279999999999,57.834431441991114,12.30728148144646,3.075,2.5,2.5,0.9075179508869455,7,7,Reverse,73.6,4.612500000000001,1
2481.28,57.834432500000005,12.307284666666666,57.83443197099556,12.307283074056562,3.075,2.5,2.5,0.9259826997145563,7,7,Reverse,73.9,4.612500000000001,1
2482.3,57.834437333333334,12.307292666666667,57.83443465216445,12.307287870361614,3.075,2.5,2.5,1.1491721283095242,7,7,Reverse,74.1,4.612500000000001,1
2483.24,57.83443483333334,12.307288333333334,57.8344347427489,12.307288101847474,3.075,2.5,2.5,1.106434775955928,7,7,Reverse,74.4,4.612500000000001,1
2484.32,57.834435666666664,12.307288166666668,57.83443520470778,12.307288134257071,3.075,2.5,2.5,1.0211177298602223,7,7,Reverse,74.5,4.612500000000001,1
2485.29,57.834438,12.307291000000001,57.83443660235389,12.307289567128537,3.075,2.5,2.5,1.0217594837854562,7,7,Reverse,74.8,4.612500000000001,1
2486.35,57.8344345,12.307286333333332,57.834435551176945,12.307287950230934,3.075,2.5,2.5,0.8528573702154814,7,7,Reverse,75.1,4.612500000000001,1
2487.3,57.83443166666666,12.307284166666667,57.8344336089218,12.3072860584488,3.075,2.5,2.5,0.7019901484538101,7,7,Reverse,75.2,4.612500000000001,1
2488.34,57.83443233333334,12.307288000000002,57.83443297112757,12.307287029224401,3.075,2.5,2.5,0.6062473433691603,7,7,Reverse,75.4,4.612500000000001,1
2489.27,57.834428166666676,12.307287166666667,57.834430568897126,12.307287097945533,3.075,2.5,2.5,0.544019018760079,7,7,Reverse,75.6,4.612500000000001,1
2490.31,57.834423666666666,12.307285000000002,57.83442711778189,12.307286048972768,3.075,2.5,2.5,0.5291786153485183,7,7,Reverse,75.8,4.612500000000001,1
2491.36,57.83441866666667,12.307286,57.83442289222428,12.307286024486384,3.075,2.5,2.5,0.6109222708049212,7,7,Reverse,75.8,4.612500000000001,1
2492.28,57.83442316666666,12.307291333333334,57.834423029445475,12.307288678909858,2.625,2.5,2.5,0.6045247670430571,8,8,Reverse,76.0,3.9375,1
2493.26,57.83442183333333,12.307295666666668,57.8344224313894,12.307292172788264,2.625,2.5,2.5,0.6163600173794445,8,8,Reverse,76.1,3.9375,1
2494.29,57.8344265,12.307295166666666,57.8344244656947,12.307293669727464,2.625,2.5,2.5,0.6358749508052771,8,8,Reverse,76.3,3.9375,1
2495.29,57.834427166666664,12.307299833333332,57.83442581618068,12.307296751530398,2.625,2.5,2.5,0.6508341663675699,8,8,Reverse,76.4,3.9375,1
2496.31,57.834430000000005,12.307300999999999,57.83442790809034,12.307298875765198,2.625,2.5,2.5,0.5983233721112816,8,8,Reverse,76.4,3.9375,1
2497.3,57.83443016666667,12.307303333333333,57.834429037378506,12.307301104549266,2.625,2.5,2.5,0.5360440926712654,8,8,Reverse,76.4,3.9375,1
2498.34,57.83442866666666,12.3073085,57.83442885202258,12.307304802274633,2.625,2.5,2.5,0.5640111175254914,8,8,Reverse,76.6,3.9375,1
2499.31,57.834428499999994,12.307313666666667,57.83442867601129,12.307309234470651,2.625,2.5,2.5,0.5920352218978323,8,8,Reverse,76.5,3.9375,1
2500.38,57.83442516666667,12.307318833333333,57.83442692133898,12.307314033901992,2.625,2.5,2.5,0.6683985877783675,8,8,Reverse,76.6,3.9375,1
2501.29,57.83442483333333,12.3073245,57.83442587733615,12.307319266950996,2.625,2.5,2.5,0.7042057396365978,8,8,Reverse,76.6,3.9375,1
2502.31,57.83441566666667,12.307327000000003,57.834420772001415,12.3073231334755,2.625,2.5,2.5,0.8750250471765753,8,8,Reverse,76.7,3.9375,1
2503.26,57.834416499999996,12.307327333333335,57.834418636000706,12.307325233404416,2.625,2.5,2.5,0.8076755623312455,8,8,Reverse,76.8,3.9375,1
2504.3,57.834416499999996,12.307324166666668,57.83441756800035,12.307324700035542,2.625,2.5,2.5,0.6905765660710513,8,8,Reverse,76.8,3.9375,1
2505.26,57.83441200000001,12.307320333333333,57.83441478400018,12.307322516684438,2.625,2.5,2.5,0.7314868501493064,8,8,Reverse,76.9,3.9375,1
2506.33,57.83440966666667,12.307330000000002,57.83441222533342,12.30732625834222,2.625,2.5,2.5,0.7677466212285047,8,8,Reverse,77.1,3.9375,1
2507.29,57.83441233333333,12.307321333333334,57.83441227933338,12.307323795837776,2.625,2.5,2.5,0.7033332966026612,8,8,Reverse,77.1,3.9375,1
2508.27,57.83441016666667,12.307326166666666,57.834411223000025,12.307324981252222,2.625,2.5,2.5,0.5530012843007892,8,8,Reverse,77.2,3.9375,1
2509.25,57.83440033333333,12.307332333333333,57.834405778166676,12.307328657292777,2.725,2.5,2.5,0.7554978026934218,7,7,Reverse,77.3,4.0875,1
2510.35,57.83440133333333,12.307342166666668,57.83440355575001,12.307335411979723,2.725,2.5,2.5,0.8230700720527936,7,7,Reverse,77.5,4.0875,1
2511.31,57.83440116666667,12.307345000000002,57.83440236120834,12.307340205989862,3.025,2.5,2.5,0.7794653128107151,6,6,Reverse,77.5,4.5375,1
2512.29,57.83439683333333,12.307355500000002,57.83439959727083,12.307347852994932,3.025,2.5,2.5,0.8769747490549384,6,6,Reverse,77.8,4.5375,1
2513.32,57.83439666666666,12.307379333333332,57.83439813196875,12.307363593164132,3.025,2.5,2.5,1.223799293530079,6,6,Reverse,77.8,4.5375,1
2514.34,57.83440600000001,12.307382333333331,57.83440206598438,12.307372963248731,3.025,2.5,2.5,1.312332667419435,6,6,Reverse,77.8,4.5375,1
2515.27,57.83439766666667,12.307389,57.834399866325526,12.307380981624366,3.025,2.5,2.5,1.2646621034664183,6,6,Reverse,78.0,4.5375,1
2516.27,57.834397499999994,12.307398833333332,57.83439868316276,12.30738990747885,3.025,2.5,2.5,1.2333441730627628,6,6,Reverse,78.1,4.5375,1
2517.24,57.834402,12.307398833333332,57.83440034158138,12.30739437040609,3.025,2.5,2.5,1.0157576376745943,6,6,Reverse,78.4,4.5375,1
2518.27,57.83440416666667,12.307396500000001,57.83440225412402,12.307395435203047,3.025,2.5,2.5,0.8602104929535836,6,6,Reverse,79.0,4.5375,1
2519.28,57.83440316666667,12.307399000000002,57.834402710395345,12.307397217601524,3.025,2.5,2.5,0.6806565490891141,6,6,Reverse,79.2,4.5375,1
2520.27,57.83440383333333,12.307395000000001,57.83440327186434,12.307396108800763,3.025,2.5,2.5,0.6039835251480719,6,6,Reverse,79.5,4.5375,1
2521.5,57.83439466666667,12.307397166666666,57.83439896926551,12.307396637733714,3.025,2.5,2.5,0.6269529233451494,6,6,Reverse,79.6,4.5375,1
2522.25,57.83439133333333,12.307396666666667,57.83439515129942,12.307396652200191,3.025,2.5,2.5,0.7226543232692724,6,6,Reverse,79.5,4.5375,1
2523.28,57.83440083333333,12.307395666666666,57.834397992316376,12.307396159433429,3.025,2.5,2.5,0.5966467234049464,6,6,Reverse,79.7,4.5375,1
2524.29,57.834399,12.3074,57.83439849615819,12.307398079716714,3.025,2.5,2.5,0.5237628559000397,6,6,Reverse,79.7,4.5375,1
2525.32,57.8344045,12.307396666666667,57.83440149807909,12.30739737319169,3.025,2.5,2.5,0.4558569588280035,6,6,Reverse,79.8,4.5375,1
2526.29,57.83440083333333,12.307409500000002,57.83440116570621,12.307403436595846,3.025,2.5,2.5,0.5757214820688338,6,6,Reverse,80.0,4.5375,1
2527.23,57.83440516666666,12.307400666666668,57.83440316618644,12.307402051631257,3.025,2.5,2.5,0.4811815553133082,6,6,Reverse,80.1,4.5375,1
2528.29,57.83440083333333,12.307397500000002,57.83440199975988,12.307399775815629,3.05,2.5,2.5,0.5178374174097006,6,6,Reverse,80.1,4.574999999999999,1
2529.34,57.83440783333334,12.307393000000001,57.83440491654661,12.307396387907815,3.05,2.5,2.5,0.4398080662129865,6,6,Reverse,79.9,4.574999999999999,1
2530.24,57.83441033333334,12.307385166666666,57.83440762493998,12.30739077728724,3.05,2.5,2.5,0.43925681662191357,6,6,Reverse,79.6,4.574999999999999,1
2531.3,57.83441133333334,12.307383499999998,57.83440947913666,12.30738713864362,3.05,2.5,2.5,0.3807578451883679,6,6,Reverse,79.5,4.574999999999999,1
2532.29,57.83441166666667,12.30738,57.83441057290166,12.30738356932181,3.05,2.5,2.5,0.3161971102476029,6,6,Reverse,79.5,4.574999999999999,1
2533.26,57.834411,12.307382666666667,57.83441078645083,12.307383117994238,3.05,2.5,2.5,0.38843032685752915,6,6,Reverse,79.3,4.574999999999999,1
2534.3,57.83442133333333,12.307372000000003,57.834416059892085,12.307377558997121,3.05,2.5,2.5,0.5948208368575049,6,6,Reverse,79.1,4.574999999999999,1
2535.26,57.83442266666666,12.307371666666665,57.83441936327937,12.307374612831893,2.725,2.5,2.5,0.6465698387391611,7,7,Reverse,78.7,4.0875,1
2536.24,57.834428499999994,12.3073695,57.834423931639684,12.307372056415947,2.6500000000000004,2.5,2.5,0.7916133297878148,8,8,Reverse,78.4,3.9750000000000005,1
2537.29,57.83442916666666,12.307371499999999,57.83442654915317,12.307371778207973,2.6500000000000004,2.5,2.5,0.9967932330393483,8,8,Reverse,78.2,3.9750000000000005,1
2538.32,57.83443583333333,12.3073605,57.83443119124325,12.307366139103985,2.925,2.5,2.5,1.105665671718732,7,7,Reverse,77.8,4.387499999999999,1
2539.26,57.834438666666664,12.307345833333333,57.834434928954956,12.30735598621866,2.6500000000000004,2.5,2.5,1.2154608464964325,8,8,Reverse,77.7,3.9750000000000005,1
2540.24,57.83444083333334,12.307331333333332,57.83443788114415,12.307343659775995,2.6500000000000004,2.5,2.5,1.3942749542317365,8,8,Reverse,77.5,3.9750000000000005,1
2541.27,57.83443766666666,12.307330833333333,57.83443777390541,12.307337246554665,2.6500000000000004,2.5,2.5,1.2965282187952056,8,8,Reverse,77.3,3.9750000000000005,1
2542.29,57.834436499999995,12.307326666666665,57.8344371369527,12.307331956610664,2.6500000000000004,2.5,2.5,1.1125420598581321,8,8,Reverse,77.2,3.9750000000000005,1
2543.29,57.834436000000004,12.307330333333335,57.83443656847635,12.307331144972,3.1,2.5,2.5,0.9020971120349061,7,7,Reverse,77.0,4.65,1
2544.35,57.83442883333334,12.307347166666666,57.83443270090485,12.307339155819333,2.6500000000000004,2.5,2.5,1.179719672579485,8,8,Reverse,76.9,3.9750000000000005,1
2545.26,57.834429666666665,12.307351500000001,57.83443118378575,12.307345327909667,2.6500000000000004,2.5,2.5,1.351418945887314,8,8,Reverse,76.3,3.9750000000000005,1
2546.29,57.834432500000005,12.3073535,57.83443184189288,12.307349413954833,2.6500000000000004,2.5,2.5,1.447616376488355,8,8,Reverse,76.1,3.9750000000000005,1
2547.3,57.8344315,12.307354333333334,57.834431670946444,12.307351873644084,2.6500000000000004,2.5,2.5,1.47454222892088,8,8,Reverse,75.9,3.9750000000000005,1
2548.27,57.83442733333333,12.307349666666669,57.83442950213988,12.307350770155375,3.4499999999999997,2.5,2.5,1.4043155906028633,6,6,Reverse,75.7,5.175,1
2549.3,57.83442783333333,12.3073445,57.83442866773661,12.307347635077688,3.4499999999999997,2.5,2.5,1.2371973901925373,6,6,Reverse,75.7,5.175,1
2550.31,57.834429,12.307335666666665,57.8344288338683,12.307341650872177,3.4499999999999997,2.5,2.5,1.0144668172142408,6,6,Reverse,75.5,5.175,1
2551.27,57.834429666666665,12.307329666666666,57.83442925026748,12.307335658769421,3.4499999999999997,2.5,2.5,0.8136370639320915,6,6,Reverse,75.8,5.175,1
2552.26,57.83442316666666,12.307327000000003,57.83442620846707,12.307331329384711,3.4499999999999997,2.5,2.5,0.8437958535716182,6,6,Reverse,75.7,5.175,1
2553.24,57.83442183333333,12.307319833333334,57.8344240209002,12.307325581359024,3.4499999999999997,2.5,2.5,0.8768940833005865,6,6,Reverse,75.3,5.175,1
2554.27,57.834423666666666,12.307315333333333,57.83442384378343,12.307320457346178,3.4499999999999997,2.5,2.5,0.8229892671060957,6,6,Reverse,75.3,5.175,1
2555.29,57.8344105,12.307324833333332,57.834417171891715,12.307322645339756,3.4499999999999997,2.5,2.5,1.1811087361758876,6,6,Reverse,75.0,5.175,1
2556.29,57.83441,12.307320333333333,57.83441358594586,12.307321489336545,3.4499999999999997,2.5,2.5,1.3160181968618356,6,6,Reverse,74.9,5.175,1
2557.29,57.83441166666667,12.307315000000001,57.83441262630626,12.307318244668272,3.4499999999999997,2.5,2.5,1.3073441684030074,6,6,Reverse,75.0,5.175,1
2558.26,57.83441583333333,12.307309166666668,57.8344142298198,12.30731370566747,3.4499999999999997,2.5,2.5,1.2408901788122522,6,6,Reverse,75.0,5.175,1
2559.26,57.83441733333334,12.307305166666668,57.83441578157657,12.307309436167069,3.1,2.5,2.5,1.0555074509805882,7,7,Reverse,74.7,4.65,1
2560.29,57.83441883333333,12.307297333333334,57.83441730745495,12.307303384750202,3.4499999999999997,2.5,2.5,0.8924473376134755,6,6,Reverse,74.7,5.175,1
2561.28,57.834421166666665,12.307297833333333,57.83441923706081,12.307300609041768,3.4499999999999997,2.5,2.5,0.7505625638507268,6,6,Reverse,74.6,5.175,1
2562.3,57.8344235,12.307294333333335,57.83442136853041,12.307297471187551,3.4499999999999997,2.5,2.5,0.7861030580322819,6,6,Reverse,74.4,5.175,1
2563.29,57.8344235,12.307290499999999,57.8344224342652,12.307293985593775,3.4499999999999997,2.5,2.5,0.7762668231696728,6,6,Reverse,74.1,5.175,1
2564.28,57.83442216666667,12.307291000000001,57.83442230046594,12.307292492796888,3.4499999999999997,2.5,2.5,0.6464775354226403,6,6,Reverse,74.1,5.175,1
2565.29,57.83442149999999,12.307289500000001,57.83442190023296,12.307290996398445,3.4499999999999997,2.5,2.5,0.6520195564344602,6,6,Reverse,73.7,5.175,1
2566.29,57.83442266666666,12.3072875,57.83442228344981,12.307289248199222,3.1,2.5,2.5,0.618656987516978,7,7,Reverse,73.3,4.65,1
2567.27,57.83442483333333,12.307289500000001,57.83442355839157,12.30728937409961,3.1,2.5,2.5,0.4873251229600072,7,7,Reverse,73.3,4.65,1
2568.3,57.834424166666665,12.307294000000002,57.83442386252912,12.307291687049807,2.6500000000000004,2.5,2.5,0.4962924112796537,8,8,Reverse,73.5,3.9750000000000005,1
2569.29,57.83442566666666,12.307296000000001,57.83442476459789,12.307293843524905,2.6500000000000004,2.5,2.5,0.4827315553487225,8,8,Reverse,73.9,3.9750000000000005,1
2570.35,57.834424166666665,12.307295666666668,57.834424465632274,12.307294755095786,2.6500000000000004,2.5,2.5,0.3769206189280743,8,8,Reverse,74.2,3.9750000000000005,1
2571.28,57.83442516666667,12.307295,57.83442481614947,12.307294877547893,2.6500000000000004,2.5,2.5,0.3237831480548573,8,8,Reverse,74.4,3.9750000000000005,1
2572.27,57.834427999999996,12.307294000000002,57.834426408074734,12.307294438773948,2.6500000000000004,2.5,2.5,0.32740594220242525,8,8,Reverse,74.1,3.9750000000000005,1
2573.29,57.834430000000005,12.307288833333333,57.83442820403737,12.307291636053641,2.6500000000000004,2.5,2.5,0.3985008036880359,8,8,Reverse,74.0,3.9750000000000005,1
2574.28,57.834429,12.307287,57.83442860201868,12.30728931802682,2.6500000000000004,2.5,2.5,0.3803978653351631,8,8,Reverse,74.0,3.9750000000000005,1
2575.27,57.834429,12.307289666666668,57.834428801009345,12.307289492346744,2.6500000000000004,2.5,2.5,0.347565078811424,8,8,Reverse,73.8,3.9750000000000005,1
2576.29,57.83443183333334,12.307287333333333,57.83443031717134,12.30728841284004,2.6500000000000004,2.5,2.5,0.4181521421901441,8,8,Reverse,73.9,3.9750000000000005,1
2577.31,57.834426,12.307295333333332,57.83442815858567,12.307291873086685,2.6500000000000004,2.5,2.5,0.559005425854911,8,8,Reverse,73.8,3.9750000000000005,1
2578.27,57.834425499999995,12.307294333333335,57.83442682929283,12.30729310321001,2.6500000000000004,2.5,2.5,0.6160349474061557,8,8,Reverse,73.6,3.9750000000000005,1
2579.3,57.834423833333325,12.307294166666669,57.83442533131308,12.30729363493834,2.6500000000000004,2.5,2.5,0.7146594787684002,8,8,Reverse,74.0,3.9750000000000005,1
2580.26,57.83442633333334,12.307294833333334,57.83442583232321,12.307294234135837,2.6500000000000004,2.5,2.5,0.6110000520333099,8,8,Reverse,74.4,3.9750000000000005,1
2581.26,57.83442449999999,12.307294500000001,57.8344251661616,12.307294367067918,2.6500000000000004,2.5,2.5,0.6285906425697814,8,8,Reverse,74.9,3.9750000000000005,1
2582.29,57.834424000000006,12.307296833333332,57.8344245830808,12.307295600200625,2.6500000000000004,2.5,2.5,0.6608548824831706,8,8,Reverse,74.8,3.9750000000000005,1
2583.3,57.83442266666666,12.307298500000002,57.83442362487373,12.307297050100313,2.6500000000000004,2.5,2.5,0.7406117869901782,8,8,Reverse,75.1,3.9750000000000005,1
2584.29,57.83442566666666,12.307298166666666,57.8344246457702,12.30729760838349,2.6500000000000004,2.5,2.5,0.6166106814350213,8,8,Reverse,75.1,3.9750000000000005,1
2585.31,57.83442449999999,12.307300000000001,57.83442457288509,12.307298804191745,2.6500000000000004,2.5,2.5,0.5518711528809375,8,8,Reverse,75.2,3.9750000000000005,1
2586.3,57.83442433333333,12.307300166666668,57.834424453109214,12.307299485429207,2.6500000000000004,2.5,2.5,0.5209710034598601,8,8,Reverse,75.2,3.9750000000000005,1
2587.24,57.834423666666666,12.307299666666665,57.83442405988794,12.307299576047937,3.1,2.5,2.5,0.44749393750492006,7,7,Reverse,75.3,4.65,1
2588.3,57.83442466666667,12.3072975,57.83442436327731,12.307298538023968,3.1,2.5,2.5,0.3553083561668297,7,7,Reverse,75.2,4.65,1
2589.29,57.834425833333334,12.307299833333332,57.83442509830532,12.30729918567865,3.1,2.5,2.5,0.3271860649574514,7,7,Reverse,75.2,4.65,1
2590.29,57.834425499999995,12.307296666666666,57.834425299152656,12.307297926172659,3.1,2.5,2.5,0.2765962087752708,7,7,Reverse,75.0,4.65,1
2591.34,57.834424999999996,12.307293,57.834425149576326,12.307295463086328,3.1,2.5,2.5,0.3305522008702989,7,7,Reverse,75.0,4.65,1
2592.31,57.83442516666667,12.307293,57.8344251581215,12.307294231543164,3.1,2.5,2.5,0.39531978184629213,7,7,Reverse,75.0,4.65,1
2593.28,57.83442566666666,12.307292166666665,57.83442541239408,12.307293199104915,3.1,2.5,2.5,0.3782431301233441,7,7,Reverse,74.9,4.65,1
2594.3,57.834426833333325,12.307287833333332,57.834426122863704,12.307290516219123,3.1,2.5,2.5,0.31347619786197173,7,7,Reverse,74.6,4.65,1
2595.3,57.834427999999996,12.307290499999999,57.834427061431846,12.307290508109562,3.1,2.5,2.5,0.34289795333138523,7,7,Reverse,74.3,4.65,1
2596.26,57.834426833333325,12.307286166666666,57.83442694738259,12.307288337388114,3.1,2.5,2.5,0.40330717407390504,7,7,Reverse,74.0,4.65,1
2597.4,57.834426666666666,12.307286833333334,57.83442680702463,12.307287585360724,3.1,2.5,2.5,0.4108661006330141,7,7,Reverse,74.0,4.65,1
2598.27,57.834426833333325,12.307283833333335,57.834426820178976,12.30728570934703,3.1,2.5,2.5,0.3212758379713658,7,7,Reverse,73.9,4.65,1
2599.31,57.834427000000005,12.307285000000002,57.83442691008949,12.307285354673516,3.1,2.5,2.5,0.30109910870324685,7,7,Reverse,73.5,4.65,1
2600.28,57.834426666666666,12.307281,57.834426788378074,12.307283177336757,3.1,2.5,2.5,0.33318292565674623,7,7,Reverse,73.1,4.65,1
2601.33,57.834426666666666,12.307278166666666,57.83442672752237,12.307280672001712,3.1,2.5,2.5,0.4185884453034253,7,7,Reverse,72.7,4.65,1
2602.29,57.8344265,12.307274333333332,57.83442661376119,12.307277502667523,3.1,2.5,2.5,0.500921621655621,7,7,Reverse,72.8,4.65,1
2603.32,57.834426666666666,12.307273166666668,57.83442664021393,12.307275334667095,3.1,2.5,2.5,0.38200717718421184,7,7,Reverse,72.5,4.65,1
2604.27,57.834427166666664,12.30727133333333,57.834426903440296,12.307273334000213,3.1,2.5,2.5,0.3238389948193173,7,7,Reverse,72.2,4.65,1
2605.26,57.834427000000005,12.307273333333335,57.83442695172015,12.307273333666775,3.1,2.5,2.5,0.3682651719319286,7,7,Reverse,72.1,4.65,1
2606.27,57.83442616666666,12.307275833333332,57.8344265591934,12.307274583500053,2.6500000000000004,2.5,2.5,0.34339274227050304,8,8,Reverse,72.0,3.9750000000000005,1
2607.3,57.834426,12.307286166666666,57.834426279596705,12.307280375083359,3.1,2.5,2.5,0.4491374653347229,8,8,Reverse,71.8,4.65,1
2608.28,57.83442483333333,12.307295,57.834425556465014,12.30728768754168,2.6500000000000004,2.5,2.5,0.6169473227544031,8,8,Reverse,71.9,3.9750000000000005,1
2609.26,57.83442433333333,12.307291333333334,57.834424944899176,12.307289510437506,2.6500000000000004,2.5,2.5,0.5121844882272536,8,8,Reverse,72.0,3.9750000000000005,1
2610.31,57.834424166666665,12.307289500000001,57.83442455578292,12.307289505218755,2.6500000000000004,2.5,2.5,0.4259109680313215,8,8,Reverse,71.9,3.9750000000000005,1
2611.27,57.83442466666667,12.307289500000001,57.8344246112248,12.307289502609377,2.6500000000000004,2.5,2.5,0.38723933680458406,8,8,Reverse,71.9,3.9750000000000005,1
2612.29,57.834426,12.307291166666667,57.8344253056124,12.307290334638022,2.6500000000000004,2.5,2.5,0.38265207897714626,8,8,Reverse,71.6,3.9750000000000005,1
2613.24,57.834424999999996,12.307286833333334,57.8344251528062,12.30728858398568,3.1,2.5,2.5,0.3926586370460798,7,7,Reverse,71.3,4.65,1
2614.27,57.83442633333334,12.307292166666665,57.834425743069765,12.307290375326172,3.1,2.5,2.5,0.3168642249394706,7,7,Reverse,71.4,4.65,1
2615.25,57.83442733333333,12.307295666666668,57.83442653820155,12.30729302099642,3.1,2.5,2.5,0.3074657857578038,7,7,Reverse,71.3,4.65,1
2616.3,57.834427999999996,12.307305000000001,57.83442726910077,12.30729901049821,3.1,2.5,2.5,0.4610661725988698,7,7,Reverse,71.3,4.65,1
2617.29,57.834428333333335,12.307323666666665,57.83442780121705,12.307311338582437,3.1,2.5,2.5,0.8039175861882091,7,7,Reverse,71.1,4.65,1
2618.27,57.83442266666666,12.307328833333335,57.83442523394186,12.307320085957887,3.1,2.5,2.5,1.0436058068550103,7,7,Reverse,70.9,4.65,1
2619.27,57.83441833333333,12.307338666666665,57.834421783637595,12.307329376312275,3.1,2.5,2.5,1.2682492741252445,7,7,Reverse,70.9,4.65,1
2620.32,57.83441616666667,12.307344333333333,57.83441897515213,12.307336854822804,3.1,2.5,2.5,1.4117313794844046,7,7,Reverse,71.0,4.65,1
2621.34,57.83441966666666,12.307341166666667,57.8344193209094,12.307339010744736,6.475,2.5,2.5,1.2914691733192418,6,6,Reverse,71.2,9.712499999999999,1
2622.24,57.83442483333333,12.307327833333334,57.83442207712137,12.307333422039035,6.475,2.5,2.5,1.1331478747323889,6,6,Reverse,71.5,9.712499999999999,1
2623.25,57.834429,12.307335833333331,57.83442553856068,12.307334627686183,3.1,2.5,2.5,1.0685588317188126,7,7,Reverse,71.7,4.65,1
2624.29,57.834439833333334,12.307327166666669,57.83443268594701,12.307330897176426,3.1,2.5,2.5,1.2820281650094132,7,7,Reverse,71.9,4.65,1
2625.29,57.834436000000004,12.307321666666667,57.83443434297351,12.307326281921547,3.1,2.5,2.5,1.2974696493973732,7,7,Reverse,72.2,4.65,1
2626.28,57.83444083333334,12.307307166666666,57.83443758815342,12.307316724294106,3.1,2.5,2.5,1.237772951564768,7,7,Reverse,72.5,4.65,1
2627.28,57.834439,12.307317666666666,57.83443829407671,12.307317195480387,2.6500000000000004,2.5,2.5,1.0094398921514154,8,8,Reverse,72.5,3.9750000000000005,1
2628.27,57.83444066666666,12.307329166666667,57.834439480371685,12.307323181073526,3.125,2.5,2.5,0.8725393306082205,6,6,Reverse,72.9,4.6875,1
2629.29,57.83444066666666,12.307331833333334,57.834440073519175,12.30732750720343,3.125,2.5,2.5,0.7051830280036858,6,6,Reverse,73.3,4.6875,1
2630.25,57.83443933333333,12.307345166666668,57.83443970342625,12.30733633693505,3.125,2.5,2.5,0.6111048221186755,6,6,Reverse,73.6,4.6875,1
2631.27,57.834444166666664,12.307339666666667,57.834441935046456,12.307338001800858,3.125,2.5,2.5,0.5126898743091972,6,6,Reverse,73.9,4.6875,1
2632.34,57.83444783333333,12.307327500000001,57.83444488418989,12.30733275090043,2.7,2.5,2.5,0.527645818208609,7,7,Reverse,73.9,4.050000000000001,1
2633.34,57.834445499999994,12.307320166666667,57.83444519209495,12.307326458783548,2.7,2.5,2.5,0.6454313656283033,7,7,Reverse,73.8,4.050000000000001,1
2634.34,57.83444033333333,12.307322666666668,57.83444276271414,12.307324562725109,3.1,2.5,2.5,0.7643034217959441,7,7,Reverse,74.2,4.65,1
2635.29,57.834434333333334,12.3073215,57.83443854802373,12.307323031362554,3.1,2.5,2.5,1.0058626251354814,7,7,Reverse,74.7,4.65,1
2636.26,57.8344315,12.3073295,57.83443502401187,12.307326265681278,3.1,2.5,2.5,1.123408417551667,7,7,Reverse,75.1,4.65,1
2637.27,57.83442883333334,12.307333666666667,57.83443192867261,12.307329966173972,3.1,2.5,2.5,1.2250981681140984,7,7,Reverse,75.8,4.65,1
2638.28,57.83443049999999,12.307327666666668,57.8344312143363,12.30732881642032,3.1,2.5,2.5,1.2261769199769732,7,7,Reverse,76.4,4.65,1
2639.36,57.83443483333334,12.307325166666665,57.83443302383482,12.307326991543492,3.1,2.5,2.5,1.0913767004144321,7,7,Reverse,76.8,4.65,1
2640.34,57.834435,12.307335333333333,57.83443401191741,12.307331162438413,3.1,2.5,2.5,0.8487904347643889,7,7,Reverse,76.9,4.65,1
2641.27,57.834432500000005,12.307345999999999,57.83443325595871,12.307338581219206,2.6500000000000004,2.5,2.5,0.6562783462907281,8,8,Reverse,77.0,3.9750000000000005,1
2642.29,57.834432500000005,12.307356333333333,57.83443287797935,12.307347457276268,2.6500000000000004,2.5,2.5,0.6135147448919921,8,8,Reverse,77.1,3.9750000000000005,1
2643.25,57.834432500000005,12.307359,57.83443268898968,12.307353228638135,2.6500000000000004,2.5,2.5,0.5425313094058068,8,8,Reverse,77.6,3.9750000000000005,1
2644.3,57.834432166666666,12.307356666666665,57.834432427828176,12.3073549476524,2.6500000000000004,2.5,2.5,0.43063721177237574,8,8,Reverse,78.0,3.9750000000000005,1
2645.3,57.834431333333335,12.307356833333332,57.83443188058075,12.307355890492866,2.6500000000000004,2.5,2.5,0.32063228006130357,8,8,Reverse,78.1,3.9750000000000005,1
2646.24,57.834431166666675,12.307358166666665,57.834431523623714,12.307357028579766,2.6500000000000004,2.5,2.5,0.3509959641433201,8,8,Reverse,78.1,3.9750000000000005,1
2647.27,57.834430833333336,12.307351666666667,57.834431178478525,12.307354347623216,2.6500000000000004,2.5,2.5,0.2513953256387434,8,8,Reverse,78.1,3.9750000000000005,1
2648.34,57.834429833333324,12.307356666666665,57.83443050590593,12.30735550714494,2.6500000000000004,2.5,2.5,0.18169058162453244,8,8,Reverse,77.7,3.9750000000000005,1
2649.35,57.834429500000006,12.307364,57.83443000295296,12.30735975357247,2.6500000000000004,2.5,2.5,0.18859599049103368,8,8,Reverse,77.8,3.9750000000000005,1
2650.26,57.834427999999996,12.307362833333332,57.83442900147648,12.307361293452901,2.6500000000000004,2.5,2.5,0.24370881524877416,8,8,Reverse,78.0,3.9750000000000005,1
2651.29,57.8344265,12.307363666666667,57.83442775073824,12.307362480059785,2.6500000000000004,2.5,2.5,0.31808747688322325,8,8,Reverse,77.8,3.9750000000000005,1
2652.31,57.834424999999996,12.307359499999999,57.83442637536912,12.307360990029892,2.6500000000000004,2.5,2.5,0.255888902528223,8,8,Reverse,77.8,3.9750000000000005,1
2653.32,57.83442433333333,12.307357999999999,57.834425354351225,12.307359495014945,2.6500000000000004,2.5,2.5,0.2532357086414704,8,8,Reverse,77.6,3.9750000000000005,1
2654.25,57.834422833333335,12.307348999999999,57.83442409384228,12.307354247507472,2.6500000000000004,2.5,2.5,0.41046686104611485,8,8,Reverse,77.7,3.9750000000000005,1
2655.29,57.83442149999999,12.307343666666668,57.83442279692113,12.30734895708707,2.6500000000000004,2.5,2.5,0.4240488638036411,8,8,Reverse,77.5,3.9750000000000005,1
2656.27,57.83442016666666,12.307341000000001,57.834421481793896,12.307344978543535,2.6500000000000004,2.5,2.5,0.46112404294430187,8,8,Reverse,77.3,3.9750000000000005,1
2657.34,57.83441916666667,12.3073415,57.83442032423029,12.307343239271768,2.6500000000000004,2.5,2.5,0.4605928500994364,8,8,Reverse,77.3,3.9750000000000005,1
2658.31,57.83442183333333,12.307343500000002,57.83442107878181,12.307343369635884,2.6500000000000004,2.5,2.5,0.6804869701265819,8,8,Reverse,77.5,3.9750000000000005,1
2659.38,57.83442466666667,12.307355500000002,57.83442287272424,12.307349434817944,2.6500000000000004,2.5,2.5,0.8147023567740281,8,8,Reverse,78.1,3.9750000000000005,1
2660.29,57.83443233333334,12.307364666666668,57.834427603028786,12.307357050742306,2.6500000000000004,2.5,2.5,1.189257203598122,8,8,Reverse,78.4,3.9750000000000005,1
2661.27,57.83443233333334,12.307360999999998,57.83442996818106,12.307359025371152,3.1,2.5,2.5,1.1880446569129428,7,7,Reverse,78.5,4.65,1
2662.27,57.834433833333335,12.307357833333333,57.8344319007572,12.307358429352242,6.5249999999999995,2.5,2.5,1.138962682024678,6,6,Reverse,78.5,9.7875,1
2663.25,57.83443183333334,12.307359333333332,57.83443186704527,12.307358881342788,6.5249999999999995,2.5,2.5,0.9989652364250585,6,6,Reverse,78.4,9.7875,1
2664.29,57.83442933333334,12.307379166666665,57.83443060018931,12.307369024004727,6.5249999999999995,2.5,2.5,1.3416936126135628,6,6,Reverse,78.2,9.7875,1
2665.28,57.83443033333333,12.3073815,57.83443046676132,12.307375262002363,6.5249999999999995,2.5,2.5,1.580801561996007,6,6,Reverse,78.2,9.7875,1
2666.26,57.834429666666665,12.307371833333331,57.83443006671399,12.307373547667847,6.5249999999999995,2.5,2.5,1.4765951363552263,6,6,Reverse,78.2,9.7875,1
2667.26,57.83443049999999,12.307359,57.83443028335699,12.307366273833923,3.1,2.5,2.5,1.266782956807355,7,7,Reverse,78.0,4.65,1
2668.32,57.834430000000005,12.307356333333333,57.834430141678496,12.307361303583628,3.1,2.5,2.5,1.0008803537874638,8,8,Reverse,77.7,4.65,1
2669.31,57.834426,12.307342000000002,57.83442807083925,12.307351651791816,3.1,2.5,2.5,0.9748625779528157,8,8,Reverse,77.7,4.65,1
2670.31,57.834429833333324,12.307335499999999,57.834428952086284,12.307343575895906,3.1,2.5,2.5,0.9509698734570189,8,8,Reverse,77.5,4.65,1
2671.26,57.83443533333334,12.307314833333331,57.834432142709815,12.30732920461462,3.1,2.5,2.5,1.159987325362125,7,7,Reverse,77.3,4.65,1
2672.3,57.834432500000005,12.307313833333334,57.83443232135491,12.307321518973977,3.125,2.5,2.5,1.0564387050588546,6,6,Reverse,76.9,4.6875,1
2673.28,57.834429666666665,12.307316666666669,57.83443099401079,12.307319092820322,3.1,2.5,2.5,0.9147133813423812,7,7,Reverse,76.8,4.65,1
2674.28,57.834429833333324,12.3073095,57.83443041367205,12.307314296410162,3.1,2.5,2.5,0.7590368265169949,7,7,Reverse,76.7,4.65,1
2675.31,57.834429500000006,12.307309000000002,57.83442995683603,12.307311648205081,3.1,2.5,2.5,0.6705093662445238,7,7,Reverse,76.7,4.65,1
2676.31,57.83442866666666,12.307303333333333,57.83442931175134,12.307307490769208,3.1,2.5,2.5,0.588575571330217,7,7,Reverse,76.4,4.65,1
2677.42,57.834427999999996,12.307302166666666,57.83442865587567,12.307304828717937,3.1,2.5,2.5,0.4660786937997483,7,7,Reverse,76.1,4.65,1
2678.27,57.834426833333325,12.307307500000002,57.8344277446045,12.30730616435897,3.225,2.5,2.5,0.42202283259625795,6,6,Reverse,75.9,4.8375,1
2679.34,57.834425499999995,12.307312000000001,57.834426622302246,12.307309082179485,3.1,2.5,2.5,0.46091965161684195,7,7,Reverse,76.1,4.65,1
2680.25,57.834427000000005,12.307302833333331,57.834426811151125,12.307305957756409,3.1,2.5,2.5,0.3755585543788428,7,7,Reverse,75.9,4.65,1
2681.27,57.834429500000006,12.307291000000001,57.834428155575566,12.307298478878204,2.6500000000000004,2.5,2.5,0.3360951703217013,8,8,Reverse,75.8,3.9750000000000005,1
2682.31,57.834430999999995,12.307274,57.83442957778778,12.307286239439103,2.75,2.5,2.5,0.30146497011175755,7,7,Reverse,75.2,4.125,1
2683.34,57.834431166666675,12.307276333333334,57.83443037222723,12.307281286386218,2.75,2.5,2.5,0.43372133161486437,7,7,Reverse,74.5,4.125,1
2684.38,57.83443066666667,12.307273666666667,57.83443051944695,12.307277476526442,2.75,2.5,2.5,0.4044527338109095,7,7,Reverse,74.4,4.125,1
2685.32,57.834431333333335,12.307265500000002,57.83443092639014,12.307271488263222,2.75,2.5,2.5,0.3217914984010415,7,7,Reverse,74.0,4.125,1
2686.27,57.83443183333334,12.307266833333331,57.83443137986174,12.307269160798278,2.75,2.5,2.5,0.3321835424800907,7,7,Reverse,73.6,4.125,1
2687.29,57.83443316666667,12.307255833333333,57.834432273264206,12.307262497065805,2.75,2.5,2.5,0.3314621691042175,7,7,Reverse,73.7,4.125,1
2688.28,57.834434166666675,12.307258166666667,57.83443321996544,12.307260331866235,2.75,2.5,2.5,0.24752621375800227,7,7,Reverse,73.4,4.125,1
2689.24,57.834434166666675,12.307248333333332,57.83443369331606,12.307254332599785,2.75,2.5,2.5,0.3787358844147797,7,7,Reverse,73.5,4.125,1
2690.3,57.834434166666675,12.3072435,57.83443392999137,12.307248916299892,2.75,2.5,2.5,0.5003937361687367,7,7,Reverse,73.2,4.125,1
2691.3,57.834433000000004,12.307252166666668,57.83443346499568,12.30725054148328,2.75,2.5,2.5,0.41164848837371015,7,7,Reverse,73.2,4.125,1
2692.31,57.83443283333333,12.307252000000002,57.83443314916451,12.307251270741641,2.75,2.5,2.5,0.3407669089654639,7,7,Reverse,73.3,4.125,1
2693.3,57.834432500000005,12.3072465,57.83443282458226,12.30724888537082,2.75,2.5,2.5,0.42189487852186747,7,7,Reverse,73.2,4.125,1
2694.3,57.83443333333333,12.307247166666665,57.834433078957794,12.307248026018742,2.75,2.5,2.5,0.46321683424015914,7,7,Reverse,73.0,4.125,1
2695.27,57.834434333333334,12.307249166666669,57.83443370614556,12.307248596342706,2.75,2.5,2.5,0.37063302416591254,7,7,Reverse,72.9,4.125,1
2696.3,57.834435166666665,12.307251166666667,57.83443443640611,12.307249881504687,2.75,2.5,2.5,0.3024739661712065,7,7,Reverse,72.9,4.125,1
2697.24,57.834435666666664,12.307257,57.83443505153639,12.307253440752342,2.6500000000000004,2.5,2.5,0.3689864752654101,8,8,Reverse,72.8,3.9750000000000005,1
2698.27,57.834436999999994,12.307254833333332,57.83443602576819,12.307254137042838,2.6500000000000004,2.5,2.5,0.46349315867722446,8,8,Reverse,72.9,3.9750000000000005,1
2699.3,57.834438166666665,12.307258833333332,57.83443709621743,12.307256485188084,2.6500000000000004,2.5,2.5,0.513691352062507,8,8,Reverse,72.9,3.9750000000000005,1
2700.3,57.834437333333334,12.307256666666667,57.834437214775384,12.307256575927376,2.6500000000000004,2.5,2.5,0.4518116171820242,8,8,Reverse,73.0,3.9750000000000005,1
2701.3,57.8344375,12.307255166666668,57.83443735738769,12.307255871297022,2.6500000000000004,2.5,2.5,0.4920148332175676,8,8,Reverse,72.8,3.9750000000000005,1
2702.29,57.834437333333334,12.307264666666667,57.83443734536051,12.307260268981844,2.6500000000000004,2.5,2.5,0.4285054311599987,8,8,Reverse,72.8,3.9750000000000005,1
2703.3,57.834436999999994,12.307261500000001,57.83443717268025,12.307260884490923,2.6500000000000004,2.5,2.5,0.4133050395539605,8,8,Reverse,72.9,3.9750000000000005,1
2704.29,57.83443616666667,12.307269333333332,57.83443666967346,12.307265108912128,2.6500000000000004,2.5,2.5,0.3655308007359038,8,8,Reverse,72.5,3.9750000000000005,1
2705.38,57.834435666666664,12.307272666666666,57.834436168170065,12.307268887789396,2.6500000000000004,2.5,2.5,0.3054730830428294,8,8,Reverse,72.7,3.9750000000000005,1
2706.38,57.834435166666665,12.307285333333335,57.83443566741836,12.307277110561365,2.6500000000000004,2.5,2.5,0.4405906655754011,8,8,Reverse,72.6,3.9750000000000005,1
2707.35,57.83443483333334,12.30729,57.834435250375854,12.307283555280684,2.6500000000000004,2.5,2.5,0.4443648706516491,8,8,Reverse,72.8,3.9750000000000005,1
2708.33,57.83443466666666,12.307292666666667,57.83443495852126,12.307288110973674,2.6500000000000004,2.5,2.5,0.4488574662917154,8,8,Reverse,73.0,3.9750000000000005,1
2709.31,57.834434166666675,12.307294833333334,57.83443456259396,12.307291472153505,2.6500000000000004,2.5,2.5,0.3978001825210824,8,8,Reverse,72.8,3.9750000000000005,1
2710.26,57.83443483333334,12.307294500000001,57.83443469796365,12.307292986076753,2.6500000000000004,2.5,2.5,0.4044715071183634,8,8,Reverse,72.7,3.9750000000000005,1
2711.26,57.834433833333335,12.307297833333333,57.8344342656485,12.307295409705043,2.6500000000000004,2.5,2.5,0.3840524230736375,8,8,Reverse,72.7,3.9750000000000005,1
2712.27,57.8344345,12.307297166666668,57.83443438282425,12.307296288185855,2.75,2.5,2.5,0.3436249386281296,7,7,Reverse,72.7,4.125,1
2713.33,57.834438,12.307297833333333,57.834436191412124,12.307297060759595,2.75,2.5,2.5,0.44902803134843383,7,7,Reverse,72.5,4.125,1
2714.33,57.834439,12.307296666666666,57.83443759570606,12.30729686371313,2.75,2.5,2.5,0.4765748783674773,7,7,Reverse,72.4,4.125,1
2715.31,57.834438500000005,12.307295500000002,57.834438047853034,12.307296181856566,2.75,2.5,2.5,0.3822813203414581,7,7,Reverse,72.2,4.125,1
2716.27,57.834438666666664,12.307294666666667,57.83443835725985,12.307295424261616,2.725,2.5,2.5,0.34839333053158406,7,7,Reverse,72.2,4.0875,1
2717.28,57.834438500000005,12.307294500000001,57.83443842862992,12.30729496213081,2.725,2.5,2.5,0.31317772926874005,7,7,Reverse,72.1,4.0875,1
2718.24,57.834438,12.307294333333335,57.834438214314964,12.307294647732071,2.725,2.5,2.5,0.23241783173464672,7,7,Reverse,72.2,4.0875,1
2719.3,57.834438,12.307294333333335,57.83443810715748,12.307294490532703,2.725,2.5,2.5,0.21021630778102585,7,7,Reverse,72.2,4.0875,1
2720.26,57.83443783333334,12.307294333333335,57.83443797024541,12.30729441193302,2.725,2.5,2.5,0.16357175438507876,7,7,Reverse,72.2,4.0875,1
2721.32,57.83443966666667,12.307294000000002,57.834438818456036,12.30729420596651,2.725,2.5,2.5,0.2616250471238001,7,7,Reverse,72.3,4.0875,1
2722.27,57.8344405,12.307292666666667,57.83443965922802,12.30729343631659,2.725,2.5,2.5,0.33845691828756785,7,7,Reverse,72.4,4.0875,1
2723.27,57.83443583333333,12.30729383333333,57.83443774628068,12.30729363482496,2.725,2.5,2.5,0.4077330419223931,7,7,Reverse,72.4,4.0875,1
2724.26,57.83443533333334,12.307295500000002,57.83443653980701,12.30729456741248,2.6750000000000003,2.5,2.5,0.441989427876833,8,8,Reverse,72.1,4.0125,1
2725.3,57.834437333333334,12.307297000000002,57.83443693657017,12.307295783706241,2.6750000000000003,2.5,2.5,0.41764443663933604,8,8,Reverse,72.0,4.0125,1
2726.3,57.834435166666665,12.307299,57.83443605161842,12.30729739185312,2.725,2.5,2.5,0.4432554808219723,7,7,Reverse,72.2,4.0875,1
2727.3,57.83443483333334,12.307298500000002,57.83443544247588,12.307297945926562,2.725,2.5,2.5,0.43748023201831493,7,7,Reverse,72.3,4.0875,1
2728.31,57.83443333333333,12.307297333333334,57.8344343879046,12.307297639629947,2.6750000000000003,2.5,2.5,0.47443071592490793,8,8,Reverse,72.2,4.0125,1
2729.24,57.83443049999999,12.307299,57.834432443952295,12.307298319814974,2.9499999999999997,2.5,2.5,0.6166272995804501,7,7,Reverse,72.0,4.425,1
2730.24,57.834432166666666,12.307301166666665,57.834432305309484,12.30729974324082,3.175,2.5,2.5,0.5350232259054679,6,6,Reverse,72.1,4.762499999999999,1
2731.26,57.83443333333333,12.3073005,57.83443281932141,12.30730012162041,2.725,2.5,2.5,0.47075826986013747,7,7,Reverse,72.2,4.0875,1
2732.24,57.83443316666667,12.307299166666667,57.83443299299404,12.307299644143539,2.725,2.5,2.5,0.4651062650447419,7,7,Reverse,72.4,4.0875,1
2733.23,57.834439999999994,12.3072975,57.83443649649701,12.307298572071769,2.725,2.5,2.5,0.48683887244687074,7,7,Reverse,72.6,4.0875,1
2734.25,57.8344405,12.307305833333333,57.83443849824851,12.307302202702552,2.725,2.5,2.5,0.524971246813602,7,7,Reverse,72.8,4.0875,1
2735.25,57.83444299999999,12.307305833333333,57.83444074912425,12.307304018017941,2.725,2.5,2.5,0.5079159871866593,7,7,Reverse,72.8,4.0875,1
2736.26,57.8344465,12.307302833333331,57.83444362456213,12.307303425675636,2.6750000000000003,2.5,2.5,0.6048831378852472,8,8,Reverse,72.6,4.0125,1
2737.27,57.83444533333333,12.307304166666665,57.834444478947724,12.307303796171151,2.6750000000000003,2.5,2.5,0.5465480077393987,8,8,Reverse,72.6,4.0125,1
2738.25,57.834445833333334,12.3073055,57.83444515614053,12.307304648085575,2.6750000000000003,2.5,2.5,0.5349036213873136,8,8,Reverse,72.6,4.0125,1
2739.28,57.834445499999994,12.307308666666666,57.83444532807026,12.30730665737612,2.6750000000000003,2.5,2.5,0.5138789742596771,8,8,Reverse,72.7,4.0125,1
2740.27,57.8344435,12.307312999999999,57.83444441403513,12.30730982868806,2.6750000000000003,2.5,2.5,0.4931712494466042,8,8,Reverse,72.8,4.0125,1
2741.28,57.834442499999994,12.307312333333334,57.834443457017564,12.307311081010697,2.6750000000000003,2.5,2.5,0.46416897510313265,8,8,Reverse,73.1,4.0125,1
2742.37,57.834439999999994,12.307310500000002,57.83444172850878,12.30731079050535,2.6750000000000003,2.5,2.5,0.5466450182441763,8,8,Reverse,73.2,4.0125,1
2743.3,57.834441166666664,12.307311,57.83444144758772,12.307310895252675,2.6750000000000003,2.5,2.5,0.5317686341080932,8,8,Reverse,73.4,4.0125,1
2744.27,57.83443933333333,12.307307333333332,57.83444039046052,12.307309114293004,2.6750000000000003,2.5,2.5,0.6674347140440077,8,8,Reverse,73.8,4.0125,1
2745.33,57.83443483333334,12.307301666666667,57.83443761189693,12.307305390479835,2.6750000000000003,2.5,2.5,1.0242841369209366,8,8,Reverse,73.8,4.0125,1
2746.3,57.8344345,12.307299833333332,57.834436055948466,12.307302611906584,2.725,2.5,2.5,0.9101238499412045,7,7,Reverse,73.8,4.0875,1
2747.27,57.834435166666665,12.307299,57.83443561130757,12.307300805953291,2.725,2.5,2.5,0.786973814899968,7,7,Reverse,73.8,4.0875,1
2748.3,57.83444183333333,12.307305333333334,57.83443872232045,12.307303069643313,2.725,2.5,2.5,1.120878145528817,7,7,Reverse,74.2,4.0875,1
2749.27,57.834438166666665,12.307298166666666,57.83443844449356,12.30730061815499,2.725,2.5,2.5,1.1346780227941917,7,7,Reverse,74.3,4.0875,1
2750.27,57.83444299999999,12.307299166666667,57.834440722246775,12.307299892410828,2.725,2.5,2.5,1.1965115596811766,7,7,Reverse,74.2,4.0875,1
2751.3,57.834444166666664,12.307300833333333,57.83444244445672,12.30730036287208,2.725,2.5,2.5,1.0954782911776686,7,7,Reverse,74.0,4.0875,1
2752.25,57.83444233333333,12.307304166666665,57.83444238889502,12.307302264769373,2.725,2.5,2.5,1.196481430862007,7,7,Reverse,74.2,4.0875,1
2753.29,57.834439,12.307304833333335,57.834440694447515,12.307303549051353,2.725,2.5,2.5,1.173283649703598,7,7,Reverse,74.6,4.0875,1
2754.25,57.83443783333334,12.307303333333333,57.834439263890424,12.307303441192344,2.725,2.5,2.5,1.049283184260532,7,7,Reverse,74.9,4.0875,1
2755.24,57.834439,12.307305166666668,57.83443913194522,12.307304303929506,2.725,2.5,2.5,0.9882031096636146,7,7,Reverse,75.2,4.0875,1
2756.31,57.83444133333334,12.307306666666667,57.834440232639274,12.307305485298086,2.725,2.5,2.5,0.9711221847797993,7,7,Reverse,75.3,4.0875,1
2757.23,57.834440166666674,12.307305166666668,57.834440199652974,12.307305325982377,2.725,2.5,2.5,0.8481085980581726,7,7,Reverse,75.2,4.0875,1
2758.27,57.834438,12.307304666666669,57.83443909982649,12.307304996324524,3.1,2.5,2.5,0.8960789126516193,6,6,Reverse,75.4,4.65,1
2759.26,57.834442,12.307308833333332,57.834440549913246,12.307306914828928,3.1,2.5,2.5,1.0863450182859062,6,6,Reverse,75.6,4.65,1
2760.28,57.83444366666666,12.307312166666668,57.83444210828995,12.307309540747797,3.1,2.5,2.5,1.1347990125554073,6,6,Reverse,75.6,4.65,1
2761.33,57.834440166666674,12.3073085,57.834441137478315,12.307309020373898,3.1,2.5,2.5,1.1046065079526712,6,6,Reverse,75.7,4.65,1
2762.29,57.8344375,12.307301833333334,57.83443931873916,12.307305426853617,3.1,2.5,2.5,1.1387392425264524,6,6,Reverse,75.8,4.65,1
2763.26,57.834438166666665,12.307303666666666,57.83443874270291,12.307304546760141,3.1,2.5,2.5,0.9385796172972473,6,6,Reverse,75.5,4.65,1
2764.27,57.834436000000004,12.307304666666669,57.834437371351456,12.307304606713405,2.725,2.5,2.5,0.8341652809930393,7,7,Reverse,75.4,4.0875,1
2765.25,57.83443783333334,12.307306000000002,57.8344376023424,12.307305303356703,2.725,2.5,2.5,0.6757182337010404,7,7,Reverse,75.9,4.0875,1
2766.27,57.83443766666666,12.3073095,57.83443763450453,12.307307401678353,2.75,2.5,2.5,0.603901174743783,7,7,Reverse,75.9,4.125,1
2767.25,57.834438166666665,12.307309333333334,57.8344379005856,12.307308367505843,2.75,2.5,2.5,0.534411661196805,7,7,Reverse,76.1,4.125,1
2768.27,57.834437333333334,12.307311333333333,57.83443761695946,12.307309850419587,2.75,2.5,2.5,0.4731840808058129,7,7,Reverse,75.7,4.125,1
2769.24,57.8344375,12.307315999999998,57.834437558479735,12.307312925209793,2.6750000000000003,2.5,2.5,0.4028320151233042,8,8,Reverse,75.9,4.0125,1
2770.24,57.834438,12.307312166666668,57.83443777923986,12.307312545938231,2.6750000000000003,2.5,2.5,0.45006652626807464,8,8,Reverse,76.7,4.0125,1
2771.24,57.834438,12.307310666666668,57.834437889619934,12.307311606302449,2.6750000000000003,2.5,2.5,0.5151102836753672,8,8,Reverse,76.3,4.0125,1
2772.24,57.834436000000004,12.307307500000002,57.834436944809966,12.307309553151226,2.6750000000000003,2.5,2.5,0.49952630463262115,8,8,Reverse,76.9,4.0125,1
2773.24,57.83443583333333,12.3073035,57.83443638907165,12.307306526575612,2.6750000000000003,2.5,2.5,0.44534302442962326,8,8,Reverse,77.3,4.0125,1
2774.25,57.834435,12.307300666666666,57.83443569453583,12.30730359662114,2.6750000000000003,2.5,2.5,0.3783901962474435,8,8,Reverse,77.0,4.0125,1
2775.24,57.83443616666667,12.307294500000001,57.834435930601245,12.30729904831057,2.9749999999999996,2.5,2.5,0.3920925909576106,7,7,Reverse,76.4,4.4624999999999995,1
2776.24,57.834432666666665,12.307298166666666,57.83443429863396,12.307298607488619,2.9749999999999996,2.5,2.5,0.3905844967512004,7,7,Reverse,75.4,4.4624999999999995,1
2777.31,57.834429500000006,12.3072975,57.83443189931698,12.30729805374431,2.9749999999999996,2.5,2.5,0.4498199374915265,7,7,Reverse,76.1,4.4624999999999995,1
2778.34,57.834429666666665,12.307294833333334,57.834430782991824,12.30729644353882,2.9749999999999996,2.5,2.5,0.4069251117719763,7,7,Reverse,75.9,4.4624999999999995,1
2779.24,57.83443049999999,12.307295166666666,57.834430641495906,12.307295805102743,2.9749999999999996,2.5,2.5,0.3660061812196033,7,7,Reverse,75.7,4.4624999999999995,1
2780.25,57.83443066666667,12.307293499999998,57.83443065408129,12.307294652551372,2.9749999999999996,2.5,2.5,0.3253074313705304,7,7,Reverse,75.3,4.4624999999999995,1
2781.31,57.834427999999996,12.307282666666667,57.83442932704064,12.30728865960902,2.9749999999999996,2.5,2.5,0.32514407936624123,7,7,Reverse,75.1,4.4624999999999995,1
2782.27,57.83442466666667,12.307274,57.83442699685366,12.307281329804509,2.6750000000000003,2.5,2.5,0.3666865890218624,8,8,Reverse,73.7,4.0125,1
2783.26,57.83442183333333,12.307267666666666,57.834424415093494,12.307274498235588,2.6750000000000003,2.5,2.5,0.36872888995312714,8,8,Reverse,72.8,4.0125,1
2784.3,57.83442,12.307267166666668,57.834422207546744,12.307270832451128,2.6750000000000003,2.5,2.5,0.29476533698761,8,8,Reverse,72.0,4.0125,1
2785.29,57.834419,12.307263333333333,57.834420603773374,12.307267082892231,2.6750000000000003,2.5,2.5,0.268563461276398,8,8,Reverse,72.0,4.0125,1
2786.25,57.834419,12.307265666666668,57.83441980188668,12.307266374779449,2.6750000000000003,2.5,2.5,0.2707233210582334,8,8,Reverse,71.6,4.0125,1
2787.24,57.834419,12.307265666666668,57.83441940094334,12.307266020723059,2.6750000000000003,2.5,2.5,0.2914955775608273,8,8,Reverse,72.1,4.0125,1
2788.31,57.83441916666667,12.307265333333332,57.834419283805005,12.307265677028195,2.6750000000000003,2.5,2.5,0.266499419711723,8,8,Reverse,72.2,4.0125,1
2789.25,57.83441849999999,12.307266333333333,57.8344188919025,12.307266005180765,2.6750000000000003,2.5,2.5,0.20664734751496344,8,8,Reverse,72.0,4.0125,1
2790.28,57.83441766666667,12.307266666666665,57.834418279284584,12.307266335923714,2.6750000000000003,2.5,2.5,0.16771257935472728,8,8,Reverse,72.2,4.0125,1
2791.24,57.83442066666667,12.307266,57.834419472975625,12.307266167961858,2.6750000000000003,2.5,2.5,0.2696485314708956,8,8,Reverse,72.4,4.0125,1
2792.27,57.83442466666667,12.307265166666665,57.834422069821144,12.307265667314262,2.6750000000000003,2.5,2.5,0.5012175033370971,8,8,Reverse,72.3,4.0125,1
2793.25,57.83443283333333,12.307258166666667,57.83442745157724,12.307261916990464,2.6750000000000003,2.5,2.5,0.8856765093267731,8,8,Reverse,71.4,4.0125,1
2794.26,57.834435666666664,12.307253166666666,57.83443155912195,12.307257541828564,2.6750000000000003,2.5,2.5,1.1101592190825513,8,8,Reverse,69.9,4.0125,1
2795.29,57.83443583333333,12.307253166666666,57.83443369622764,12.307255354247616,2.9499999999999997,2.5,2.5,1.108182629847898,7,7,Reverse,69.3,4.425,1
2796.3,57.83444383333334,12.307252333333334,57.83443876478049,12.307253843790475,2.9499999999999997,2.5,2.5,1.246883082111902,7,7,Reverse,68.9,4.425,1
2797.33,57.83445016666666,12.307249500000001,57.83444446572358,12.307251671895237,2.6750000000000003,2.5,2.5,1.3856786500253948,8,8,Reverse,67.9,4.0125,1
2798.28,57.8344465,12.307244166666665,57.83444548286179,12.307247919280952,2.6750000000000003,2.5,2.5,1.208242298991352,8,8,Reverse,67.6,4.0125,1
2799.27,57.83444033333333,12.307232666666668,57.83444290809756,12.307240292973809,2.6750000000000003,2.5,2.5,1.2888241359452293,8,8,Reverse,66.6,4.0125,1
2800.26,57.83444766666666,12.307221166666666,57.83444528738211,12.307230729820239,2.6750000000000003,2.5,2.5,1.4690848981574045,8,8,Reverse,66.5,4.0125,1
2801.55,57.834444500000004,12.307216333333335,57.83444489369106,12.307223531576787,2.6750000000000003,2.5,2.5,1.445089193905073,8,8,Reverse,66.4,4.0125,1
2802.33,57.83445516666667,12.307210666666666,57.834450030178864,12.307217099121726,2.6750000000000003,2.5,2.5,1.4519519558983995,8,8,Reverse,65.2,4.0125,1
2803.24,57.83444483333333,12.307204833333333,57.8344474317561,12.30721096622753,2.6750000000000003,2.5,2.5,1.2897320831419083,8,8,Reverse,63.9,4.0125,1
2804.3,57.83444883333333,12.307195000000002,57.834448132544715,12.307202983113767,3.075,2.5,2.5,1.2749804689515356,6,6,Reverse,63.1,4.612500000000001,1
2805.32,57.83444833333333,12.307184500000002,57.834448232939025,12.307193741556883,3.075,2.5,2.5,1.3472474773197316,6,6,Reverse,62.7,4.612500000000001,1
2806.29,57.83446633333333,12.307184666666668,57.834457283136175,12.307189204111776,2.9499999999999997,2.5,2.5,1.7353735774032144,7,7,Reverse,62.0,4.425,1
2807.3,57.83446233333334,12.307178166666665,57.83445980823476,12.307183685389221,2.9499999999999997,2.5,2.5,1.8086338519443605,7,7,Reverse,61.0,4.425,1
2808.26,57.83445766666667,12.307182333333333,57.83445873745072,12.307183009361276,3.325,2.5,2.5,1.638087601789393,6,6,Reverse,60.5,4.987500000000001,1
2809.27,57.83445766666667,12.3071825,57.83445820205869,12.307182754680639,3.325,2.5,2.5,1.5034931164339036,6,6,Reverse,59.6,4.987500000000001,1
2810.24,57.83445749999999,12.307184,57.83445785102934,12.30718337734032,3.325,2.5,2.5,1.39037911039621,6,6,Reverse,58.9,4.987500000000001,1
2811.24,57.83446083333333,12.307195166666668,57.83445934218134,12.307189272003493,3.325,2.5,2.5,1.5125022851032948,6,6,Reverse,58.5,4.987500000000001,1
2812.29,57.834470333333336,12.307198000000001,57.83446483775734,12.307193636001747,2.9499999999999997,2.5,2.5,1.7332664765911991,7,7,Reverse,58.1,4.425,1
2813.27,57.834474500000006,12.307192166666669,57.83446966887867,12.307192901334208,2.9499999999999997,2.5,2.5,1.6672403931361055,7,7,Reverse,58.1,4.425,1
2814.27,57.83448033333334,12.307192000000002,57.83447500110601,12.307192450667106,2.6750000000000003,2.5,2.5,1.568574703522346,8,8,Reverse,56.6,4.0125,1
2815.34,57.834481999999994,12.307193666666668,57.834478500553,12.307193058666886,2.6750000000000003,2.5,2.5,1.4291095298936685,8,8,Reverse,55.0,4.0125,1
2816.26,57.83448133333333,12.307196500000002,57.83447991694317,12.307194779333445,2.6750000000000003,2.5,2.5,1.4198918209951774,8,8,Reverse,53.8,4.0125,1
2817.31,57.83447683333334,12.307196,57.834478375138254,12.307195389666722,2.6750000000000003,2.5,2.5,1.5285351599455859,8,8,Reverse,52.3,4.0125,1
2818.36,57.83448116666667,12.307199166666665,57.83447977090246,12.307197278166694,2.6750000000000003,2.5,2.5,1.571690701540906,8,8,Reverse,50.4,4.0125,1
2819.28,57.83448283333334,12.307198333333334,57.8344813021179,12.307197805750013,2.6750000000000003,2.5,2.5,1.5469412823426805,8,8,Reverse,49.2,4.0125,1
2820.27,57.83448033333334,12.307193666666668,57.83448081772562,12.30719573620834,2.6750000000000003,2.5,2.5,1.548031384944218,8,8,Reverse,47.9,4.0125,1
2821.27,57.834475999999995,12.307184833333334,57.83447840886281,12.307190284770838,2.6750000000000003,2.5,2.5,1.6387340263458683,8,8,Reverse,46.7,4.0125,1
2822.24,57.83447983333334,12.307184333333332,57.83447912109807,12.307187309052084,2.6750000000000003,2.5,2.5,1.471860831144478,8,8,Reverse,45.6,4.0125,1
2823.3,57.834474666666665,12.307180666666666,57.83447689388237,12.307183987859375,2.6750000000000003,2.5,2.5,1.5082457163326977,8,8,Reverse,44.0,4.0125,1
2824.28,57.83446383333333,12.307173666666666,57.83447036360785,12.307178827263021,2.6750000000000003,2.5,2.5,1.7898047759083495,8,8,Reverse,42.5,4.0125,1
2825.28,57.834468833333325,12.307176,57.83446959847059,12.30717741363151,2.6750000000000003,2.5,2.5,1.7433620980368723,8,8,Reverse,40.8,4.0125,1
2826.27,57.83446633333333,12.307165833333332,57.83446796590196,12.307171623482422,2.9749999999999996,2.5,2.5,1.648238177653549,7,7,Reverse,39.7,4.4624999999999995,1
2827.23,57.834462,12.307165833333332,57.83446498295098,12.307168728407877,2.9749999999999996,2.5,2.5,1.636671127774969,7,7,Reverse,38.4,4.4624999999999995,1
2828.33,57.83446649999999,12.307165666666666,57.83446574147548,12.307167197537272,2.9749999999999996,2.5,2.5,1.4282902918571612,7,7,Reverse,37.5,4.4624999999999995,1
2829.33,57.83446666666667,12.307163666666668,57.83446620407108,12.30716543210197,2.9749999999999996,2.5,2.5,1.295074217370276,7,7,Reverse,37.5,4.4624999999999995,1
2830.28,57.83446666666667,12.307174999999999,57.834466435368874,12.307170216050984,2.9749999999999996,2.5,2.5,1.1069142777762435,7,7,Reverse,37.4,4.4624999999999995,1
2831.24,57.83447249999999,12.307172333333332,57.834469467684436,12.307171274692157,2.9749999999999996,2.5,2.5,0.9946730185405185,7,7,Reverse,37.6,4.4624999999999995,1
2832.28,57.834468,12.307172333333332,57.834468733842215,12.307171804012745,2.9749999999999996,2.5,2.5,0.9554854986637821,7,7,Reverse,38.2,4.4624999999999995,1
2833.27,57.8344685,12.307174000000002,57.83446861692111,12.307172902006373,2.9749999999999996,2.5,2.5,0.9455634555625606,7,7,Reverse,38.5,4.4624999999999995,1
2834.32,57.83446766666666,12.307176666666665,57.834468141793884,12.30717478433652,2.9749999999999996,2.5,2.5,0.8892817255503704,7,7,Reverse,39.4,4.4624999999999995,1
2835.34,57.83446516666666,12.3071825,57.834466654230276,12.30717864216826,2.9749999999999996,2.5,2.5,0.8428066263706878,7,7,Reverse,40.0,4.4624999999999995,1
2836.29,57.834458833333336,12.307188833333331,57.834462743781806,12.307183737750796,2.9749999999999996,2.5,2.5,0.9542571944606075,7,7,Reverse,41.0,4.4624999999999995,1
2837.32,57.83445266666666,12.307196,57.83445770522423,12.307189868875398,3.225,2.5,2.5,1.1934610349182155,6,6,Reverse,41.8,4.8375,1
2838.28,57.834445833333334,12.307202333333331,57.83445176927878,12.307196101104363,2.9749999999999996,2.5,2.5,1.4660434250958936,7,7,Reverse,42.8,4.4624999999999995,1
2839.27,57.83444266666667,12.307207333333334,57.83444721797272,12.307201717218849,2.9749999999999996,2.5,2.5,1.5359155542239245,7,7,Reverse,43.3,4.4624999999999995,1
2840.25,57.834442499999994,12.307207000000002,57.83444485898636,12.307204358609425,2.9749999999999996,2.5,2.5,1.4844614508215725,7,7,Reverse,44.2,4.4624999999999995,1
2841.3,57.8344475,12.307207666666667,57.834446179493185,12.307206012638046,3.25,2.5,2.5,1.2113051125289376,6,6,Reverse,44.2,4.875,1
2842.27,57.8344505,12.307210833333333,57.834448339746594,12.30720842298569,3.25,2.5,2.5,0.9813171259528715,6,6,Reverse,44.2,4.875,1
2843.27,57.83445233333334,12.307226166666664,57.834450336539966,12.307217294826177,3.25,2.5,2.5,1.0270930215141398,6,6,Reverse,44.4,4.875,1
2844.35,57.8344525,12.307233166666666,57.83445141826998,12.307225230746422,3.25,2.5,2.5,0.9784538436223212,6,6,Reverse,44.9,4.875,1
2845.29,57.83445266666666,12.307243166666668,57.83445204246832,12.307234198706544,3.25,2.5,2.5,0.8751125453744321,6,6,Reverse,45.2,4.875,1
2846.34,57.83445266666666,12.307250833333335,57.83445235456749,12.30724251601994,2.9749999999999996,2.5,2.5,0.7703584061866321,7,7,Reverse,46.9,4.4624999999999995,1
2847.29,57.83444933333333,12.307260833333332,57.83445084395041,12.307251674676635,2.9749999999999996,2.5,2.5,0.7716932343115874,7,7,Reverse,47.6,4.4624999999999995,1
2848.27,57.83444866666667,12.307272833333332,57.83444975530854,12.307262254004984,2.9749999999999996,2.5,2.5,0.8101532220930459,7,7,Reverse,49.4,4.4624999999999995,1
2849.31,57.8344495,12.307283333333332,57.834449627654266,12.307272793669158,2.9749999999999996,2.5,2.5,0.7996985671794014,7,7,Reverse,51.0,4.4624999999999995,1
2850.27,57.83445433333333,12.307288666666667,57.8344519804938,12.307280730167912,2.6750000000000003,2.5,2.5,0.604122388725363,8,8,Reverse,53.1,4.0125,1
2851.29,57.83445033333334,12.3072885,57.83445115691357,12.307284615083956,2.6750000000000003,2.5,2.5,0.747915038997262,8,8,Reverse,54.7,4.0125,1
2852.29,57.83445583333334,12.307290333333333,57.834453495123455,12.307287474208644,2.6750000000000003,2.5,2.5,0.6038157459226815,8,8,Reverse,56.0,4.0125,1
2853.33,57.83445483333333,12.307292666666667,57.83445416422839,12.307290070437656,2.6750000000000003,2.5,2.5,0.4454450720962775,8,8,Reverse,55.7,4.0125,1
2854.27,57.83445933333334,12.307292666666667,57.834456748780866,12.307291368552162,2.6750000000000003,2.5,2.5,0.49100794533100356,8,8,Reverse,56.3,4.0125,1
2855.26,57.83446133333334,12.307291333333334,57.8344590410571,12.307291350942748,2.6750000000000003,2.5,2.5,0.521723307962919,8,8,Reverse,57.1,4.0125,1
2856.38,57.834463166666666,12.307291333333334,57.834461103861884,12.30729134213804,4.025,2.5,2.5,0.5576898372378101,6,6,Reverse,57.4,6.0375000000000005,1
2857.35,57.834465,12.307291000000001,57.834463051930946,12.307291171069021,5.475,2.5,2.5,0.6067086997209545,5,5,Reverse,58.1,8.212499999999999,1
2858.27,57.834463166666666,12.307278666666665,57.8344631092988,12.307284918867843,5.475,2.5,2.5,0.7411123381906841,5,5,Reverse,58.4,8.212499999999999,1
2859.27,57.834466000000006,12.307277666666668,57.83446455464941,12.307281292767255,5.475,2.5,2.5,0.8257656902099708,5,5,Reverse,58.9,8.212499999999999,1
2860.29,57.834466166666665,12.307282666666667,57.83446536065804,12.307281979716961,5.475,2.5,2.5,0.7761332213530135,5,5,Reverse,59.9,8.212499999999999,1
2861.24,57.834464833333335,12.307279000000001,57.834465096995686,12.307280489858481,5.475,2.5,2.5,0.7686989992609653,5,5,Reverse,60.6,8.212499999999999,1
2862.27,57.83446716666667,12.307278499999999,57.83446613183118,12.30727949492924,5.475,2.5,2.5,0.7717545719629076,5,5,Reverse,61.2,8.212499999999999,1
2863.34,57.8344625,12.307283666666669,57.83446431591559,12.307281580797953,5.475,2.5,2.5,0.6632323851071228,5,5,Reverse,61.9,8.212499999999999,1
2864.34,57.83446349999999,12.307282333333335,57.83446390795779,12.307281957065644,5.5,2.5,2.5,0.6218467299920701,5,5,Reverse,62.7,8.25,1
2865.29,57.8344595,12.307289166666665,57.834461703978896,12.307285561866156,5.5,2.5,2.5,0.49816545173059656,5,5,Reverse,63.4,8.25,1
2866.27,57.83444899999999,12.307295,57.83445535198944,12.307290280933078,5.5,2.5,2.5,0.5363342312814243,5,5,Reverse,64.2,8.25,1
2867.36,57.83444066666666,12.307300833333333,57.83444800932805,12.307295557133205,5.5,2.5,2.5,0.6874403687883426,5,5,Reverse,64.9,8.25,1
2868.28,57.83442933333334,12.3073155,57.834438671330695,12.307305528566602,5.5,2.5,2.5,1.0748179007706975,5,5,Reverse,65.6,8.25,1
2869.23,57.83440516666666,12.307329333333334,57.83442191899868,12.307317430949968,5.5,2.5,2.5,1.7356537423286782,5,5,Reverse,66.4,8.25,1
2870.27,57.834417,12.307326833333331,57.834419459499344,12.30732213214165,5.5,2.5,2.5,1.8753139927626368,5,5,Reverse,67.4,8.25,1
2871.32,57.8344055,12.3073305,57.83441247974967,12.307326316070824,3.225,2.5,2.5,2.1283887402009327,6,6,Reverse,69.0,4.8375,1
2872.34,57.83440399999999,12.3073335,57.83440823987483,12.307329908035413,3.225,2.5,2.5,2.3447441931988005,6,6,Reverse,69.6,4.8375,1
2873.29,57.83440349999999,12.3073295,57.83440586993741,12.307329704017706,3.225,2.5,2.5,2.405362998671813,6,6,Reverse,70.2,4.8375,1
2874.3,57.83439633333334,12.307324999999999,57.83440110163537,12.307327352008853,2.9749999999999996,2.5,2.5,2.463275673128918,7,7,Reverse,70.6,4.4624999999999995,1
2875.24,57.834381833333325,12.3073325,57.83439146748435,12.307329926004426,3.325,2.5,2.5,2.6970339362945186,6,6,Reverse,70.1,4.987500000000001,1
2876.43,57.834383499999994,12.307336166666667,57.83438748374217,12.307333046335547,3.325,2.5,2.5,2.657988514137558,6,6,Reverse,69.5,4.987500000000001,1
2877.28,57.834377499999995,12.307326333333332,57.83438249187108,12.30732968983444,10.4,2.5,2.5,2.6114169631041646,4,4,Reverse,69.5,15.600000000000001,1
2878.27,57.83437033333333,12.307314,57.83437641260221,12.307321844917219,10.4,2.5,2.5,2.529128277795866,4,4,Reverse,69.5,15.600000000000001,1
2879.27,57.8343665,12.307312999999999,57.834371456301106,12.30731742245861,5.85,2.5,2.5,2.42623673704159,3,3,Reverse,66.6,8.774999999999999,1
2880.29,57.83436216666667,12.307309333333334,57.83436681148389,12.307313377895971,5.85,2.5,2.5,2.4293751110937016,3,3,Reverse,66.5,8.774999999999999,1
2881.28,57.834365,12.3073055,57.83436590574194,12.307309438947986,9.525,2.5,2.5,2.2915116069755435,4,4,Reverse,66.2,14.287500000000001,1
2882.29,57.83435599999999,12.307298833333334,57.834360952870966,12.30730413614066,6.8999999999999995,2.5,2.5,2.3535649435876187,5,5,Reverse,65.9,10.35,1
2883.29,57.83436183333333,12.307293333333332,57.83436139310215,12.307298734736996,6.8999999999999995,2.5,2.5,2.219905469987093,5,5,Reverse,65.7,10.35,1
2884.38,57.83437300000001,12.307293333333332,57.83436719655108,12.307296034035165,4.1,2.5,2.5,1.8001033937218722,6,6,Reverse,65.4,6.1499999999999995,1
2885.27,57.834369,12.307290166666666,57.83436809827554,12.307293100350915,4.1,2.5,2.5,1.5958450079909252,6,6,Reverse,65.1,6.1499999999999995,1
2886.3,57.83437366666667,12.307289666666668,57.834370882471106,12.307291383508792,4.1,2.5,2.5,1.3581965935859153,6,6,Reverse,64.9,6.1499999999999995,1
2887.23,57.834371833333336,12.307289166666665,57.83437135790222,12.307290275087729,4.1,2.5,2.5,1.0574243244505324,6,6,Reverse,64.8,6.1499999999999995,1
2888.3,57.83436916666666,12.307289500000001,57.834370262284445,12.307289887543865,3.5,2.5,2.5,0.9496362224919728,6,6,Reverse,64.6,5.25,1
2889.29,57.834368833333336,12.307284333333333,57.83436954780889,12.3072871104386,3.075,2.5,2.5,0.8624498095778672,7,7,Reverse,64.5,4.612500000000001,1
2890.27,57.83437516666666,12.307282666666667,57.834372357237775,12.307284888552633,3.075,2.5,2.5,0.68242113099533,7,7,Reverse,64.3,4.612500000000001,1
2891.37,57.834383166666676,12.307281666666665,57.834377761952226,12.307283277609649,3.075,2.5,2.5,0.680863411464493,7,7,Reverse,64.4,4.612500000000001,1
2892.32,57.834387166666666,12.307281333333332,57.83438246430944,12.30728230547149,3.075,2.5,2.5,0.6457651280842946,7,7,Reverse,64.4,4.612500000000001,1
2893.29,57.834388000000004,12.307281499999998,57.83438523215472,12.307281902735744,3.1,2.5,2.5,0.47271695263524416,6,6,Reverse,64.5,4.65,1
2894.28,57.834393500000004,12.307279166666667,57.83438936607737,12.307280534701206,3.1,2.5,2.5,0.40777124673699733,6,6,Reverse,64.6,4.65,1
2895.27,57.834394999999994,12.307279999999999,57.83439218303868,12.307280267350603,3.1,2.5,2.5,0.2771300694746304,6,6,Reverse,64.8,4.65,1
2896.27,57.83439666666666,12.307279999999999,57.83439442485267,12.3072801336753,3.075,2.5,2.5,0.29595382957805405,7,7,Reverse,64.9,4.612500000000001,1
2897.27,57.8343995,12.307280333333331,57.83439696242634,12.307280233504315,3.075,2.5,2.5,0.22982439317642586,7,7,Reverse,65.0,4.612500000000001,1
2898.27,57.83440333333333,12.307280166666665,57.83440014787983,12.30728020008549,3.075,2.5,2.5,0.1638715065722672,7,7,Reverse,65.2,4.612500000000001,1
2899.27,57.83440616666667,12.307281,57.83440315727325,12.307280600042745,3.075,2.5,2.5,0.1848570484847939,7,7,Reverse,65.5,4.612500000000001,1
2900.28,57.83440883333333,12.307281,57.834405995303285,12.307280800021372,3.075,2.5,2.5,0.1288007240739375,7,7,Reverse,65.7,4.612500000000001,1
2901.27,57.83441066666666,12.307281,57.83440833098498,12.307280900010687,3.075,2.5,2.5,0.14583393389850027,7,7,Reverse,65.9,4.612500000000001,1
2902.3,57.83441800000001,12.307279000000001,57.83441316549249,12.307279950005343,3.075,2.5,2.5,0.17316059799148395,7,7,Reverse,66.0,4.612500000000001,1
2903.33,57.834419499999996,12.307279166666667,57.834416332746244,12.307279558336006,3.075,2.5,2.5,0.10097234043469801,7,7,Reverse,66.1,4.612500000000001,1
2904.25,57.83442216666667,12.307278166666666,57.83441924970646,12.307278862501336,3.075,2.5,2.5,0.09803084921320573,7,7,Reverse,66.3,4.612500000000001,1
2905.27,57.83442466666667,12.307280500000001,57.83442195818656,12.307279681250668,3.075,2.5,2.5,0.09236312063894057,7,7,Reverse,66.5,4.612500000000001,1
2906.26,57.83442516666667,12.307281833333331,57.834423562426615,12.307280757292,3.075,2.5,2.5,0.0882258732076,7,7,Reverse,66.7,4.612500000000001,1
2907.26,57.83442733333333,12.307283666666669,57.83442544787997,12.307282211979334,3.075,2.5,2.5,0.13551322183225853,7,7,Reverse,67.0,4.612500000000001,1
2908.3,57.83442883333334,12.307285166666668,57.83442714060666,12.307283689323,3.075,2.5,2.5,0.1418037895499105,7,7,Reverse,67.3,4.612500000000001,1
2909.26,57.834429,12.307287666666666,57.83442807030333,12.307285677994834,3.075,2.5,2.5,0.12115727556510487,7,7,Reverse,67.7,4.612500000000001,1
2910.32,57.834432666666665,12.3072875,57.834430368484995,12.307286588997416,3.075,2.5,2.5,0.1495711196945293,7,7,Reverse,68.2,4.612500000000001,1
2911.3,57.83443016666667,12.307290166666666,57.83443026757583,12.307288377832041,3.075,2.5,2.5,0.302553025800662,7,7,Reverse,68.5,4.612500000000001,1
2912.3,57.834432500000005,12.307291166666667,57.83443138378792,12.307289772249355,3.075,2.5,2.5,0.32363899254591694,7,7,Reverse,68.9,4.612500000000001,1
2913.27,57.83443233333334,12.307293333333332,57.83443185856063,12.307291552791343,3.075,2.5,2.5,0.39140595945489337,7,7,Reverse,69.3,4.612500000000001,1
2914.25,57.834433833333335,12.307294166666669,57.834432845946985,12.307292859729007,3.075,2.5,2.5,0.3544991101760061,7,7,Reverse,69.8,4.612500000000001,1
2915.26,57.83443533333334,12.307295,57.83443408964016,12.307293929864503,3.075,2.5,2.5,0.347756167221051,7,7,Reverse,70.3,4.612500000000001,1
2916.28,57.83443783333334,12.307292833333333,57.83443596148675,12.307293381598917,3.075,2.5,2.5,0.3328244454446237,7,7,Reverse,70.6,4.612500000000001,1
2917.38,57.83443833333334,12.307292333333331,57.83443714741004,12.307292857466125,3.075,2.5,2.5,0.28935488815864435,7,7,Reverse,70.8,4.612500000000001,1
2918.24,57.834438666666664,12.307293666666665,57.83443790703836,12.307293262066395,3.1,2.5,2.5,0.24732272492210308,6,6,Reverse,71.0,4.65,1
2919.31,57.834439833333334,12.30729383333333,57.83443887018584,12.307293547699862,3.1,2.5,2.5,0.21756573875831509,6,6,Reverse,71.2,4.65,1
2920.3,57.834442,12.30729383333333,57.83444043509292,12.307293690516596,3.1,2.5,2.5,0.20815830860946966,6,6,Reverse,71.3,4.65,1
2921.32,57.834442833333334,12.307294333333335,57.83444163421313,12.307294011924967,3.1,2.5,2.5,0.1626219801739514,6,6,Reverse,71.5,4.65,1
2922.28,57.834441166666664,12.3072925,57.8344414004399,12.307293255962483,3.1,2.5,2.5,0.17338202563572766,6,6,Reverse,71.7,4.65,1
2923.27,57.834441166666664,12.307293499999998,57.83444128355328,12.30729337798124,2.7750000000000004,2.5,2.5,0.15202013317395785,7,7,Reverse,71.9,4.1625000000000005,1
2924.3,57.83444266666667,12.307298666666668,57.834441975109975,12.307296022323955,2.7,2.5,2.5,0.21738105792771786,8,8,Reverse,72.3,4.050000000000001,1
2925.34,57.83444516666667,12.307302166666666,57.83444357088832,12.30729909449531,2.7,2.5,2.5,0.28705524732779353,8,8,Reverse,72.6,4.050000000000001,1
2926.32,57.8344465,12.3073035,57.83444503544416,12.307301297247655,2.7,2.5,2.5,0.24671413306379944,8,8,Reverse,73.0,4.050000000000001,1
2927.3,57.834448,12.307304666666669,57.83444651772208,12.307302981957163,2.7750000000000004,2.5,2.5,0.2764319188066536,7,7,Reverse,73.2,4.1625000000000005,1
2928.3,57.83444916666667,12.307306666666667,57.83444784219438,12.307304824311915,2.7,2.5,2.5,0.2465616993317741,8,8,Reverse,73.6,4.050000000000001,1
2929.26,57.83445016666666,12.307308166666667,57.83444900443052,12.307306495489291,2.7,2.5,2.5,0.19680515459554318,8,8,Reverse,73.9,4.050000000000001,1
2930.39,57.83445116666667,12.307308666666666,57.834450085548596,12.307307581077978,2.7,2.5,2.5,0.23882011653957128,8,8,Reverse,74.2,4.050000000000001,1
2931.3,57.83445183333333,12.307310333333332,57.834450959440964,12.307308957205654,2.7750000000000004,2.5,2.5,0.2782316510047542,7,7,Reverse,74.4,4.1625000000000005,1
2932.27,57.8344555,12.307310500000002,57.83445322972048,12.307309728602828,2.7,2.5,2.5,0.34610537329511876,8,8,Reverse,74.6,4.050000000000001,1
2933.29,57.83445566666666,12.307313166666665,57.83445444819357,12.307311447634747,2.7,2.5,2.5,0.3260438521207232,8,8,Reverse,75.1,4.050000000000001,1
2934.3,57.8344565,12.307315166666667,57.834455474096785,12.307313307150707,2.7,2.5,2.5,0.3283113377317826,8,8,Reverse,75.4,4.050000000000001,1
2935.26,57.834458833333336,12.307315666666666,57.834457153715064,12.307314486908686,2.7,2.5,2.5,0.30322712295391685,8,8,Reverse,75.7,4.050000000000001,1
2936.29,57.83446033333333,12.307315833333332,57.834458743524195,12.307315160121009,2.7,2.5,2.5,0.2641908121594709,8,8,Reverse,75.9,4.050000000000001,1
2937.25,57.834461499999996,12.3073155,57.8344601217621,12.307315330060504,2.8000000000000003,2.5,2.5,0.21373182112339378,7,7,Reverse,76.0,4.2,1
2938.27,57.83446433333334,12.307315000000001,57.83446222754772,12.307315165030253,2.8000000000000003,2.5,2.5,0.2828728631660654,7,7,Reverse,76.1,4.2,1
2939.3,57.834466000000006,12.307314166666666,57.83446411377386,12.307314665848459,2.8000000000000003,2.5,2.5,0.41792718005181206,7,7,Reverse,76.3,4.2,1
2940.28,57.83446716666667,12.307314833333331,57.834465640220266,12.307314749590896,3.1,2.5,2.5,0.4135118926651812,6,6,Reverse,76.4,4.65,1
2941.3,57.83446649999999,12.307315999999998,57.834466070110125,12.307315374795447,3.1,2.5,2.5,0.36602311722304287,6,6,Reverse,76.5,4.65,1
2942.3,57.83446266666667,12.307318333333335,57.834464368388396,12.307316854064391,3.1,2.5,2.5,0.46481780768855485,6,6,Reverse,76.7,4.65,1
2943.3,57.83446416666667,12.307321333333334,57.83446426752754,12.307319093698862,3.1,2.5,2.5,0.5125458481921136,6,6,Reverse,76.8,4.65,1
2944.32,57.834461,12.307325500000001,57.83446263376376,12.307322296849431,2.8000000000000003,2.5,2.5,0.5800140605165099,7,7,Reverse,77.0,4.2,1
2945.29,57.834460166666666,12.307327333333335,57.83446140021522,12.307324815091384,2.8000000000000003,2.5,2.5,0.5800066975340302,7,7,Reverse,77.2,4.2,1
2946.32,57.834461,12.307320166666667,57.834461200107604,12.307322490879026,2.8000000000000003,2.5,2.5,0.6017664013268306,7,7,Reverse,77.3,4.2,1
2947.28,57.83446049999999,12.307314666666665,57.8344608500538,12.307318578772845,2.8000000000000003,2.5,2.5,0.7035950667751655,7,7,Reverse,77.5,4.2,1
2948.34,57.83445733333333,12.307311666666665,57.83445909169357,12.307315122719755,2.8000000000000003,2.5,2.5,0.8106664702893122,7,7,Reverse,77.6,4.2,1
2949.33,57.83445733333333,12.307308333333333,57.83445821251345,12.307311728026544,2.8000000000000003,2.5,2.5,0.8175474857318269,7,7,Reverse,77.7,4.2,1
2950.27,57.834455,12.307304833333335,57.83445660625672,12.307308280679939,2.8000000000000003,2.5,2.5,0.8178403962499865,7,7,Reverse,77.7,4.2,1
2951.27,57.83445400000001,12.307306500000001,57.834455303128365,12.30730739033997,2.8000000000000003,2.5,2.5,0.7127768959570813,7,7,Reverse,77.6,4.2,1
2952.3,57.83445133333333,12.307304500000003,57.83445331823085,12.307305945169986,2.7,2.5,2.5,0.6386429598957468,8,8,Reverse,77.3,4.050000000000001,1
2953.34,57.83445033333334,12.307302,57.8344518257821,12.307303972584993,3.0,2.5,2.5,0.5658816608206003,7,7,Reverse,77.2,4.5,1
2954.3,57.83444683333334,12.307300000000001,57.834449329557714,12.307301986292497,2.7,2.5,2.5,0.598067859449414,8,8,Reverse,77.1,4.050000000000001,1
2955.4,57.83444066666666,12.307299,57.83444499811219,12.307300493146249,2.7,2.5,2.5,0.7398427016716888,8,8,Reverse,76.9,4.050000000000001,1
2956.3,57.83444633333333,12.307290166666666,57.83444566572276,12.307295329906458,2.7,2.5,2.5,0.7221610969196852,8,8,Reverse,76.6,4.050000000000001,1
2957.33,57.83444683333334,12.307287333333333,57.83444624952805,12.307291331619895,2.7,2.5,2.5,0.6830109667119896,8,8,Reverse,76.4,4.050000000000001,1
2958.28,57.83444899999999,12.307279833333332,57.83444762476402,12.307285582476615,2.8000000000000003,2.5,2.5,0.7756410410667375,7,7,Reverse,76.4,4.2,1
2959.32,57.83444616666667,12.307279000000001,57.834446895715345,12.307282291238307,2.8000000000000003,2.5,2.5,0.6901756460569977,7,7,Reverse,76.5,4.2,1
2960.3,57.83444833333333,12.307276166666668,57.834447614524336,12.307279228952488,4.35,2.5,2.5,0.6962272222639367,6,6,Reverse,76.5,6.5249999999999995,1
2961.35,57.83444466666666,12.307273833333333,57.8344461405955,12.30727653114291,4.35,2.5,2.5,0.5956097178471726,6,6,Reverse,76.4,6.5249999999999995,1
2962.38,57.83443966666667,12.307273833333333,57.834442903631086,12.307275182238122,4.35,2.5,2.5,0.517616260606105,6,6,Reverse,76.3,6.5249999999999995,1
2963.27,57.834439,12.307272000000001,57.834440951815544,12.307273591119062,4.35,2.5,2.5,0.4712855398954764,6,6,Reverse,76.2,6.5249999999999995,1
2964.26,57.83444033333333,12.30727133333333,57.834440642574435,12.307272462226196,4.35,2.5,2.5,0.3898219632385478,6,6,Reverse,76.1,6.5249999999999995,1
2965.27,57.834439999999994,12.307270833333332,57.83444032128722,12.307271647779764,4.35,2.5,2.5,0.41930009298940374,6,6,Reverse,76.1,6.5249999999999995,1
2966.31,57.834438666666664,12.30727133333333,57.83443949397694,12.307271490556547,4.35,2.5,2.5,0.45327526869815665,6,6,Reverse,76.0,6.5249999999999995,1
2967.28,57.83443833333334,12.307275333333333,57.83443891365514,12.30727341194494,4.35,2.5,2.5,0.44655455744616696,6,6,Reverse,75.9,6.5249999999999995,1
2968.26,57.834436999999994,12.307273166666668,57.834437956827564,12.307273289305805,4.35,2.5,2.5,0.3859489486084452,6,6,Reverse,75.8,6.5249999999999995,1
2969.31,57.834437333333334,12.307274833333334,57.83443764508045,12.30727406131957,4.35,2.5,2.5,0.5095539384100745,6,6,Reverse,75.8,6.5249999999999995,1
2970.28,57.83443583333333,12.307271833333335,57.83443673920689,12.307272947326451,4.35,2.5,2.5,0.5396652318623116,6,6,Reverse,75.9,6.5249999999999995,1
2971.29,57.834436000000004,12.307273166666668,57.834436369603445,12.30727305699656,4.35,2.5,2.5,0.41584678823319765,6,6,Reverse,75.7,6.5249999999999995,1
2972.29,57.83443466666666,12.307272166666667,57.83443551813505,12.307272611831614,4.35,2.5,2.5,0.3601414579673056,6,6,Reverse,75.8,6.5249999999999995,1
2973.28,57.834433499999996,12.307272166666667,57.83443450906753,12.30727238924914,2.8000000000000003,2.5,2.5,0.3044969142886738,7,7,Reverse,75.5,4.2,1
2974.27,57.834427999999996,12.307269666666665,57.83443125453376,12.307271027957903,2.8000000000000003,2.5,2.5,0.3996188495659979,7,7,Reverse,75.2,4.2,1
2975.3,57.83442566666666,12.307269333333332,57.83442846060021,12.307270180645617,2.8000000000000003,2.5,2.5,0.4438308094759986,7,7,Reverse,74.6,4.2,1
2976.32,57.83442616666666,12.307267333333334,57.834427313633434,12.307268756989476,2.8000000000000003,2.5,2.5,0.3788805357949953,7,7,Reverse,74.1,4.2,1
2977.28,57.83442466666667,12.307265833333334,57.83442599015005,12.307267295161404,2.8000000000000003,2.5,2.5,0.3142727447538867,7,7,Reverse,73.6,4.2,1
2978.4,57.83442183333333,12.307265166666665,57.834423911741695,12.307266230914035,2.8000000000000003,2.5,2.5,0.30719788661887015,7,7,Reverse,73.2,4.2,1
2979.27,57.834417833333326,12.307263833333332,57.83442087253751,12.307265032123684,3.1,2.5,2.5,0.3673610306448958,6,6,Reverse,72.7,4.65,1
2980.27,57.83441916666667,12.307262833333334,57.83442001960209,12.307263932728508,3.075,2.5,2.5,0.30276304537027743,7,7,Reverse,72.0,4.612500000000001,1
2981.28,57.834417833333326,12.307263166666667,57.834418926467706,12.307263549697588,3.075,2.5,2.5,0.29995395796666025,7,7,Reverse,71.9,4.612500000000001,1
2982.29,57.834421166666665,12.307261333333335,57.83442004656719,12.307262441515462,3.075,2.5,2.5,0.36918895716075695,7,7,Reverse,72.3,4.612500000000001,1
2983.32,57.834421166666665,12.3072605,57.83442060661692,12.30726147075773,3.075,2.5,2.5,0.3558104110220451,7,7,Reverse,72.4,4.612500000000001,1
2984.29,57.834423666666666,12.30725933333333,57.8344221366418,12.30726040204553,3.075,2.5,2.5,0.3996279432609575,7,7,Reverse,72.4,4.612500000000001,1
2985.28,57.83442266666666,12.307259666666669,57.83442240165423,12.3072600343561,3.075,2.5,2.5,0.36641145642081346,7,7,Reverse,72.3,4.612500000000001,1
2986.32,57.834421999999996,12.307260666666666,57.83442220082711,12.307260350511383,3.075,2.5,2.5,0.3205781638919219,7,7,Reverse,72.4,4.612500000000001,1
2987.24,57.8344205,12.3072605,57.83442135041356,12.307260425255691,3.075,2.5,2.5,0.35022600630746836,7,7,Reverse,72.4,4.612500000000001,1
2988.3,57.834419499999996,12.307260166666667,57.83442042520677,12.30726029596118,3.075,2.5,2.5,0.3864469079245593,7,7,Reverse,72.2,4.612500000000001,1
2989.29,57.8344175,12.307261833333333,57.83441896260339,12.307261064647257,3.075,2.5,2.5,0.5068607009214736,7,7,Reverse,72.3,4.612500000000001,1
2990.29,57.83441666666666,12.307260333333334,57.834417814635025,12.307260698990294,3.075,2.5,2.5,0.48798440505142926,7,7,Reverse,72.7,4.612500000000001,1
2991.3,57.83441833333333,12.307258666666666,57.83441807398418,12.30725968282848,3.075,2.5,2.5,0.3955378212475882,7,7,Reverse,72.5,4.612500000000001,1
2992.26,57.83441549999999,12.307259500000002,57.83441678699209,12.307259591414242,3.075,2.5,2.5,0.4267541508086773,7,7,Reverse,72.6,4.612500000000001,1
2993.31,57.83441583333333,12.307257833333331,57.83441631016271,12.307258712373786,3.075,2.5,2.5,0.35176658527760335,7,7,Reverse,72.6,4.612500000000001,1
2994.3,57.83441333333334,12.307258000000001,57.83441482174802,12.307258356186894,3.075,2.5,2.5,0.3284268159478867,7,7,Reverse,72.4,4.612500000000001,1
2995.33,57.8344115,12.307259500000002,57.834413160874014,12.307258928093448,3.075,2.5,2.5,0.30731744398067556,7,7,Reverse,72.6,4.612500000000001,1
2996.31,57.8344115,12.307259166666665,57.834412330437004,12.307259047380056,3.075,2.5,2.5,0.2621405594519819,7,7,Reverse,72.7,4.612500000000001,1
2997.27,57.83440983333333,12.3072605,57.83441108188517,12.307259773690028,3.075,2.5,2.5,0.26320293116084714,7,7,Reverse,72.5,4.612500000000001,1
2998.28,57.83440600000001,12.307261500000001,57.83440854094259,12.307260636845015,3.075,2.5,2.5,0.38293123160704784,7,7,Reverse,72.3,4.612500000000001,1
2999.33,57.83440433333333,12.307262333333332,57.83440643713796,12.307261485089173,3.075,2.5,2.5,0.42571761594472407,7,7,Reverse,72.3,4.612500000000001,1
3000.3,57.83440566666666,12.307260333333334,57.83440605190231,12.307260909211253,3.075,2.5,2.5,0.3655546105843612,7,7,Reverse,72.1,4.612500000000001,1
3001.28,57.83440349999999,12.307260666666666,57.83440477595115,12.30726078793896,3.075,2.5,2.5,0.40896639148310615,7,7,Reverse,72.3,4.612500000000001,1
3002.33,57.8344055,12.307260833333332,57.83440513797558,12.307260810636146,3.075,2.5,2.5,0.3977926662984682,7,7,Reverse,72.3,4.612500000000001,1
3003.24,57.83440716666667,12.307259500000002,57.83440615232112,12.307260155318074,3.075,2.5,2.5,0.4085399914592505,7,7,Reverse,72.5,4.612500000000001,1
3004.38,57.83440716666667,12.307259166666665,57.8344066594939,12.30725966099237,3.075,2.5,2.5,0.36041594979727487,7,7,Reverse,72.4,4.612500000000001,1
3005.26,57.83440949999999,12.307256333333331,57.83440807974694,12.30725799716285,3.075,2.5,2.5,0.48677448063116946,7,7,Reverse,72.6,4.612500000000001,1
3006.28,57.83441133333334,12.307257666666665,57.83440970654014,12.307257831914757,3.075,2.5,2.5,0.6380425444169808,7,7,Reverse,72.7,4.612500000000001,1
3007.29,57.834411,12.307260000000001,57.83441035327007,12.30725891595738,3.075,2.5,2.5,0.6302072741529932,7,7,Reverse,73.1,4.612500000000001,1
3008.28,57.83441333333334,12.307260000000001,57.83441184330171,12.30725945797869,3.075,2.5,2.5,0.7694568256541945,7,7,Reverse,73.5,4.612500000000001,1
3009.32,57.83441416666666,12.307263333333333,57.834413004984185,12.307261395656012,3.075,2.5,2.5,0.8409130948538117,7,7,Reverse,73.8,4.612500000000001,1
3010.26,57.83441033333334,12.307266833333331,57.83441166915876,12.307264114494672,3.075,2.5,2.5,0.7504930380996094,7,7,Reverse,74.3,4.612500000000001,1
3011.32,57.83440916666667,12.307264166666668,57.834410417912714,12.30726414058067,3.075,2.5,2.5,0.6916414248906397,7,7,Reverse,74.3,4.612500000000001,1
3012.27,57.83440866666667,12.307267999999999,57.83440954228969,12.307266070290334,3.075,2.5,2.5,0.6355868743821098,7,7,Reverse,74.5,4.612500000000001,1
3013.29,57.83440916666667,12.307269666666665,57.834409354478176,12.3072678684785,3.075,2.5,2.5,0.580557890159579,7,7,Reverse,74.6,4.612500000000001,1
3014.3,57.83440883333333,12.307269166666666,57.834409093905755,12.307268517572583,3.075,2.5,2.5,0.5241693235616768,7,7,Reverse,74.7,4.612500000000001,1
3015.34,57.83441116666666,12.307270166666667,57.83441013028621,12.307269342119625,3.075,2.5,2.5,0.44054291996796846,7,7,Reverse,74.6,4.612500000000001,1
3016.35,57.83441183333333,12.307269166666666,57.83441098180977,12.307269254393146,3.075,2.5,2.5,0.3936062602850739,7,7,Reverse,74.5,4.612500000000001,1
3017.3,57.83441066666666,12.307270166666667,57.83441082423821,12.307269710529907,2.7,2.5,2.5,0.4363597868745175,8,8,Reverse,74.3,4.050000000000001,1
3018.3,57.83441116666666,12.307267833333333,57.83441099545244,12.30726877193162,2.7,2.5,2.5,0.3794401119797604,8,8,Reverse,74.1,4.050000000000001,1
3019.27,57.83441216666667,12.307268166666665,57.834411581059555,12.307268469299142,2.8249999999999997,2.5,2.5,0.3102241013450024,7,7,Reverse,73.9,4.2375,1
3020.32,57.83441249999999,12.307265833333334,57.83441204052977,12.307267151316237,2.7,2.5,2.5,0.23625576275518584,8,8,Reverse,73.8,4.050000000000001,1
3021.3,57.8344135,12.307265500000002,57.83441277026488,12.30726632565812,2.7,2.5,2.5,0.2666174274358575,8,8,Reverse,73.6,4.050000000000001,1
3022.26,57.834414,12.3072645,57.83441338513244,12.30726541282906,2.7,2.5,2.5,0.20702472995639984,8,8,Reverse,73.5,4.050000000000001,1
3023.32,57.83441416666666,12.307264666666667,57.834413775899556,12.307265039747863,2.7,2.5,2.5,0.21475453960017005,8,8,Reverse,73.5,4.050000000000001,1
3024.27,57.83441483333333,12.307266833333331,57.83441430461644,12.307265936540597,2.7,2.5,2.5,0.1655636153775144,8,8,Reverse,73.5,4.050000000000001,1
3025.24,57.83441483333333,12.307267999999999,57.834414568974886,12.307266968270298,2.7,2.5,2.5,0.13747515199699747,8,8,Reverse,73.7,4.050000000000001,1
3026.29,57.8344145,12.307268333333331,57.83441453448744,12.307267650801816,2.7,2.5,2.5,0.12426087458464283,8,8,Reverse,73.8,4.050000000000001,1
3027.29,57.83441433333334,12.307268833333334,57.83441443391039,12.307268242067574,2.7,2.5,2.5,0.12475733678366129,8,8,Reverse,73.8,4.050000000000001,1
3028.32,57.834413833333336,12.3072725,57.83441413362186,12.307270371033788,2.7,2.5,2.5,0.1240885247891243,8,8,Reverse,73.8,4.050000000000001,1
3029.27,57.83441333333334,12.3072755,57.834413733477604,12.307272935516893,2.7,2.5,2.5,0.1334684228062834,8,8,Reverse,73.9,4.050000000000001,1
3030.29,57.83441283333333,12.307276000000002,57.83441328340547,12.307274467758447,2.7,2.5,2.5,0.13012155334558548,8,8,Reverse,74.1,4.050000000000001,1
3031.29,57.83441466666667,12.307276333333334,57.834413975036064,12.30727540054589,2.7,2.5,2.5,0.2508930953505536,8,8,Reverse,74.1,4.050000000000001,1
3032.41,57.83441533333333,12.307276166666668,57.8344146541847,12.30727578360628,2.7,2.5,2.5,0.2424524696955656,8,8,Reverse,74.2,4.050000000000001,1
3033.25,57.834416499999996,12.307277500000001,57.83441557709235,12.30727664180314,2.7,2.5,2.5,0.2206329559020562,8,8,Reverse,74.3,4.050000000000001,1
3034.27,57.83441733333334,12.307280166666665,57.834416455212846,12.307278404234903,2.7,2.5,2.5,0.23907989024364495,8,8,Reverse,74.2,4.050000000000001,1
3035.27,57.83441849999999,12.307280833333333,57.834417477606415,12.307279618784118,2.7,2.5,2.5,0.2779022723639281,8,8,Reverse,74.3,4.050000000000001,1
3036.26,57.83441933333334,12.307283833333335,57.834418405469876,12.307281726058726,2.7,2.5,2.5,0.2675397697935962,8,8,Reverse,74.3,4.050000000000001,1
3037.3,57.83442,12.307286,57.83441920273494,12.307283863029364,2.7,2.5,2.5,0.23446550134321328,8,8,Reverse,74.6,4.050000000000001,1
3038.29,57.834420833333326,12.307288166666668,57.83442001803413,12.307286014848016,2.7,2.5,2.5,0.2769719815944811,8,8,Reverse,74.6,4.050000000000001,1
3039.31,57.834421000000006,12.3072915,57.83442050901707,12.307288757424008,2.7,2.5,2.5,0.30164117104026467,8,8,Reverse,74.7,4.050000000000001,1
3040.24,57.8344205,12.307293166666666,57.834420504508536,12.307290962045336,2.7,2.5,2.5,0.2741807693572088,8,8,Reverse,75.0,4.050000000000001,1
3041.26,57.83442066666667,12.307297333333334,57.8344205855876,12.307294147689335,2.7,2.5,2.5,0.223656005441565,8,8,Reverse,75.1,4.050000000000001,1
3042.27,57.834421166666665,12.307299333333333,57.83442087612713,12.307296740511335,2.7,2.5,2.5,0.1794491692683836,8,8,Reverse,75.3,4.050000000000001,1
3043.35,57.83442266666666,12.307300833333333,57.8344217713969,12.307298786922333,2.7,2.5,2.5,0.25547678495900744,8,8,Reverse,75.6,4.050000000000001,1
3044.37,57.83442333333334,12.307302166666666,57.83442255236512,12.3073004767945,2.7,2.5,2.5,0.2669954548458514,8,8,Reverse,75.9,4.050000000000001,1
3045.39,57.83442333333334,12.3073035,57.83442294284923,12.30730198839725,2.7,2.5,2.5,0.2071174481088638,8,8,Reverse,76.1,4.050000000000001,1
3046.3,57.834423833333325,12.3073055,57.834423388091274,12.307303744198625,2.7,2.5,2.5,0.1842679739738748,8,8,Reverse,76.3,4.050000000000001,1
3047.27,57.834424000000006,12.307309166666668,57.83442369404564,12.307306455432647,2.7,2.5,2.5,0.1621102510764852,8,8,Reverse,76.7,4.050000000000001,1
3048.25,57.834424999999996,12.307311333333333,57.83442434702282,12.30730889438299,2.7,2.5,2.5,0.12905188802106837,8,8,Reverse,77.0,4.050000000000001,1
3049.27,57.834425833333334,12.307312333333334,57.83442509017808,12.307310613858162,2.7,2.5,2.5,0.09414492726718217,8,8,Reverse,77.2,4.050000000000001,1
3050.32,57.83442733333333,12.307314666666665,57.834426211755705,12.307312640262413,2.7,2.5,2.5,0.12067661580801414,8,8,Reverse,77.5,4.050000000000001,1
3051.29,57.834428499999994,12.307317666666666,57.83442735587785,12.30731515346454,2.7,2.5,2.5,0.12393084136790075,8,8,Reverse,77.7,4.050000000000001,1
3052.27,57.834430000000005,12.307319,57.834428677938924,12.30731707673227,2.7,2.5,2.5,0.10339212386537157,8,8,Reverse,78.0,4.050000000000001,1
3053.29,57.834430999999995,12.307318833333333,57.83442983896946,12.3073179550328,2.7,2.5,2.5,0.09757620916043593,8,8,Reverse,78.2,4.050000000000001,1
3054.32,57.834432,12.307318500000001,57.83443091948473,12.3073182275164,2.7,2.5,2.5,0.1427594000628742,8,8,Reverse,78.2,4.050000000000001,1
3055.25,57.83443333333333,12.307319500000002,57.83443212640903,12.307318863758201,2.7,2.5,2.5,0.1822129031482948,8,8,Reverse,78.3,4.050000000000001,1
3056.26,57.834433833333335,12.307320833333332,57.83443297987118,12.307319848545767,2.7,2.5,2.5,0.23374630989619932,8,8,Reverse,78.3,4.050000000000001,1
3057.3,57.83443333333333,12.307321000000002,57.83443315660226,12.307320424272884,2.7,2.5,2.5,0.22419868921540115,8,8,Reverse,78.3,4.050000000000001,1
3058.33,57.834433499999996,12.307321166666668,57.834433328301124,12.307320795469776,2.7,2.5,2.5,0.19976497454638548,8,8,Reverse,78.4,4.050000000000001,1
3059.26,57.834434333333334,12.3073215,57.83443383081723,12.30732114773489,2.7,2.5,2.5,0.18614003721515085,8,8,Reverse,78.4,4.050000000000001,1
3060.3,57.834433833333335,12.307320166666667,57.834433832075284,12.307320657200778,2.7,2.5,2.5,0.14709871047624523,8,8,Reverse,78.3,4.050000000000001,1
3061.27,57.834433833333335,12.307320666666666,57.834433832704306,12.307320661933721,2.7,2.5,2.5,0.15945664078026836,8,8,Reverse,78.1,4.050000000000001,1
3062.29,57.834434333333334,12.307320666666666,57.83443408301882,12.307320664300194,2.7,2.5,2.5,0.16173715105148942,8,8,Reverse,78.2,4.050000000000001,1
3063.25,57.834435166666665,12.307321666666667,57.83443462484274,12.30732116548343,2.7,2.5,2.5,0.15599988669716125,8,8,Reverse,78.2,4.050000000000001,1
3064.27,57.834435666666664,12.307321333333334,57.8344351457547,12.307321249408382,2.7,2.5,2.5,0.1381553794760979,8,8,Reverse,78.3,4.050000000000001,1
3065.27,57.83443583333333,12.307322,57.83443548954402,12.30732162470419,2.7,2.5,2.5,0.18027903208337465,8,8,Reverse,78.3,4.050000000000001,1
3066.34,57.83443583333333,12.307322,57.834435661438675,12.307321812352095,2.7,2.5,2.5,0.17730826624203386,8,8,Reverse,78.3,4.050000000000001,1
3067.27,57.83443666666667,12.307322500000001,57.83443616405267,12.307322156176049,2.7,2.5,2.5,0.1615616482272,8,8,Reverse,78.4,4.050000000000001,1
3068.3,57.8344375,12.307322666666668,57.834436832026334,12.307322411421358,2.7,2.5,2.5,0.14627402984154653,8,8,Reverse,78.5,4.050000000000001,1
3069.3,57.83443766666666,12.307322166666665,57.8344372493465,12.307322289044011,2.7,2.5,2.5,0.16208596591221228,8,8,Reverse,78.6,4.050000000000001,1
3070.29,57.83443783333334,12.307322500000001,57.834437541339916,12.307322394522007,2.7,2.5,2.5,0.1723147990753652,8,8,Reverse,78.6,4.050000000000001,1
3071.34,57.834438166666665,12.307323833333331,57.83443785400329,12.30732311392767,2.7,2.5,2.5,0.17854996856228972,8,8,Reverse,78.7,4.050000000000001,1
3072.35,57.834437166666675,12.307326833333331,57.834437510334986,12.3073249736305,2.7,2.5,2.5,0.20652414746487255,8,8,Reverse,78.9,4.050000000000001,1
3073.26,57.834436499999995,12.307326333333332,57.83443700516749,12.307325653481916,2.7,2.5,2.5,0.17302119392759954,8,8,Reverse,79.2,4.050000000000001,1
3074.3,57.8344375,12.307327166666669,57.83443725258375,12.307326410074293,2.7,2.5,2.5,0.19200868673223687,8,8,Reverse,79.2,4.050000000000001,1
3075.29,57.834438500000005,12.307326499999999,57.83443787629187,12.307326455037146,2.7,2.5,2.5,0.21184205919812243,8,8,Reverse,79.2,4.050000000000001,1
3076.27,57.83444083333334,12.307325500000001,57.83443935481261,12.307325977518573,2.7,2.5,2.5,0.29077774088561,8,8,Reverse,79.1,4.050000000000001,1
3077.23,57.83444299999999,12.307324166666668,57.8344411774063,12.30732507209262,2.7,2.5,2.5,0.3593042394795153,8,8,Reverse,79.3,4.050000000000001,1
3078.28,57.834442833333334,12.307324999999999,57.834442005369816,12.30732503604631,2.7,2.5,2.5,0.343111969033234,8,8,Reverse,79.3,4.050000000000001,1
3079.29,57.83444266666667,12.307325333333331,57.83444233601824,12.30732518468982,2.7,2.5,2.5,0.30051523023234467,8,8,Reverse,79.3,4.050000000000001,1
3080.28,57.83444133333334,12.307329166666667,57.83444183467579,12.307327175678244,2.7,2.5,2.5,0.33399601495643627,8,8,Reverse,79.3,4.050000000000001,1
3081.34,57.834438,12.307331500000002,57.834439917337896,12.307329337839123,2.725,2.5,2.5,0.4627799520842157,8,8,Reverse,79.7,4.0875,1
3082.27,57.83443766666666,12.307331333333332,57.834438792002274,12.307330335586228,2.725,2.5,2.5,0.46445328313941925,8,8,Reverse,79.8,4.0875,1
3083.3,57.83443833333334,12.307330166666668,57.834438562667806,12.307330251126448,2.725,2.5,2.5,0.41657003116733726,8,8,Reverse,79.8,4.0875,1
3084.29,57.83443666666667,12.307332,57.83443761466724,12.307331125563223,2.725,2.5,2.5,0.36360847002825414,8,8,Reverse,79.7,4.0875,1
3085.3,57.83443533333334,12.307333666666667,57.83443647400029,12.307332396114946,2.725,2.5,2.5,0.3888318226767361,8,8,Reverse,79.8,4.0875,1
3086.25,57.834436833333335,12.307333000000002,57.83443665366681,12.307332698057474,2.725,2.5,2.5,0.3446784918130725,8,8,Reverse,79.9,4.0875,1
3087.29,57.834438166666665,12.307330666666667,57.834437410166736,12.30733168236207,2.725,2.5,2.5,0.369338721741635,8,8,Reverse,79.7,4.0875,1
3088.31,57.83443633333333,12.307332833333332,57.834436871750036,12.307332257847701,2.725,2.5,2.5,0.34930269161805966,8,8,Reverse,79.5,4.0875,1
3089.3,57.8344375,12.307330333333335,57.83443718587502,12.307331295590517,2.725,2.5,2.5,0.3082575229879056,8,8,Reverse,79.5,4.0875,1
3090.32,57.834439999999994,12.307325833333334,57.8344385929375,12.307328564461926,2.725,2.5,2.5,0.4319392169271075,8,8,Reverse,79.3,4.0875,1
3091.32,57.834439833333334,12.307325166666665,57.83443921313542,12.307326865564296,2.725,2.5,2.5,0.4184080736596565,8,8,Reverse,79.2,4.0875,1
3092.3,57.834440166666674,12.307324166666668,57.834439689901046,12.307325516115482,2.725,2.5,2.5,0.4226104091733991,8,8,Reverse,79.0,4.0875,1
3093.29,57.83443883333333,12.3073245,57.83443926161719,12.30732500805774,2.725,2.5,2.5,0.38528186148011023,8,8,Reverse,78.8,4.0875,1
3094.24,57.834438,12.307327166666669,57.83443863080859,12.307326087362204,2.725,2.5,2.5,0.4014478043445849,8,8,Reverse,78.8,4.0875,1
3095.29,57.83443666666667,12.307328166666666,57.834437648737634,12.307327127014435,2.725,2.5,2.5,0.38715820973297355,8,8,Reverse,79.1,4.0875,1
3096.27,57.83443633333333,12.307329333333334,57.83443699103548,12.307328230173885,2.725,2.5,2.5,0.3473200748736075,8,8,Reverse,79.3,4.0875,1
3097.29,57.83443616666667,12.307329666666666,57.834436578851076,12.307328948420276,2.725,2.5,2.5,0.33098643374098596,8,8,Reverse,79.6,4.0875,1
3098.31,57.83443583333333,12.3073305,57.8344362060922,12.307329724210138,2.725,2.5,2.5,0.32186563473906943,8,8,Reverse,79.6,4.0875,1
3099.3,57.83443466666666,12.307331333333332,57.83443543637943,12.307330528771734,2.725,2.5,2.5,0.33768205222464526,8,8,Reverse,79.7,4.0875,1
3100.32,57.83443316666667,12.307333333333334,57.83443430152305,12.307331931052534,2.725,2.5,2.5,0.3123420474178311,8,8,Reverse,79.5,4.0875,1
3101.27,57.83443533333334,12.307332666666666,57.834434817428196,12.3073322988596,2.725,2.5,2.5,0.5128647554445971,8,8,Reverse,79.6,4.0875,1
3102.24,57.834435166666665,12.307330000000002,57.83443499204743,12.307331149429801,2.725,2.5,2.5,0.5486721332935867,8,8,Reverse,79.9,4.0875,1
3103.32,57.83443333333333,12.307327666666668,57.83443416269038,12.307329408048234,2.725,2.5,2.5,0.5159643229493013,8,8,Reverse,79.5,4.0875,1
3104.24,57.834434333333334,12.307323833333331,57.83443424801186,12.307326620690782,2.725,2.5,2.5,0.7128850526942172,8,8,Reverse,79.1,4.0875,1
3105.32,57.834432500000005,12.307332166666667,57.83443337400593,12.307329393678724,2.725,2.5,2.5,0.9039695795589795,8,8,Reverse,78.9,4.0875,1
3106.28,57.834432,12.307332,57.834432687002966,12.307330696839363,2.725,2.5,2.5,0.742678113382386,8,8,Reverse,79.6,4.0875,1
3107.28,57.834430999999995,12.307331666666668,57.83443184350148,12.307331181753016,2.725,2.5,2.5,0.5780332073850662,8,8,Reverse,79.1,4.0875,1
3108.29,57.83442916666666,12.307332666666666,57.83443050508407,12.30733192420984,2.725,2.5,2.5,0.5192639689279976,8,8,Reverse,78.7,4.0875,1
3109.29,57.834428166666676,12.307331333333332,57.83442933587537,12.307331628771585,2.725,2.5,2.5,0.40045823346393805,8,8,Reverse,78.4,4.0875,1
3110.36,57.834428166666676,12.3073295,57.83442875127103,12.307330564385794,2.725,2.5,2.5,0.32168986529994403,8,8,Reverse,77.9,4.0875,1
3111.25,57.834426666666666,12.3073305,57.834427708968846,12.307330532192896,2.725,2.5,2.5,0.4111453190639978,8,8,Reverse,77.9,4.0875,1
3112.28,57.834426666666666,12.307330000000002,57.83442718781775,12.30733026609645,2.725,2.5,2.5,0.34802923220907844,8,8,Reverse,78.3,4.0875,1
3113.27,57.834427000000005,12.307331500000002,57.83442709390888,12.307330883048225,2.725,2.5,2.5,0.27716175278446487,8,8,Reverse,78.4,4.0875,1
3114.34,57.834428333333335,12.3073335,57.83442771362111,12.307332191524113,2.725,2.5,2.5,0.3044166992649392,8,8,Reverse,78.8,4.0875,1
3115.3,57.834428499999994,12.307334333333332,57.83442810681055,12.307333262428722,2.725,2.5,2.5,0.24976590522049946,8,8,Reverse,79.5,4.0875,1
3116.31,57.83442866666666,12.307337666666667,57.83442838673861,12.307335464547695,2.725,2.5,2.5,0.2390989950721699,8,8,Reverse,79.7,4.0875,1
3117.31,57.834429,12.307335666666665,57.834428693369304,12.30733556560718,2.725,2.5,2.5,0.20485033065413158,8,8,Reverse,80.7,4.0875,1
3118.29,57.834429,12.307336333333334,57.83442884668465,12.307335949470257,2.725,2.5,2.5,0.1605921168910887,8,8,Reverse,80.3,4.0875,1
3119.29,57.83442866666666,12.307336833333332,57.834428756675656,12.307336391401794,2.725,2.5,2.5,0.1852168310584545,8,8,Reverse,80.7,4.0875,1
3120.29,57.83442866666666,12.307336166666667,57.83442871167116,12.307336279034232,2.725,2.5,2.5,0.15937962508598413,8,8,Reverse,80.8,4.0875,1
3121.27,57.834428166666676,12.3073365,57.83442843916892,12.307336389517115,2.725,2.5,2.5,0.14051931568210144,8,8,Reverse,80.6,4.0875,1
3122.35,57.834428166666676,12.307338499999998,57.83442830291779,12.307337444758558,2.725,2.5,2.5,0.15263113226462272,8,8,Reverse,80.6,4.0875,1
3123.24,57.834428166666676,12.307339333333335,57.834428234792234,12.307338389045945,2.725,2.5,2.5,0.15280005772791894,8,8,Reverse,81.0,4.0875,1
3124.36,57.834427999999996,12.307336999999999,57.834428117396115,12.307337694522973,2.725,2.5,2.5,0.14919954650018877,8,8,Reverse,81.2,4.0875,1
3125.26,57.83442783333333,12.307335833333331,57.834427975364726,12.307336763928152,2.725,2.5,2.5,0.13874459959883514,8,8,Reverse,80.7,4.0875,1
3126.31,57.834428333333335,12.307335166666666,57.83442815434903,12.307335965297408,2.725,2.5,2.5,0.1372325651688268,8,8,Reverse,80.8,4.0875,1
3127.26,57.834428333333335,12.307334666666668,57.83442824384118,12.307335315982039,2.725,2.5,2.5,0.13415777759876718,8,8,Reverse,81.0,4.0875,1
3128.32,57.834428166666676,12.307334666666668,57.83442820525393,12.307334991324353,2.725,2.5,2.5,0.123584950239043,8,8,Reverse,81.0,4.0875,1
3129.29,57.83442733333333,12.307333000000002,57.83442776929363,12.307333995662177,2.725,2.5,2.5,0.1641230098660228,8,8,Reverse,81.2,4.0875,1
3130.29,57.834426,12.307333000000002,57.83442688464682,12.30733349783109,2.725,2.5,2.5,0.2033458556425162,8,8,Reverse,80.9,4.0875,1
3131.39,57.83442483333333,12.307331666666668,57.83442585899007,12.307332582248879,2.725,2.5,2.5,0.19437486795759334,8,8,Reverse,81.1,4.0875,1
3132.34,57.834423833333325,12.307333000000002,57.834424846161696,12.30733279112444,2.725,2.5,2.5,0.2142925625332461,8,8,Reverse,81.1,4.0875,1
3133.28,57.834423666666666,12.307334833333334,57.83442425641418,12.307333812228887,2.725,2.5,2.5,0.21918234972718675,8,8,Reverse,81.5,4.0875,1
3134.27,57.834422499999995,12.307337500000001,57.83442337820709,12.307335656114445,2.725,2.5,2.5,0.3602805311955553,8,8,Reverse,81.7,4.0875,1
3135.33,57.834421999999996,12.307336000000001,57.83442268910354,12.307335828057223,2.725,2.5,2.5,0.3150835842168357,8,8,Reverse,82.0,4.0875,1
3136.27,57.83442166666667,12.307335499999999,57.83442217788511,12.30733566402861,2.725,2.5,2.5,0.2736950484256483,8,8,Reverse,81.8,4.0875,1
3137.3,57.83442333333334,12.307333833333333,57.834422755609225,12.307334748680972,2.725,2.5,2.5,0.43160305455707515,8,8,Reverse,81.7,4.0875,1
3138.32,57.83442266666666,12.307332,57.83442271113794,12.307333374340486,2.725,2.5,2.5,0.41968766282387837,8,8,Reverse,81.8,4.0875,1
3139.33,57.83442266666666,12.307326333333332,57.8344226889023,12.30732985383691,2.725,2.5,2.5,0.710810840032545,8,8,Reverse,81.8,4.0875,1
3140.31,57.83441916666667,12.307325500000001,57.834420927784485,12.307327676918455,2.725,2.5,2.5,0.7543627148541945,8,8,Reverse,81.7,4.0875,1
3141.25,57.83441883333333,12.307321833333333,57.83441988055891,12.307324755125894,2.725,2.5,2.5,0.7341382408564001,8,8,Reverse,81.7,4.0875,1
3142.3,57.834416499999996,12.307325166666665,57.83441819027945,12.30732496089628,3.0,2.5,2.5,0.811141828535168,8,8,Reverse,81.6,4.5,1
3143.35,57.83441800000001,12.307324333333334,57.83441809513973,12.307324647114807,3.0,2.5,2.5,0.6520481089152005,7,7,Reverse,81.7,4.5,1
3144.29,57.834415166666666,12.307319500000002,57.8344166309032,12.307322073557405,3.0,2.5,2.5,0.5540802191062012,7,7,Reverse,81.6,4.5,1
3145.25,57.83441616666667,12.307315166666667,57.83441639878493,12.307318620112035,3.0,2.5,2.5,0.5937502551987556,7,7,Reverse,80.9,4.5,1
3146.31,57.834415166666666,12.3073175,57.8344157827258,12.307318060056017,3.0,2.5,2.5,0.6327804385690269,7,7,Reverse,80.1,4.5,1
3147.28,57.83441433333334,12.307319500000002,57.83441505802957,12.30731878002801,3.0,2.5,2.5,0.6457934197774077,7,7,Reverse,80.4,4.5,1
3148.27,57.834413833333336,12.307318833333333,57.83441444568145,12.307318806680671,3.0,2.5,2.5,0.688020403796323,7,7,Reverse,80.5,4.5,1
3149.31,57.83441566666667,12.3073175,57.834415056174066,12.307318153340336,3.0,2.5,2.5,0.6013399685946417,7,7,Reverse,80.4,4.5,1
3150.27,57.83441866666667,12.307315166666667,57.834416861420365,12.3073166600035,3.0,2.5,2.5,0.6596180173614498,7,7,Reverse,80.3,4.5,1
3151.33,57.83442033333334,12.307315666666666,57.83441859737685,12.307316163335084,3.025,2.5,2.5,0.6309362954623098,7,7,Reverse,80.1,4.5375,1
3152.29,57.83442133333333,12.307316500000002,57.834419965355096,12.307316331667543,3.025,2.5,2.5,0.4854113149012814,7,7,Reverse,79.7,4.5375,1
3153.29,57.83442266666666,12.307317833333332,57.834421316010875,12.307317082500438,3.025,2.5,2.5,0.4059012840414557,7,7,Reverse,79.6,4.5375,1
3154.24,57.83442483333333,12.307318000000002,57.8344230746721,12.30731754125022,3.025,2.5,2.5,0.4812068781073706,7,7,Reverse,79.8,4.5375,1
3155.26,57.83442633333334,12.3073175,57.83442470400272,12.30731752062511,3.025,2.5,2.5,0.44609912272786323,7,7,Reverse,79.8,4.5375,1
3156.25,57.83442783333333,12.307313500000001,57.834426268668025,12.307315510312556,3.025,2.5,2.5,0.4649057044405061,7,7,Reverse,79.8,4.5375,1
3157.34,57.83442883333334,12.307313666666667,57.83442755100069,12.30731458848961,3.025,2.5,2.5,0.4151949428174121,7,7,Reverse,79.6,4.5375,1
3158.3,57.834427999999996,12.307312999999999,57.83442777550034,12.307313794244806,3.025,2.5,2.5,0.4325690449969414,7,7,Reverse,79.9,4.5375,1
3159.28,57.834428499999994,12.307312000000001,57.834428137750166,12.307312897122403,3.025,2.5,2.5,0.3894832353394816,7,7,Reverse,79.8,4.5375,1
3160.27,57.834438,12.307313333333331,57.834433068875086,12.307313115227867,3.025,2.5,2.5,1.2800586876356221,7,7,Reverse,79.4,4.5375,1
3161.3,57.834436499999995,12.307315666666666,57.83443478443754,12.307314390947267,3.025,2.5,2.5,1.2372000170180464,7,7,Reverse,78.5,4.5375,1
3162.27,57.83443883333333,12.307315000000001,57.834436808885435,12.307314695473634,3.025,2.5,2.5,1.0625917255393182,7,7,Reverse,78.9,4.5375,1
3163.27,57.83444033333333,12.307315000000001,57.83443857110938,12.307314847736817,3.025,2.5,2.5,0.957264092681523,7,7,Reverse,78.5,4.5375,1
3164.25,57.83444783333333,12.30731,57.83444320222136,12.307312423868408,3.025,2.5,2.5,1.3082766460455677,7,7,Reverse,79.1,4.5375,1
3165.25,57.83444983333334,12.307312166666668,57.834446517777344,12.307312295267538,3.025,2.5,2.5,1.232616348758796,7,7,Reverse,79.1,4.5375,1
3166.27,57.834443166666674,12.307324333333334,57.83444484222201,12.307318314300435,3.025,2.5,2.5,1.7234506123645823,7,7,Reverse,79.4,4.5375,1
3167.29,57.83444633333333,12.307328333333333,57.83444558777767,12.307323323816885,3.025,2.5,2.5,1.4162253212372993,7,7,Reverse,80.0,4.5375,1
3168.3,57.83444366666666,12.307335833333331,57.83444462722216,12.307329578575107,3.025,2.5,2.5,1.5182007509897233,7,7,Reverse,80.6,4.5375,1
3169.27,57.83444433333334,12.307332833333332,57.83444448027775,12.30733120595422,3.025,2.5,2.5,1.3047046213970275,7,7,Reverse,80.7,4.5375,1
3170.27,57.83444766666666,12.307326499999999,57.83444607347221,12.30732885297711,2.725,2.5,2.5,1.41610265414471,8,8,Reverse,80.6,4.0875,1
3171.32,57.83444616666667,12.307327500000001,57.83444612006944,12.307328176488555,2.725,2.5,2.5,1.1526911448143657,8,8,Reverse,80.8,4.0875,1
3172.29,57.83444666666666,12.3073325,57.83444639336805,12.307330338244277,2.725,2.5,2.5,1.0573961477745493,8,8,Reverse,81.2,4.0875,1
3173.34,57.83444866666667,12.307334166666665,57.83444753001736,12.30733225245547,2.725,2.5,2.5,0.9923827598331674,8,8,Reverse,81.9,4.0875,1
3174.24,57.83444866666667,12.307335,57.834448098342015,12.307333626227736,2.725,2.5,2.5,0.8552857438194013,8,8,Reverse,82.6,4.0875,1
3175.29,57.83444966666666,12.307340333333332,57.83444888250433,12.307336979780533,2.725,2.5,2.5,0.9783968809953941,8,8,Reverse,83.0,4.0875,1
3176.26,57.83444983333334,12.307341833333332,57.834449357918835,12.307339406556933,2.725,2.5,2.5,0.8684137010292718,8,8,Reverse,83.6,4.0875,1
3177.3,57.83445199999999,12.307335,57.83445067895941,12.307337203278466,2.725,2.5,2.5,0.8830446863549177,8,8,Reverse,84.6,4.0875,1
3178.25,57.83445233333334,12.307333999999999,57.83445150614638,12.307335601639233,2.725,2.5,2.5,0.7716528178239976,8,8,Reverse,84.5,4.0875,1
3179.29,57.83445333333334,12.307325500000001,57.83445241973986,12.307330550819618,2.725,2.5,2.5,0.8482843780040608,8,8,Reverse,84.0,4.0875,1
3180.3,57.8344535,12.307321833333333,57.83445295986993,12.307326192076475,2.725,2.5,2.5,0.781866119091846,8,8,Reverse,83.7,4.0875,1
3181.33,57.83445316666666,12.307321666666667,57.8344530632683,12.30732392937157,2.725,2.5,2.5,0.6557992048106551,8,8,Reverse,83.5,4.0875,1
3182.29,57.83445133333333,12.307324333333334,57.83445219830081,12.307324131352452,2.725,2.5,2.5,0.6251961571401059,8,8,Reverse,83.5,4.0875,1
3183.31,57.83445233333334,12.307326,57.83445226581708,12.307325065676226,2.725,2.5,2.5,0.5697342266111404,8,8,Reverse,83.7,4.0875,1
3184.26,57.83445433333333,12.307325833333334,57.8344532995752,12.30732544950478,2.725,2.5,2.5,0.451993208679636,8,8,Reverse,84.4,4.0875,1
3185.25,57.83445516666667,12.307322666666668,57.83445423312094,12.307324058085724,3.025,2.5,2.5,0.3681025050084909,7,7,Reverse,85.2,4.5375,1
3186.26,57.83445749999999,12.307323333333333,57.83445586656047,12.307323695709528,3.025,2.5,2.5,0.3443695072260132,7,7,Reverse,85.4,4.5375,1
3187.26,57.83446666666667,12.307319666666668,57.834461266613566,12.307321681188098,3.025,2.5,2.5,0.5783875174775204,7,7,Reverse,85.9,4.5375,1
3188.26,57.834465,12.307313500000001,57.834463133306784,12.30731759059405,3.025,2.5,2.5,0.6560042655467117,7,7,Reverse,87.2,4.5375,1
3189.31,57.83446983333333,12.307302,57.83446648332006,12.307309795297025,3.025,2.5,2.5,0.9169721940598552,7,7,Reverse,86.6,4.5375,1
3190.26,57.834471833333325,12.307302,57.83446915832669,12.307305897648513,3.025,2.5,2.5,1.0674706664404132,7,7,Reverse,86.0,4.5375,1
3191.29,57.8344765,12.307304166666665,57.834472829163346,12.307305032157588,2.725,2.5,2.5,1.1978667541673715,8,8,Reverse,87.0,4.0875,1
3192.26,57.834472999999996,12.307307666666668,57.834472914581674,12.307306349412128,2.725,2.5,2.5,1.104297042319484,8,8,Reverse,88.0,4.0875,1
3193.28,57.834470499999995,12.307334333333332,57.83447170729083,12.30732034137273,2.725,2.5,2.5,1.3022920546197043,8,8,Reverse,87.5,4.0875,1
3194.24,57.83447266666667,12.307329166666667,57.83447218697875,12.3073247540197,2.725,2.5,2.5,1.0655954694527086,8,8,Reverse,89.6,4.0875,1
3195.32,57.834471666666666,12.307330666666667,57.83447192682271,12.307327710343182,2.725,2.5,2.5,0.9066963254527797,8,8,Reverse,90.8,4.0875,1
3196.25,57.83446366666667,12.307334666666668,57.83446779674469,12.307331188504925,2.725,2.5,2.5,0.9578488540349842,8,8,Reverse,90.8,4.0875,1
3197.28,57.83445683333333,12.307340500000002,57.83446231503901,12.307335844252464,2.725,2.5,2.5,1.1693535373473651,8,8,Reverse,90.5,4.0875,1
3198.25,57.834459,12.307343166666666,57.83446065751951,12.307339505459565,2.875,2.5,2.5,1.1645994413158824,7,7,Reverse,90.7,4.3125,1
3199.29,57.834453,12.307350166666668,57.834456828759755,12.307344836063116,2.875,2.5,2.5,1.3560140121214443,7,7,Reverse,91.4,4.3125,1
3200.3,57.8344535,12.307354833333333,57.834455164379875,12.307349834698226,2.875,2.5,2.5,1.381773880347952,7,7,Reverse,91.2,4.3125,1
3201.3,57.83445516666667,12.307363166666669,57.83445516552327,12.307356500682447,2.725,2.5,2.5,1.4011813161257125,8,8,Reverse,92.7,4.0875,1
3202.26,57.83445449999999,12.307367500000002,57.83445483276164,12.307362000341223,2.725,2.5,2.5,1.3681090128840026,8,8,Reverse,93.2,4.0875,1
3203.24,57.83445400000001,12.307370333333331,57.83445441638082,12.307366166837278,2.725,2.5,2.5,1.2581063535928803,8,8,Reverse,94.2,4.0875,1
3204.29,57.83445383333333,12.307371333333332,57.834454124857075,12.307368750085304,2.725,2.5,2.5,1.091336399774896,8,8,Reverse,95.3,4.0875,1
3205.28,57.83445733333333,12.307368666666665,57.834455729095204,12.307368708375986,2.725,2.5,2.5,0.9870651875179233,8,8,Reverse,95.4,4.0875,1
3206.26,57.83445866666666,12.307367,57.83445719788093,12.307367854187993,2.725,2.5,2.5,0.8949081793724013,8,8,Reverse,95.6,4.0875,1
3207.26,57.83445933333334,12.3073655,57.83445826560714,12.307366677093995,2.725,2.5,2.5,0.8356935409777497,8,8,Reverse,95.6,4.0875,1
3208.3,57.83445833333334,12.307366833333333,57.834458299470235,12.307366755213664,2.725,2.5,2.5,0.7102626817819647,8,8,Reverse,95.4,4.0875,1
3209.28,57.83445833333334,12.307370333333331,57.834458316401786,12.307368544273498,2.725,2.5,2.5,0.6295150398587808,8,8,Reverse,95.3,4.0875,1
3210.27,57.83445833333334,12.307379166666665,57.83445832486756,12.307373855470082,2.725,2.5,2.5,0.6117830236454902,8,8,Reverse,95.5,4.0875,1
3211.3,57.83445816666667,12.307382666666667,57.83445824576712,12.307378261068374,2.725,2.5,2.5,0.5433608497915077,8,8,Reverse,97.3,4.0875,1
3212.28,57.83445833333334,12.307385166666666,57.83445828955023,12.307381713867521,2.725,2.5,2.5,0.4799239279507644,8,8,Reverse,97.9,4.0875,1
3213.3,57.83445916666666,12.307383166666666,57.834458728108444,12.307382440267093,2.725,2.5,2.5,0.4296826149354996,8,8,Reverse,98.4,4.0875,1
3214.3,57.83445966666667,12.307387666666667,57.83445919738756,12.30738505346688,2.725,2.5,2.5,0.46718810420116286,8,8,Reverse,97.9,4.0875,1
3215.24,57.834462,12.307389166666667,57.83446059869378,12.307387110066774,2.725,2.5,2.5,0.5160960850240707,8,8,Reverse,98.6,4.0875,1
3216.29,57.834462833333326,12.307386833333332,57.83446171601355,12.307386971700053,2.725,2.5,2.5,0.4965938913905431,8,8,Reverse,98.5,4.0875,1
3217.28,57.834465,12.3073865,57.83446335800678,12.307386735850026,2.725,2.5,2.5,0.5229889684600396,8,8,Reverse,98.0,4.0875,1
3218.27,57.834465833333326,12.307392,57.83446459567005,12.307389367925014,2.725,2.5,2.5,0.5578436397933272,8,8,Reverse,97.9,4.0875,1
3219.3,57.834468833333325,12.307393833333332,57.83446671450169,12.307391600629172,2.725,2.5,2.5,0.6884140491694251,8,8,Reverse,98.7,4.0875,1
3220.26,57.83446649999999,12.307390833333333,57.83446660725084,12.307391216981253,2.725,2.5,2.5,0.6575935363235272,8,8,Reverse,99.4,4.0875,1
3221.32,57.8344655,12.307390166666668,57.83446605362542,12.30739069182396,2.725,2.5,2.5,0.5318225076450207,8,8,Reverse,98.7,4.0875,1
3222.29,57.8344655,12.307385833333335,57.83446577681271,12.307388262578648,2.725,2.5,2.5,0.4279470432924768,8,8,Reverse,99.0,4.0875,1
3223.31,57.834465833333326,12.307386000000001,57.834465805073016,12.307387131289325,2.725,2.5,2.5,0.47890262885981727,8,8,Reverse,98.6,4.0875,1
3224.27,57.83446666666667,12.307388166666666,57.83446623586985,12.307387648977995,2.725,2.5,2.5,0.5379274669853942,8,8,Reverse,98.7,4.0875,1
3225.26,57.83446766666666,12.307382333333331,57.834466951268254,12.307384991155663,2.725,2.5,2.5,0.45013793530025775,8,8,Reverse,98.8,4.0875,1
3226.24,57.834468666666666,12.307379500000001,57.83446780896746,12.307382245577832,2.725,2.5,2.5,0.3573066912930899,8,8,Reverse,98.4,4.0875,1
3227.25,57.8344685,12.307377666666666,57.83446815448373,12.307379956122249,2.725,2.5,2.5,0.28327917326605945,8,8,Reverse,98.2,4.0875,1
3228.29,57.834468666666666,12.307374666666666,57.8344684105752,12.307377311394458,2.725,2.5,2.5,0.24258660367736543,8,8,Reverse,97.6,4.0875,1
3229.28,57.83446649999999,12.307371833333331,57.834467455287594,12.307374572363894,2.725,2.5,2.5,0.24663574760785267,8,8,Reverse,97.2,4.0875,1
3230.26,57.834466166666665,12.307368,57.834466810977126,12.307371286181947,2.725,2.5,2.5,0.21705388084898816,8,8,Reverse,96.4,4.0875,1
3231.28,57.834466166666665,12.307366166666668,57.834466488821896,12.307368726424308,2.725,2.5,2.5,0.18332974939820892,8,8,Reverse,95.6,4.0875,1
3232.29,57.83446633333333,12.307360666666666,57.834466411077614,12.307364696545486,2.725,2.5,2.5,0.19046444945489088,8,8,Reverse,95.3,4.0875,1
3233.27,57.834466000000006,12.307360166666667,57.83446620553881,12.307362431606077,2.725,2.5,2.5,0.17718073037862248,8,8,Reverse,94.2,4.0875,1
3234.26,57.834466000000006,12.307359333333332,57.83446610276941,12.307360882469705,2.725,2.5,2.5,0.21334492620861972,8,8,Reverse,94.1,4.0875,1
3235.28,57.834466166666665,12.307356166666667,57.834466134718035,12.307358524568185,2.725,2.5,2.5,0.1907448909282506,8,8,Reverse,93.8,4.0875,1
3236.24,57.83446566666667,12.307355166666666,57.83446590069235,12.307356845617425,2.725,2.5,2.5,0.2078170485398691,8,8,Reverse,93.5,4.0875,1
3237.24,57.834464833333335,12.307351000000002,57.83446536701285,12.307353922808714,2.725,2.5,2.5,0.21070832052163532,8,8,Reverse,93.6,4.0875,1
3238.24,57.834464,12.307349500000003,57.83446468350642,12.307351711404358,2.725,2.5,2.5,0.18645191030220623,8,8,Reverse,93.1,4.0875,1
3239.24,57.83446300000001,12.307344666666665,57.83446384175321,12.307348189035512,2.725,2.5,2.5,0.19629767885427768,8,8,Reverse,93.2,4.0875,1
3240.24,57.83446300000001,12.307342166666668,57.83446342087661,12.30734517785109,2.725,2.5,2.5,0.1751096365602673,8,8,Reverse,92.8,4.0875,1
3241.25,57.83446416666667,12.307340500000002,57.83446379377164,12.307342838925546,2.725,2.5,2.5,0.1882879658387663,8,8,Reverse,92.7,4.0875,1
3242.27,57.834465833333326,12.307341000000001,57.834464813552486,12.307341919462774,2.725,2.5,2.5,0.2713280274211024,8,8,Reverse,92.6,4.0875,1
3243.29,57.834465,12.307338,57.83446490677624,12.307339959731387,2.725,2.5,2.5,0.2258500184067044,8,8,Reverse,92.3,4.0875,1
3244.28,57.834463166666666,12.307336666666666,57.83446403672146,12.307338313199027,2.725,2.5,2.5,0.2146571337056621,8,8,Reverse,91.9,4.0875,1
3245.25,57.83446116666667,12.307333999999999,57.834462601694064,12.307336156599513,2.725,2.5,2.5,0.21199151397813476,8,8,Reverse,91.8,4.0875,1
3246.3,57.834460166666666,12.307333666666667,57.834461384180365,12.30733491163309,2.725,2.5,2.5,0.20073019158630948,8,8,Reverse,91.7,4.0875,1
3247.25,57.834458,12.307329666666666,57.83445969209018,12.307332289149878,2.725,2.5,2.5,0.14765186779370834,8,8,Reverse,91.7,4.0875,1
3248.27,57.83445516666667,12.307324999999999,57.834457429378425,12.307328644574937,2.725,2.5,2.5,0.19339194069127816,8,8,Reverse,91.1,4.0875,1
3249.26,57.83445216666667,12.307322166666665,57.83445479802255,12.307325405620801,2.725,2.5,2.5,0.24977326425331933,8,8,Reverse,90.8,4.0875,1
3250.25,57.83444783333333,12.307321833333333,57.83445131567794,12.307323619477067,2.725,2.5,2.5,0.34506487511877804,8,8,Reverse,90.4,4.0875,1
3251.29,57.83444716666666,12.3073205,57.8344492411723,12.307322059738533,2.725,2.5,2.5,0.29204954235175024,8,8,Reverse,90.4,4.0875,1
3252.24,57.83444666666666,12.307320166666667,57.83444795391948,12.307321113202601,2.725,2.5,2.5,0.238967448266725,8,8,Reverse,90.1,4.0875,1
3253.34,57.83444533333333,12.307318000000002,57.83444664362641,12.307319556601302,2.725,2.5,2.5,0.1917703267697396,8,8,Reverse,89.9,4.0875,1
3254.3,57.8344435,12.307315666666666,57.8344450718132,12.307317611633984,2.725,2.5,2.5,0.1623426754626006,8,8,Reverse,89.7,4.0875,1
3255.31,57.834442499999994,12.307315833333332,57.8344437859066,12.307316722483657,2.725,2.5,2.5,0.136551912945724,8,8,Reverse,89.4,4.0875,1
3256.29,57.8344405,12.3073175,57.8344421429533,12.30731711124183,2.725,2.5,2.5,0.1664532989092974,8,8,Reverse,89.5,4.0875,1
3257.26,57.83443783333334,12.307315666666666,57.834439988143316,12.307316388954247,2.725,2.5,2.5,0.21070072034092524,8,8,Reverse,89.8,4.0875,1
3258.24,57.83443666666667,12.307315000000001,57.834438327404996,12.307315694477124,2.725,2.5,2.5,0.19231553349417388,8,8,Reverse,89.4,4.0875,1
3259.24,57.83443583333333,12.3073155,57.83443708036916,12.307315597238562,2.725,2.5,2.5,0.17892099312849832,8,8,Reverse,89.0,4.0875,1
3260.3,57.83443583333333,12.30731633333333,57.83443645685124,12.307315965285946,2.725,2.5,2.5,0.17095786409926383,8,8,Reverse,89.0,4.0875,1
3261.26,57.834435666666664,12.307317333333334,57.83443606175896,12.30731664930964,2.725,2.5,2.5,0.20567583729751313,8,8,Reverse,89.1,4.0875,1
3262.28,57.834433833333335,12.307315666666666,57.83443494754614,12.307316157988152,2.725,2.5,2.5,0.1820746691922198,8,8,Reverse,89.1,4.0875,1
3263.27,57.83443183333334,12.307312999999999,57.83443339043974,12.307314578994076,2.75,2.5,2.5,0.156840738903886,8,8,Reverse,88.7,4.125,1
3264.25,57.83443066666667,12.307311833333332,57.83443202855321,12.307313206163704,2.75,2.5,2.5,0.12415142853760538,8,8,Reverse,88.4,4.125,1
3265.25,57.834432166666666,12.307313833333334,57.834432097609934,12.307313519748519,2.75,2.5,2.5,0.20215545787850508,8,8,Reverse,88.3,4.125,1
3266.34,57.83443033333333,12.307311166666667,57.83443121547163,12.307312343207593,2.75,2.5,2.5,0.21094429719411772,8,8,Reverse,88.4,4.125,1
3267.37,57.83443016666667,12.30731,57.83443069106915,12.307311171603796,2.75,2.5,2.5,0.20166827582428215,8,8,Reverse,88.3,4.125,1
3268.29,57.834429833333324,12.307308666666666,57.83443026220124,12.30730991913523,2.75,2.5,2.5,0.16657223060775225,8,8,Reverse,88.3,4.125,1
3269.3,57.83442916666666,12.307307500000002,57.83442971443395,12.307308709567616,2.75,2.5,2.5,0.141783435613887,8,8,Reverse,88.2,4.125,1
3270.24,57.83442883333334,12.307307500000002,57.83442927388364,12.307308104783809,2.75,2.5,2.5,0.13867718982603597,8,8,Reverse,87.9,4.125,1
3271.27,57.834428333333335,12.307307333333332,57.83442880360849,12.30730771905857,2.75,2.5,2.5,0.12304888192912686,8,8,Reverse,87.6,4.125,1
3272.31,57.834428333333335,12.307306833333334,57.83442856847091,12.307307276195953,2.75,2.5,2.5,0.09991425229064196,8,8,Reverse,87.6,4.125,1
3273.29,57.83442733333333,12.3073055,57.834427950902125,12.307306388097976,2.75,2.5,2.5,0.09677422915104952,8,8,Reverse,87.5,4.125,1
3274.25,57.83442749999999,12.307304166666665,57.83442772545106,12.307305277382321,2.75,2.5,2.5,0.07736867907240956,8,8,Reverse,87.2,4.125,1
3275.29,57.834430000000005,12.307303333333333,57.83442886272553,12.307304305357826,2.75,2.5,2.5,0.20908134774474024,8,8,Reverse,86.9,4.125,1
3276.26,57.83442916666666,12.307303166666667,57.83442901469609,12.307303736012248,2.75,2.5,2.5,0.2109405808117536,8,8,Reverse,86.7,4.125,1
3277.28,57.83442866666666,12.307299333333333,57.834428840681376,12.30730153467279,2.75,2.5,2.5,0.23773476097996504,8,8,Reverse,86.6,4.125,1
3278.27,57.83443016666667,12.307301333333331,57.83442950367402,12.30730143400306,3.05,2.5,2.5,0.24875434674605212,7,7,Reverse,86.4,4.574999999999999,1
3279.31,57.834429666666665,12.307301500000001,57.83442958517035,12.307301467001531,3.05,2.5,2.5,0.25489598871347036,7,7,Reverse,86.3,4.574999999999999,1
3280.3,57.83442766666667,12.307300000000001,57.834428625918505,12.307300733500766,3.05,2.5,2.5,0.2609933727522136,7,7,Reverse,86.0,4.574999999999999,1
3281.31,57.83442433333333,12.307302333333332,57.83442647962592,12.30730153341705,3.05,2.5,2.5,0.3212312516200036,7,7,Reverse,85.7,4.574999999999999,1
3282.29,57.83442216666667,12.307302666666665,57.834424323146294,12.307302100041857,3.05,2.5,2.5,0.44295427677088917,7,7,Reverse,85.5,4.574999999999999,1
3283.27,57.834419499999996,12.307302499999999,57.834421911573145,12.307302300020927,3.05,2.5,2.5,0.5843207709972458,7,7,Reverse,85.3,4.574999999999999,1
3284.29,57.83441916666667,12.307303166666667,57.83442053911991,12.307302733343798,3.05,2.5,2.5,0.5710999770706258,7,7,Reverse,85.5,4.574999999999999,1
3285.28,57.83441883333333,12.307305666666666,57.83441968622662,12.307304200005232,3.4499999999999997,2.5,2.5,0.5863243640047642,6,6,Reverse,85.2,5.175,1
3286.24,57.834415166666666,12.307306666666667,57.83441742644664,12.30730543333595,3.075,2.5,2.5,0.7224487500242841,7,7,Reverse,85.0,4.612500000000001,1
3287.27,57.834414,12.307306833333334,57.83441571322332,12.307306133334642,3.075,2.5,2.5,0.8299617333287787,7,7,Reverse,85.0,4.612500000000001,1
3288.24,57.83441233333333,12.307308833333332,57.83441402327833,12.307307483333986,3.075,2.5,2.5,0.8626984782327567,7,7,Reverse,84.9,4.612500000000001,1
3289.28,57.83441366666666,12.307308166666667,57.834413844972495,12.307307825000327,3.075,2.5,2.5,0.7694259014513903,7,7,Reverse,84.8,4.612500000000001,1
3290.25,57.83441283333333,12.307309000000002,57.83441333915292,12.307308412500165,3.075,2.5,2.5,0.7765103869374488,7,7,Reverse,84.5,4.612500000000001,1
3291.27,57.83441183333333,12.307305666666666,57.83441258624312,12.307307039583415,3.075,2.5,2.5,0.8887445835561822,7,7,Reverse,84.5,4.612500000000001,1
3292.25,57.83441333333334,12.307304333333331,57.83441295978823,12.307305686458372,3.075,2.5,2.5,0.7485022807276879,7,7,Reverse,84.5,4.612500000000001,1
3293.24,57.83441183333333,12.307304500000003,57.83441239656078,12.307305093229187,3.075,2.5,2.5,0.6102856059731773,7,7,Reverse,84.3,4.612500000000001,1
3294.25,57.83441216666667,12.307305333333334,57.83441228161372,12.30730521328126,3.075,2.5,2.5,0.5380004257825677,7,7,Reverse,84.5,4.612500000000001,1
3295.27,57.83441200000001,12.3073055,57.83441214080686,12.307305356640631,3.075,2.5,2.5,0.47470655558421215,7,7,Reverse,84.3,4.612500000000001,1
3296.27,57.83441266666667,12.307306166666669,57.83441240373677,12.30730576165365,3.075,2.5,2.5,0.4154267698494428,7,7,Reverse,84.1,4.612500000000001,1
3297.29,57.834414,12.307306500000001,57.83441320186839,12.307306130826825,3.075,2.5,2.5,0.3240541784067986,7,7,Reverse,83.9,4.612500000000001,1
3298.27,57.834416,12.3073055,57.83441460093419,12.307305815413413,2.75,2.5,2.5,0.26360609953366254,8,8,Reverse,83.7,4.125,1
3299.25,57.83441566666667,12.307303000000001,57.834415133800434,12.307304407706706,2.75,2.5,2.5,0.19719455652081702,8,8,Reverse,83.6,4.125,1
3300.29,57.83441500000001,12.307301166666665,57.83441506690022,12.307302787186686,2.75,2.5,2.5,0.16123441822804635,8,8,Reverse,83.4,4.125,1
3301.27,57.83441549999999,12.307300999999999,57.834415283450106,12.307301893593342,2.75,2.5,2.5,0.12457946517553124,8,8,Reverse,83.0,4.125,1
3302.26,57.834416833333336,12.307300000000001,57.83441605839172,12.307300946796673,2.75,2.5,2.5,0.12819168006872278,8,8,Reverse,82.9,4.125,1
3303.27,57.8344175,12.307298666666668,57.83441677919586,12.30729980673167,2.75,2.5,2.5,0.10614895003443109,8,8,Reverse,82.6,4.125,1
3304.3,57.834418166666666,12.307297166666668,57.834417472931264,12.30729848669917,2.75,2.5,2.5,0.0963565805558563,8,8,Reverse,82.4,4.125,1
3305.29,57.83441800000001,12.307296666666666,57.83441773646563,12.307297576682917,2.75,2.5,2.5,0.06892684849649316,8,8,Reverse,82.0,4.125,1
3306.29,57.83441866666667,12.307297000000002,57.83441820156615,12.30729728834146,2.75,2.5,2.5,0.10712300187462062,8,8,Reverse,81.9,4.125,1
3307.25,57.83441849999999,12.3072965,57.834418350783075,12.30729689417073,2.75,2.5,2.5,0.11186897188177276,8,8,Reverse,81.6,4.125,1
3308.29,57.83441833333333,12.307296000000001,57.8344183420582,12.307296447085365,2.75,2.5,2.5,0.0995795488009787,8,8,Reverse,81.3,4.125,1
3309.24,57.83441833333333,12.307296666666666,57.834418337695766,12.307296556876016,2.75,2.5,2.5,0.07376084350212961,8,8,Reverse,81.2,4.125,1
3310.29,57.83441849999999,12.307296166666667,57.83441841884788,12.307296361771341,2.75,2.5,2.5,0.07848048246466888,8,8,Reverse,81.3,4.125,1
3311.3,57.83441766666667,12.307295500000002,57.83441804275727,12.307295930885672,2.75,2.5,2.5,0.05894818016185919,8,8,Reverse,81.2,4.125,1
3312.28,57.8344175,12.307296166666667,57.83441777137864,12.30729604877617,2.75,2.5,2.5,0.057585242377963704,8,8,Reverse,80.9,4.125,1
3313.27,57.83441716666666,12.307294833333334,57.83441746902265,12.307295441054752,2.75,2.5,2.5,0.07252178775375395,8,8,Reverse,80.7,4.125,1
3314.24,57.83441716666666,12.307295166666666,57.834417317844654,12.307295303860709,2.75,2.5,2.5,0.05570822805729618,8,8,Reverse,80.5,4.125,1
3315.3,57.83441666666666,12.307294500000001,57.83441699225566,12.307294901930355,2.75,2.5,2.5,0.08611254817904093,8,8,Reverse,80.6,4.125,1
3316.26,57.83441483333333,12.307292166666665,57.83441591279449,12.307293534298509,2.75,2.5,2.5,0.2981832530756312,8,8,Reverse,80.8,4.125,1
3317.3,57.83441366666666,12.307289333333332,57.83441478973058,12.307291433815921,2.75,2.5,2.5,0.44368477635382514,8,8,Reverse,80.8,4.125,1
3318.31,57.83441483333333,12.307290666666665,57.83441481153195,12.307291050241293,2.75,2.5,2.5,0.3848083586915213,8,8,Reverse,80.8,4.125,1
3319.27,57.83441433333334,12.307290499999999,57.83441457243265,12.307290775120645,2.75,2.5,2.5,0.35285915511601584,8,8,Reverse,81.2,4.125,1
3320.32,57.83441433333334,12.307291000000001,57.834414452882996,12.307290887560324,2.75,2.5,2.5,0.2959252848813856,8,8,Reverse,81.4,4.125,1
3321.32,57.83441366666666,12.307291000000001,57.83441405977483,12.307290943780162,2.75,2.5,2.5,0.27500412073297326,8,8,Reverse,81.4,4.125,1
3322.31,57.8344135,12.307289333333332,57.83441377988741,12.307290138556747,2.75,2.5,2.5,0.265975987781723,8,8,Reverse,81.4,4.125,1
3323.27,57.8344135,12.3072875,57.834413639943705,12.307288819278373,2.75,2.5,2.5,0.2309449253643878,8,8,Reverse,81.1,4.125,1
3324.29,57.8344135,12.307285666666667,57.83441356997185,12.30728724297252,2.75,2.5,2.5,0.21663327167823454,8,8,Reverse,80.9,4.125,1
3325.27,57.83441366666666,12.307282833333334,57.83441361831925,12.307285038152926,2.75,2.5,2.5,0.22552879061552633,8,8,Reverse,80.8,4.125,1
3326.24,57.83441366666666,12.307280333333331,57.83441364249296,12.307282685743129,2.75,2.5,2.5,0.23746535702739366,8,8,Reverse,80.5,4.125,1
3327.29,57.834414,12.307279833333332,57.83441382124648,12.30728125953823,2.75,2.5,2.5,0.21436858840561532,8,8,Reverse,80.3,4.125,1
3328.25,57.83441500000001,12.307280666666667,57.834414410623246,12.30728096310245,2.75,2.5,2.5,0.20045906812784958,8,8,Reverse,80.1,4.125,1
3329.24,57.83441500000001,12.307276000000002,57.83441470531162,12.307278481551226,2.75,2.5,2.5,0.2821111952558311,8,8,Reverse,80.0,4.125,1
3330.25,57.83441533333333,12.307275333333333,57.83441501932248,12.30727690744228,2.75,2.5,2.5,0.28877130805239254,8,8,Reverse,79.7,4.125,1
3331.25,57.83441549999999,12.307272666666666,57.834415259661235,12.307274787054473,2.75,2.5,2.5,0.34856293329234284,8,8,Reverse,79.7,4.125,1
3332.25,57.834415166666666,12.307269833333331,57.83441521316395,12.307272310193902,2.75,2.5,2.5,0.3947145766702544,8,8,Reverse,79.5,4.125,1
3333.27,57.834416499999996,12.307275333333333,57.83441585658198,12.307273821763618,2.75,2.5,2.5,0.38099111375791417,8,8,Reverse,79.4,4.125,1
3334.25,57.834416833333336,12.307275666666666,57.83441634495765,12.30727474421514,2.75,2.5,2.5,0.29631947413050863,8,8,Reverse,79.5,4.125,1
3335.24,57.83441666666666,12.307276666666667,57.83441650581216,12.307275705440905,2.75,2.5,2.5,0.2760002117785989,8,8,Reverse,79.3,4.125,1
3336.26,57.834416499999996,12.307278333333333,57.83441650290608,12.307277019387119,2.75,2.5,2.5,0.3691808817748788,8,8,Reverse,79.0,4.125,1
3337.28,57.83441583333333,12.307277333333332,57.8344161681197,12.307277176360225,2.75,2.5,2.5,0.3847988226029417,8,8,Reverse,78.8,4.125,1
3338.26,57.83441583333333,12.307279666666666,57.83441600072652,12.307278421513445,2.75,2.5,2.5,0.37956507613012963,8,8,Reverse,78.6,4.125,1
3339.31,57.834416,12.307279666666666,57.834416000363255,12.307279044090055,3.05,2.5,2.5,0.36453333470678184,7,7,Reverse,78.5,4.574999999999999,1
3340.29,57.83441549999999,12.307278166666666,57.83441575018163,12.307278605378361,3.05,2.5,2.5,0.35714140071090933,7,7,Reverse,78.3,4.574999999999999,1
3341.27,57.83441733333334,12.307278499999999,57.834416541757484,12.30727855268918,3.05,2.5,2.5,0.4479199217138854,7,7,Reverse,78.0,4.574999999999999,1
3342.29,57.83441500000001,12.307277833333334,57.83441577087874,12.307278193011257,3.05,2.5,2.5,0.3981612529801042,7,7,Reverse,77.9,4.574999999999999,1
3343.24,57.8344135,12.307264166666668,57.83441463543937,12.307271179838963,3.05,2.5,2.5,0.5861108944612667,7,7,Reverse,77.6,4.574999999999999,1
3344.24,57.83441033333334,12.307262,57.834412484386355,12.30726658991948,3.05,2.5,2.5,0.6840296272019332,7,7,Reverse,77.1,4.574999999999999,1
3345.25,57.83441333333334,12.307257333333332,57.834412908859846,12.307261961626407,3.05,2.5,2.5,0.7653345146919359,7,7,Reverse,76.8,4.574999999999999,1
3346.26,57.83441533333333,12.307254499999999,57.834414121096586,12.307258230813202,3.05,2.5,2.5,0.8145457799458552,7,7,Reverse,76.7,4.574999999999999,1
3347.29,57.83441466666667,12.307256166666665,57.83441439388163,12.307257198739935,3.05,2.5,2.5,0.7216840270030668,7,7,Reverse,76.6,4.574999999999999,1
3348.24,57.834416499999996,12.3072585,57.83441544694081,12.307257849369966,3.05,2.5,2.5,0.6694163684415105,7,7,Reverse,76.2,4.574999999999999,1
3349.24,57.83441666666666,12.30727133333333,57.83441605680374,12.307264591351649,3.05,2.5,2.5,0.7584760916827591,7,7,Reverse,76.1,4.574999999999999,1
3350.28,57.834413833333336,12.307269333333332,57.83441494506854,12.30726696234249,3.05,2.5,2.5,0.7206892686270445,7,7,Reverse,75.9,4.574999999999999,1
3351.25,57.834414,12.307265,57.83441447253427,12.307265981171245,3.05,2.5,2.5,0.6092566701739002,7,7,Reverse,75.7,4.574999999999999,1
3352.25,57.83441083333334,12.307255333333334,57.8344126529338,12.30726065725229,3.05,2.5,2.5,0.7572310094931024,7,7,Reverse,75.6,4.574999999999999,1
3353.24,57.83440466666666,12.307256833333334,57.83440865980023,12.307258745292811,3.05,2.5,2.5,0.8445366021441159,7,7,Reverse,75.5,4.574999999999999,1
3354.31,57.83439816666667,12.307256500000001,57.83440341323345,12.307257622646407,3.05,2.5,2.5,1.0574882975827706,7,7,Reverse,75.5,4.574999999999999,1
3355.24,57.83439333333334,12.307262333333332,57.83439837328339,12.307259977989869,3.05,2.5,2.5,1.2050531464696344,7,7,Reverse,75.4,4.574999999999999,1
3356.24,57.834390666666664,12.307260333333334,57.83439451997503,12.307260155661602,3.05,2.5,2.5,1.2691451142132653,7,7,Reverse,75.2,4.574999999999999,1
3357.24,57.83438866666667,12.307257666666665,57.83439159332085,12.307258911164134,3.05,2.5,2.5,1.273125677787069,7,7,Reverse,75.1,4.574999999999999,1
3358.25,57.834387166666666,12.307249166666669,57.83438937999376,12.307254038915401,3.05,2.5,2.5,1.2851450892616092,7,7,Reverse,75.3,4.574999999999999,1
3359.35,57.834385999999995,12.307245166666666,57.83438768999687,12.307249602791034,3.05,2.5,2.5,1.1626778004152936,7,7,Reverse,75.0,4.574999999999999,1
3360.25,57.83438383333334,12.307238166666666,57.83438576166511,12.30724388472885,3.05,2.5,2.5,1.1430689879618516,7,7,Reverse,74.8,4.574999999999999,1
3361.29,57.83438383333334,12.307237333333335,57.834384797499226,12.307240609031092,3.05,2.5,2.5,1.141994002744606,7,7,Reverse,74.6,4.574999999999999,1
3362.26,57.83438816666667,12.307240166666668,57.83438648208295,12.30724038784888,3.05,2.5,2.5,1.1245581174347457,7,7,Reverse,74.7,4.574999999999999,1
3363.23,57.834391833333335,12.307242,57.83438915770814,12.30724119392444,3.05,2.5,2.5,1.191613992343389,7,7,Reverse,74.5,4.574999999999999,1
3364.26,57.834390500000005,12.307248166666666,57.83438982885407,12.307244680295552,3.05,2.5,2.5,1.1428978444987101,7,7,Reverse,74.2,4.574999999999999,1
3365.27,57.83439033333334,12.307251166666667,57.83439008109371,12.30724792348111,3.05,2.5,2.5,1.070614107710648,7,7,Reverse,74.3,4.574999999999999,1
3366.24,57.83438816666667,12.307245666666665,57.834389123880186,12.307246795073887,3.05,2.5,2.5,1.017820680457468,7,7,Reverse,74.3,4.574999999999999,1
3367.24,57.83439166666667,12.307242333333333,57.83439039527343,12.30724456420361,3.05,2.5,2.5,0.9418922736366445,7,7,Reverse,74.2,4.574999999999999,1
3368.26,57.83439116666667,12.307238666666668,57.83439078097005,12.307241615435139,3.05,2.5,2.5,0.8368655579814499,7,7,Reverse,74.2,4.574999999999999,1
3369.25,57.83438983333334,12.307236333333332,57.83439030715169,12.307238974384235,3.05,2.5,2.5,0.7839178442271001,7,7,Reverse,74.2,4.574999999999999,1
3370.25,57.83439333333334,12.307233333333333,57.834391820242516,12.307236153858785,3.05,2.5,2.5,0.7422780834168656,7,7,Reverse,74.3,4.574999999999999,1
3371.24,57.834394,12.307231833333333,57.83439291012126,12.307233993596059,3.05,2.5,2.5,0.7207638366010807,7,7,Reverse,74.2,4.574999999999999,1
3372.25,57.834395166666674,12.307228000000002,57.83439403839397,12.30723099679803,3.05,2.5,2.5,0.7262966364230351,7,7,Reverse,74.0,4.574999999999999,1
3373.26,57.83439633333334,12.307229833333334,57.834395185863656,12.307230415065682,3.05,2.5,2.5,0.7259143341382608,7,7,Reverse,73.9,4.574999999999999,1
3374.3,57.83439866666666,12.307238166666666,57.83439692626516,12.307234290866175,3.05,2.5,2.5,0.6047671040292445,7,7,Reverse,73.9,4.574999999999999,1
3375.24,57.8343985,12.307240833333333,57.834397713132574,12.307237562099754,3.05,2.5,2.5,0.49123094704039755,7,7,Reverse,73.9,4.574999999999999,1
3376.25,57.8343955,12.307237666666667,57.83439660656629,12.30723761438321,3.15,2.5,2.5,0.5667649397046768,6,6,Reverse,73.9,4.725,1
3377.24,57.834396166666664,12.307232833333334,57.834396386616476,12.307235223858273,3.15,2.5,2.5,0.5384031038126218,6,6,Reverse,73.9,4.725,1
3378.24,57.834396166666664,12.3072305,57.83439627664157,12.307232861929135,3.15,2.5,2.5,0.5829574716392537,6,6,Reverse,73.9,4.725,1
3379.26,57.834397833333334,12.307237833333334,57.834397054987456,12.307235347631234,3.15,2.5,2.5,0.5557200212135321,6,6,Reverse,73.8,4.725,1
3380.26,57.83439966666666,12.307241833333334,57.83439836082706,12.307238590482285,3.15,2.5,2.5,0.4216707609328933,6,6,Reverse,73.7,4.725,1
3381.24,57.834399,12.307234666666666,57.83439868041353,12.307236628574476,3.15,2.5,2.5,0.35764303212668974,6,6,Reverse,73.6,4.725,1
3382.28,57.83439833333333,12.307233499999999,57.83439850687343,12.307235064287237,3.15,2.5,2.5,0.35270898617658253,6,6,Reverse,73.5,4.725,1
3383.29,57.83439883333334,12.307234333333334,57.83439867010338,12.307234698810285,3.175,2.5,2.5,0.32221605467403674,6,6,Reverse,73.4,4.762499999999999,1
3384.25,57.83440083333333,12.307229333333332,57.83439975171836,12.307232016071808,3.05,2.5,2.5,0.3035831246453028,7,7,Reverse,73.5,4.574999999999999,1
3385.25,57.834403,12.307230166666667,57.83440137585918,12.307231091369237,3.05,2.5,2.5,0.2842780354196962,7,7,Reverse,73.3,4.574999999999999,1
3386.25,57.83440416666667,12.307241,57.83440277126293,12.307236045684618,3.05,2.5,2.5,0.26730150946368847,7,7,Reverse,73.5,4.574999999999999,1
3387.28,57.83440583333333,12.307235666666667,57.834404302298125,12.307235856175643,3.05,2.5,2.5,0.28188015632856067,7,7,Reverse,73.6,4.574999999999999,1
3388.28,57.83440583333333,12.307236,57.83440506781573,12.307235928087822,3.05,2.5,2.5,0.3103505044538034,7,7,Reverse,74.1,4.574999999999999,1
3389.26,57.83440816666666,12.307238,57.83440661724119,12.307236964043911,3.175,2.5,2.5,0.3328957684960534,6,6,Reverse,74.1,4.762499999999999,1
3390.27,57.8344085,12.307230833333332,57.8344075586206,12.30723389868862,3.05,2.5,2.5,0.412452529413458,7,7,Reverse,74.4,4.574999999999999,1
3391.26,57.834413,12.307240833333333,57.8344102793103,12.307237366010977,3.05,2.5,2.5,0.4348082264369536,7,7,Reverse,74.6,4.574999999999999,1
3392.24,57.834413,12.307238333333332,57.83441163965515,12.307237849672156,2.75,2.5,2.5,0.4998719119580785,8,8,Reverse,74.7,4.125,1
3393.24,57.8344135,12.307245833333331,57.83441256982757,12.307241841502742,2.75,2.5,2.5,0.42117882696261566,8,8,Reverse,75.0,4.125,1
3394.25,57.834414,12.307255999999999,57.834413284913786,12.307248920751372,2.75,2.5,2.5,0.3887804513364626,8,8,Reverse,75.1,4.125,1
3395.26,57.83441483333333,12.307265833333334,57.83441405912356,12.307257377042353,2.75,2.5,2.5,0.3447969239934981,8,8,Reverse,75.1,4.125,1
3396.27,57.83441549999999,12.307269,57.834414779561776,12.307263188521176,2.75,2.5,2.5,0.34544452687591154,8,8,Reverse,75.2,4.125,1
3397.28,57.83441633333334,12.307272833333332,57.83441555644755,12.307268010927254,2.75,2.5,2.5,0.3469611682951872,8,8,Reverse,75.6,4.125,1
3398.27,57.83441716666666,12.307274333333332,57.83441636155711,12.307271172130292,2.75,2.5,2.5,0.300219422288562,8,8,Reverse,75.9,4.125,1
3399.24,57.834417833333326,12.307275,57.83441709744522,12.307273086065146,2.75,2.5,2.5,0.32606054699385767,8,8,Reverse,76.2,4.125,1
3400.27,57.83441666666666,12.307279666666666,57.83441688205594,12.307276376365907,2.75,2.5,2.5,0.33890745941714195,8,8,Reverse,76.4,4.125,1
3401.96,57.83441549999999,12.307280166666665,57.83441619102796,12.307278271516285,2.75,2.5,2.5,0.35478694576005737,8,8,Reverse,76.5,4.125,1
3402.36,57.834414,12.307283666666669,57.83441509551398,12.307280969091478,2.75,2.5,2.5,0.3739501909212682,8,8,Reverse,76.5,4.125,1
3403.34,57.83441533333333,12.307278666666665,57.83441521442366,12.30727981787907,2.75,2.5,2.5,0.436388432433631,8,8,Reverse,76.5,4.125,1
3404.31,57.8344175,12.307279833333332,57.83441635721183,12.307279825606201,2.75,2.5,2.5,0.49171109000876745,8,8,Reverse,76.8,4.125,1
3405.32,57.834419499999996,12.307273166666668,57.834417928605916,12.307276496136435,2.75,2.5,2.5,0.6183887919540175,8,8,Reverse,76.8,4.125,1
3406.34,57.834424166666665,12.307276333333334,57.83442104763629,12.307276414734885,3.05,2.5,2.5,0.7557309203682898,7,7,Reverse,76.9,4.574999999999999,1
3407.29,57.83443166666666,12.307281666666665,57.83442635715147,12.307279040700775,2.75,2.5,2.5,1.0789904790521732,8,8,Reverse,77.1,4.125,1
3408.26,57.834432,12.307280833333333,57.83442917857574,12.307279937017054,3.05,2.5,2.5,1.1608747301997082,7,7,Reverse,77.1,4.574999999999999,1
3409.29,57.83443483333334,12.307284666666666,57.83443200595454,12.30728230184186,3.05,2.5,2.5,1.2892955719558545,7,7,Reverse,77.2,4.574999999999999,1
3410.28,57.834437333333334,12.3072845,57.83443466964393,12.30728340092093,3.05,2.5,2.5,1.3119526619953894,7,7,Reverse,76.8,4.574999999999999,1
3411.29,57.834439833333334,12.307283333333332,57.83443725148864,12.30728336712713,3.05,2.5,2.5,1.343278811962044,7,7,Reverse,76.9,4.574999999999999,1
3412.29,57.83444333333333,12.307289166666665,57.83444029241098,12.307286266896899,3.05,2.5,2.5,1.414147929025589,7,7,Reverse,76.8,4.574999999999999,1
3413.28,57.83444183333333,12.3072855,57.83444106287216,12.307285883448449,3.05,2.5,2.5,1.2602736835629316,7,7,Reverse,76.7,4.574999999999999,1
3414.25,57.83444299999999,12.307285000000002,57.834442031436076,12.307285441724225,2.75,2.5,2.5,1.1094542405676753,8,8,Reverse,76.7,4.125,1
3415.3,57.834443166666674,12.307284333333333,57.83444259905137,12.30728488752878,2.75,2.5,2.5,0.9712996061269973,8,8,Reverse,76.6,4.125,1
3416.29,57.834445833333334,12.307274333333332,57.83444421619235,12.307279610431056,2.75,2.5,2.5,0.9123289209990827,8,8,Reverse,76.4,4.125,1
3417.31,57.83444433333334,12.307258000000001,57.834444274762845,12.307268805215529,3.05,2.5,2.5,1.0550414816630636,7,7,Reverse,76.1,4.574999999999999,1
3418.33,57.834445499999994,12.307252000000002,57.83444488738142,12.307260402607765,3.05,2.5,2.5,1.0481179736531263,7,7,Reverse,75.9,4.574999999999999,1
3419.5,57.834445499999994,12.307239833333332,57.834445193690705,12.307250117970549,3.05,2.5,2.5,1.0970145296470095,7,7,Reverse,75.6,4.574999999999999,1
3420.4,57.83444299999999,12.307236499999998,57.83444409684535,12.307243308985273,3.05,2.5,2.5,1.0673541428022648,7,7,Reverse,75.5,4.574999999999999,1
3421.31,57.83445016666666,12.307246833333332,57.83444713175601,12.307245071159302,3.05,2.5,2.5,1.0632373371037958,7,7,Reverse,75.6,4.574999999999999,1
3422.31,57.834447,12.307258666666666,57.834447065878,12.307251868912985,3.05,2.5,2.5,0.9629442693123093,7,7,Reverse,75.8,4.574999999999999,1
3423.28,57.83445,12.307251833333332,57.834448532939,12.307251851123159,3.05,2.5,2.5,0.8773170620280397,7,7,Reverse,75.8,4.574999999999999,1
3424.32,57.83444966666666,12.307251,57.834449099802825,12.30725142556158,3.05,2.5,2.5,0.7998143491313109,7,7,Reverse,75.7,4.574999999999999,1
3425.31,57.83444899999999,12.307250666666668,57.83444904990141,12.307251046114123,3.05,2.5,2.5,0.7453320534124401,7,7,Reverse,75.5,4.574999999999999,1
3426.29,57.8344505,12.307256333333331,57.834449774950706,12.307253689723728,3.05,2.5,2.5,0.7246382760166474,7,7,Reverse,75.2,4.574999999999999,1
3427.29,57.8344465,12.307251666666666,57.834448137475356,12.307252678195196,3.05,2.5,2.5,0.5965502656413437,7,7,Reverse,75.3,4.574999999999999,1
3428.33,57.834445499999994,12.307237000000002,57.834446818737675,12.3072448390976,3.05,2.5,2.5,0.7063150441532653,7,7,Reverse,75.4,4.574999999999999,1
3429.26,57.83444566666667,12.307239000000001,57.83444624270217,12.307241919548801,3.05,2.5,2.5,0.6827204200110734,7,7,Reverse,75.3,4.574999999999999,1
3430.26,57.83444299999999,12.307243833333333,57.83444462135108,12.307242876441066,3.05,2.5,2.5,0.5801539305642798,7,7,Reverse,75.4,4.574999999999999,1
3431.27,57.83443766666666,12.307245166666666,57.83444114400887,12.307244021553867,3.05,2.5,2.5,0.630028172198184,7,7,Reverse,75.3,4.574999999999999,1
3432.27,57.83443783333334,12.307257499999999,57.8344394886711,12.307250760776933,3.05,2.5,2.5,0.7513022200984738,7,7,Reverse,75.6,4.574999999999999,1
3433.3,57.83443916666667,12.307266166666667,57.83443932766889,12.3072584637218,3.05,2.5,2.5,0.8789239281656285,7,7,Reverse,75.4,4.574999999999999,1
3434.37,57.834438500000005,12.3072735,57.83443891383445,12.3072659818609,3.05,2.5,2.5,0.9890685319801951,7,7,Reverse,75.0,4.574999999999999,1
3435.27,57.83443166666666,12.307284166666667,57.83443529025055,12.307275074263783,3.05,2.5,2.5,1.165525071164168,7,7,Reverse,75.0,4.574999999999999,1
3436.29,57.83442433333333,12.307284166666667,57.83442981179194,12.307279620465225,3.05,2.5,2.5,1.290479412725988,7,7,Reverse,74.8,4.574999999999999,1
3437.33,57.83442,12.307291333333334,57.83442490589597,12.30728547689928,3.05,2.5,2.5,1.4067951074952558,7,7,Reverse,74.7,4.574999999999999,1
3438.28,57.83441633333334,12.3072995,57.834420619614654,12.30729248844964,3.05,2.5,2.5,1.5332113886691177,7,7,Reverse,74.6,4.574999999999999,1
3439.31,57.83440766666666,12.307307333333332,57.834414143140656,12.307299910891485,3.05,2.5,2.5,1.8274784854219241,7,7,Reverse,74.6,4.574999999999999,1
3440.27,57.83440683333333,12.307300333333334,57.83441048823699,12.30730012211241,3.05,2.5,2.5,1.8623689715229415,7,7,Reverse,74.4,4.574999999999999,1
3441.31,57.83440333333333,12.307309166666668,57.83440691078516,12.30730464438954,3.05,2.5,2.5,1.927336466265054,7,7,Reverse,74.6,4.574999999999999,1
3442.29,57.83440166666666,12.307301166666665,57.834404288725906,12.307302905528102,3.05,2.5,2.5,1.8919653103315681,7,7,Reverse,74.6,4.574999999999999,1
3443.7,57.83440433333333,12.307309000000002,57.83440431102962,12.307305952764052,3.05,2.5,2.5,1.7839754259463783,7,7,Reverse,74.7,4.574999999999999,1
3444.31,57.83441200000001,12.3073125,57.834408155514815,12.307309226382026,3.075,2.5,2.5,1.5249132671142376,7,7,Reverse,74.8,4.612500000000001,1
3445.31,57.83440933333333,12.307305333333334,57.834408744424074,12.30730727985768,3.075,2.5,2.5,1.5770735499944257,7,7,Reverse,74.8,4.612500000000001,1
3446.28,57.8344055,12.3073095,57.834407122212035,12.30730838992884,3.7,2.5,2.5,1.557817096314714,6,6,Reverse,75.0,5.550000000000001,1
3447.29,57.8344085,12.307300333333334,57.83440781110602,12.307304361631086,3.075,2.5,2.5,1.5357147937547262,7,7,Reverse,75.0,4.612500000000001,1
3448.3,57.834414,12.307303000000001,57.834410905553014,12.307303680815544,3.075,2.5,2.5,1.311073624036478,7,7,Reverse,74.8,4.612500000000001,1
3449.25,57.83441416666666,12.30729383333333,57.83441253610984,12.307298757074438,3.075,2.5,2.5,1.2717227910837627,7,7,Reverse,74.8,4.612500000000001,1
3450.32,57.83440900000001,12.307297666666667,57.83441076805492,12.307298211870553,3.075,2.5,2.5,1.1887764302742359,7,7,Reverse,74.5,4.612500000000001,1
3451.28,57.83440516666666,12.307291833333332,57.83440796736079,12.307295022601942,3.075,2.5,2.5,1.280564599307286,7,7,Reverse,74.7,4.612500000000001,1
3452.28,57.83440633333333,12.307288999999999,57.83440715034706,12.307292011300971,3.075,2.5,2.5,1.311257346956238,7,7,Reverse,74.6,4.612500000000001,1
3453.28,57.834426833333325,12.307295833333335,57.83441699184019,12.307293922317152,3.075,2.5,2.5,1.378687726169559,7,7,Reverse,74.6,4.612500000000001,1
3454.28,57.8344465,12.307312000000001,57.83443174592009,12.307302961158577,2.75,2.5,2.5,1.2588020268030857,8,8,Reverse,76.1,4.125,1
3455.3,57.83445783333333,12.307331333333332,57.834444789626716,12.307317147245955,2.75,2.5,2.5,0.9681142600108572,8,8,Reverse,77.4,4.125,1
3456.32,57.834463166666666,12.307354000000002,57.83445397814669,12.307335573622979,2.75,2.5,2.5,1.0443899132236103,8,8,Reverse,78.3,4.125,1
3457.26,57.83447533333333,12.3073695,57.83446465574001,12.30735253681149,2.75,2.5,2.5,1.0549084943200329,8,8,Reverse,79.1,4.125,1
3458.28,57.834490833333334,12.307383,57.83447774453667,12.307367768405744,2.7750000000000004,2.5,2.5,0.9407304446106024,8,8,Reverse,79.8,4.1625000000000005,1
3459.26,57.83450866666667,12.307399000000002,57.834493205601675,12.307383384202874,2.7750000000000004,2.5,2.5,0.9614240361605796,8,8,Reverse,80.9,4.1625000000000005,1
3460.23,57.834520000000005,12.307407666666666,57.834506602800836,12.30739552543477,3.4749999999999996,2.5,2.5,0.8771124022445282,7,7,Reverse,81.9,5.2124999999999995,1
3461.27,57.83453516666667,12.307420500000001,57.834520884733756,12.307408012717385,3.4749999999999996,2.5,2.5,0.8966755445300536,7,7,Reverse,82.8,5.2124999999999995,1
3462.26,57.83452883333333,12.307437,57.83452485903354,12.307422506358693,3.4749999999999996,2.5,2.5,0.9438966350801409,7,7,Reverse,83.5,5.2124999999999995,1
3463.26,57.834526499999996,12.307447999999999,57.834525679516766,12.307435253179346,3.4749999999999996,2.5,2.5,1.1864187749271349,7,7,Reverse,84.4,5.2124999999999995,1
3464.25,57.83454,12.307453833333334,57.83453283975838,12.30744454325634,3.4749999999999996,2.5,2.5,1.1246911057037328,7,7,Reverse,85.1,5.2124999999999995,1
3465.26,57.8345365,12.307465666666667,57.83453466987919,12.307455104961504,3.4749999999999996,2.5,2.5,1.370187389120515,7,7,Reverse,85.9,5.2124999999999995,1
3466.24,57.834552,12.3074765,57.834543334939596,12.307465802480753,2.7750000000000004,2.5,2.5,1.31880916120364,8,8,Reverse,86.6,4.1625000000000005,1
3467.24,57.834558833333325,12.307481833333334,57.834551084136464,12.307473817907043,2.7750000000000004,2.5,2.5,1.1926072832846009,8,8,Reverse,87.3,4.1625000000000005,1
3468.26,57.83456733333334,12.307482999999998,57.8345592087349,12.30747840895352,3.075,2.5,2.5,1.001249519554868,7,7,Reverse,88.4,4.612500000000001,1
3469.24,57.834572166666675,12.3074885,57.83456568770079,12.30748345447676,3.075,2.5,2.5,0.9002914776940986,7,7,Reverse,89.2,4.612500000000001,1
3470.26,57.83458316666667,12.307491666666666,57.834574427183725,12.307487560571714,3.075,2.5,2.5,0.6978383692152414,7,7,Reverse,90.2,4.612500000000001,1
3471.41,57.8345825,12.307488666666666,57.83457846359187,12.30748811361919,3.075,2.5,2.5,0.7395953489291075,7,7,Reverse,91.0,4.612500000000001,1
3472.41,57.83458633333333,12.307489833333333,57.834582398462594,12.30748897347626,3.075,2.5,2.5,0.7174894234837176,7,7,Reverse,91.6,4.612500000000001,1
3473.25,57.83458016666667,12.307495166666667,57.834581282564635,12.307492070071465,2.7750000000000004,2.5,2.5,0.8997628472559065,8,8,Reverse,92.3,4.1625000000000005,1
3474.27,57.83457633333334,12.307495666666666,57.834578807948986,12.307493868369065,2.7750000000000004,2.5,2.5,1.169721751317477,8,8,Reverse,93.0,4.1625000000000005,1
3475.26,57.834576,12.307490166666666,57.83457740397449,12.307492017517866,2.7750000000000004,2.5,2.5,1.4296697315759146,8,8,Reverse,93.5,4.1625000000000005,1
3476.27,57.8345785,12.307492333333334,57.83457795198724,12.3074921754256,2.7750000000000004,2.5,2.5,1.5038515453571444,8,8,Reverse,93.8,4.1625000000000005,1
3477.25,57.83457766666667,12.307492166666668,57.83457780932696,12.307492171046134,2.7750000000000004,2.5,2.5,1.5598436278435441,8,8,Reverse,94.6,4.1625000000000005,1
3478.29,57.83457799999999,12.307494499999999,57.834577904663476,12.307493335523066,3.4749999999999996,2.5,2.5,1.5610183537425852,7,7,Reverse,94.8,5.2124999999999995,1
3479.25,57.83459116666666,12.3074955,57.834584535665066,12.307494417761534,3.4749999999999996,2.5,2.5,1.2727943722295163,7,7,Reverse,95.1,5.2124999999999995,1
3480.24,57.834598166666666,12.307497000000001,57.83459135116587,12.307495708880767,3.4749999999999996,2.5,2.5,1.0978069051523518,7,7,Reverse,95.8,5.2124999999999995,1
3481.25,57.83459633333334,12.307507666666668,57.8345938422496,12.307501687773717,3.4749999999999996,2.5,2.5,0.9275253551722258,7,7,Reverse,97.0,5.2124999999999995,1
3482.26,57.83459566666667,12.307515999999998,57.83459475445814,12.307508843886858,3.4749999999999996,2.5,2.5,0.9202705323562202,7,7,Reverse,97.4,5.2124999999999995,1
3483.27,57.83460066666667,12.307510833333334,57.8345977105624,12.307509838610097,3.4749999999999996,2.5,2.5,0.7786881497669698,7,7,Reverse,98.3,5.2124999999999995,1
3484.29,57.83460566666666,12.307517166666665,57.83460168861453,12.30751350263838,3.4749999999999996,2.5,2.5,0.6958516017000734,7,7,Reverse,98.7,5.2124999999999995,1
3485.29,57.834600833333326,12.307517166666665,57.834601260973926,12.307515334652523,3.4749999999999996,2.5,2.5,0.5922504340668456,7,7,Reverse,99.3,5.2124999999999995,1
3486.31,57.83459383333334,12.307523166666666,57.834597547153635,12.307519250659594,2.7750000000000004,2.5,2.5,0.7059424401674141,8,8,Reverse,99.5,4.1625000000000005,1
3487.28,57.83458949999999,12.307524666666666,57.834593523576814,12.30752195866313,2.7750000000000004,2.5,2.5,0.8731913373611837,8,8,Reverse,99.9,4.1625000000000005,1
3488.29,57.83459216666667,12.307527333333333,57.83459284512174,12.307524645998232,2.7750000000000004,2.5,2.5,0.9504291207318609,8,8,Reverse,100.5,4.1625000000000005,1
3489.32,57.8345915,12.307530166666668,57.83459217256087,12.307527406332449,3.4749999999999996,2.5,2.5,0.9683663582306583,7,7,Reverse,101.4,5.2124999999999995,1
3490.26,57.83458066666667,12.307528999999999,57.83458641961377,12.307528203166225,2.7750000000000004,2.5,2.5,1.2767082392680416,8,8,Reverse,101.9,4.1625000000000005,1
3491.25,57.83457866666666,12.307527999999998,57.834582543140215,12.307528101583111,2.7750000000000004,2.5,2.5,1.4462551787131313,8,8,Reverse,102.5,4.1625000000000005,1
3492.31,57.83457716666667,12.307533999999999,57.83457985490344,12.307531050791555,2.7750000000000004,2.5,2.5,1.469118403852632,8,8,Reverse,102.8,4.1625000000000005,1
3493.27,57.83457716666667,12.307533166666667,57.83457851078506,12.307532108729111,2.7750000000000004,2.5,2.5,1.3132135308425794,8,8,Reverse,103.1,4.1625000000000005,1
3494.29,57.83457166666667,12.307533833333332,57.83457508872586,12.307532971031222,2.7750000000000004,2.5,2.5,1.2322805989740857,8,8,Reverse,103.4,4.1625000000000005,1
3495.27,57.83457533333333,12.307530333333334,57.834575211029595,12.307531652182277,2.7750000000000004,2.5,2.5,1.0117353811094305,8,8,Reverse,103.7,4.1625000000000005,1
3496.27,57.834579500000004,12.307530333333334,57.8345773555148,12.307530992757806,2.7750000000000004,2.5,2.5,0.8614473329917877,8,8,Reverse,104.4,4.1625000000000005,1
3497.3,57.8345785,12.307528166666668,57.8345779277574,12.307529579712236,2.7750000000000004,2.5,2.5,0.7564119789213791,8,8,Reverse,104.7,4.1625000000000005,1
3498.61,57.83457116666667,12.307532666666669,57.834574547212036,12.307531123189452,2.7750000000000004,2.5,2.5,0.6880939167544726,8,8,Reverse,104.8,4.1625000000000005,1
3499.35,57.834570666666664,12.307532666666669,57.834572606939346,12.307531894928061,2.7750000000000004,2.5,2.5,0.5747665356362085,8,8,Reverse,105.0,4.1625000000000005,1
3500.3,57.834568833333336,12.307526833333334,57.83457072013634,12.307529364130698,2.7750000000000004,2.5,2.5,0.4677322861262341,8,8,Reverse,105.0,4.1625000000000005,1
3501.3,57.834567666666665,12.307533000000001,57.83456919340151,12.307531182065349,2.7750000000000004,2.5,2.5,0.43788494254016885,8,8,Reverse,104.8,4.1625000000000005,1
3502.31,57.83456833333333,12.3075245,57.834568763367415,12.307527841032675,3.0,2.5,2.5,0.5330661860960112,7,7,Reverse,105.3,4.5,1
3503.3,57.834564500000006,12.307522166666669,57.834566631683714,12.30752500384967,2.7750000000000004,2.5,2.5,0.5985431347075424,8,8,Reverse,105.1,4.1625000000000005,1
3504.28,57.834564500000006,12.307517499999998,57.83456556584186,12.307521251924834,3.0,2.5,2.5,0.8021821155962591,7,7,Reverse,105.2,4.5,1
3505.28,57.83455933333333,12.307510333333335,57.834562449587594,12.307515792629085,3.0,2.5,2.5,0.8572312401116896,7,7,Reverse,105.2,4.5,1
3506.35,57.83455466666666,12.307512333333333,57.83455855812713,12.307514062981209,3.0,2.5,2.5,0.8631495385635238,7,7,Reverse,105.3,4.5,1
3507.67,57.83454933333334,12.307518,57.834553945730235,12.307516031490605,3.0,2.5,2.5,0.9134679311010555,7,7,Reverse,105.2,4.5,1
3508.33,57.83454766666667,12.307511833333335,57.83455080619846,12.30751393241197,3.0,2.5,2.5,0.9691253682970487,7,7,Reverse,105.2,4.5,1
3509.28,57.834535833333334,12.307514166666666,57.83454331976589,12.307514049539318,3.0,2.5,2.5,1.0628774707607622,7,7,Reverse,105.0,4.5,1
3510.27,57.83453516666667,12.307513666666667,57.834539243216284,12.307513858102991,3.0,2.5,2.5,1.0892264650808676,7,7,Reverse,104.9,4.5,1
3511.27,57.83453216666667,12.307513833333333,57.83453570494147,12.307513845718162,3.0,2.5,2.5,1.1559933909893607,7,7,Reverse,104.5,4.5,1
3512.26,57.83452666666667,12.307517833333334,57.834531185804074,12.307515839525749,3.0,2.5,2.5,1.2810293577324718,7,7,Reverse,104.2,4.5,1
3513.27,57.83451466666667,12.307509666666666,57.83452292623537,12.307512753096207,3.0,2.5,2.5,1.2601453159162745,7,7,Reverse,104.0,4.5,1
3514.27,57.834509,12.3075135,57.83451596311768,12.307513126548104,3.0,2.5,2.5,1.2889971905068383,7,7,Reverse,104.1,4.5,1
3515.3,57.83450333333334,12.307509666666666,57.83450964822551,12.307511396607385,3.0,2.5,2.5,1.242226224397098,7,7,Reverse,104.1,4.5,1
3516.29,57.83449949999999,12.307499666666669,57.83450457411275,12.307505531637027,3.0,2.5,2.5,0.9793425985338354,7,7,Reverse,103.8,4.5,1
3517.28,57.83449516666666,12.307499333333332,57.834499870389706,12.30750243248518,3.0,2.5,2.5,0.8776789178025829,7,7,Reverse,103.7,4.5,1
3518.27,57.83449316666667,12.307493833333334,57.83449651852819,12.307498132909258,3.0,2.5,2.5,0.7787286620389721,7,7,Reverse,103.4,4.5,1
3519.29,57.834483,12.307483166666668,57.834489759264095,12.307490649787962,3.0,2.5,2.5,0.7618450993183177,7,7,Reverse,103.2,4.5,1
3520.28,57.83447383333334,12.307478833333334,57.83448179629872,12.307484741560648,3.0,2.5,2.5,0.8518368523637376,7,7,Reverse,102.9,4.5,1
3521.28,57.83447233333333,12.307464999999999,57.83447706481602,12.307474870780323,3.025,2.5,2.5,0.9025986867075525,7,7,Reverse,102.7,4.5375,1
3522.27,57.83446933333333,12.3074595,57.83447319907468,12.307467185390163,3.025,2.5,2.5,0.8333043802108145,7,7,Reverse,102.5,4.5375,1
3523.29,57.834470833333334,12.307459333333334,57.834472016204,12.307463259361748,3.025,2.5,2.5,0.7552367059413648,7,7,Reverse,102.4,4.5375,1
3524.27,57.83446949999999,12.307452166666668,57.834470758102,12.307457713014207,3.025,2.5,2.5,0.6531870931262109,7,7,Reverse,102.2,4.5375,1
3525.3,57.834467833333335,12.307458666666665,57.83446929571767,12.307458189840437,4.375,2.5,2.5,0.7558546061987762,6,6,Reverse,102.1,6.5625,1
3526.28,57.83446566666667,12.3074505,57.83446748119216,12.307454344920219,4.375,2.5,2.5,0.6801786245584068,6,6,Reverse,102.0,6.5625,1
3527.3,57.83445566666666,12.307438666666666,57.83446157392942,12.307446505793441,4.375,2.5,2.5,0.8342723799206718,6,6,Reverse,102.0,6.5625,1
3528.28,57.83446383333333,12.307431666666666,57.834462703631374,12.307439086230055,4.375,2.5,2.5,0.706035339752496,6,6,Reverse,101.9,6.5625,1
3529.35,57.8344655,12.307408166666669,57.83446410181568,12.307423626448362,4.375,2.5,2.5,0.9956561262663224,6,6,Reverse,101.8,6.5625,1
3530.32,57.834466000000006,12.307388833333334,57.834465050907845,12.307406229890848,4.375,2.5,2.5,1.3622989259126141,6,6,Reverse,101.6,6.5625,1
3531.36,57.83446000000001,12.307389666666666,57.83446252545393,12.307397948278757,4.375,2.5,2.5,1.3587248067627598,6,6,Reverse,101.4,6.5625,1
3532.38,57.8344625,12.307387166666668,57.834462512726965,12.307392557472712,3.025,2.5,2.5,1.2526810171685632,7,7,Reverse,101.2,4.5375,1
3533.38,57.8344625,12.307382333333331,57.83446250636348,12.307387445403021,3.025,2.5,2.5,1.1386461246376969,7,7,Reverse,101.0,4.5375,1
3534.32,57.83445716666667,12.307375000000002,57.83445983651507,12.307381222701512,3.025,2.5,2.5,1.117035148088212,7,7,Reverse,100.9,4.5375,1
3535.3,57.83446066666667,12.307383166666666,57.834460251590876,12.30738219468409,3.025,2.5,2.5,0.9114274099058493,7,7,Reverse,100.5,4.5375,1
3536.3,57.83446533333334,12.307372166666669,57.834462792462105,12.30737718067538,3.025,2.5,2.5,0.9345049835677945,7,7,Reverse,100.7,4.5375,1
3537.31,57.83446516666666,12.307364,57.83446397956438,12.307370590337689,3.025,2.5,2.5,1.0210796671867726,7,7,Reverse,100.5,4.5375,1
3538.28,57.8344685,12.307361666666669,57.834466239782195,12.30736612850218,3.025,2.5,2.5,1.0853457250301297,7,7,Reverse,100.4,4.5375,1
3539.29,57.834467833333335,12.3073695,57.83446703655776,12.307367814251089,3.025,2.5,2.5,0.9720146081584091,7,7,Reverse,100.5,4.5375,1
3540.3,57.83446716666667,12.307372833333334,57.83446710161222,12.307370323792211,3.025,2.5,2.5,0.9089510628719216,7,7,Reverse,100.6,4.5375,1
3541.29,57.83446349999999,12.307381666666666,57.8344653008061,12.307375995229439,3.025,2.5,2.5,0.9910207830397361,7,7,Reverse,100.4,4.5375,1
3542.28,57.83445933333334,12.307384166666669,57.83446231706972,12.307380080948054,3.025,2.5,2.5,1.0647743274085886,7,7,Reverse,100.1,4.5375,1
3543.29,57.8344565,12.307378666666667,57.83445940853486,12.307379373807361,3.025,2.5,2.5,1.0477577819922603,7,7,Reverse,99.9,4.5375,1
3544.28,57.83445933333334,12.307370666666667,57.834459370934105,12.307375020237014,2.7750000000000004,2.5,2.5,0.8988222485473208,8,8,Reverse,98.6,4.1625000000000005,1
3545.28,57.83446033333333,12.307372000000003,57.83445985213372,12.307373510118508,2.7750000000000004,2.5,2.5,0.89790736683234,8,8,Reverse,97.4,4.1625000000000005,1
3546.28,57.83445666666667,12.307359,57.83445825940019,12.307366255059254,2.7750000000000004,2.5,2.5,0.7239136619168764,8,8,Reverse,96.3,4.1625000000000005,1
3547.28,57.83445783333333,12.307354833333333,57.83445804636676,12.307360544196294,2.7750000000000004,2.5,2.5,0.7588187463302056,8,8,Reverse,95.1,4.1625000000000005,1
3548.29,57.83445166666667,12.307355500000002,57.834454856516714,12.307358022098148,2.7750000000000004,2.5,2.5,0.7244328097516312,8,8,Reverse,93.9,4.1625000000000005,1
3549.3,57.83444383333334,12.307345166666668,57.83444934492503,12.307351594382407,2.7750000000000004,2.5,2.5,0.7041574147579222,8,8,Reverse,93.0,4.1625000000000005,1
3550.3,57.834433833333335,12.307341833333332,57.834441589129185,12.30734671385787,2.7750000000000004,2.5,2.5,0.8629251452855493,8,8,Reverse,92.3,4.1625000000000005,1
3551.3,57.834433499999996,12.307337166666665,57.83443754456459,12.307341940262267,2.7750000000000004,2.5,2.5,0.798808043946111,8,8,Reverse,91.5,4.1625000000000005,1
3552.3,57.834434166666675,12.307331,57.83443585561563,12.307336470131133,2.7750000000000004,2.5,2.5,0.6946123474068715,8,8,Reverse,90.8,4.1625000000000005,1
3553.3,57.834435666666664,12.307324333333334,57.83443576114115,12.307330401732234,2.7750000000000004,2.5,2.5,0.714772242138594,8,8,Reverse,90.0,4.1625000000000005,1
3554.29,57.834444,12.307315833333332,57.83443988057057,12.307323117532784,2.7750000000000004,2.5,2.5,0.9908096089919045,8,8,Reverse,89.3,4.1625000000000005,1
3555.27,57.83444683333334,12.307312666666666,57.83444335695196,12.307317892099725,2.7750000000000004,2.5,2.5,1.1889510471241345,8,8,Reverse,89.0,4.1625000000000005,1
3556.26,57.8344405,12.307305666666666,57.834441928475975,12.307311779383195,2.7750000000000004,2.5,2.5,1.1251128652362652,8,8,Reverse,88.4,4.1625000000000005,1
3557.25,57.834445833333334,12.307302833333331,57.83444388090466,12.307307306358263,2.7750000000000004,2.5,2.5,1.1508712458501111,8,8,Reverse,87.6,4.1625000000000005,1
3558.32,57.83444266666667,12.307303999999998,57.83444327378566,12.307305653179132,2.7750000000000004,2.5,2.5,0.9777653403014321,8,8,Reverse,86.7,4.1625000000000005,1
3559.25,57.83445149999999,12.30729383333333,57.834447386892826,12.30729974325623,2.7750000000000004,2.5,2.5,1.2180398276848061,8,8,Reverse,86.2,4.1625000000000005,1
3560.28,57.83445533333334,12.307286166666666,57.834451360113086,12.307292954961449,2.7750000000000004,2.5,2.5,1.4989218409967657,8,8,Reverse,85.7,4.1625000000000005,1
3561.28,57.83445433333333,12.307281666666665,57.83445284672321,12.307287310814056,2.7750000000000004,2.5,2.5,1.5747306447040703,8,8,Reverse,85.0,4.1625000000000005,1
3562.27,57.83445083333333,12.307284000000001,57.834451840028265,12.307285655407028,2.7750000000000004,2.5,2.5,1.4161495355291862,8,8,Reverse,84.4,4.1625000000000005,1
3563.26,57.83444899999999,12.307282166666669,57.83445042001413,12.30728391103685,2.7750000000000004,2.5,2.5,1.1958898456389242,8,8,Reverse,83.3,4.1625000000000005,1
3564.27,57.834444166666664,12.30729,57.834447293340396,12.307286955518425,2.7750000000000004,2.5,2.5,1.0392484451723205,8,8,Reverse,82.9,4.1625000000000005,1
3565.26,57.83444233333333,12.307293333333332,57.834444813336866,12.307290144425878,2.7750000000000004,2.5,2.5,0.9710951565697945,8,8,Reverse,82.4,4.1625000000000005,1
3566.25,57.834437166666675,12.307290333333333,57.83444099000177,12.307290238879606,2.7750000000000004,2.5,2.5,0.8171096622291567,8,8,Reverse,81.7,4.1625000000000005,1
3567.26,57.8344235,12.307284666666666,57.83443224500088,12.307287452773135,2.7750000000000004,2.5,2.5,1.0606086920626985,8,8,Reverse,80.9,4.1625000000000005,1
3568.25,57.834417833333326,12.307281,57.83442503916711,12.307284226386567,2.7750000000000004,2.5,2.5,1.2015965735684104,8,8,Reverse,80.2,4.1625000000000005,1
3569.28,57.834419,12.3072795,57.83442201958355,12.307281863193284,2.7750000000000004,2.5,2.5,1.0578856952454285,8,8,Reverse,79.2,4.1625000000000005,1
3570.29,57.83442033333334,12.307274833333334,57.83442117645845,12.30727834826331,2.7750000000000004,2.5,2.5,0.895837289629938,8,8,Reverse,78.5,4.1625000000000005,1
3571.25,57.83442216666667,12.307281666666665,57.83442167156256,12.307280007464987,2.7750000000000004,2.5,2.5,0.7715855801743291,8,8,Reverse,78.0,4.1625000000000005,1
3572.32,57.834428166666676,12.307281833333331,57.83442491911462,12.307280920399158,2.7750000000000004,2.5,2.5,0.9170057853113351,8,8,Reverse,77.8,4.1625000000000005,1
3573.3,57.83443049999999,12.307276833333333,57.8344277095573,12.307278876866246,2.7750000000000004,2.5,2.5,1.0155769732025337,8,8,Reverse,77.4,4.1625000000000005,1
3574.37,57.834425333333336,12.307264666666667,57.834426521445316,12.307271771766457,2.7750000000000004,2.5,2.5,0.9993852980736537,8,8,Reverse,77.3,4.1625000000000005,1
3575.34,57.834422499999995,12.307262833333334,57.834424510722656,12.307267302549896,2.7750000000000004,2.5,2.5,0.9271434968303811,8,8,Reverse,77.0,4.1625000000000005,1
3576.29,57.83441933333334,12.307258666666666,57.834421922028,12.30726298460828,2.7750000000000004,2.5,2.5,0.8873718567362074,8,8,Reverse,76.8,4.1625000000000005,1
3577.27,57.83441716666666,12.307251,57.83441954434733,12.30725699230414,2.7750000000000004,2.5,2.5,0.9631614048043201,8,8,Reverse,76.5,4.1625000000000005,1
3578.4,57.83442216666667,12.307239000000001,57.834420855507,12.307247996152071,2.7750000000000004,2.5,2.5,1.2349278677080635,8,8,Reverse,76.3,4.1625000000000005,1
3579.28,57.83441833333333,12.307240000000002,57.83441959442017,12.307243998076036,2.7750000000000004,2.5,2.5,1.1947688233603773,8,8,Reverse,76.0,4.1625000000000005,1
3580.29,57.83441833333333,12.307238,57.83441896387675,12.307240999038019,2.7750000000000004,2.5,2.5,1.0893781633845816,8,8,Reverse,75.8,4.1625000000000005,1
3581.29,57.83441583333333,12.307230333333333,57.83441739860504,12.307235666185676,2.7750000000000004,2.5,2.5,1.050567548026663,8,8,Reverse,75.9,4.1625000000000005,1
3582.4,57.834419833333335,12.307234833333332,57.834418615969184,12.307235249759504,2.7750000000000004,2.5,2.5,0.9074911897497155,8,8,Reverse,75.6,4.1625000000000005,1
3583.25,57.83442,12.3072345,57.8344193079846,12.307234874879752,2.7750000000000004,2.5,2.5,0.7607826732682637,8,8,Reverse,75.4,4.1625000000000005,1
3584.23,57.8344145,12.307229833333334,57.8344169039923,12.307232354106542,2.7750000000000004,2.5,2.5,0.7349057458053365,8,8,Reverse,75.3,4.1625000000000005,1
3585.43,57.83442166666667,12.307226833333335,57.83441928532948,12.307229593719939,2.7750000000000004,2.5,2.5,0.746007283119645,8,8,Reverse,75.3,4.1625000000000005,1
3586.34,57.834423833333325,12.307231166666668,57.8344215593314,12.307230380193303,2.7750000000000004,2.5,2.5,0.7048493060387049,8,8,Reverse,75.3,4.1625000000000005,1
3587.29,57.8344205,12.30723683333333,57.834421029665705,12.307233606763317,2.7750000000000004,2.5,2.5,0.6174958006879679,8,8,Reverse,75.6,4.1625000000000005,1
3588.26,57.834416833333336,12.307239000000001,57.83441893149952,12.307236303381659,3.05,2.5,2.5,0.6519445947023453,7,7,Reverse,75.5,4.574999999999999,1
3589.29,57.83441616666667,12.307237500000001,57.83441754908309,12.30723690169083,3.05,2.5,2.5,0.6136303296574711,7,7,Reverse,75.1,4.574999999999999,1
3590.29,57.83441433333334,12.307233333333333,57.83441594120822,12.307235117512082,3.05,2.5,2.5,0.537757837757015,7,7,Reverse,74.9,4.574999999999999,1
3591.3,57.83441016666667,12.307229666666668,57.834413053937446,12.307232392089375,3.05,2.5,2.5,0.6048816427952528,7,7,Reverse,74.8,4.574999999999999,1
3592.28,57.83441166666667,12.3072355,57.83441236030205,12.307233946044688,3.05,2.5,2.5,0.5838230420325835,7,7,Reverse,74.7,4.574999999999999,1
3593.32,57.83441233333333,12.307227000000001,57.83441234681769,12.307230473022344,3.05,2.5,2.5,0.5383210440345193,7,7,Reverse,74.5,4.574999999999999,1
3594.29,57.834413,12.307224333333332,57.83441267340885,12.307227403177839,3.05,2.5,2.5,0.5094725380351771,7,7,Reverse,74.3,4.574999999999999,1
3595.31,57.83440766666666,12.3072225,57.83441017003775,12.30722495158892,3.05,2.5,2.5,0.5571700383376896,7,7,Reverse,74.0,4.574999999999999,1
3596.36,57.83440616666667,12.307221499999999,57.83440816835221,12.30722322579446,3.05,2.5,2.5,0.5402502678090367,7,7,Reverse,73.5,4.574999999999999,1
3597.28,57.834403,12.307214166666665,57.8344055841761,12.307218696230562,3.05,2.5,2.5,0.670065702703808,7,7,Reverse,73.3,4.574999999999999,1
3598.32,57.83440099999999,12.307217833333334,57.83440329208805,12.307218264781948,3.05,2.5,2.5,0.6722790652416988,7,7,Reverse,73.0,4.574999999999999,1
3599.31,57.8344045,12.307225666666666,57.83440389604402,12.307221965724306,3.05,2.5,2.5,0.6642645141462329,7,7,Reverse,72.9,4.574999999999999,1
3600.3,57.83441083333334,12.307225999999998,57.83440736468868,12.307223982862153,3.05,2.5,2.5,0.7253367190128901,7,7,Reverse,72.6,4.574999999999999,1
3601.27,57.83440966666667,12.307231333333334,57.83440851567768,12.307227658097743,3.05,2.5,2.5,0.663129791333627,7,7,Reverse,72.4,4.574999999999999,1
3602.41,57.8344085,12.307225999999998,57.83440850783884,12.30722682904887,3.05,2.5,2.5,0.5387489836620092,7,7,Reverse,72.5,4.574999999999999,1
3603.33,57.83441416666666,12.307233666666665,57.83441133725275,12.307230247857769,3.05,2.5,2.5,0.5668134584324219,7,7,Reverse,72.7,4.574999999999999,1
3604.29,57.83441583333333,12.307238333333332,57.83441358529304,12.30723429059555,3.05,2.5,2.5,0.5517710112210302,7,7,Reverse,72.6,4.574999999999999,1
3605.32,57.83441883333333,12.307238,57.83441620931318,12.307236145297775,3.05,2.5,2.5,0.5365661382773781,7,7,Reverse,72.7,4.574999999999999,1
3606.28,57.834421000000006,12.307228666666667,57.8344186046566,12.307232405982221,3.05,2.5,2.5,0.6670132079205504,7,7,Reverse,72.8,4.574999999999999,1
3607.25,57.834423,12.3072345,57.834420802328296,12.30723345299111,3.05,2.5,2.5,0.5827040520800428,7,7,Reverse,72.8,4.574999999999999,1
3608.34,57.834425333333336,12.307239000000001,57.83442306783082,12.307236226495556,3.05,2.5,2.5,0.5372507750238301,7,7,Reverse,72.9,4.574999999999999,1
3609.29,57.83442566666666,12.3072405,57.83442436724874,12.307238363247778,3.05,2.5,2.5,0.48106316968116314,7,7,Reverse,73.1,4.574999999999999,1
3610.27,57.834422833333335,12.307241333333332,57.83442360029104,12.307239848290555,3.05,2.5,2.5,0.4011729386917656,7,7,Reverse,73.1,4.574999999999999,1
3611.34,57.834419,12.307237666666667,57.834421300145515,12.307238757478611,3.05,2.5,2.5,0.5136773739109607,7,7,Reverse,72.8,4.574999999999999,1
3612.34,57.834422499999995,12.3072405,57.834421900072755,12.307239628739305,3.05,2.5,2.5,0.4404241115557713,7,7,Reverse,72.9,4.574999999999999,1
3613.3,57.834425333333336,12.307237333333335,57.83442361670305,12.30723848103632,3.05,2.5,2.5,0.4774138481461591,7,7,Reverse,73.1,4.574999999999999,1
3614.26,57.83442433333333,12.307240166666668,57.83442397501819,12.307239323851494,3.05,2.5,2.5,0.3677567233197764,7,7,Reverse,72.9,4.574999999999999,1
3615.4,57.83442316666666,12.307247833333333,57.834423570842425,12.307243578592415,3.05,2.5,2.5,0.4407529881510074,7,7,Reverse,72.9,4.574999999999999,1
3616.26,57.83441733333334,12.307246999999998,57.83442045208788,12.307245289296207,3.05,2.5,2.5,0.6670731544777772,7,7,Reverse,73.0,4.574999999999999,1
3617.32,57.8344205,12.307242833333332,57.83442047604394,12.30724406131477,3.05,2.5,2.5,0.693024796509846,7,7,Reverse,73.0,4.574999999999999,1
3618.32,57.83442333333334,12.307241833333334,57.83442190468864,12.30724294732405,3.05,2.5,2.5,0.6312781488129073,7,7,Reverse,73.0,4.574999999999999,1
3619.29,57.83442749999999,12.3072435,57.834424702344315,12.307243223662025,3.05,2.5,2.5,0.5159724944772274,7,7,Reverse,73.0,4.574999999999999,1
3620.29,57.83442749999999,12.3072405,57.834426101172156,12.307241861831013,3.05,2.5,2.5,0.4803504558354759,7,7,Reverse,73.0,4.574999999999999,1
3621.27,57.834428166666676,12.307235166666665,57.83442713391941,12.307238514248839,3.05,2.5,2.5,0.561317333513234,7,7,Reverse,73.0,4.574999999999999,1
3622.29,57.83442916666666,12.307232500000001,57.834428150293036,12.307235507124421,3.05,2.5,2.5,0.6458258313782044,7,7,Reverse,73.0,4.574999999999999,1
3623.3,57.83443316666667,12.307237666666667,57.83443065847985,12.307236586895543,3.05,2.5,2.5,0.6441371761383469,7,7,Reverse,73.2,4.574999999999999,1
3624.26,57.834435,12.307233333333333,57.83443282923993,12.307234960114439,3.05,2.5,2.5,0.6680180061796488,7,7,Reverse,73.3,4.574999999999999,1
3625.31,57.834435166666665,12.307227833333332,57.8344339979533,12.307231396723886,3.05,2.5,2.5,0.707811646233263,7,7,Reverse,73.5,4.574999999999999,1
3626.35,57.83443583333333,12.307226666666669,57.834434915643314,12.307229031695277,3.05,2.5,2.5,0.6656560989001534,7,7,Reverse,73.5,4.574999999999999,1
3627.29,57.83443483333334,12.3072185,57.83443487448832,12.307223765847638,3.05,2.5,2.5,0.8386390131025521,7,7,Reverse,73.4,4.574999999999999,1
3628.3,57.834435500000005,12.307212333333332,57.83443518724417,12.307218049590485,3.05,2.5,2.5,0.9382427326075677,7,7,Reverse,73.6,4.574999999999999,1
3629.25,57.834435500000005,12.307214500000002,57.83443534362208,12.307216274795243,3.05,2.5,2.5,0.7879779448932613,7,7,Reverse,73.4,4.574999999999999,1
3630.35,57.834433499999996,12.307220166666665,57.83443442181104,12.307218220730954,3.825,2.5,2.5,0.7506569522989444,6,6,Reverse,73.6,5.737500000000001,1
3631.25,57.834427166666664,12.307226666666669,57.834430794238855,12.307222443698812,3.825,2.5,2.5,0.9100918497354612,6,6,Reverse,73.5,5.737500000000001,1
3632.29,57.834426,12.307224166666666,57.834428397119424,12.307223305182738,7.025,2.5,2.5,0.9403733395102462,5,5,Reverse,73.5,10.537500000000001,1
3633.26,57.83443283333333,12.307224333333332,57.83443061522638,12.307223819258036,7.025,2.5,2.5,0.7697772006804053,5,5,Reverse,73.6,10.537500000000001,1
3634.27,57.83443883333333,12.307219833333333,57.83443472427985,12.307221826295685,3.825,2.5,2.5,0.7280620110164234,6,6,Reverse,73.6,5.737500000000001,1
3635.27,57.83443616666667,12.3072225,57.83443544547326,12.307222163147841,3.825,2.5,2.5,0.5773717881819458,6,6,Reverse,73.6,5.737500000000001,1
3636.29,57.83444233333333,12.307215166666667,57.834438889403295,12.307218664907255,3.825,2.5,2.5,0.6504549409871305,6,6,Reverse,73.6,5.737500000000001,1
3637.28,57.83445199999999,12.307217,57.83444544470164,12.307217832453627,3.825,2.5,2.5,0.8457620278678044,6,6,Reverse,73.5,5.737500000000001,1
3638.27,57.83445933333334,12.307219166666668,57.83445238901749,12.307218499560147,3.1,2.5,2.5,1.0688381591551104,7,7,Reverse,74.3,4.65,1
3639.33,57.834459,12.307217666666668,57.83445569450875,12.307218083113408,3.1,2.5,2.5,1.195257709861604,7,7,Reverse,75.0,4.65,1
3640.28,57.83445833333334,12.3072195,57.834457013921046,12.307218791556704,2.7750000000000004,2.5,2.5,1.2349947842100881,8,8,Reverse,75.0,4.1625000000000005,1
3641.29,57.834458833333336,12.307221666666665,57.83445792362719,12.307220229111685,2.7750000000000004,2.5,2.5,1.226503860261496,8,8,Reverse,75.2,4.1625000000000005,1
3642.26,57.83446133333334,12.307218666666666,57.83445962848026,12.307219447889175,2.7750000000000004,2.5,2.5,1.2867934302838477,8,8,Reverse,75.5,4.1625000000000005,1
3643.26,57.83445766666667,12.307212333333332,57.83445864757347,12.307215890611253,2.7750000000000004,2.5,2.5,1.2893764606777967,8,8,Reverse,75.2,4.1625000000000005,1
3644.3,57.83445283333334,12.307216500000001,57.8344557404534,12.307216195305628,2.7750000000000004,2.5,2.5,1.148430912074728,8,8,Reverse,75.2,4.1625000000000005,1
3645.3,57.83444833333333,12.307216833333333,57.83445203689337,12.30721651431948,2.7750000000000004,2.5,2.5,0.9109194578646087,8,8,Reverse,75.3,4.1625000000000005,1
3646.34,57.8344465,12.307220833333334,57.83444926844668,12.307218673826407,2.7750000000000004,2.5,2.5,0.7021716065588683,8,8,Reverse,75.0,4.1625000000000005,1
3647.28,57.83444299999999,12.307222000000001,57.834446134223334,12.307220336913204,2.7750000000000004,2.5,2.5,0.614332080251339,8,8,Reverse,75.2,4.1625000000000005,1
3648.27,57.834438500000005,12.307227000000001,57.83444231711167,12.307223668456603,2.7750000000000004,2.5,2.5,0.6687744551516885,8,8,Reverse,75.2,4.1625000000000005,1
3649.3,57.834436000000004,12.307229666666668,57.83443915855584,12.307226667561636,2.7750000000000004,2.5,2.5,0.7246765388782818,8,8,Reverse,75.0,4.1625000000000005,1
3650.32,57.83442749999999,12.307233666666665,57.834433329277914,12.30723016711415,2.7750000000000004,2.5,2.5,0.9488378505774716,8,8,Reverse,74.9,4.1625000000000005,1
3651.3,57.83442616666666,12.3072355,57.83442974797229,12.307232833557075,2.7750000000000004,2.5,2.5,1.0453970862848814,8,8,Reverse,74.8,4.1625000000000005,1
3652.3,57.83442016666666,12.307237333333335,57.83442495731947,12.307235083445205,2.7750000000000004,2.5,2.5,1.1894618064353508,8,8,Reverse,74.6,4.1625000000000005,1
3653.43,57.83442466666667,12.307236499999998,57.834424811993074,12.307235791722603,2.7750000000000004,2.5,2.5,1.059589659232651,8,8,Reverse,74.5,4.1625000000000005,1
3654.28,57.834422499999995,12.307239833333332,57.83442365599653,12.307237812527967,3.1,2.5,2.5,1.0263617286587987,7,7,Reverse,74.8,4.65,1
3655.3,57.83442133333333,12.307240000000002,57.834422494664935,12.307238906263985,3.1,2.5,2.5,1.0091202567777826,7,7,Reverse,75.3,4.65,1
3656.31,57.834419,12.3072395,57.834420747332466,12.307239203131992,3.1,2.5,2.5,1.0013044077564275,7,7,Reverse,75.2,4.65,1
3657.33,57.834419,12.307238500000002,57.83441987366623,12.307238851565996,3.1,2.5,2.5,0.9267016474750913,7,7,Reverse,75.0,4.65,1
3658.26,57.83442166666667,12.307238500000002,57.83442077016645,12.307238675783,3.1,2.5,2.5,0.7566852116512759,7,7,Reverse,75.0,4.65,1
3659.28,57.834428499999994,12.307238,57.834424635083224,12.3072383378915,3.1,2.5,2.5,0.6726289905715562,7,7,Reverse,75.1,4.65,1
3660.28,57.834427999999996,12.307237166666669,57.834426317541606,12.307237752279084,2.7750000000000004,2.5,2.5,0.5127456240893411,8,8,Reverse,75.6,4.1625000000000005,1
3661.24,57.83443016666667,12.307236499999998,57.83442824210414,12.307237126139542,2.7750000000000004,2.5,2.5,0.41927658756690517,8,8,Reverse,75.4,4.1625000000000005,1
3662.39,57.83443233333334,12.307237500000001,57.83443028771874,12.307237313069772,2.7750000000000004,2.5,2.5,0.3720596765600046,8,8,Reverse,75.3,4.1625000000000005,1
3663.37,57.83443283333333,12.307237500000001,57.834431560526035,12.307237406534886,2.7750000000000004,2.5,2.5,0.32278405566113705,8,8,Reverse,75.5,4.1625000000000005,1
3664.33,57.834432500000005,12.307239000000001,57.834432030263024,12.307238203267444,2.7750000000000004,2.5,2.5,0.3323543215218067,8,8,Reverse,75.7,4.1625000000000005,1
3665.4,57.834433833333335,12.307240666666667,57.834432931798176,12.307239434967055,2.7750000000000004,2.5,2.5,0.3271200880597383,8,8,Reverse,75.5,4.1625000000000005,1
3666.32,57.834432166666666,12.307242666666665,57.834432549232424,12.30724105081686,3.1,2.5,2.5,0.4850624800650316,7,7,Reverse,76.0,4.65,1
3667.24,57.834433999999995,12.307243999999999,57.83443327461621,12.30724252540843,3.1,2.5,2.5,0.5062582306107862,7,7,Reverse,76.0,4.65,1
3668.28,57.834430999999995,12.307237666666667,57.8344321373081,12.307240096037548,3.1,2.5,2.5,0.5961757449899373,7,7,Reverse,76.3,4.65,1
3669.24,57.83443066666667,12.307236333333332,57.83443140198739,12.30723821468544,3.1,2.5,2.5,0.6223342662868836,7,7,Reverse,76.7,4.65,1
3670.3,57.83443016666667,12.307233833333331,57.834430784327026,12.307236024009386,3.1,2.5,2.5,0.6778369071877446,7,7,Reverse,77.2,4.65,1
3671.27,57.83442783333333,12.307230333333333,57.83442930883018,12.307233178671359,3.1,2.5,2.5,0.8916433427863293,7,7,Reverse,77.2,4.65,1
3672.26,57.834426666666666,12.307233666666665,57.83442798774842,12.307233422669013,3.1,2.5,2.5,1.0026158010589734,7,7,Reverse,77.2,4.65,1
3673.28,57.83442466666667,12.307236333333332,57.834426327207545,12.307234878001172,3.1,2.5,2.5,1.0196222846309375,7,7,Reverse,77.5,4.65,1
3674.28,57.83442733333333,12.307238333333332,57.83442683027044,12.307236605667253,3.4499999999999997,2.5,2.5,0.8997088303031514,6,6,Reverse,77.5,5.175,1
3675.29,57.834426,12.307234833333332,57.83442641513522,12.307235719500293,3.1,2.5,2.5,0.8475622292746139,7,7,Reverse,77.6,4.65,1
3676.26,57.834426666666666,12.307234999999999,57.83442654090094,12.307235359750145,3.1,2.5,2.5,0.7290842713577265,7,7,Reverse,77.5,4.65,1
3677.3,57.83443049999999,12.307234833333332,57.834428520450466,12.307235096541739,3.1,2.5,2.5,0.6077742011558032,7,7,Reverse,77.4,4.65,1
3678.27,57.834427166666664,12.3072395,57.834427843558565,12.30723729827087,3.1,2.5,2.5,0.5790963306187524,7,7,Reverse,77.5,4.65,1
3679.28,57.834426,12.307238166666666,57.83442692177928,12.307237732468767,3.4499999999999997,2.5,2.5,0.45428536427103106,6,6,Reverse,77.4,5.175,1
3680.3,57.83442633333334,12.307246166666667,57.83442662755631,12.307241949567718,3.4499999999999997,2.5,2.5,0.4568605173546073,6,6,Reverse,77.5,5.175,1
3681.25,57.834421999999996,12.307253166666666,57.83442431377816,12.307247558117192,3.1,2.5,2.5,0.4933638187782536,7,7,Reverse,77.9,4.65,1
3682.26,57.834414,12.307253666666668,57.834419156889076,12.307250612391929,3.1,2.5,2.5,0.6467591968729911,7,7,Reverse,78.4,4.65,1
3683.34,57.83441133333334,12.307252000000002,57.83441524511121,12.307251306195965,3.1,2.5,2.5,0.6861867390581211,7,7,Reverse,78.7,4.65,1
3684.29,57.83441366666666,12.307255000000001,57.83441445588894,12.307253153097983,3.1,2.5,2.5,0.572655982452097,7,7,Reverse,78.7,4.65,1
3685.28,57.83441500000001,12.307255333333334,57.83441472794447,12.30725424321566,3.1,2.5,2.5,0.43926640800747085,7,7,Reverse,78.9,4.65,1
3686.29,57.83441633333334,12.307256166666665,57.83441553063891,12.307255204941162,3.1,2.5,2.5,0.3902888755086842,7,7,Reverse,78.9,4.65,1
3687.31,57.83441566666667,12.307259500000002,57.83441559865279,12.307257352470582,3.1,2.5,2.5,0.37104228481757884,7,7,Reverse,79.0,4.65,1
3688.27,57.83441466666667,12.307261833333333,57.83441513265973,12.307259592901957,3.1,2.5,2.5,0.3173855441803273,7,7,Reverse,79.2,4.65,1
3689.33,57.83441483333333,12.307264666666667,57.83441498299653,12.307262129784313,3.1,2.5,2.5,0.3103785387951341,7,7,Reverse,79.3,4.65,1
3690.26,57.8344135,12.307266499999999,57.83441424149826,12.307264314892155,3.1,2.5,2.5,0.2856977843971907,7,7,Reverse,79.3,4.65,1
3691.25,57.834413,12.307267833333333,57.83441362074913,12.307266074112745,3.1,2.5,2.5,0.2728973828397973,7,7,Reverse,79.4,4.65,1
3692.29,57.83440983333333,12.307269833333331,57.83441172704123,12.307267953723038,3.1,2.5,2.5,0.33039998465272846,7,7,Reverse,79.5,4.65,1
3693.29,57.83440166666666,12.307272166666667,57.83440669685395,12.307270060194853,3.1,2.5,2.5,0.6309274159371854,7,7,Reverse,79.6,4.65,1
3694.29,57.83439816666667,12.307277,57.83440243176031,12.307273530097426,3.1,2.5,2.5,0.8178483980321659,7,7,Reverse,79.8,4.65,1
3695.27,57.83439566666666,12.307278166666666,57.83439904921348,12.307275848382046,3.1,2.5,2.5,0.9014792667886624,7,7,Reverse,79.9,4.65,1
3696.29,57.83438866666667,12.307281,57.83439385794008,12.307278424191022,3.1,2.5,2.5,1.0587164921959098,7,7,Reverse,80.2,4.65,1
3697.29,57.83439033333334,12.307279833333332,57.83439209563671,12.307279128762177,3.1,2.5,2.5,0.9958125672975251,7,7,Reverse,80.3,4.65,1
3698.35,57.83437933333333,12.307282833333334,57.834385714485016,12.307280981047755,3.1,2.5,2.5,1.1535757475841464,7,7,Reverse,80.6,4.65,1
3699.26,57.834372833333326,12.307289166666665,57.83437927390917,12.30728507385721,3.1,2.5,2.5,1.3283075584262658,7,7,Reverse,80.7,4.65,1
3700.27,57.83436983333333,12.307290833333331,57.83437455362125,12.30728795359527,3.1,2.5,2.5,1.3745679857178743,7,7,Reverse,80.6,4.65,1
3701.3,57.83436516666667,12.307294166666669,57.83436986014396,12.30729106013097,3.1,2.5,2.5,1.4415777570365242,7,7,Reverse,80.9,4.65,1
3702.3,57.83436483333333,12.307295666666668,57.834367346738645,12.30729336339882,3.4749999999999996,2.5,2.5,1.3720213144759628,6,6,Reverse,81.2,5.2124999999999995,1
3703.3,57.83436016666666,12.3072995,57.83436375670266,12.30729643169941,3.4749999999999996,2.5,2.5,1.378575384120173,6,6,Reverse,81.2,5.2124999999999995,1
3704.26,57.83436266666666,12.307302499999999,57.83436321168465,12.307299465849704,3.4749999999999996,2.5,2.5,1.2974995591527447,6,6,Reverse,81.5,5.2124999999999995,1
3705.3,57.83436833333334,12.3073035,57.834365772508995,12.307301482924851,3.4749999999999996,2.5,2.5,1.0897264773919422,6,6,Reverse,81.6,5.2124999999999995,1
3706.26,57.83436833333334,12.307300999999999,57.834367052921166,12.307301241462426,3.4749999999999996,2.5,2.5,0.8953577322618624,6,6,Reverse,82.0,5.2124999999999995,1
3707.3,57.83436983333333,12.307296833333332,57.83436844312725,12.307299037397879,3.4749999999999996,2.5,2.5,0.8221599052307946,6,6,Reverse,82.1,5.2124999999999995,1
3708.28,57.834374833333335,12.307296666666666,57.834371638230294,12.307297852032272,3.4749999999999996,2.5,2.5,0.7303322172378967,6,6,Reverse,82.5,5.2124999999999995,1
3709.24,57.83436933333334,12.307300833333333,57.83437048578182,12.307299342682802,3.4749999999999996,2.5,2.5,0.6748412884198741,6,6,Reverse,82.4,5.2124999999999995,1
3710.24,57.8343685,12.307301333333331,57.83436949289091,12.307300338008067,3.4749999999999996,2.5,2.5,0.6344455132738885,6,6,Reverse,82.3,5.2124999999999995,1
3711.27,57.834373166666666,12.307298333333332,57.83437132977878,12.307299335670699,3.4749999999999996,2.5,2.5,0.5428305421476696,6,6,Reverse,82.3,5.2124999999999995,1
3712.28,57.83437633333333,12.307301166666665,57.83437383155606,12.307300251168682,3.4749999999999996,2.5,2.5,0.5009614728088176,6,6,Reverse,82.3,5.2124999999999995,1
3713.26,57.834384666666665,12.307301500000001,57.834379249111365,12.307300875584342,3.4749999999999996,2.5,2.5,0.68086370790968,6,6,Reverse,82.0,5.2124999999999995,1
3714.3,57.834387666666665,12.3072995,57.83438345788901,12.30730018779217,3.4749999999999996,2.5,2.5,0.7867800283802631,6,6,Reverse,81.9,5.2124999999999995,1
3715.33,57.834390500000005,12.307300000000001,57.83438697894451,12.307300093896085,3.4749999999999996,2.5,2.5,0.8791067642381122,6,6,Reverse,82.1,5.2124999999999995,1
3716.3,57.834391999999994,12.307300999999999,57.83438948947225,12.307300546948042,3.4749999999999996,2.5,2.5,0.9219554018397362,6,6,Reverse,82.2,5.2124999999999995,1
3717.3,57.834394999999994,12.307302,57.83439224473612,12.307301273474021,3.4749999999999996,2.5,2.5,1.0049851762546695,6,6,Reverse,82.1,5.2124999999999995,1
3718.29,57.83439766666667,12.307301166666665,57.8343949557014,12.307301220070343,3.4749999999999996,2.5,2.5,1.0568342761287233,6,6,Reverse,81.9,5.2124999999999995,1
3719.37,57.8344045,12.307310166666666,57.834399727850695,12.307305693368505,3.4749999999999996,2.5,2.5,0.9528886435727314,6,6,Reverse,81.9,5.2124999999999995,1
3720.32,57.83441183333333,12.307314333333332,57.834405780592014,12.307310013350918,3.15,2.5,2.5,0.8071898034430696,7,7,Reverse,82.3,4.725,1
3721.25,57.83443533333334,12.307314666666665,57.83442055696268,12.307312340008792,3.15,2.5,2.5,1.1150843441096974,7,7,Reverse,82.8,4.725,1
3722.25,57.834442499999994,12.307321166666668,57.83443152848133,12.30731675333773,3.15,2.5,2.5,1.1524161350409077,7,7,Reverse,83.4,4.725,1
3723.25,57.83444966666666,12.307327000000003,57.834440597573995,12.307321876668865,3.15,2.5,2.5,1.1158519560504325,7,7,Reverse,83.8,4.725,1
3724.27,57.83446416666667,12.307330833333333,57.83445238212033,12.3073263550011,3.675,2.5,2.5,1.2030238374732052,6,6,Reverse,83.8,5.512499999999999,1
3725.29,57.834477666666665,12.307333166666668,57.8344650243935,12.307329760833884,3.675,2.5,2.5,1.325841358771273,6,6,Reverse,84.2,5.512499999999999,1
3726.25,57.834495,12.307333333333334,57.83448001219675,12.307331547083608,3.675,2.5,2.5,1.689970174241183,6,6,Reverse,84.5,5.512499999999999,1
3727.26,57.834517000000005,12.307333166666668,57.83449850609838,12.307332356875138,3.05,2.5,2.5,2.269901908346273,7,7,Forward,84.6,4.574999999999999,1
3728.33,57.83453516666667,12.307334500000001,57.83451683638252,12.30733342843757,3.05,2.5,2.5,2.8217430023267096,7,7,Forward,84.8,4.574999999999999,1
3729.33,57.83455083333333,12.3073365,57.83453383485793,12.307334964218786,3.05,2.5,2.5,3.191409909274469,7,7,Forward,84.9,4.574999999999999,1
3730.28,57.83455066666667,12.307347333333333,57.8345422507623,12.30734114877606,3.675,2.5,2.5,3.0410751136742187,6,6,Reverse,85.3,5.512499999999999,1
3731.25,57.834557833333335,12.307350666666666,57.834550042047816,12.307345907721363,3.675,2.5,2.5,2.7263273467373956,6,6,Reverse,85.5,5.512499999999999,1
3732.37,57.834576166666665,12.307354833333333,57.834563104357244,12.307350370527347,3.675,2.5,2.5,2.6052561221863284,6,6,Reverse,85.7,5.512499999999999,1
3733.29,57.83459,12.307359166666666,57.83457655217862,12.307354768597007,3.15,2.5,2.5,2.5595503919036604,7,7,Reverse,85.5,4.725,1
3734.27,57.834596499999996,12.307365333333333,57.83458652608931,12.30736005096517,3.15,2.5,2.5,2.4216092534353493,7,7,Reverse,85.6,4.725,1
3735.25,57.834618666666664,12.307363833333334,57.834602596377984,12.307361942149251,3.15,2.5,2.5,2.6038552449566743,7,7,Reverse,86.0,4.725,1
3736.25,57.83463749999999,12.307362333333334,57.83462004818899,12.307362137741293,2.8000000000000003,2.5,2.5,2.884475395688017,8,8,Forward,86.7,4.2,1
3737.24,57.834642,12.307369333333334,57.8346310240945,12.307365735537314,2.8000000000000003,2.5,2.5,2.898619816335821,8,8,Reverse,87.1,4.2,1
3738.24,57.83464416666667,12.307375500000001,57.834637595380585,12.307370617768656,3.15,2.5,2.5,2.7450551112150956,7,7,Reverse,87.7,4.725,1
3739.28,57.834652166666665,12.307373500000002,57.83464488102362,12.30737205888433,3.15,2.5,2.5,2.647093043899308,7,7,Reverse,88.0,4.725,1
3740.25,57.83465533333333,12.307380499999999,57.834650107178476,12.307376279442165,3.15,2.5,2.5,2.437016167949739,7,7,Reverse,88.3,4.725,1
3741.26,57.834659166666675,12.307384500000001,57.83465463692258,12.307380389721082,3.15,2.5,2.5,2.2548643899153262,7,7,Reverse,88.7,4.725,1
3742.27,57.83464966666667,12.3073895,57.83465215179462,12.30738494486054,3.15,2.5,2.5,1.7710030252022757,7,7,Reverse,89.1,4.725,1
3743.3,57.83463833333334,12.3073865,57.83464524256398,12.30738572243027,3.15,2.5,2.5,1.3898045529514802,7,7,Reverse,89.3,4.725,1
3744.26,57.83463100000001,12.307381333333334,57.834638121282,12.307383527881802,3.4749999999999996,2.5,2.5,1.1752909438764294,6,6,Reverse,89.1,5.2124999999999995,1
3745.25,57.834619833333335,12.307380499999999,57.834628977307666,12.3073820139409,3.4749999999999996,2.5,2.5,1.0726100462994426,6,6,Reverse,89.4,5.2124999999999995,1
3746.24,57.834616499999996,12.307381666666666,57.83462273865383,12.307381840303783,3.4749999999999996,2.5,2.5,0.8081059830345476,6,6,Reverse,89.3,5.2124999999999995,1
3747.25,57.834621500000004,12.307370833333334,57.834622119326916,12.307376336818558,3.4749999999999996,2.5,2.5,0.7793127299754982,6,6,Reverse,89.3,5.2124999999999995,1
3748.24,57.83461633333333,12.307372666666668,57.834619226330126,12.307374501742613,3.1,2.5,2.5,0.5860295817380039,7,7,Reverse,89.3,4.65,1
3749.59,57.83461833333334,12.307372333333335,57.83461877983173,12.307373417537974,3.1,2.5,2.5,0.5435792177744256,7,7,Reverse,89.1,4.65,1
3750.57,57.83462566666667,12.307368499999999,57.8346222232492,12.307370958768987,3.5999999999999996,2.5,2.5,0.795766500056677,6,6,Reverse,89.3,5.3999999999999995,1
3751.58,57.83462483333333,12.307373333333333,57.83462352829127,12.30737214605116,3.5999999999999996,2.5,2.5,1.0002126353134622,6,6,Reverse,89.4,5.3999999999999995,1
3752.61,57.834621,12.307368666666665,57.83462226414563,12.307370406358913,3.5999999999999996,2.5,2.5,1.0244034916327924,6,6,Reverse,89.3,5.3999999999999995,1
3753.25,57.834606,12.307379666666668,57.834614132072815,12.30737503651279,3.5999999999999996,2.5,2.5,1.0069330296447554,6,6,Reverse,89.3,5.3999999999999995,1
3754.24,57.834600833333326,12.307390166666668,57.83460748270307,12.30738260158973,3.5999999999999996,2.5,2.5,1.1864936870551759,6,6,Reverse,89.3,5.3999999999999995,1
3755.35,57.834611333333335,12.307394333333331,57.8346094080182,12.30738846746153,3.1,2.5,2.5,1.2215740785549247,7,7,Reverse,89.3,4.65,1
3756.44,57.83461666666667,12.3073985,57.834613037342436,12.307393483730765,2.8000000000000003,2.5,2.5,1.1652656338234961,8,8,Reverse,89.8,4.2,1
3757.28,57.834616499999996,12.307408166666669,57.834614768671216,12.307400825198716,2.8000000000000003,2.5,2.5,1.155469002926909,8,8,Reverse,90.3,4.2,1
3758.29,57.834611166666676,12.307404499999999,57.834612967668946,12.307402662599358,2.8000000000000003,2.5,2.5,1.001326620354211,8,8,Reverse,90.7,4.2,1
3759.3,57.834616499999996,12.307398666666666,57.83461473383447,12.307400664633011,3.1,2.5,2.5,1.0193319058650976,7,7,Reverse,90.6,4.65,1
3760.26,57.834606666666666,12.307401666666665,57.83461070025057,12.30740116564984,3.1,2.5,2.5,0.8904721874266808,7,7,Reverse,90.7,4.65,1
3761.26,57.83459233333333,12.307401333333333,57.83460151679195,12.307401249491585,3.1,2.5,2.5,0.7921169284562928,7,7,Reverse,90.6,4.65,1
3762.23,57.83459200000001,12.307397166666666,57.83459675839598,12.307399208079126,3.1,2.5,2.5,0.7023979805728447,7,7,Reverse,90.3,4.65,1
3763.27,57.8345815,12.307398000000001,57.83458912919799,12.307398604039564,3.75,2.5,2.5,0.6221287205356678,6,6,Reverse,89.9,5.625,1
3764.3,57.834576500000004,12.307398166666667,57.834582814598996,12.307398385353116,3.75,2.5,2.5,0.5514291796472606,6,6,Reverse,89.7,5.625,1
3765.32,57.83456433333334,12.307397333333332,57.83457357396617,12.307397859343224,3.75,2.5,2.5,0.5406977713674104,6,6,Reverse,89.4,5.625,1
3766.25,57.83454566666666,12.307402000000002,57.83455962031642,12.307399929671613,3.1,2.5,2.5,0.813852641825805,7,7,Reverse,88.7,4.65,1
3767.29,57.83453083333334,12.3074075,57.83454522682488,12.307403714835806,3.1,2.5,2.5,1.2086697370917523,7,7,Reverse,88.2,4.65,1
3768.26,57.834517999999996,12.307410333333333,57.83453161341244,12.30740702408457,3.75,2.5,2.5,1.5868968488620292,6,6,Reverse,88.0,5.625,1
3769.26,57.83451616666666,12.307404666666665,57.83452389003955,12.307405845375618,3.75,2.5,2.5,1.6145296924162111,6,6,Reverse,87.9,5.625,1
3770.32,57.83451216666667,12.307402166666668,57.83451802835311,12.307404006021143,3.75,2.5,2.5,1.5139282664282556,6,6,Reverse,87.7,5.625,1
3771.29,57.834503,12.307400333333332,57.83451051417655,12.307402169677237,3.75,2.5,2.5,1.5100200139238968,6,6,Reverse,87.4,5.625,1
3772.27,57.83449116666667,12.307397500000002,57.83450084042161,12.30739983483862,3.75,2.5,2.5,1.6222899698206223,6,6,Reverse,87.2,5.625,1
3773.35,57.83447983333334,12.307396000000002,57.83449033687748,12.30739791741931,3.75,2.5,2.5,1.6308416465442683,6,6,Reverse,86.7,5.625,1
3774.29,57.83446933333333,12.307396666666667,57.834479835105405,12.307397292042989,3.1,2.5,2.5,1.5854097468741506,7,7,Reverse,85.6,4.65,1
3775.26,57.83445700000001,12.307396666666667,57.834468417552706,12.307396979354829,3.1,2.5,2.5,1.594710043543013,7,7,Reverse,84.7,4.65,1
3776.27,57.83445316666666,12.307392499999999,57.83446079210968,12.307394739677413,3.1,2.5,2.5,1.4475567297846796,7,7,Reverse,83.7,4.65,1
3777.28,57.834444500000004,12.307391333333332,57.83445264605484,12.307393036505372,3.1,2.5,2.5,1.3714601476048416,7,7,Reverse,83.0,4.65,1
3778.29,57.83444066666666,12.307383333333332,57.834446656360754,12.307388184919352,3.1,2.5,2.5,1.294536718038038,7,7,Reverse,82.4,4.65,1
3779.34,57.834438,12.307374166666667,57.83444232818037,12.30738117579301,3.1,2.5,2.5,1.285328680248445,7,7,Reverse,81.6,4.65,1
3780.26,57.83443183333334,12.307364666666668,57.83443708075686,12.30737292122984,3.75,2.5,2.5,1.328467988700784,6,6,Reverse,81.5,5.625,1
3781.26,57.834429,12.307361166666665,57.83443304037843,12.307367043948252,3.1,2.5,2.5,1.2873800466397658,7,7,Reverse,80.6,4.65,1
3782.29,57.834430000000005,12.307359333333332,57.83443152018922,12.307363188640792,2.8000000000000003,2.5,2.5,1.136898146041634,8,8,Reverse,80.1,4.2,1
3783.29,57.83442866666666,12.307356,57.83443009342794,12.307359594320396,3.4000000000000004,2.5,2.5,1.0324315808586042,7,7,Reverse,79.9,5.1000000000000005,1
3784.34,57.83443049999999,12.307350666666666,57.83443029671396,12.307355130493532,3.4000000000000004,2.5,2.5,0.9643424929980018,7,7,Reverse,79.8,5.1000000000000005,1
3785.3,57.83443016666667,12.307339166666669,57.83443023169032,12.3073471485801,3.4000000000000004,2.5,2.5,1.1367656431346527,7,7,Reverse,79.9,5.1000000000000005,1
3786.36,57.834432,12.307325666666667,57.834431115845156,12.307336407623383,3.4000000000000004,2.5,2.5,1.3858095685371827,7,7,Reverse,79.7,5.1000000000000005,1
3787.3,57.83443366666667,12.307324333333334,57.834432391255916,12.30733037047836,3.4000000000000004,2.5,2.5,1.4066036577661822,7,7,Reverse,79.6,5.1000000000000005,1
3788.27,57.83443316666667,12.307322333333332,57.83443277896129,12.307326351905845,3.4000000000000004,2.5,2.5,1.3430080870160888,7,7,Reverse,79.6,5.1000000000000005,1
3789.32,57.83443366666667,12.307310833333334,57.83443322281398,12.30731859261959,3.4000000000000004,2.5,2.5,1.4471452150345872,7,7,Reverse,79.3,5.1000000000000005,1
3790.42,57.83444233333333,12.307308166666667,57.83443777807366,12.307313379643128,3.4000000000000004,2.5,2.5,1.594429557805904,7,7,Reverse,79.3,5.1000000000000005,1
3791.24,57.83444466666666,12.307310833333334,57.83444122237016,12.307312106488231,3.4000000000000004,2.5,2.5,1.6220533130888601,7,7,Reverse,79.0,5.1000000000000005,1
3792.27,57.83444766666666,12.307319,57.83444444451841,12.307315553244116,3.4000000000000004,2.5,2.5,1.5997267378756779,7,7,Reverse,79.1,5.1000000000000005,1
3793.3,57.834455,12.307332833333332,57.8344497222592,12.307324193288723,3.4000000000000004,2.5,2.5,1.778601908589916,7,7,Reverse,79.0,5.1000000000000005,1
3794.34,57.83445433333333,12.307337833333333,57.83445202779627,12.307331013311028,3.4000000000000004,2.5,2.5,1.7143502523091998,7,7,Reverse,78.7,5.1000000000000005,1
3795.35,57.83445416666667,12.30734,57.83445309723147,12.307335506655514,3.4000000000000004,2.5,2.5,1.4799453432445313,7,7,Reverse,78.5,5.1000000000000005,1
3796.3,57.83444983333334,12.307349333333331,57.834451465282406,12.307342419994423,3.4000000000000004,2.5,2.5,1.2384250827070113,7,7,Reverse,78.3,5.1000000000000005,1
3797.33,57.83445100000001,12.307346666666668,57.83445123264121,12.307344543330546,2.8000000000000003,2.5,2.5,0.940817397205189,8,8,Reverse,78.0,4.2,1
3798.24,57.83444783333333,12.307351166666669,57.834449532987264,12.307347854998607,2.8000000000000003,2.5,2.5,0.8403938776960719,8,8,Reverse,77.8,4.2,1
3799.25,57.8344525,12.307347166666666,57.83445101649363,12.307347510832637,2.8000000000000003,2.5,2.5,0.6488623641194775,8,8,Reverse,77.6,4.2,1
3800.25,57.83445149999999,12.307347166666666,57.834451258246816,12.30734733874965,2.8000000000000003,2.5,2.5,0.4943964510416372,8,8,Reverse,77.6,4.2,1
3801.25,57.83445433333333,12.307346666666668,57.83445279579007,12.307347002708159,2.8000000000000003,2.5,2.5,0.39755084453962336,8,8,Reverse,77.5,4.2,1
3802.28,57.83445783333333,12.307344333333333,57.8344553145617,12.307345668020746,2.8000000000000003,2.5,2.5,0.3955135399082144,8,8,Reverse,77.4,4.2,1
3803.25,57.834462833333326,12.307345000000002,57.834459073947514,12.307345334010375,2.8000000000000003,2.5,2.5,0.4930103523921131,8,8,Reverse,77.4,4.2,1
3804.26,57.83446433333334,12.307345666666667,57.83446170364043,12.30734550033852,2.8000000000000003,2.5,2.5,0.5424160250540587,8,8,Reverse,77.5,4.2,1
3805.53,57.83447283333333,12.307340333333332,57.834467268486875,12.307342916835927,2.8000000000000003,2.5,2.5,0.874581861863268,8,8,Reverse,77.4,4.2,1
3806.24,57.83447366666666,12.307342333333334,57.83447046757677,12.30734262508463,2.8000000000000003,2.5,2.5,0.9341410490692104,8,8,Reverse,77.2,4.2,1
3807.24,57.834474833333324,12.307341833333332,57.83447265045505,12.307342229208981,2.8000000000000003,2.5,2.5,0.9045767240359069,8,8,Reverse,77.5,4.2,1
3808.25,57.8344765,12.307346333333332,57.834474575227524,12.307344281271156,2.8000000000000003,2.5,2.5,0.8901677948746666,8,8,Reverse,77.4,4.2,1
3809.28,57.83447549999999,12.307349666666669,57.83447503761376,12.307346973968913,2.8000000000000003,2.5,2.5,0.6979335953469503,8,8,Reverse,77.5,4.2,1
3810.28,57.83448116666667,12.307347166666666,57.83447810214021,12.307347070317789,2.8000000000000003,2.5,2.5,0.7914391701539165,8,8,Reverse,77.6,4.2,1
3811.54,57.834484833333335,12.307348166666667,57.83448146773677,12.307347618492228,2.8000000000000003,2.5,2.5,0.9392514767285292,8,8,Reverse,77.3,4.2,1
3812.3,57.834490499999994,12.307361166666665,57.83448598386838,12.307354392579446,2.8000000000000003,2.5,2.5,1.3401091105777887,8,8,Reverse,77.2,4.2,1
3813.25,57.834486500000004,12.307366000000002,57.834486241934194,12.307360196289725,2.8000000000000003,2.5,2.5,1.393340039628735,8,8,Reverse,77.3,4.2,1
3814.26,57.834483166666665,12.307372333333335,57.83448470430043,12.30736626481153,2.8000000000000003,2.5,2.5,1.320573512208726,8,8,Reverse,77.1,4.2,1
3815.25,57.834482333333334,12.307375000000002,57.83448351881688,12.307370632405766,2.8000000000000003,2.5,2.5,1.212378588092348,8,8,Reverse,77.1,4.2,1
3816.26,57.83448766666667,12.307361500000003,57.83448559274178,12.307366066202885,2.8000000000000003,2.5,2.5,1.2083667206492086,8,8,Reverse,77.0,4.2,1
3817.25,57.83448466666667,12.307364500000002,57.83448512970422,12.307365283101444,3.1,2.5,2.5,1.0339460879134135,7,7,Reverse,77.1,4.65,1
3818.25,57.834481000000004,12.307359666666665,57.834483064852115,12.307362474884053,3.1,2.5,2.5,0.9895675039839316,7,7,Reverse,77.0,4.65,1
3819.25,57.8344825,12.307363166666669,57.83448278242606,12.307362820775362,3.1,2.5,2.5,0.7795811680405853,7,7,Reverse,76.6,4.65,1
3820.26,57.8344885,12.307364666666668,57.83448564121303,12.307363743721014,3.1,2.5,2.5,0.7188640058637878,7,7,Reverse,76.7,4.65,1
3821.25,57.8344855,12.307378666666667,57.83448557060651,12.30737120519384,3.1,2.5,2.5,0.8496808335834662,7,7,Reverse,76.5,4.65,1
3822.25,57.834481999999994,12.307379666666668,57.834483785303256,12.307375435930254,2.8000000000000003,2.5,2.5,0.8548736547837719,8,8,Reverse,76.4,4.2,1
3823.25,57.83448033333334,12.307382833333333,57.8344820593183,12.307379134631795,2.8000000000000003,2.5,2.5,0.8566551586725115,8,8,Reverse,76.5,4.2,1
3824.58,57.834470499999995,12.307376,57.83447627965914,12.307377567315896,2.8000000000000003,2.5,2.5,0.9271308938194864,8,8,Reverse,76.6,4.2,1
3825.59,57.83446366666667,12.307375500000001,57.83446997316291,12.30737653365795,2.8000000000000003,2.5,2.5,1.0259693723121972,8,8,Reverse,76.4,4.2,1
3826.57,57.83446166666666,12.307375166666668,57.83446581991478,12.307375850162309,2.8000000000000003,2.5,2.5,0.9892105782778953,8,8,Reverse,76.2,4.2,1
3827.59,57.83445483333333,12.307368166666667,57.83446032662406,12.307372008414488,2.8000000000000003,2.5,2.5,1.1350342068188706,8,8,Reverse,76.3,4.2,1
3828.24,57.83445383333333,12.307372500000001,57.83445707997869,12.307372254207245,2.8000000000000003,2.5,2.5,1.0843777116308417,8,8,Reverse,76.2,4.2,1
3829.25,57.83444983333334,12.3073665,57.834453456656014,12.307369377103623,2.8000000000000003,2.5,2.5,1.1119423867642104,8,8,Reverse,76.3,4.2,1
3830.24,57.834445,12.307365333333333,57.83444922832801,12.307367355218478,2.8000000000000003,2.5,2.5,1.1636497964928811,8,8,Reverse,76.3,4.2,1
3831.25,57.834436833333335,12.307365166666667,57.83444303083067,12.307366260942572,2.8000000000000003,2.5,2.5,1.4069850348994926,8,8,Reverse,75.9,4.2,1
3832.56,57.834435500000005,12.307370333333331,57.83443926541534,12.307368297137952,2.8000000000000003,2.5,2.5,1.4496858619182247,8,8,Reverse,75.7,4.2,1
3833.57,57.834435666666664,12.307370500000001,57.834437466041,12.307369398568976,2.8000000000000003,2.5,2.5,1.3512663228114725,8,8,Reverse,75.7,4.2,1
3834.57,57.834435,12.307373166666666,57.8344362330205,12.30737128261782,2.8000000000000003,2.5,2.5,1.2424255331119702,8,8,Reverse,76.0,4.2,1
3835.56,57.834435500000005,12.307371833333331,57.834435866510255,12.307371557975577,2.8000000000000003,2.5,2.5,1.0245857439959603,8,8,Reverse,76.0,4.2,1
3836.24,57.834432500000005,12.307370666666667,57.83443418325513,12.307371112321121,2.8000000000000003,2.5,2.5,0.9737053159141845,8,8,Reverse,76.1,4.2,1
3837.26,57.83443666666667,12.307374833333332,57.8344354249609,12.307372972827228,2.8000000000000003,2.5,2.5,0.7779068761745759,8,8,Reverse,76.1,4.2,1
3838.25,57.83444933333333,12.307394500000003,57.83444237914711,12.307383736413614,2.8000000000000003,2.5,2.5,1.1692154755079365,8,8,Reverse,76.0,4.2,1
3839.26,57.83445133333333,12.307402333333334,57.83444685624022,12.307393034873474,2.8000000000000003,2.5,2.5,1.323678702042655,8,8,Reverse,76.1,4.2,1
3840.25,57.83445283333334,12.307401666666665,57.83444984478678,12.30739735077007,2.8000000000000003,2.5,2.5,1.216232130308156,8,8,Reverse,76.4,4.2,1
3841.58,57.83445566666666,12.307406333333331,57.83445275572672,12.3074018420517,2.8000000000000003,2.5,2.5,1.1650143906272774,8,8,Reverse,76.8,4.2,1
3842.56,57.83445566666666,12.307402833333333,57.83445421119669,12.307402337692517,2.8000000000000003,2.5,2.5,0.9865075328679203,8,8,Reverse,77.0,4.2,1
3843.6,57.83446033333333,12.307412166666666,57.83445727226501,12.30740725217959,2.8000000000000003,2.5,2.5,1.0835111879228227,8,8,Reverse,76.8,4.2,1
3844.55,57.83447066666666,12.307405166666667,57.83446396946584,12.30740620942313,2.8000000000000003,2.5,2.5,1.2089928706163184,8,8,Reverse,77.0,4.2,1
3845.24,57.8344715,12.307389666666666,57.83446773473292,12.307397938044897,3.025,2.5,2.5,1.189296786868385,7,7,Reverse,76.4,4.5375,1
3846.23,57.834471833333325,12.307385333333333,57.83446978403312,12.307391635689115,3.025,2.5,2.5,1.032384798870798,7,7,Reverse,76.5,4.5375,1
3847.24,57.83447733333334,12.307367833333334,57.83447355868323,12.307379734511224,3.025,2.5,2.5,1.1185775189516558,7,7,Reverse,76.3,4.5375,1
3848.26,57.834486166666665,12.307356666666665,57.83447986267495,12.307368200588945,3.025,2.5,2.5,1.354773299819214,7,7,Reverse,76.2,4.5375,1
3849.58,57.83449683333333,12.3073545,57.83448834800414,12.307361350294473,2.8000000000000003,2.5,2.5,1.6497721915769405,8,8,Reverse,76.1,4.2,1
3850.55,57.8345035,12.307349666666669,57.83449592400207,12.30735550848057,2.8000000000000003,2.5,2.5,1.931020002113822,8,8,Reverse,76.0,4.2,1
3851.35,57.83450849999999,12.307344333333333,57.83450221200103,12.307349920906953,3.175,2.5,2.5,2.0997936820021326,7,7,Reverse,75.9,4.762499999999999,1
3852.24,57.83451449999999,12.307333333333334,57.83450835600051,12.307341627120143,3.175,2.5,2.5,2.270926259773599,7,7,Reverse,75.9,4.762499999999999,1
3853.24,57.834524333333334,12.307319,57.83451634466692,12.30733031356007,3.175,2.5,2.5,2.5533427309188887,7,7,Reverse,75.6,4.762499999999999,1
3854.24,57.83451433333333,12.307303000000001,57.83451533900013,12.307316656780037,3.175,2.5,2.5,2.589143117424732,7,7,Reverse,75.8,4.762499999999999,1
3855.38,57.83450883333333,12.307296333333333,57.834512086166725,12.307306495056684,3.175,2.5,2.5,2.4154114642871405,7,7,Reverse,76.1,4.762499999999999,1
3856.56,57.834511000000006,12.307287333333333,57.834511543083366,12.307296914195009,2.8000000000000003,2.5,2.5,2.2694540684516764,8,8,Reverse,76.1,4.2,1
3857.55,57.83450966666666,12.307278333333333,57.834510604875014,12.307287623764172,2.8000000000000003,2.5,2.5,2.1659333505252354,8,8,Reverse,76.4,4.2,1
3858.55,57.83449933333333,12.307273833333333,57.834504969104174,12.307280728548752,2.8000000000000003,2.5,2.5,2.1244436246352216,8,8,Reverse,76.6,4.2,1
3859.24,57.834495333333344,12.307275166666667,57.83450015121876,12.307277947607709,2.8000000000000003,2.5,2.5,1.9397211496568711,8,8,Reverse,76.7,4.2,1
3860.25,57.83449900000001,12.307278,57.834499575609385,12.307277973803854,2.8000000000000003,2.5,2.5,1.5979362666895596,8,8,Reverse,76.6,4.2,1
3861.23,57.83449566666666,12.307297666666667,57.83449762113802,12.307287820235262,2.8000000000000003,2.5,2.5,1.4808351188681115,8,8,Reverse,76.8,4.2,1
3862.24,57.8345,12.307299333333333,57.83449881056901,12.307293576784296,2.8000000000000003,2.5,2.5,1.3133004578405678,8,8,Reverse,76.7,4.2,1
3863.24,57.83449616666667,12.307300999999999,57.83449748861784,12.307297288392148,2.8000000000000003,2.5,2.5,1.067429223846829,8,8,Reverse,76.7,4.2,1
3864.24,57.83449600000001,12.307310333333332,57.83449674430892,12.30730381086274,2.8000000000000003,2.5,2.5,1.002770442449702,8,8,Reverse,76.8,4.2,1
3865.56,57.834492166666664,12.307310666666668,57.83449445548779,12.307307238764704,2.8000000000000003,2.5,2.5,0.8413610797712696,8,8,Reverse,76.8,4.2,1
3866.54,57.834485166666674,12.307306666666667,57.83448981107723,12.307306952715686,2.8000000000000003,2.5,2.5,0.8121470317961187,8,8,Reverse,76.7,4.2,1
3867.57,57.834481833333335,12.307300999999999,57.83448582220529,12.307303976357842,2.8000000000000003,2.5,2.5,0.859524415702546,8,8,Reverse,76.6,4.2,1
3868.33,57.83447966666666,12.307297833333333,57.834482744435974,12.307300904845588,2.8000000000000003,2.5,2.5,0.8647641773331296,8,8,Reverse,76.5,4.2,1
3869.25,57.834475000000005,12.307306000000002,57.834478872217986,12.307303452422795,3.35,2.5,2.5,0.8258410840585535,7,7,Reverse,76.5,5.025,1
3870.24,57.834467333333336,12.307305666666666,57.83447310277566,12.30730455954473,3.375,2.5,2.5,0.9335894706590259,7,7,Reverse,76.7,5.0625,1
3871.26,57.834464833333335,12.307295166666666,57.8344689680545,12.307299863105698,3.375,2.5,2.5,0.9808147599202302,7,7,Reverse,76.7,5.0625,1
3872.55,57.83445233333334,12.307301333333331,57.83446065069392,12.307300598219514,2.8000000000000003,2.5,2.5,1.2242680140318822,8,8,Reverse,76.6,4.2,1
3873.54,57.83444466666666,12.307315333333333,57.83445265868029,12.307307965776424,3.2,2.5,2.5,1.4935853684822886,7,7,Reverse,76.9,4.800000000000001,1
3874.55,57.834436999999994,12.307320333333333,57.83444482934014,12.307314149554879,3.2,2.5,2.5,1.7393173228918626,7,7,Reverse,77.1,4.800000000000001,1
3875.54,57.83443633333333,12.307323333333333,57.834440581336736,12.307318741444107,3.7,2.5,2.5,1.8101522213645285,6,6,Reverse,77.1,5.550000000000001,1
3876.24,57.83443283333333,12.307327833333334,57.83443670733503,12.30732328738872,8.65,2.5,2.5,1.8508339648986913,5,5,Reverse,76.8,12.975000000000001,1
3877.24,57.83443183333334,12.307331833333334,57.834434270334185,12.307327560361028,8.65,2.5,2.5,1.8325412858360828,5,5,Reverse,76.7,12.975000000000001,1
3878.24,57.83443016666667,12.307337500000001,57.83443221850043,12.307332530180513,8.65,2.5,2.5,1.791580090212846,5,5,Reverse,76.5,12.975000000000001,1
3879.24,57.83442616666666,12.307343833333334,57.83442919258354,12.307338181756924,8.65,2.5,2.5,1.7827336997228744,5,5,Reverse,76.4,12.975000000000001,1
3880.58,57.834426833333325,12.307334666666668,57.83442801295843,12.307336424211796,8.675,2.5,2.5,1.637908980676567,5,5,Reverse,76.4,13.012500000000001,1
3881.55,57.83442483333333,12.307326,57.834426423145885,12.307331212105899,8.675,2.5,2.5,1.4878490698280609,5,5,Reverse,76.3,13.012500000000001,1
3882.52,57.834422833333335,12.307311833333332,57.83442462823961,12.307321522719615,3.2,2.5,2.5,1.3600897661740747,7,7,Reverse,76.2,4.800000000000001,1
3883.24,57.834423833333325,12.307298666666668,57.83442423078647,12.307310094693142,3.2,2.5,2.5,1.1963004356565132,7,7,Reverse,75.9,4.800000000000001,1
3884.24,57.834418166666666,12.307301833333334,57.83442119872657,12.307305964013237,3.2,2.5,2.5,0.9013614982981248,7,7,Reverse,75.3,4.800000000000001,1
3885.24,57.83442183333333,12.307297666666667,57.83442151602995,12.307301815339953,3.7,2.5,2.5,0.6778087197205278,6,6,Reverse,75.1,5.550000000000001,1
3886.23,57.83442916666666,12.307292833333333,57.8344253413483,12.307297324336643,3.35,2.5,2.5,0.5820681616263546,7,7,Reverse,75.1,5.025,1
3887.56,57.83443366666667,12.307295833333335,57.83442950400749,12.307296578834988,3.35,2.5,2.5,0.483908478432381,7,7,Reverse,74.8,5.025,1
3888.55,57.83443016666667,12.307293166666666,57.834429835337076,12.307294872750827,3.9000000000000004,2.5,2.5,0.39645474031638267,6,6,Reverse,74.9,5.8500000000000005,1
3889.25,57.83443049999999,12.307289166666665,57.834430167668536,12.307292019708747,3.9000000000000004,2.5,2.5,0.34014792871324473,6,6,Reverse,74.9,5.8500000000000005,1
3890.25,57.834426833333325,12.307291833333332,57.83442850050093,12.307291926521039,3.9000000000000004,2.5,2.5,0.41932571190015666,6,6,Reverse,74.8,5.8500000000000005,1
3891.24,57.834427999999996,12.307287166666667,57.83442825025046,12.307289546593854,3.9000000000000004,2.5,2.5,0.44639122571580414,6,6,Reverse,74.7,5.8500000000000005,1
3892.26,57.83441616666667,12.307295666666668,57.83442220845857,12.307292606630261,3.9000000000000004,2.5,2.5,0.7454075572397197,6,6,Reverse,74.5,5.8500000000000005,1
3893.24,57.83441233333333,12.3072885,57.83441727089595,12.30729055331513,3.9000000000000004,2.5,2.5,0.9910837590181183,6,6,Reverse,74.6,5.8500000000000005,1
3894.24,57.83441116666666,12.307300166666668,57.834414218781305,12.3072953599909,3.9000000000000004,2.5,2.5,1.1853268931844894,6,6,Reverse,74.5,5.8500000000000005,1
3895.25,57.834417833333326,12.307312000000001,57.83441602605732,12.30730367999545,3.9000000000000004,2.5,2.5,1.3217423774851706,6,6,Reverse,74.7,5.8500000000000005,1
3896.63,57.834416,12.307314166666666,57.83441601302866,12.307308923331059,3.9000000000000004,2.5,2.5,1.3135095547289342,6,6,Reverse,74.8,5.8500000000000005,1
3897.66,57.83441266666667,12.307318833333333,57.83441433984766,12.307313878332195,3.9000000000000004,2.5,2.5,1.3334243531388157,6,6,Reverse,74.9,5.8500000000000005,1
3898.69,57.83440916666667,12.307320166666667,57.834411753257164,12.307317022499431,3.9000000000000004,2.5,2.5,1.3876611698063228,6,6,Reverse,75.1,5.8500000000000005,1
3899.45,57.83441133333334,12.307321833333333,57.83441154329525,12.307319427916383,3.9000000000000004,2.5,2.5,1.3433877953765974,6,6,Reverse,75.3,5.8500000000000005,1
3900.27,57.83440933333333,12.307322833333334,57.83441043831429,12.307321130624858,3.9000000000000004,2.5,2.5,1.3227840445145915,6,6,Reverse,75.4,5.8500000000000005,1
3901.28,57.83441066666666,12.307328,57.83441055249048,12.30732456531243,3.9000000000000004,2.5,2.5,1.2664347373245841,6,6,Reverse,75.5,5.8500000000000005,1
3902.26,57.83441166666667,12.307332666666666,57.834411109578575,12.307328615989547,3.9000000000000004,2.5,2.5,1.2438045571155425,6,6,Reverse,75.5,5.8500000000000005,1
3903.28,57.83441633333334,12.307327833333334,57.83441372145595,12.30732822466144,3.9000000000000004,2.5,2.5,1.1133144525321177,6,6,Reverse,75.6,5.8500000000000005,1
3904.3,57.83440883333333,12.307346833333334,57.83441127739464,12.307337528997387,3.9000000000000004,2.5,2.5,1.269761066708294,6,6,Reverse,75.7,5.8500000000000005,1
3905.29,57.83441533333333,12.307347,57.83441330536399,12.307342264498693,8.774999999999999,2.5,2.5,1.2593013912127504,5,5,Reverse,75.6,13.162499999999998,1
3906.34,57.83442449999999,12.307338,57.83441890268199,12.307340132249347,3.9000000000000004,2.5,2.5,1.178734137851758,6,6,Reverse,75.9,5.8500000000000005,1
3907.27,57.83442433333333,12.307329333333334,57.83442161800766,12.30733473279134,3.9000000000000004,2.5,2.5,1.006373278250884,6,6,Reverse,75.9,5.8500000000000005,1
3908.29,57.83442183333333,12.307324166666668,57.834421725670495,12.307329449729004,3.9000000000000004,2.5,2.5,0.8418210691774908,6,6,Reverse,75.9,5.8500000000000005,1
3909.63,57.83442466666667,12.307324333333334,57.83442319616858,12.307326891531169,3.375,2.5,2.5,0.9357410503970226,7,7,Reverse,75.5,5.0625,1
3910.32,57.83442933333334,12.307323333333333,57.83442626475096,12.30732511243225,3.375,2.5,2.5,1.081497550724692,7,7,Reverse,74.9,5.0625,1
3911.34,57.83442449999999,12.307329333333334,57.83442538237548,12.307327222882792,3.375,2.5,2.5,1.0937919574658588,7,7,Reverse,74.4,5.0625,1
3912.27,57.83442733333333,12.307318833333333,57.834426357854404,12.307323028108064,3.375,2.5,2.5,0.977063479704585,7,7,Reverse,73.6,5.0625,1
3913.39,57.83442449999999,12.307315666666666,57.8344254289272,12.307319347387365,3.375,2.5,2.5,0.777488183500598,7,7,Reverse,73.4,5.0625,1
3914.26,57.834423666666666,12.307305166666668,57.83442454779693,12.307312257027016,3.375,2.5,2.5,0.6302846806514221,7,7,Reverse,73.6,5.0625,1
3915.25,57.83442433333333,12.307295,57.83442444056513,12.307303628513507,3.375,2.5,2.5,0.47331257025590356,7,7,Reverse,73.5,5.0625,1
3916.27,57.83441866666667,12.307310333333332,57.834421553615904,12.30730698092342,3.375,2.5,2.5,0.6700871146617275,7,7,Reverse,73.5,5.0625,1
3917.26,57.83441849999999,12.307303000000001,57.83442002680795,12.307304990461711,3.375,2.5,2.5,0.6333339187443875,7,7,Reverse,73.4,5.0625,1
3918.26,57.83442016666666,12.307294500000001,57.834420096737304,12.307299745230855,3.375,2.5,2.5,0.5306267766375765,7,7,Reverse,73.2,5.0625,1
3919.31,57.83441416666666,12.307295500000002,57.83441713170198,12.30729762261543,3.375,2.5,2.5,0.7368931450821496,7,7,Reverse,73.2,5.0625,1
3920.25,57.83441666666666,12.307269666666665,57.83441689918432,12.307283644641046,3.375,2.5,2.5,0.6573047984528918,7,7,Reverse,73.2,5.0625,1
3921.33,57.83441549999999,12.3072675,57.834416199592155,12.307275572320524,3.375,2.5,2.5,0.6482961498181337,7,7,Reverse,72.8,5.0625,1
3922.27,57.83441733333334,12.307261833333333,57.83441676646275,12.307268702826928,3.375,2.5,2.5,0.6665187432732208,7,7,Reverse,72.9,5.0625,1
3923.27,57.83441616666667,12.307247166666665,57.83441646656471,12.307257934746797,3.375,2.5,2.5,0.8572747766574722,7,7,Reverse,73.0,5.0625,1
3924.26,57.8344085,12.3072515,57.83441248328236,12.307254717373398,3.375,2.5,2.5,1.063928103511886,7,7,Reverse,73.2,5.0625,1
3925.27,57.83440649999999,12.307252000000002,57.834409491641175,12.3072533586867,3.375,2.5,2.5,1.1606807512793071,7,7,Reverse,73.3,5.0625,1
3926.52,57.83441433333334,12.307252000000002,57.834411912487255,12.307252679343351,3.375,2.5,2.5,0.9819275699388086,7,7,Reverse,73.4,5.0625,1
3927.63,57.83440933333333,12.307258333333333,57.8344106229103,12.307255506338342,3.375,2.5,2.5,0.9725739752125284,7,7,Reverse,73.7,5.0625,1
3928.35,57.83440533333334,12.307249166666669,57.83440797812182,12.307252336502506,3.375,2.5,2.5,1.1356350646780395,7,7,Reverse,73.8,5.0625,1
3929.29,57.83440933333333,12.307236333333332,57.83440865572758,12.307244334917918,3.375,2.5,2.5,1.11711263216604,7,7,Reverse,73.9,5.0625,1
3930.25,57.83440683333333,12.3072255,57.83440774453045,12.30723491745896,3.375,2.5,2.5,1.279644991043433,7,7,Reverse,74.0,5.0625,1
3931.26,57.8344145,12.307213666666666,57.83441112226523,12.307224292062813,3.375,2.5,2.5,1.3576288978984798,7,7,Reverse,74.1,5.0625,1
3932.37,57.8344145,12.307213666666666,57.834412811132616,12.30721897936474,3.375,2.5,2.5,1.2695201053517375,7,7,Reverse,74.0,5.0625,1
3933.28,57.83441083333334,12.307230833333332,57.83441182223297,12.307224906349035,3.375,2.5,2.5,1.0744071176265375,7,7,Reverse,74.1,5.0625,1
3934.27,57.83440649999999,12.307227333333334,57.83440916111648,12.307226119841184,3.375,2.5,2.5,1.0271687831268885,7,7,Reverse,73.9,5.0625,1
3935.26,57.83440466666666,12.307218333333333,57.83440691389157,12.307222226587259,3.375,2.5,2.5,1.033255454830381,7,7,Reverse,73.8,5.0625,1
3936.27,57.83440383333333,12.307222666666666,57.834405373612455,12.307222446626962,3.375,2.5,2.5,0.9948698177879243,7,7,Reverse,73.7,5.0625,1
3937.28,57.83440533333334,12.307226166666664,57.834405353472896,12.307224306646814,3.375,2.5,2.5,0.903096383196576,7,7,Reverse,73.6,5.0625,1
3938.28,57.83440933333333,12.307229166666666,57.834407343403115,12.30722673665674,3.375,2.5,2.5,0.765420200320651,7,7,Reverse,73.4,5.0625,1
3939.31,57.834418166666666,12.307229833333334,57.83441275503489,12.307228284995038,3.375,2.5,2.5,0.7427996048343959,7,7,Reverse,73.7,5.0625,1
3940.26,57.83442333333334,12.307226166666664,57.83441804418412,12.30722722583085,3.375,2.5,2.5,0.7583196564992516,7,7,Reverse,73.1,5.0625,1
3941.35,57.834430000000005,12.307233333333333,57.83442402209206,12.307230279582091,3.375,2.5,2.5,0.8500378699296396,7,7,Reverse,72.8,5.0625,1
