gps_epoch_s,pc_epoch_s,time_offset_ms,raw_lat,raw_lon,filt_lat,filt_lon,raw_unc_m,filt_unc_x_m,filt_unc_y_m,speed_kmh,sats_used,sats_in_view,direction,altitude_m,alt_unc_m,fix_quality
1770714110.0,1770717710.08,3600079.8,57.8343985,12.307205166666666,57.83439425,12.307200666666665,2.8249999999999997,3.75099986670221,3.75099986670221,1.3075763763406894,7,7,Reverse,72.9,4.2375,1
1770714111.0,1770717711.572,3600572.1,57.83440283333333,12.307219833333333,57.834398541666665,12.307210249999999,2.8249999999999997,3.149444395445012,3.149444395445012,1.428685216688694,7,7,Reverse,73.1,4.2375,1
1770714112.0,1770717712.091,3600091.5,57.83440733333334,12.3072285,57.8344029375,12.307219375,2.8249999999999997,2.648263582047678,2.648263582047678,1.3003451317013595,7,7,Reverse,73.4,4.2375,1
1770714113.0,1770717713.086,3600085.8,57.83441366666666,12.307226833333335,57.83440830208333,12.307223104166667,2.8249999999999997,2.5,2.5,1.1881077523388646,7,7,Reverse,73.6,4.2375,1
1770714114.0,1770717714.081,3600081.1,57.83441933333334,12.307225166666667,57.83441381770833,12.307224135416668,3.025,2.5,2.5,1.0998103764648828,6,6,Reverse,73.6,4.5375,1
1770714115.0,1770717715.085,3600085.0,57.834422333333336,12.307220500000001,57.83441807552084,12.307222317708334,3.025,2.5,2.5,0.9455196303494116,6,6,Reverse,73.7,4.5375,1
1770714116.0,1770717716.09,3600089.8,57.83442449999999,12.3072255,57.834421287760414,12.307223908854168,3.025,2.5,2.5,0.7709824141682607,6,6,Reverse,74.0,4.5375,1
1770714117.0,1770717717.079,3600079.0,57.834425833333334,12.307229833333334,57.834423560546874,12.30722687109375,3.025,2.5,2.5,0.6763430281374256,6,6,Reverse,74.1,4.5375,1
1770714118.0,1770717718.088,3600087.8,57.83442749999999,12.307239166666667,57.83442553027343,12.30723301888021,3.025,2.5,2.5,0.7114966295141079,6,6,Reverse,74.4,4.5375,1
1770714119.0,1770717719.096,3600096.0,57.834425499999995,12.307242333333333,57.834425515136715,12.307237676106771,3.025,2.5,2.5,0.6641363318148331,6,6,Reverse,74.6,4.5375,1
1770714120.0,1770717720.079,3600079.5,57.834422833333335,12.3072525,57.834424174235025,12.307245088053385,3.025,2.5,2.5,0.8061010930931767,6,6,Reverse,74.9,4.5375,1
1770714121.0,1770717721.102,3600102.4,57.83442333333334,12.307267166666668,57.83442375378418,12.307256127360027,3.025,2.5,2.5,1.0946255176499564,6,6,Reverse,75.2,4.5375,1
1770714122.0,1770717722.086,3600086.4,57.83442866666666,12.3072705,57.83442621022542,12.307263313680012,3.025,2.5,2.5,1.1609284341146573,6,6,Reverse,75.6,4.5375,1
1770714123.0,1770717723.09,3600090.2,57.834435666666664,12.307277500000001,57.83443093844604,12.307270406840008,2.8249999999999997,2.5,2.5,1.1271778245418203,7,7,Reverse,76.1,4.2375,1
1770714124.0,1770717724.096,3600095.9,57.83443833333334,12.307283,57.83443463588969,12.307276703420003,2.8249999999999997,2.5,2.5,1.0336436671481282,7,7,Reverse,76.5,4.2375,1
1770714125.0,1770717725.09,3600089.8,57.83444033333333,12.307293166666666,57.83443748461151,12.307284935043334,2.8249999999999997,2.5,2.5,1.0319769126560994,7,7,Reverse,76.8,4.2375,1
1770714126.0,1770717726.101,3600100.8,57.8344435,12.307294166666669,57.83444049230575,12.307289550855002,2.8249999999999997,2.5,2.5,0.906474830798885,7,7,Reverse,77.2,4.2375,1
1770714127.0,1770717727.09,3600089.9,57.83444566666667,12.307305000000001,57.83444307948621,12.307297275427501,2.8249999999999997,2.5,2.5,0.9099998500740684,7,7,Reverse,77.6,4.2375,1
1770714128.0,1770717728.095,3600094.7,57.83444666666666,12.307311666666665,57.834444873076436,12.307304471047084,2.8249999999999997,2.5,2.5,0.8859279680888823,7,7,Reverse,77.9,4.2375,1
1770714129.0,1770717729.089,3600088.6,57.83444683333334,12.3073205,57.83444585320488,12.307312485523541,2.8249999999999997,2.5,2.5,0.9082439373427542,7,7,Reverse,78.2,4.2375,1
1770714130.0,1770717730.093,3600093.5,57.83444866666667,12.307326499999999,57.83444725993578,12.30731949276177,2.8249999999999997,2.5,2.5,0.9192434260131579,7,7,Reverse,78.5,4.2375,1
1770714131.0,1770717731.087,3600087.4,57.83444933333333,12.307326499999999,57.834448296634555,12.307322996380885,2.9749999999999996,2.5,2.5,0.831454895244456,6,6,Reverse,78.7,4.4624999999999995,1
1770714132.0,1770717732.083,3600082.7,57.83444816666667,12.307332166666667,57.83444823165061,12.307327581523776,2.9749999999999996,2.5,2.5,0.8335322766734387,6,6,Reverse,79.0,4.4624999999999995,1
1770714133.0,1770717733.086,3600086.3,57.83444666666666,12.3073335,57.83444744915863,12.307330540761887,2.9749999999999996,2.5,2.5,0.8270420099052831,6,6,Reverse,79.2,4.4624999999999995,1
1770714134.0,1770717734.092,3600092.0,57.83444533333333,12.307335833333331,57.83444639124598,12.30733318704761,3.2750000000000004,2.5,2.5,0.83340599188043,5,5,Reverse,79.4,4.9125000000000005,1
1770714135.0,1770717735.086,3600086.3,57.834442833333334,12.307333000000002,57.83444461228966,12.307333093523805,3.2750000000000004,2.5,2.5,0.8122172000711466,5,5,Reverse,79.6,4.9125000000000005,1
1770714136.0,1770717736.08,3600080.2,57.83444166666666,12.307344666666665,57.83444313947816,12.307338880095235,3.2750000000000004,2.5,2.5,0.9022198072249059,5,5,Reverse,79.8,4.9125000000000005,1
1770714137.0,1770717737.094,3600094.4,57.834441166666664,12.307342000000002,57.83444215307241,12.30734044004762,3.025,2.5,2.5,0.8639314773154508,6,6,Reverse,80.0,4.5375,1
1770714138.0,1770717738.089,3600089.2,57.83444166666666,12.307344833333332,57.83444190986954,12.307342636690475,3.025,2.5,2.5,0.802595824467695,6,6,Reverse,80.0,4.5375,1
1770714139.0,1770717739.093,3600093.2,57.83443833333334,12.307339666666667,57.83444012160144,12.307341151678571,3.025,2.5,2.5,0.7101958283914994,6,6,Reverse,80.2,4.5375,1
1770714140.0,1770717740.087,3600087.1,57.8344375,12.307354666666667,57.83443881080072,12.30734790917262,3.025,2.5,2.5,0.812240160482203,6,6,Reverse,80.3,4.5375,1
1770714141.0,1770717741.094,3600093.6,57.83445100000001,12.307356166666667,57.83444490540036,12.307352037919642,3.0,2.5,2.5,0.9788850849257384,6,6,Reverse,80.6,4.5,1
1770714142.0,1770717742.088,3600087.7,57.83445016666666,12.307356,57.834447536033515,12.307354018959822,2.8249999999999997,2.5,2.5,0.9946666989390464,7,7,Reverse,80.8,4.2375,1
1770714143.0,1770717743.083,3600083.0,57.83444983333334,12.307360833333332,57.83444868468342,12.307357426146577,2.8249999999999997,2.5,2.5,0.9367025114257402,7,7,Reverse,81.2,4.2375,1
1770714144.0,1770717744.087,3600087.3,57.834453,12.307363666666667,57.83445084234172,12.307360546406622,2.8249999999999997,2.5,2.5,0.9427245767030547,7,7,Reverse,81.6,4.2375,1
1770714145.0,1770717745.092,3600091.8,57.83445966666667,12.307358166666665,57.83445525450419,12.307359356536644,2.8249999999999997,2.5,2.5,1.0484617856818503,7,7,Reverse,82.0,4.2375,1
1770714146.0,1770717746.086,3600085.7,57.83445733333333,12.307361833333335,57.83445629391876,12.30736059493499,2.8249999999999997,2.5,2.5,1.0560296030335823,7,7,Reverse,82.3,4.2375,1
1770714147.0,1770717747.09,3600089.8,57.8344465,12.307361500000003,57.83445139695938,12.307361047467495,3.0,2.5,2.5,0.8445388087392709,6,6,Reverse,82.4,4.5,1
1770714148.0,1770717748.096,3600095.6,57.834441500000004,12.307365166666667,57.83444644847969,12.307363107067081,3.0,2.5,2.5,0.7486922263302404,6,6,Reverse,82.4,4.5,1
1770714149.0,1770717749.091,3600090.6,57.834455,12.307354333333334,57.834450724239844,12.307358720200208,2.8249999999999997,2.5,2.5,0.9191467650305517,7,7,Reverse,82.6,4.2375,1
1770714150.0,1770717750.094,3600094.1,57.834444500000004,12.307350333333334,57.834447612119924,12.30735452676677,2.8249999999999997,2.5,2.5,0.9397561522814983,7,7,Reverse,82.7,4.2375,1
1770714151.0,1770717751.09,3600089.6,57.834439,12.307365,57.83444330605997,12.307359763383387,2.8249999999999997,2.5,2.5,0.8889112879268265,7,7,Reverse,82.7,4.2375,1
1770714152.0,1770717752.094,3600093.5,57.83444933333333,12.307338499999998,57.834446319696646,12.307349131691693,2.8249999999999997,2.5,2.5,1.1035044924250959,7,7,Reverse,83.0,4.2375,1
1770714153.0,1770717753.088,3600088.2,57.83444683333334,12.307341166666667,57.83444657651499,12.307345149179179,2.8249999999999997,2.5,2.5,1.064049828098177,7,7,Reverse,83.4,4.2375,1
1770714154.0,1770717754.083,3600082.7,57.83445400000001,12.307336166666667,57.8344502882575,12.307340657922923,2.8249999999999997,2.5,2.5,1.1618328421018322,7,7,Reverse,83.6,4.2375,1
1770714155.0,1770717755.087,3600086.6,57.83445283333334,12.307336833333332,57.83445156079542,12.307338745628128,3.0,2.5,2.5,1.1279065093180796,6,6,Reverse,83.9,4.5,1
1770714156.0,1770717756.083,3600082.6,57.834442499999994,12.307338,57.834447030397705,12.307338372814064,4.625,2.5,2.5,1.0145509590629844,5,5,Reverse,84.3,6.9375,1
1770714157.0,1770717757.088,3600087.6,57.8344405,12.307336666666666,57.834443765198856,12.307337519740365,4.625,2.5,2.5,0.9282722215665546,5,5,Reverse,84.6,6.9375,1
1770714158.0,1770717758.092,3600092.1,57.83444783333333,12.307335166666666,57.83444579926609,12.307336343203517,4.625,2.5,2.5,0.8436545713427225,5,5,Reverse,84.8,6.9375,1
1770714159.0,1770717759.081,3600080.5,57.83444666666666,12.307331833333334,57.83444623296637,12.307334088268425,3.0,2.5,2.5,0.884370377084761,6,6,Reverse,85.3,4.5,1
1770714160.0,1770717760.079,3600079.2,57.834436999999994,12.307334166666665,57.83444161648318,12.307334127467545,3.0,2.5,2.5,1.0488604681178004,6,6,Reverse,85.7,4.5,1
1770714161.0,1770717761.096,3600095.7,57.834426833333325,12.307337666666667,57.83443422490826,12.307335897067107,2.8249999999999997,2.5,2.5,1.2927860787951022,7,7,Reverse,86.0,4.2375,1
1770714162.0,1770717762.079,3600079.1,57.834397,12.307376666666668,57.83441561245413,12.307356281866888,2.8249999999999997,2.5,2.5,2.146086802292626,7,7,Reverse,86.2,4.2375,1
1770714163.0,1770717763.099,3600099.0,57.834385000000005,12.307394500000003,57.83440030622707,12.307375390933444,2.8249999999999997,2.5,2.5,2.885121951127349,7,7,Reverse,86.3,4.2375,1
1770714164.0,1770717764.091,3600091.0,57.83437933333333,12.307418166666666,57.8343898197802,12.307396778800056,2.8249999999999997,2.5,2.5,3.49707794278202,7,7,Reverse,86.7,4.2375,1
1770714165.0,1770717765.096,3600095.7,57.83437066666667,12.307431833333332,57.834380243223436,12.307414306066693,3.05,2.5,2.5,3.981493342233143,6,6,Reverse,86.8,4.574999999999999,1
1770714166.0,1770717766.089,3600089.3,57.8343725,12.30743,57.83437637161172,12.307422153033347,3.05,2.5,2.5,3.9904373773707364,6,6,Reverse,86.9,4.574999999999999,1
1770714167.0,1770717767.097,3600096.6,57.83436833333334,12.307438166666667,57.83437235247253,12.307430159850007,2.8249999999999997,2.5,2.5,3.9456939582562196,7,7,Reverse,87.0,4.2375,1
1770714168.0,1770717768.079,3600078.9,57.834358,12.307459166666668,57.83436517623626,12.307444663258337,2.8249999999999997,2.5,2.5,4.098337698780493,7,7,Reverse,87.2,4.2375,1
1770714169.0,1770717769.092,3600091.7,57.83435183333333,12.307479833333332,57.834358504784795,12.307462248295835,2.8249999999999997,2.5,2.5,4.288278857595782,7,7,Reverse,87.3,4.2375,1
1770714170.0,1770717770.082,3600082.0,57.834346999999994,12.307477333333335,57.8343527523924,12.307469790814585,2.8249999999999997,2.5,2.5,4.196016289108454,7,7,Reverse,87.6,4.2375,1
1770714171.0,1770717771.093,3600092.6,57.834339666666665,12.307487833333335,57.83434620952953,12.30747881207396,2.8000000000000003,2.5,2.5,4.144784586117178,7,7,Reverse,87.8,4.2,1
1770714172.0,1770717772.081,3600081.1,57.83432916666667,12.307501833333333,57.8343376880981,12.307490322703647,2.8000000000000003,2.5,2.5,4.166106358689576,7,7,Reverse,88.1,4.2,1
1770714173.0,1770717773.093,3600093.1,57.83432583333333,12.307501166666668,57.83433176071571,12.307495744685157,4.25,2.5,2.5,3.9807069520615452,6,6,Reverse,88.4,6.375,1
1770714174.0,1770717774.08,3600080.3,57.83431366666667,12.307517333333331,57.83432271369119,12.307506539009244,4.25,2.5,2.5,4.012499439936636,6,6,Reverse,88.4,6.375,1
1770714175.0,1770717775.09,3600090.2,57.83431766666666,12.307515166666667,57.83432019017892,12.307510852837956,4.25,2.5,2.5,3.7139571772037137,6,6,Reverse,88.6,6.375,1
1770714176.0,1770717776.086,3600085.6,57.83430866666666,12.307517499999998,57.83431442842279,12.307514176418977,4.25,2.5,2.5,3.550604804110408,6,6,Reverse,88.8,6.375,1
1770714177.0,1770717777.079,3600079.1,57.83431083333333,12.307506333333333,57.83431263087806,12.307510254876155,4.25,2.5,2.5,3.2618730735680685,6,6,Reverse,88.8,6.375,1
1770714178.0,1770717778.081,3600081.1,57.83432533333333,12.307497000000001,57.8343189821057,12.307503627438077,4.25,2.5,2.5,2.6638223684795728,6,6,Reverse,89.1,6.375,1
1770714179.0,1770717779.089,3600088.8,57.834337999999995,12.307490166666666,57.834328491052844,12.307496897052372,4.25,2.5,2.5,2.031947895499127,6,6,Reverse,89.5,6.375,1
1770714180.0,1770717780.092,3600091.5,57.83434166666666,12.307480666666667,57.83433507885975,12.307488781859519,4.25,2.5,2.5,1.6343217979220848,6,6,Reverse,89.8,6.375,1
1770714181.0,1770717781.097,3600096.8,57.83434233333334,12.307486500000001,57.834338706096545,12.30748764092976,4.25,2.5,2.5,1.277144945958909,6,6,Reverse,90.0,6.375,1
1770714182.0,1770717782.079,3600079.0,57.834378833333325,12.307460333333331,57.83435876971494,12.307473987131546,4.25,2.5,2.5,1.5332517417844667,6,6,Reverse,90.0,6.375,1
1770714183.0,1770717783.082,3600082.1,57.834382000000005,12.307457166666666,57.83437038485747,12.307465576899105,4.25,2.5,2.5,1.5648746319925568,6,6,Reverse,90.2,6.375,1
1770714184.0,1770717784.08,3600079.6,57.83438416666666,12.307451166666665,57.834377275762066,12.307458371782886,2.8000000000000003,2.5,2.5,1.451003820738172,7,7,Reverse,90.3,4.2,1
1770714185.0,1770717785.098,3600098.0,57.834397,12.307444833333333,57.83438713788103,12.307451602558109,2.8000000000000003,2.5,2.5,1.4773682492556122,7,7,Reverse,90.4,4.2,1
1770714186.0,1770717786.091,3600090.5,57.83441233333333,12.307439833333335,57.834399735607185,12.307445717945722,2.8000000000000003,2.5,2.5,1.6324727793055211,7,7,Reverse,90.4,4.2,1
1770714187.0,1770717787.096,3600095.6,57.834424166666665,12.307433666666668,57.83441195113692,12.307439692306195,2.8000000000000003,2.5,2.5,1.781614134518504,7,7,Reverse,90.3,4.2,1
1770714188.0,1770717788.088,3600087.6,57.834445499999994,12.307416666666665,57.83442872556846,12.30742817948643,2.8000000000000003,2.5,2.5,2.1717899397662586,7,7,Reverse,90.6,4.2,1
1770714189.0,1770717789.094,3600093.8,57.83446066666667,12.307404833333331,57.834444696117565,12.307416506409881,2.8000000000000003,2.5,2.5,2.525988536149786,7,7,Reverse,90.8,4.2,1
1770714190.0,1770717790.096,3600095.8,57.8344855,12.307381166666667,57.834465098058786,12.307398836538274,2.8000000000000003,2.5,2.5,3.1222319660618343,7,7,Reverse,91.1,4.2,1
1770714191.0,1770717791.091,3600091.3,57.834511000000006,12.307362166666667,57.834488049029396,12.30738050160247,2.8000000000000003,2.5,2.5,3.8477055489245924,7,7,Reverse,91.6,4.2,1
1770714192.0,1770717792.098,3600097.9,57.83453683333334,12.307349500000003,57.83451244118137,12.307365000801237,2.8000000000000003,2.5,2.5,4.610130858453955,7,7,Forward,91.8,4.2,1
1770714193.0,1770717793.094,3600093.5,57.83453599999999,12.307342666666667,57.83452422059068,12.307353833733952,2.8000000000000003,2.5,2.5,4.758007923630636,7,7,Forward,92.3,4.2,1
1770714194.0,1770717794.083,3600083.0,57.83454383333333,12.307339833333334,57.834534026962004,12.307346833533643,2.8000000000000003,2.5,2.5,4.714316989500942,7,7,Reverse,92.8,4.2,1
1770714195.0,1770717795.079,3600079.2,57.834548,12.307323499999999,57.834541013481,12.307335166766821,2.8000000000000003,2.5,2.5,4.599279734320899,7,7,Reverse,93.2,4.2,1
1770714196.0,1770717796.087,3600086.9,57.83454683333333,12.3073305,57.83454392340716,12.30733283338341,2.8000000000000003,2.5,2.5,4.254893893779734,7,7,Reverse,93.8,4.2,1
1770714197.0,1770717797.08,3600080.0,57.83455516666666,12.3073305,57.834549545036914,12.307331666691706,4.65,2.5,2.5,4.058498985417629,5,5,Reverse,94.2,6.9750000000000005,1
1770714198.0,1770717798.092,3600092.4,57.83455933333333,12.307344833333332,57.83455443918512,12.307338250012519,4.65,2.5,2.5,3.906739725362123,5,5,Reverse,94.8,6.9750000000000005,1
1770714199.0,1770717799.088,3600088.2,57.834557833333335,12.307346833333334,57.83455613625923,12.307342541672925,4.65,2.5,2.5,3.632470880068416,5,5,Reverse,95.3,6.9750000000000005,1
1770714200.0,1770717800.085,3600085.2,57.8345555,12.307363166666669,57.834555818129616,12.307352854169798,4.65,2.5,2.5,3.3953875513956753,5,5,Reverse,95.5,6.9750000000000005,1
1770714201.0,1770717801.079,3600078.8,57.834557499999995,12.307365,57.8345566590648,12.307358927084898,4.65,2.5,2.5,3.1374587046989557,5,5,Reverse,96.0,6.9750000000000005,1
1770714202.0,1770717802.086,3600085.5,57.834563499999994,12.307369333333334,57.8345600795324,12.307364130209116,4.65,2.5,2.5,3.041822141934701,5,5,Reverse,96.5,6.9750000000000005,1
1770714203.0,1770717803.082,3600082.4,57.83456549999999,12.307384333333335,57.834562789766196,12.307374231771226,4.65,2.5,2.5,3.0552057591085187,5,5,Reverse,97.0,6.9750000000000005,1
1770714204.0,1770717804.079,3600079.3,57.834556000000006,12.307391833333334,57.8345593948831,12.30738303255228,4.65,2.5,2.5,2.7776919178107593,5,5,Reverse,97.5,6.9750000000000005,1
1770714205.0,1770717805.086,3600086.2,57.834551499999996,12.307393999999999,57.834555447441545,12.30738851627614,4.65,2.5,2.5,2.3818994627216075,5,5,Reverse,97.8,6.9750000000000005,1
1770714206.0,1770717806.09,3600090.0,57.83455766666666,12.307388500000002,57.83455655705411,12.30738850813807,5.0,2.5,2.5,2.176400071311191,4,4,Reverse,98.1,7.5,1
1770714207.0,1770717807.082,3600081.7,57.83455333333333,12.307384666666668,57.834554945193716,12.30738658740237,5.0,2.5,2.5,1.92208326876111,4,4,Reverse,98.3,7.5,1
1770714208.0,1770717808.09,3600089.7,57.83456383333334,12.307371333333332,57.83455938926353,12.307378960367851,5.0,2.5,2.5,1.8358667776161428,4,4,Reverse,98.6,7.5,1
1770714209.0,1770717809.08,3600079.7,57.834576,12.307358166666665,57.834567694631765,12.307368563517258,3.25,2.5,2.5,1.8845810465409634,5,5,Reverse,99.4,4.875,1
1770714210.0,1770717810.079,3600079.3,57.834585,12.307358833333334,57.83457634731588,12.307363698425295,3.25,2.5,2.5,1.8539353552407745,5,5,Reverse,100.1,4.875,1
1770714211.0,1770717811.085,3600084.7,57.83459633333334,12.307338333333332,57.834586340324606,12.307351015879314,3.25,2.5,2.5,1.9965469195770058,5,5,Reverse,100.6,4.875,1
1770714212.0,1770717812.079,3600079.0,57.834595166666666,12.307344166666667,57.83459075349564,12.30734759127299,3.25,2.5,2.5,1.824294857690754,5,5,Reverse,101.0,4.875,1
1770714213.0,1770717813.079,3600078.8,57.83459266666667,12.3073445,57.834591710081156,12.307346045636494,3.25,2.5,2.5,1.5099070983844278,5,5,Reverse,101.8,4.875,1
1770714214.0,1770717814.087,3600086.5,57.83459183333333,12.307347,57.83459177170724,12.307346522818248,3.25,2.5,2.5,1.204886505005769,5,5,Reverse,102.3,4.875,1
1770714215.0,1770717815.079,3600079.3,57.83459866666667,12.307345833333333,57.83459521918696,12.30734617807579,3.25,2.5,2.5,1.0955870284860811,5,5,Reverse,102.5,4.875,1
1770714216.0,1770717816.079,3600079.1,57.8346035,12.307340833333335,57.834599359593476,12.307343505704562,3.25,2.5,2.5,1.0400787066407458,5,5,Reverse,102.8,4.875,1
1770714217.0,1770717817.089,3600089.3,57.83460783333333,12.307347499999999,57.8346035964634,12.30734550285228,3.25,2.5,2.5,1.1005065089224508,5,5,Reverse,102.9,4.875,1
1770714218.0,1770717818.083,3600082.5,57.83460449999999,12.307345999999999,57.8346040482317,12.30734575142614,3.25,2.5,2.5,0.9239938481820413,5,5,Reverse,102.9,4.875,1
1770714219.0,1770717819.088,3600088.4,57.83460266666666,12.307344666666665,57.83460335744918,12.307345209046403,3.25,2.5,2.5,0.6958907734610178,5,5,Reverse,103.0,4.875,1
1770714220.0,1770717820.083,3600083.4,57.834599,12.307346166666665,57.83460117872459,12.307345687856534,3.25,2.5,2.5,0.4867845599434555,5,5,Reverse,103.2,4.875,1
1770714221.0,1770717821.082,3600082.0,57.83459849999999,12.307349166666665,57.83459983936229,12.307347427261599,3.25,2.5,2.5,0.30610319888057436,5,5,Reverse,103.4,4.875,1
1770714222.0,1770717822.079,3600079.3,57.834588000000004,12.307337666666667,57.83459391968115,12.307342546964133,3.65,2.5,2.5,0.5160294701789888,4,4,Reverse,103.7,5.475,1
1770714223.0,1770717823.077,3600077.1,57.83458233333334,12.307324999999999,57.83458812650724,12.307333773482066,3.65,2.5,2.5,0.8752655772657943,4,4,Reverse,104.0,5.475,1
1770714224.0,1770717824.097,3600096.9,57.834576,12.307315000000001,57.83458206325362,12.307324386741033,3.65,2.5,2.5,1.2685167381405051,4,4,Reverse,104.3,5.475,1
1770714225.0,1770717825.086,3600086.0,57.834567500000006,12.307314833333331,57.83457478162681,12.307319610037183,3.25,2.5,2.5,1.5596437735970585,5,5,Reverse,104.4,4.875,1
1770714226.0,1770717826.092,3600091.8,57.83456549999999,12.307313333333331,57.8345701408134,12.307316471685256,3.25,2.5,2.5,1.717270361885352,5,5,Reverse,104.7,4.875,1
1770714227.0,1770717827.08,3600080.3,57.83456433333334,12.307322333333332,57.83456723707337,12.307319402509295,3.25,2.5,2.5,1.6067471336939163,5,5,Reverse,104.9,4.875,1
1770714228.0,1770717828.08,3600079.8,57.83456416666666,12.307325500000001,57.83456570187001,12.307322451254647,3.25,2.5,2.5,1.4448554134530724,5,5,Reverse,105.3,4.875,1
1770714229.0,1770717829.084,3600084.3,57.83457333333334,12.307321333333334,57.83456951760168,12.307321892293992,3.25,2.5,2.5,1.3870668381844973,5,5,Reverse,105.6,4.875,1
1770714230.0,1770717830.088,3600088.4,57.83458716666667,12.307331666666668,57.83457834213417,12.307326779480329,3.25,2.5,2.5,1.4638641391726572,5,5,Reverse,105.7,4.875,1
1770714231.0,1770717831.079,3600079.3,57.83460933333334,12.307332,57.834593837733756,12.307329389740165,3.25,2.5,2.5,1.890281825656781,5,5,Reverse,106.1,4.875,1
1770714232.0,1770717832.079,3600079.4,57.83461049999999,12.307347499999999,57.83460216886687,12.307338444870082,3.25,2.5,2.5,2.0830251247365603,5,5,Reverse,106.5,4.875,1
1770714233.0,1770717833.088,3600088.1,57.83462383333334,12.307347833333331,57.83461300110011,12.307343139101707,5.0,2.5,2.5,2.3984381963454084,4,4,Reverse,106.7,7.5,1
1770714234.0,1770717834.085,3600084.5,57.83463783333333,12.3073445,57.83462541721672,12.307343819550853,4.375,2.5,2.5,2.780027833319257,5,5,Reverse,106.9,6.5625,1
1770714235.0,1770717835.088,3600088.2,57.83465066666666,12.307342833333333,57.83463804194169,12.307343326442092,5.0,2.5,2.5,3.1837379489880235,4,4,Reverse,107.1,7.5,1
1770714236.0,1770717836.083,3600083.5,57.834652000000006,12.307346166666665,57.83464502097085,12.30734474655438,4.675000000000001,2.5,2.5,3.3396416986965693,5,5,Reverse,107.5,7.012500000000001,1
1770714237.0,1770717837.089,3600089.0,57.834648833333326,12.307354000000002,57.834646927152086,12.30734937327719,4.675000000000001,2.5,2.5,3.257838086582114,5,5,Reverse,108.0,7.012500000000001,1
1770714238.0,1770717838.083,3600083.1,57.83466583333334,12.307342000000002,57.83465638024271,12.307345686638596,4.675000000000001,2.5,2.5,3.1586498186536556,5,5,Reverse,108.2,7.012500000000001,1
1770714239.0,1770717839.087,3600086.6,57.83468833333333,12.307332,57.834672356788026,12.307338843319299,3.0,2.5,2.5,3.2098154944687285,6,6,Reverse,109.7,4.5,1
1770714240.0,1770717840.086,3600085.5,57.8347225,12.307318333333335,57.83469742839401,12.307328588326316,3.0,2.5,2.5,3.5957151185604714,6,6,Reverse,111.0,4.5,1
1770714241.0,1770717841.096,3600096.1,57.834747166666666,12.307317666666666,57.83472229753034,12.307323127496492,3.0,2.5,2.5,3.9561608640989525,6,6,Reverse,112.2,4.5,1
1770714242.0,1770717842.08,3600080.4,57.83474833333333,12.307326,57.834735315431836,12.307324563748246,3.0,2.5,2.5,4.107977549712092,6,6,Reverse,113.6,4.5,1
1770714243.0,1770717843.085,3600084.5,57.834740833333335,12.307337833333333,57.834738074382585,12.307331198540789,4.675000000000001,2.5,2.5,3.954488585475338,5,5,Reverse,114.0,7.012500000000001,1
1770714244.0,1770717844.083,3600083.5,57.8347235,12.307335166666666,57.83473078719129,12.307333182603728,4.675000000000001,2.5,2.5,3.3572115330363195,5,5,Reverse,114.8,7.012500000000001,1
1770714245.0,1770717845.087,3600086.7,57.834711666666664,12.307343500000002,57.83472122692898,12.307338341301865,4.675000000000001,2.5,2.5,2.6512327466799466,5,5,Reverse,115.6,7.012500000000001,1
1770714246.0,1770717846.081,3600080.6,57.8347045,12.307350166666668,57.83471286346449,12.307344253984267,4.675000000000001,2.5,2.5,2.0850523243545767,5,5,Reverse,115.9,7.012500000000001,1
1770714247.0,1770717847.086,3600086.2,57.834695833333335,12.307354333333334,57.834704348398915,12.3073492936588,4.675000000000001,2.5,2.5,1.6198539592237584,5,5,Reverse,116.2,7.012500000000001,1
1770714248.0,1770717848.084,3600083.6,57.834676666666674,12.307357999999999,57.83469050753279,12.3073536468294,4.675000000000001,2.5,2.5,1.5005227631333702,5,5,Reverse,116.3,7.012500000000001,1
1770714249.0,1770717849.079,3600079.1,57.83466716666667,12.307361833333335,57.83467883709973,12.307357740081367,5.0,2.5,2.5,1.4358693397021915,4,4,Reverse,116.4,7.5,1
1770714250.0,1770717850.087,3600086.7,57.834651833333325,12.307363666666667,57.83466533521653,12.307360703374018,5.0,2.5,2.5,1.5550954670583645,4,4,Reverse,116.6,7.5,1
1770714251.0,1770717851.08,3600080.0,57.834670833333334,12.307373500000002,57.83466808427493,12.30736710168701,5.0,2.5,2.5,1.5679041770398543,5,5,Reverse,116.7,7.5,1
1770714252.0,1770717852.087,3600087.0,57.83469066666667,12.307374666666666,57.8346793754708,12.307370884176837,3.25,2.5,2.5,1.513244739162401,5,5,Reverse,118.1,4.875,1
1770714253.0,1770717853.079,3600079.0,57.834712499999995,12.307377666666666,57.8346959377354,12.307374275421752,3.25,2.5,2.5,1.4544177765856492,5,5,Reverse,119.8,4.875,1
1770714254.0,1770717854.079,3600079.1,57.834741,12.307367666666668,57.8347184688677,12.30737097104421,3.25,2.5,2.5,1.1611882118303944,5,5,Reverse,121.5,4.875,1
1770714255.0,1770717855.08,3600080.2,57.83476883333333,12.307353333333333,57.83474365110052,12.307362152188771,3.25,2.5,2.5,1.0207536686087633,5,5,Reverse,123.4,4.875,1
1770714256.0,1770717856.085,3600084.8,57.83479166666666,12.307353666666666,57.834767658883585,12.307357909427719,3.25,2.5,2.5,0.9030962862247683,5,5,Reverse,124.9,4.875,1
1770714257.0,1770717857.079,3600079.1,57.83480966666666,12.307344833333332,57.834788662775125,12.307351371380525,3.0,2.5,2.5,0.8377190197169561,6,6,Reverse,126.3,4.5,1
1770714258.0,1770717858.079,3600079.1,57.83482266666667,12.3073445,57.834805664720896,12.307347935690263,3.0,2.5,2.5,0.734690027979488,6,6,Reverse,127.3,4.5,1
1770714259.0,1770717859.09,3600090.2,57.834828833333326,12.307352500000002,57.83481724902711,12.307350217845132,3.25,2.5,2.5,0.7274914144451773,5,5,Reverse,128.4,4.875,1
1770714260.0,1770717860.091,3600090.8,57.834814333333334,12.307353,57.83481579118022,12.307351608922566,3.25,2.5,2.5,0.7476947680279624,5,5,Reverse,129.6,4.875,1
1770714261.0,1770717861.087,3600087.0,57.83481416666667,12.307351833333334,57.83481497892345,12.30735172112795,4.275,2.5,2.5,0.8017913110866075,6,6,Reverse,129.0,6.4125000000000005,1
1770714262.0,1770717862.091,3600091.1,57.83479616666667,12.307353833333332,57.834805572795055,12.30735277723064,2.8000000000000003,2.5,2.5,0.816679931004335,7,7,Reverse,129.3,4.2,1
1770714263.0,1770717863.083,3600082.8,57.834782833333335,12.307355666666668,57.8347942030642,12.307354221948655,4.275,2.5,2.5,0.825116379939876,6,6,Reverse,128.6,6.4125000000000005,1
1770714264.0,1770717864.091,3600090.9,57.83478133333333,12.307347666666665,57.834787768198765,12.30735094430766,4.275,2.5,2.5,0.6977895079889982,6,6,Reverse,128.2,6.4125000000000005,1
1770714265.0,1770717865.079,3600079.1,57.834779,12.307346833333334,57.83478338409938,12.307348888820497,4.275,2.5,2.5,0.8206548457037928,6,6,Reverse,127.8,6.4125000000000005,1
1770714266.0,1770717866.086,3600085.9,57.83476833333334,12.307345999999999,57.83477585871636,12.307347444410247,4.275,2.5,2.5,0.7234034840792857,6,6,Reverse,127.7,6.4125000000000005,1
1770714267.0,1770717867.079,3600079.3,57.834792666666665,12.307315999999998,57.834784262691514,12.307331722205124,4.275,2.5,2.5,1.4407861298848879,6,6,Reverse,127.3,6.4125000000000005,1
1770714268.0,1770717868.089,3600089.1,57.834791166666676,12.307306333333335,57.834787714679095,12.307319027769228,4.275,2.5,2.5,1.9798860223709192,6,6,Reverse,127.3,6.4125000000000005,1
1770714269.0,1770717869.092,3600092.4,57.83478149999999,12.307309666666667,57.83478460733954,12.307314347217948,4.275,2.5,2.5,2.1166449569929866,6,6,Reverse,127.0,6.4125000000000005,1
1770714270.0,1770717870.08,3600080.0,57.83477549999999,12.307321000000002,57.83478005366977,12.307317673608974,4.275,2.5,2.5,2.0765374749699776,6,6,Reverse,126.3,6.4125000000000005,1
1770714271.0,1770717871.094,3600093.6,57.83477033333334,12.307323166666666,57.83477519350155,12.30732042013782,4.275,2.5,2.5,1.984546885589586,6,6,Reverse,126.0,6.4125000000000005,1
1770714272.0,1770717872.082,3600082.1,57.83476816666666,12.307325333333331,57.83477168008411,12.307322876735576,4.275,2.5,2.5,1.9410170923372363,6,6,Reverse,125.6,6.4125000000000005,1
1770714273.0,1770717873.092,3600092.2,57.83475083333333,12.307331500000002,57.83476125670872,12.30732718836779,4.275,2.5,2.5,1.5742068567263474,6,6,Reverse,125.2,6.4125000000000005,1
1770714274.0,1770717874.092,3600091.7,57.83477533333333,12.307323666666665,57.83476829502103,12.307325427517227,4.275,2.5,2.5,1.3592177455469496,6,6,Reverse,124.7,6.4125000000000005,1
1770714275.0,1770717875.079,3600078.9,57.834795,12.307309166666668,57.83478164751051,12.307317297091947,2.9499999999999997,2.5,2.5,1.245854836164758,6,6,Reverse,126.1,4.425,1
1770714276.0,1770717876.079,3600079.0,57.83481066666666,12.307306666666667,57.83479615708859,12.307311981879307,2.9499999999999997,2.5,2.5,1.0965249286052083,6,6,Reverse,127.5,4.425,1
1770714277.0,1770717877.085,3600085.4,57.834831666666666,12.307300333333334,57.834813911877625,12.307306157606321,2.9499999999999997,2.5,2.5,1.1022594303571749,6,6,Reverse,128.6,4.425,1
1770714278.0,1770717878.079,3600079.1,57.83486416666666,12.3072735,57.83483903927215,12.30728982880316,2.9499999999999997,2.5,2.5,1.5517558745401923,6,6,Reverse,129.7,4.425,1
1770714279.0,1770717879.089,3600089.0,57.83487749999999,12.307254,57.834858269636065,12.30727191440158,2.9499999999999997,2.5,2.5,1.8829346404527307,6,6,Reverse,131.0,4.425,1
1770714280.0,1770717880.092,3600091.6,57.834888500000005,12.307247166666665,57.83487338481804,12.307259540534123,2.9499999999999997,2.5,2.5,2.0212203533977426,6,6,Reverse,132.2,4.425,1
1770714281.0,1770717881.081,3600081.3,57.83488633333333,12.307249500000001,57.834879859075684,12.307254520267062,2.9499999999999997,2.5,2.5,1.7676706244841527,6,6,Reverse,133.1,4.425,1
1770714282.0,1770717882.086,3600086.5,57.83489183333333,12.307248666666665,57.83488584620451,12.307251593466864,2.9499999999999997,2.5,2.5,1.5166855095403795,6,6,Reverse,133.9,4.425,1
1770714283.0,1770717883.079,3600079.0,57.83488666666667,12.3072465,57.83488625643559,12.307249046733432,2.9499999999999997,2.5,2.5,1.412997034411845,6,6,Reverse,134.3,4.425,1
1770714284.0,1770717884.08,3600079.8,57.834893166666674,12.307255833333333,57.83488971155113,12.307252440033382,2.9499999999999997,2.5,2.5,1.2415160476741034,6,6,Reverse,135.0,4.425,1
1770714285.0,1770717885.086,3600085.7,57.83490216666667,12.307247833333333,57.834895939108904,12.307250136683358,2.9499999999999997,2.5,2.5,1.0489100115127203,6,6,Reverse,136.0,4.425,1
1770714286.0,1770717886.081,3600081.4,57.83491283333333,12.307241,57.83490438622111,12.307245568341678,2.9499999999999997,2.5,2.5,0.8238353552461186,6,6,Reverse,136.7,4.425,1
1770714287.0,1770717887.08,3600079.7,57.83492116666666,12.307229,57.834912776443886,12.307237284170839,2.9499999999999997,2.5,2.5,0.7870370469026373,6,6,Reverse,137.6,4.425,1
1770714288.0,1770717888.089,3600089.2,57.83492233333333,12.307225166666667,57.83491755488861,12.307231225418754,2.9499999999999997,2.5,2.5,0.8416633987436388,6,6,Reverse,138.4,4.425,1
1770714289.0,1770717889.079,3600079.5,57.834927333333326,12.3072315,57.834922444110966,12.307231362709377,2.9499999999999997,2.5,2.5,0.733573135405795,6,6,Reverse,139.5,4.425,1
1770714290.0,1770717890.088,3600088.0,57.834922999999996,12.307238500000002,57.83492272205548,12.307234931354689,2.9499999999999997,2.5,2.5,0.9338485980843395,6,6,Reverse,140.5,4.425,1
1770714291.0,1770717891.086,3600085.8,57.8349285,12.307231833333333,57.83492561102774,12.30723338234401,2.9499999999999997,2.5,2.5,0.9374276704776511,6,6,Reverse,141.4,4.425,1
1770714292.0,1770717892.079,3600079.0,57.83491716666667,12.307242166666667,57.83492138884721,12.307237774505339,2.9499999999999997,2.5,2.5,0.9655160590174966,6,6,Reverse,142.1,4.425,1
1770714293.0,1770717893.079,3600079.2,57.8349055,12.307239333333333,57.8349134444236,12.307238553919337,4.4,2.5,2.5,1.0800078022858153,5,5,Reverse,142.4,6.6000000000000005,1
1770714294.0,1770717894.088,3600088.1,57.83489966666666,12.307244166666665,57.83490655554513,12.307241360293,4.4,2.5,2.5,1.0262301964896814,5,5,Reverse,142.6,6.6000000000000005,1
1770714295.0,1770717895.09,3600090.4,57.83489233333333,12.307247333333331,57.83489944443923,12.307244346813166,4.4,2.5,2.5,0.9281988477517158,5,5,Reverse,143.0,6.6000000000000005,1
1770714296.0,1770717896.082,3600081.6,57.83488666666667,12.307244166666665,57.834893055552946,12.307244256739915,4.4,2.5,2.5,0.7632024114644957,5,5,Reverse,143.0,6.6000000000000005,1
1770714297.0,1770717897.092,3600092.4,57.834849,12.307261500000001,57.83487102777647,12.307252878369958,4.3,2.5,2.5,0.568088294909062,6,6,Reverse,142.7,6.449999999999999,1
1770714298.0,1770717898.098,3600097.7,57.83480466666666,12.307283333333332,57.83483784722157,12.307268105851646,2.8000000000000003,2.5,2.5,0.5241801599967904,7,7,Reverse,140.5,4.2,1
1770714299.0,1770717899.079,3600079.3,57.83475633333334,12.307318500000001,57.834797090277455,12.307293302925823,2.8000000000000003,2.5,2.5,0.8400703344470022,7,7,Reverse,138.2,4.2,1
1770714300.0,1770717900.094,3600093.6,57.83473049999999,12.307334333333332,57.83476379513872,12.307313818129577,3.0,2.5,2.5,0.9330452401974711,6,6,Reverse,135.6,4.5,1
1770714301.0,1770717901.098,3600098.3,57.834708166666665,12.307354166666668,57.83473598090269,12.307333992398123,3.0,2.5,2.5,1.046693794315725,6,6,Reverse,133.8,4.5,1
1770714302.0,1770717902.082,3600082.5,57.83468833333333,12.307383499999998,57.83471215711801,12.30735874619906,3.0,2.5,2.5,1.4294933207579454,6,6,Reverse,132.0,4.5,1
1770714303.0,1770717903.089,3600089.3,57.83466466666667,12.307403666666668,57.834688411892344,12.307381206432865,3.0,2.5,2.5,1.7244571808777958,6,6,Reverse,130.5,4.5,1
1770714304.0,1770717904.082,3600081.8,57.83467516666666,12.307394666666669,57.8346817892795,12.307387936549766,3.0,2.5,2.5,1.595352054426978,6,6,Reverse,129.0,4.5,1
1770714305.0,1770717905.087,3600086.6,57.83467116666667,12.307398000000001,57.83467647797309,12.307392968274884,4.725,2.5,2.5,1.4471281318925004,5,5,Reverse,128.5,7.0874999999999995,1
1770714306.0,1770717906.081,3600081.4,57.8346745,12.307391833333334,57.83467548898654,12.307392400804108,4.725,2.5,2.5,1.3030540226617247,5,5,Reverse,127.9,7.0874999999999995,1
1770714307.0,1770717907.086,3600086.2,57.83466833333333,12.307390666666667,57.83467191115994,12.307391533735387,4.725,2.5,2.5,1.0055724761253833,5,5,Reverse,127.2,7.0874999999999995,1
1770714308.0,1770717908.089,3600088.8,57.83467116666667,12.307396833333334,57.834671538913305,12.307394183534361,4.725,2.5,2.5,0.9345268513976931,5,5,Reverse,126.5,7.0874999999999995,1
1770714309.0,1770717909.083,3600083.0,57.834670833333334,12.307376,57.83467118612332,12.30738509176718,4.725,2.5,2.5,0.9288534286158713,5,5,Reverse,125.9,7.0874999999999995,1
1770714310.0,1770717910.083,3600082.9,57.83463833333334,12.307369000000001,57.83465475972833,12.307377045883591,4.725,2.5,2.5,1.1481375732388424,5,5,Reverse,125.1,7.0874999999999995,1
1770714311.0,1770717911.084,3600083.8,57.834618,12.307371,57.834636379864165,12.307374022941795,3.0,2.5,2.5,1.305442308218511,6,6,Reverse,122.4,4.5,1
1770714312.0,1770717912.089,3600088.7,57.83459766666667,12.307376500000002,57.834617023265416,12.307375261470899,2.8000000000000003,2.5,2.5,1.3530534902206364,7,7,Reverse,120.1,4.2,1
1770714313.0,1770717913.093,3600093.2,57.83458316666667,12.307379833333334,57.83460009496604,12.307377547402115,2.8000000000000003,2.5,2.5,1.3072163450731011,7,7,Reverse,118.6,4.2,1
1770714314.0,1770717914.079,3600078.9,57.834570500000005,12.307384666666668,57.834585297483024,12.307381107034391,2.8000000000000003,2.5,2.5,1.1725336776674622,7,7,Reverse,116.8,4.2,1
1770714315.0,1770717915.092,3600091.8,57.83456433333334,12.307378166666668,57.83457481540818,12.30737963685053,2.8000000000000003,2.5,2.5,1.1615369006914287,7,7,Reverse,115.1,4.2,1
1770714316.0,1770717916.086,3600085.9,57.834567166666666,12.307367,57.834570991037424,12.307373318425265,2.8000000000000003,2.5,2.5,1.493310769700849,7,7,Reverse,113.5,4.2,1
1770714317.0,1770717917.09,3600089.9,57.83455716666667,12.307374666666666,57.83456407885205,12.307373992545966,2.9499999999999997,2.5,2.5,1.5086595148969244,6,6,Reverse,113.1,4.425,1
1770714318.0,1770717918.086,3600086.0,57.83455416666667,12.307376,57.83455912275936,12.307374996272982,2.9499999999999997,2.5,2.5,1.586409229786439,6,6,Reverse,112.4,4.425,1
1770714319.0,1770717919.091,3600090.8,57.8345485,12.307374000000001,57.83455381137968,12.307374498136491,2.9499999999999997,2.5,2.5,1.5710884009319515,6,6,Reverse,111.9,4.425,1
1770714320.0,1770717920.084,3600084.4,57.83454083333333,12.307367166666666,57.8345473223565,12.30737083240158,2.9499999999999997,2.5,2.5,1.5414761975742146,6,6,Reverse,111.5,4.425,1
1770714321.0,1770717921.082,3600081.7,57.834532833333334,12.307369833333333,57.83454007784492,12.307370332867455,2.9499999999999997,2.5,2.5,1.3611662077785573,6,6,Reverse,110.9,4.425,1
1770714322.0,1770717922.083,3600082.9,57.834526833333335,12.307369333333334,57.834533455589124,12.307369833100395,2.9499999999999997,2.5,2.5,1.2167921493833118,6,6,Reverse,110.5,4.425,1
1770714323.0,1770717923.088,3600088.0,57.834523999999995,12.307371499999999,57.83452872779456,12.307370666550197,2.9499999999999997,2.5,2.5,1.0525637954661191,6,6,Reverse,110.0,4.425,1
1770714324.0,1770717924.087,3600086.5,57.83452166666666,12.307368499999999,57.83452519723061,12.307369583275097,2.9499999999999997,2.5,2.5,1.0021162947209792,6,6,Reverse,109.6,4.425,1
1770714325.0,1770717925.088,3600088.2,57.834512833333335,12.307373666666669,57.83451901528197,12.307371624970884,2.9499999999999997,2.5,2.5,0.7453154131424271,6,6,Reverse,109.0,4.425,1
1770714326.0,1770717926.081,3600080.7,57.83450833333333,12.307372333333335,57.83451367430765,12.307371979152109,2.9499999999999997,2.5,2.5,0.5633601330985158,6,6,Reverse,108.2,4.425,1
1770714327.0,1770717927.082,3600081.9,57.83450316666667,12.307370666666667,57.83450842048716,12.307371322909388,2.9499999999999997,2.5,2.5,0.4931297325237401,6,6,Reverse,107.7,4.425,1
1770714328.0,1770717928.085,3600084.7,57.8345045,12.307367,57.83450646024358,12.307369161454695,2.9499999999999997,2.5,2.5,0.48292071415117366,6,6,Reverse,106.9,4.425,1
1770714329.0,1770717929.08,3600080.0,57.83449983333333,12.307376333333332,57.83450314678846,12.307372747394012,2.9499999999999997,2.5,2.5,0.414271032962646,6,6,Reverse,106.7,4.425,1
1770714330.0,1770717930.09,3600090.2,57.83449416666667,12.307382666666667,57.83449865672757,12.30737770703034,2.9499999999999997,2.5,2.5,0.41199675820973414,6,6,Reverse,106.3,4.425,1
1770714331.0,1770717931.084,3600083.6,57.83448283333334,12.307379666666668,57.83449074503045,12.307378686848503,2.9499999999999997,2.5,2.5,0.6022800364026112,6,6,Reverse,105.9,4.425,1
1770714332.0,1770717932.088,3600087.9,57.83448033333334,12.307380166666666,57.8344855391819,12.307379426757585,2.9499999999999997,2.5,2.5,0.626234847027311,6,6,Reverse,105.5,4.425,1
1770714333.0,1770717933.084,3600084.2,57.834474500000006,12.307389333333333,57.83448001959095,12.307384380045459,2.9499999999999997,2.5,2.5,0.7668228673345334,6,6,Reverse,105.0,4.425,1
1770714334.0,1770717934.089,3600088.6,57.834473333333335,12.307385666666669,57.834476676462145,12.307385023356064,2.9499999999999997,2.5,2.5,0.7011860128413782,6,6,Reverse,104.1,4.425,1
1770714335.0,1770717935.081,3600081.3,57.834472999999996,12.3073775,57.83447483823107,12.307381261678032,2.9499999999999997,2.5,2.5,0.6662114507596167,6,6,Reverse,103.8,4.425,1
1770714336.0,1770717936.089,3600089.3,57.83446716666667,12.307381000000001,57.83447100244887,12.307381130839017,2.9499999999999997,2.5,2.5,0.6196849593195688,6,6,Reverse,103.2,4.425,1
1770714337.0,1770717937.08,3600080.3,57.83446116666667,12.307370166666665,57.83446608455777,12.30737564875284,2.9499999999999997,2.5,2.5,0.8561018382203838,6,6,Reverse,102.8,4.425,1
1770714338.0,1770717938.087,3600086.8,57.834456,12.307371166666666,57.83446104227889,12.307373407709754,2.9499999999999997,2.5,2.5,1.0088932331941596,6,6,Reverse,102.7,4.425,1
1770714339.0,1770717939.086,3600085.7,57.8344625,12.307371666666665,57.834461771139445,12.30737253718821,2.9499999999999997,2.5,2.5,0.909188348099577,6,6,Reverse,102.4,4.425,1
1770714340.0,1770717940.085,3600085.0,57.83445016666666,12.307364833333335,57.83445596890305,12.307368685260771,2.9499999999999997,2.5,2.5,1.134452506045481,6,6,Reverse,102.3,4.425,1
1770714341.0,1770717941.089,3600089.2,57.83444966666666,12.307369666666666,57.83445281778486,12.30736917596372,2.9499999999999997,2.5,2.5,1.0770109115558224,6,6,Reverse,102.3,4.425,1
1770714342.0,1770717942.085,3600084.8,57.83445266666666,12.307366833333333,57.83445274222576,12.307368004648525,2.9499999999999997,2.5,2.5,0.9967769105266012,6,6,Reverse,102.2,4.425,1
1770714343.0,1770717943.079,3600079.4,57.83445766666667,12.307360166666667,57.834455204446215,12.307364085657596,2.9499999999999997,2.5,2.5,1.0915248970932863,6,6,Reverse,102.2,4.425,1
1770714344.0,1770717944.098,3600097.7,57.83446049999999,12.3073575,57.8344578522231,12.3073607928288,2.9499999999999997,2.5,2.5,1.2174680483176799,6,6,Reverse,102.4,4.425,1
1770714345.0,1770717945.082,3600081.8,57.83446000000001,12.307349666666669,57.83445892611155,12.307355229747733,2.9499999999999997,2.5,2.5,1.3692117081136823,6,6,Reverse,102.2,4.425,1
1770714346.0,1770717946.099,3600098.8,57.834469166666665,12.307332,57.83446404638911,12.307343614873867,2.8000000000000003,2.5,2.5,1.750508969258592,7,7,Reverse,101.9,4.2,1
1770714347.0,1770717947.08,3600080.4,57.83447983333334,12.307327833333334,57.834471939861224,12.3073357241036,2.8000000000000003,2.5,2.5,2.1799849313432382,7,7,Reverse,101.5,4.2,1
1770714348.0,1770717948.085,3600084.7,57.83447966666666,12.3073325,57.83447580326394,12.3073341120518,2.9499999999999997,2.5,2.5,2.3006669567762263,6,6,Reverse,101.6,4.425,1
1770714349.0,1770717949.081,3600081.2,57.83446716666667,12.307326666666665,57.834471484965306,12.307330389359233,2.9499999999999997,2.5,2.5,2.1343288655177357,6,6,Reverse,101.6,4.425,1
1770714350.0,1770717950.092,3600091.8,57.83446633333333,12.307318333333335,57.83446890914932,12.307324361346284,2.9499999999999997,2.5,2.5,1.9802571383562435,6,6,Reverse,101.1,4.425,1
1770714351.0,1770717951.085,3600084.8,57.83446983333333,12.307296666666666,57.834469371241326,12.307310514006474,2.8000000000000003,2.5,2.5,2.116708513732389,7,7,Reverse,100.3,4.2,1
1770714352.0,1770717952.089,3600089.0,57.83447133333334,12.30729,57.83447035228733,12.307300257003238,2.8000000000000003,2.5,2.5,2.132505670973518,7,7,Reverse,99.4,4.2,1
1770714353.0,1770717953.094,3600094.4,57.8344715,12.307282833333334,57.834470926143666,12.307291545168285,2.8000000000000003,2.5,2.5,2.1792377554445874,7,7,Reverse,98.9,4.2,1
1770714354.0,1770717954.087,3600087.2,57.834470333333336,12.307283166666666,57.8344706297385,12.307287355917476,2.8000000000000003,2.5,2.5,2.0947112648964237,7,7,Reverse,98.1,4.2,1
1770714355.0,1770717955.086,3600086.3,57.83447233333333,12.307282666666667,57.834471481535914,12.307285011292072,2.8000000000000003,2.5,2.5,1.9956427055685009,7,7,Reverse,97.1,4.2,1
1770714356.0,1770717956.079,3600079.4,57.834469000000006,12.307285166666668,57.83447024076796,12.30728508897937,2.8000000000000003,2.5,2.5,1.7479115721440754,7,7,Reverse,96.1,4.2,1
1770714357.0,1770717957.092,3600092.0,57.83446333333333,12.307295333333332,57.834466787050644,12.307290211156351,2.8000000000000003,2.5,2.5,1.4378063290777143,7,7,Reverse,95.6,4.2,1
1770714358.0,1770717958.079,3600079.1,57.834463166666666,12.307286333333332,57.834464976858655,12.307288272244842,2.8000000000000003,2.5,2.5,1.1963178912044952,7,7,Reverse,94.7,4.2,1
1770714359.0,1770717959.091,3600090.6,57.834458,12.307281166666666,57.834461488429326,12.307284719455755,2.8000000000000003,2.5,2.5,1.0599929822787555,7,7,Reverse,93.9,4.2,1
1770714360.0,1770717960.085,3600084.5,57.83446083333333,12.307278499999999,57.83446116088133,12.307281609727877,2.8000000000000003,2.5,2.5,0.9557694181911206,7,7,Reverse,93.1,4.2,1
1770714361.0,1770717961.096,3600096.2,57.83446083333333,12.307276666666667,57.83446099710733,12.307279138197272,2.8000000000000003,2.5,2.5,0.8840027777186756,7,7,Reverse,92.6,4.2,1
1770714362.0,1770717962.082,3600081.7,57.83445166666667,12.307278666666665,57.834456331887004,12.307278902431968,2.8000000000000003,2.5,2.5,0.8036078408325527,7,7,Reverse,92.2,4.2,1
1770714363.0,1770717963.09,3600090.1,57.83444683333334,12.3072675,57.83445158261017,12.307273201215985,2.8000000000000003,2.5,2.5,0.9783154438457728,7,7,Reverse,91.5,4.2,1
1770714364.0,1770717964.095,3600094.8,57.83445033333334,12.307268500000001,57.834450957971754,12.307270850607992,2.8000000000000003,2.5,2.5,0.8628313567979876,7,7,Reverse,90.6,4.2,1
1770714365.0,1770717965.079,3600079.3,57.834441500000004,12.307267000000001,57.83444622898588,12.307268925303998,2.8000000000000003,2.5,2.5,1.0149933377167142,7,7,Reverse,90.1,4.2,1
1770714366.0,1770717966.082,3600082.3,57.834436833333335,12.307260166666667,57.834441531159605,12.307264545985332,2.8000000000000003,2.5,2.5,1.2519239315230124,7,7,Reverse,89.6,4.2,1
1770714367.0,1770717967.087,3600086.6,57.834438166666665,12.307266,57.834439848913135,12.307265272992666,2.8000000000000003,2.5,2.5,1.1165142343730914,7,7,Reverse,89.1,4.2,1
1770714368.0,1770717968.079,3600079.3,57.83443783333334,12.307269166666666,57.83443884112324,12.307267219829667,3.025,2.5,2.5,0.9132522808209466,6,6,Reverse,88.5,4.5375,1
1770714369.0,1770717969.08,3600079.6,57.8344405,12.3072705,57.83443967056162,12.307268859914833,3.025,2.5,2.5,0.7526942327970119,6,6,Reverse,88.0,4.5375,1
1770714370.0,1770717970.08,3600080.1,57.834447,12.307282166666669,57.83444333528081,12.307275513290751,3.025,2.5,2.5,0.8887985522490237,6,6,Reverse,87.8,4.5375,1
1770714371.0,1770717971.087,3600087.5,57.834439,12.307295500000002,57.834441167640406,12.307285506645377,3.025,2.5,2.5,0.8834232086311037,6,6,Reverse,87.5,4.5375,1
1770714372.0,1770717972.079,3600078.9,57.834444166666664,12.307307666666668,57.83444266715353,12.307296586656022,3.025,2.5,2.5,1.0332262916334474,6,6,Reverse,87.2,4.5375,1
1770714373.0,1770717973.084,3600084.4,57.8344435,12.307319166666666,57.834443083576765,12.307307876661344,3.025,2.5,2.5,1.1588993192842594,6,6,Reverse,86.9,4.5375,1
1770714374.0,1770717974.088,3600088.4,57.834441166666664,12.307324166666668,57.83444212512172,12.307316021664006,3.025,2.5,2.5,1.0860898710379712,6,6,Reverse,86.4,4.5375,1
1770714375.0,1770717975.085,3600085.1,57.834439999999994,12.307335499999999,57.834441062560856,12.307325760832002,3.025,2.5,2.5,1.0976245383998309,6,6,Reverse,86.3,4.5375,1
1770714376.0,1770717976.088,3600088.3,57.83443933333333,12.307335,57.83444019794709,12.307330380416001,3.025,2.5,2.5,0.9171335009100503,6,6,Reverse,86.0,4.5375,1
1770714377.0,1770717977.079,3600078.9,57.83444166666666,12.307349166666665,57.834440932306876,12.307339773541333,3.025,2.5,2.5,1.0499210886937835,6,6,Reverse,85.7,4.5375,1
1770714378.0,1770717978.087,3600087.5,57.834439999999994,12.307356333333333,57.83444046615344,12.307348053437332,3.025,2.5,2.5,1.1067578142320202,6,6,Reverse,85.2,4.5375,1
1770714379.0,1770717979.08,3600080.1,57.83443633333333,12.307355833333334,57.834438399743384,12.307351943385333,3.025,2.5,2.5,0.9683394298815766,6,6,Reverse,84.9,4.5375,1
1770714380.0,1770717980.082,3600082.2,57.834432666666665,12.307358666666667,57.834435533205024,12.307355305026,3.025,2.5,2.5,0.8830092239215341,6,6,Reverse,84.7,4.5375,1
1770714381.0,1770717981.082,3600082.0,57.834436000000004,12.307353333333333,57.83443576660251,12.307354319179668,3.025,2.5,2.5,0.7274052290004639,6,6,Reverse,84.7,4.5375,1
1770714382.0,1770717982.085,3600084.9,57.834434333333334,12.307348333333334,57.83443504996792,12.3073513262565,3.025,2.5,2.5,0.7528914006244407,6,6,Reverse,84.6,4.5375,1
1770714383.0,1770717983.089,3600089.5,57.834432166666666,12.307347666666665,57.8344336083173,12.307349496461583,3.35,2.5,2.5,0.7666093755929894,5,5,Reverse,84.5,5.025,1
1770714384.0,1770717984.08,3600080.3,57.83443533333334,12.307348999999999,57.834434470825315,12.307349248230791,3.35,2.5,2.5,0.7075666602022692,5,5,Reverse,84.5,5.025,1
1770714385.0,1770717985.077,3600077.2,57.834439999999994,12.307340166666666,57.83443723541266,12.307344707448728,3.75,2.5,2.5,0.8809914761761722,4,4,Reverse,84.4,5.625,1
1770714386.0,1770717986.082,3600081.6,57.8344315,12.307334666666668,57.83443436770633,12.307339687057699,3.75,2.5,2.5,1.004770361631211,4,4,Reverse,84.5,5.625,1
1770714387.0,1770717987.085,3600085.5,57.83441633333334,12.307356833333332,57.83442535051983,12.307348260195514,3.75,2.5,2.5,1.1955959087077885,4,4,Reverse,84.2,5.625,1
1770714388.0,1770717988.081,3600081.1,57.834418166666666,12.3073575,57.83442175859325,12.307352880097758,3.225,2.5,2.5,1.1038129641622187,5,5,Reverse,84.3,4.8375,1
1770714389.0,1770717989.085,3600084.6,57.834427166666664,12.307362666666666,57.834424462629954,12.307357773382211,3.225,2.5,2.5,1.0493591832176115,5,5,Reverse,83.9,4.8375,1
1770714390.0,1770717990.079,3600078.9,57.834432666666665,12.307373833333335,57.83442856464831,12.307365803357774,3.225,2.5,2.5,1.2012041032326723,5,5,Reverse,83.5,4.8375,1
1770714391.0,1770717991.083,3600082.7,57.83441733333334,12.307412666666668,57.83442294899083,12.30738923501222,3.225,2.5,2.5,1.746455654962656,5,5,Reverse,83.3,4.8375,1
1770714392.0,1770717992.079,3600079.3,57.83441533333333,12.307427833333334,57.83441914116208,12.307408534172778,3.225,2.5,2.5,2.155747253058757,5,5,Reverse,83.3,4.8375,1
1770714393.0,1770717993.083,3600083.4,57.834428499999994,12.307415166666665,57.83442382058104,12.30741185041972,3.75,2.5,2.5,1.9868863378570563,4,4,Reverse,83.1,5.625,1
1770714394.0,1770717994.088,3600087.7,57.83446566666667,12.307379166666665,57.83444474362385,12.307395508543193,3.75,2.5,2.5,2.512577960393661,4,4,Reverse,83.3,5.625,1
1770714395.0,1770717995.093,3600092.6,57.834506499999996,12.307346833333334,57.834475621811926,12.307371170938264,3.75,2.5,2.5,3.7424116534531136,4,4,Forward,83.4,5.625,1
1770714396.0,1770717996.086,3600086.4,57.834525166666666,12.307352,57.83450039423929,12.307361585469131,3.75,2.5,2.5,4.786426287539766,4,4,Forward,83.8,5.625,1
1770714397.0,1770717997.091,3600090.9,57.83453683333334,12.307352333333332,57.834518613786315,12.307356959401233,20.325000000000003,2.5,2.5,5.484672818621723,3,3,Forward,88.4,30.487500000000004,1
1770714398.0,1770717998.096,3600095.7,57.834567166666666,12.307305833333333,57.834542890226494,12.307331396367282,20.325000000000003,2.5,2.5,6.286500314985982,3,3,Forward,89.5,30.487500000000004,1
1770714399.0,1770717999.092,3600092.1,57.83460033333334,12.30727,57.834571611779914,12.307300698183642,3.0,2.5,2.5,7.132670161590057,6,6,Forward,89.8,4.5,1
1770714400.0,1770718000.097,3600097.4,57.83462383333334,12.307245833333331,57.83459772255663,12.307273265758486,3.0,2.5,2.5,7.748846679219023,6,6,Forward,90.1,4.5,1
1770714401.0,1770718001.092,3600092.0,57.83463616666666,12.307227166666667,57.834616944611646,12.307250216212577,3.0,2.5,2.5,7.992976013312471,6,6,Forward,90.2,4.5,1
1770714402.0,1770718002.097,3600096.6,57.83464349999999,12.307228833333333,57.83463022230582,12.307239524772955,3.0,2.5,2.5,7.822703894544422,6,6,Forward,90.4,4.5,1
1770714403.0,1770718003.09,3600089.9,57.83465233333333,12.307228333333335,57.83464127781957,12.307233929053146,3.0,2.5,2.5,7.477229504449081,6,6,Reverse,90.5,4.5,1
1770714404.0,1770718004.094,3600093.8,57.83463383333333,12.307242333333333,57.83463755557645,12.30723813119324,3.0,2.5,2.5,6.502988727910827,6,6,Reverse,90.5,4.5,1
1770714405.0,1770718005.088,3600088.5,57.83462183333333,12.307236499999998,57.83462969445489,12.307237315596618,2.8000000000000003,2.5,2.5,5.3436684829717045,7,7,Reverse,90.3,4.2,1
1770714406.0,1770718006.093,3600092.7,57.834610000000005,12.307220666666668,57.83461984722745,12.307228991131643,2.925,2.5,2.5,4.3590605933240765,6,6,Reverse,90.2,4.387499999999999,1
1770714407.0,1770718007.089,3600088.8,57.83459666666666,12.307231833333333,57.83460825694706,12.307230412232489,2.8000000000000003,2.5,2.5,3.3788358277118156,7,7,Reverse,90.1,4.2,1
1770714408.0,1770718008.083,3600082.7,57.83459033333334,12.307241166666666,57.834599295140194,12.307235789449576,4.25,2.5,2.5,2.665004264735785,6,6,Reverse,89.9,6.375,1
1770714409.0,1770718009.087,3600086.9,57.834579500000004,12.307241166666666,57.8345893975701,12.307238478058121,4.25,2.5,2.5,2.103144539749442,6,6,Reverse,89.8,6.375,1
1770714410.0,1770718010.082,3600082.2,57.83456683333334,12.307247833333333,57.83457811545172,12.307243155695728,4.25,2.5,2.5,1.7738673234771178,6,6,Reverse,89.6,6.375,1
1770714411.0,1770718011.086,3600086.5,57.834561,12.307243333333334,57.834569557725864,12.307243244514531,4.25,2.5,2.5,1.429051809493554,6,6,Reverse,89.4,6.375,1
1770714412.0,1770718012.08,3600080.3,57.83455049999999,12.307254666666665,57.834560028862924,12.307248955590598,4.25,2.5,2.5,1.2869641969933787,6,6,Reverse,89.1,6.375,1
1770714413.0,1770718013.084,3600084.5,57.83453916666667,12.307262166666666,57.8345495977648,12.307255561128631,4.25,2.5,2.5,1.32736746665514,6,6,Reverse,88.7,6.375,1
1770714414.0,1770718014.091,3600091.0,57.83453133333334,12.307268500000001,57.83454046554907,12.307262030564317,4.25,2.5,2.5,1.3930657417982377,6,6,Reverse,88.3,6.375,1
1770714415.0,1770718015.086,3600085.5,57.83452583333333,12.307283333333332,57.8345331494412,12.307272681948824,4.25,2.5,2.5,1.4493630971736218,6,6,Reverse,88.1,6.375,1
1770714416.0,1770718016.09,3600090.0,57.834517000000005,12.3073095,57.8345250747206,12.307291090974413,4.25,2.5,2.5,1.5316086971261509,6,6,Reverse,87.8,6.375,1
1770714417.0,1770718017.085,3600084.6,57.83450666666666,12.307322833333334,57.834515870693636,12.307306962153874,2.8000000000000003,2.5,2.5,1.6706937678446339,7,7,Reverse,87.9,4.2,1
1770714418.0,1770718018.088,3600087.9,57.83450933333334,12.307339333333335,57.83451260201348,12.307323147743604,2.8000000000000003,2.5,2.5,1.9705839811918744,7,7,Reverse,87.8,4.2,1
1770714419.0,1770718019.083,3600083.2,57.83450716666666,12.307337500000001,57.83450988434007,12.307330323871803,4.25,2.5,2.5,1.9283271173166459,6,6,Reverse,87.6,6.375,1
1770714420.0,1770718020.087,3600086.7,57.83450533333333,12.307341666666666,57.8345076088367,12.307335995269234,4.25,2.5,2.5,1.9605827187452665,6,6,Reverse,87.4,6.375,1
1770714421.0,1770718021.093,3600092.8,57.83450500000001,12.307305000000001,57.834506304418355,12.307320497634617,4.25,2.5,2.5,1.6594563198045957,6,6,Reverse,87.1,6.375,1
1770714422.0,1770718022.087,3600086.6,57.83450016666667,12.307314666666665,57.83450323554251,12.307317582150642,4.25,2.5,2.5,1.4920397448745422,6,6,Reverse,86.8,6.375,1
1770714423.0,1770718023.082,3600081.5,57.83449233333334,12.307323333333333,57.83449778443793,12.307320457741987,4.25,2.5,2.5,1.35296798776423,6,6,Reverse,86.5,6.375,1
1770714424.0,1770718024.086,3600085.7,57.8344945,12.307298333333332,57.83449614221896,12.30730939553766,4.25,2.5,2.5,1.1042874247761842,6,6,Reverse,86.2,6.375,1
1770714425.0,1770718025.09,3600089.6,57.834488166666674,12.307278833333331,57.83449215444282,12.307294114435495,4.25,2.5,2.5,0.904404435643179,6,6,Reverse,85.9,6.375,1
1770714426.0,1770718026.085,3600084.7,57.834480500000005,12.307246666666666,57.83448632722141,12.30727039055108,4.25,2.5,2.5,1.0529206936938154,6,6,Reverse,85.7,6.375,1
1770714427.0,1770718027.089,3600089.0,57.834483,12.307267999999999,57.8344846636107,12.30726919527554,4.25,2.5,2.5,0.7584065895383107,6,6,Reverse,85.3,6.375,1
1770714428.0,1770718028.093,3600093.1,57.83447549999999,12.307284166666667,57.834480081805346,12.307276680971103,2.8000000000000003,2.5,2.5,0.6341342401061241,7,7,Reverse,85.3,4.2,1
1770714429.0,1770718029.089,3600089.3,57.834472000000005,12.3072925,57.83447604090268,12.307284590485553,2.8000000000000003,2.5,2.5,0.5813456522126795,7,7,Reverse,85.3,4.2,1
1770714430.0,1770718030.084,3600084.1,57.83446566666667,12.307314666666665,57.83447085378467,12.307299628576109,2.8000000000000003,2.5,2.5,0.7045461088820856,7,7,Reverse,85.1,4.2,1
1770714431.0,1770718031.088,3600088.2,57.83445766666667,12.307324833333332,57.83446426022567,12.30731223095472,2.8000000000000003,2.5,2.5,1.0017030128411986,7,7,Reverse,85.0,4.2,1
1770714432.0,1770718032.093,3600092.5,57.83444849999999,12.3073155,57.83445638011283,12.30731386547736,4.25,2.5,2.5,1.2577481393097834,6,6,Reverse,84.8,6.375,1
1770714433.0,1770718033.087,3600086.7,57.83444483333333,12.307317000000001,57.83445060672308,12.307315432738681,2.8000000000000003,2.5,2.5,1.3410122978166492,7,7,Reverse,84.7,4.2,1
1770714434.0,1770718034.091,3600091.2,57.834445,12.307339666666667,57.83444780336154,12.307327549702674,2.8000000000000003,2.5,2.5,1.401774695636435,7,7,Reverse,84.7,4.2,1
1770714435.0,1770718035.085,3600085.4,57.83444633333333,12.307367,57.83444706834744,12.307347274851336,2.8000000000000003,2.5,2.5,1.6524681738359015,7,7,Reverse,84.7,4.2,1
1770714436.0,1770718036.092,3600091.8,57.834438666666664,12.307377333333333,57.83444286750705,12.307362304092335,2.8000000000000003,2.5,2.5,1.719747634454233,7,7,Reverse,84.7,4.2,1
1770714437.0,1770718037.086,3600086.1,57.834433000000004,12.307391833333334,57.83443793375353,12.307377068712835,2.8000000000000003,2.5,2.5,1.815707860776905,7,7,Reverse,84.8,4.2,1
1770714438.0,1770718038.091,3600090.7,57.834426833333325,12.307396500000001,57.83443238354342,12.307386784356417,2.8000000000000003,2.5,2.5,1.8257437489317643,7,7,Reverse,84.9,4.2,1
1770714439.0,1770718039.095,3600094.9,57.834424999999996,12.307393333333334,57.83442869177171,12.307390058844875,2.8000000000000003,2.5,2.5,1.709062247244622,7,7,Reverse,85.1,4.2,1
1770714440.0,1770718040.089,3600089.0,57.83441533333333,12.307401166666667,57.83442201255252,12.307395612755771,2.8000000000000003,2.5,2.5,1.8216325765149506,7,7,Reverse,85.3,4.2,1
1770714441.0,1770718041.083,3600083.2,57.8344115,12.307409,57.83441675627626,12.307402306377886,2.8000000000000003,2.5,2.5,1.8362656312487922,7,7,Reverse,85.3,4.2,1
1770714442.0,1770718042.089,3600088.5,57.83440416666667,12.307405666666666,57.834410461471464,12.307403986522276,2.8000000000000003,2.5,2.5,1.8301830735659188,7,7,Reverse,85.2,4.2,1
1770714443.0,1770718043.095,3600094.9,57.83439966666666,12.307397833333335,57.83440506406907,12.307400909927805,2.8000000000000003,2.5,2.5,1.7439326304457956,7,7,Reverse,85.0,4.2,1
1770714444.0,1770718044.089,3600088.7,57.83438549999999,12.307392166666666,57.83439528203453,12.307396538297235,2.8000000000000003,2.5,2.5,1.9674112570623767,7,7,Reverse,84.9,4.2,1
1770714445.0,1770718045.093,3600092.7,57.834380499999995,12.3073935,57.83438789101726,12.307395019148618,2.8000000000000003,2.5,2.5,2.0768601039168426,7,7,Reverse,84.7,4.2,1
1770714446.0,1770718046.088,3600088.0,57.834370500000006,12.307380666666665,57.83437919550863,12.30738784290764,2.8000000000000003,2.5,2.5,2.259439838062601,7,7,Reverse,84.6,4.2,1
1770714447.0,1770718047.092,3600092.0,57.83436266666666,12.307370500000001,57.83437093108765,12.307379171453821,2.8000000000000003,2.5,2.5,2.4357415888937215,7,7,Reverse,84.6,4.2,1
1770714448.0,1770718048.086,3600086.2,57.83436466666667,12.307352166666666,57.83436779887716,12.307365669060244,2.8000000000000003,2.5,2.5,2.3773582207268955,7,7,Reverse,84.7,4.2,1
1770714449.0,1770718049.091,3600090.8,57.8343685,12.3073325,57.834368149438575,12.307349084530122,3.4000000000000004,2.5,2.5,2.2735057028948247,6,6,Reverse,84.7,5.1000000000000005,1
1770714450.0,1770718050.085,3600084.7,57.83437683333333,12.307317833333332,57.834372491385956,12.307333458931726,3.4000000000000004,2.5,2.5,2.115824750535322,6,6,Reverse,84.7,5.1000000000000005,1
1770714451.0,1770718051.08,3600079.8,57.834379000000006,12.307313500000001,57.83437574569298,12.307323479465865,3.4000000000000004,2.5,2.5,1.9371537923630304,6,6,Reverse,84.8,5.1000000000000005,1
1770714452.0,1770718052.079,3600079.3,57.834384833333324,12.307311666666665,57.83438028951315,12.307317573066264,5.300000000000001,2.5,2.5,1.7683885456231005,5,5,Reverse,85.0,7.950000000000001,1
1770714453.0,1770718053.079,3600079.4,57.834387,12.307308833333332,57.83438364475658,12.307313203199799,5.300000000000001,2.5,2.5,1.6406898852512515,5,5,Reverse,85.1,7.950000000000001,1
1770714454.0,1770718054.083,3600083.5,57.834393500000004,12.307321666666667,57.83438857237829,12.307317434933232,5.300000000000001,2.5,2.5,1.5253885754154113,5,5,Reverse,85.2,7.950000000000001,1
1770714455.0,1770718055.087,3600087.2,57.834396166666664,12.307320833333332,57.834392369522476,12.307319134133282,4.25,2.5,2.5,1.4173946282133112,6,6,Reverse,85.1,6.375,1
1770714456.0,1770718056.079,3600078.9,57.834400499999994,12.307325166666665,57.83439643476124,12.307322150399974,4.25,2.5,2.5,1.3778296816165583,6,6,Reverse,85.0,6.375,1
1770714457.0,1770718057.087,3600086.6,57.83440099999999,12.307330666666667,57.834398717380616,12.30732640853332,4.25,2.5,2.5,1.2876149917353008,6,6,Reverse,85.0,6.375,1
1770714458.0,1770718058.082,3600082.4,57.834399166666664,12.307319333333332,57.83439894202364,12.307322870933326,4.25,2.5,2.5,1.1482892335076773,6,6,Reverse,85.0,6.375,1
1770714459.0,1770718059.084,3600084.0,57.83440033333333,12.307304333333331,57.83439963767848,12.307313602133329,4.25,2.5,2.5,1.1597421887803518,6,6,Reverse,84.9,6.375,1
1770714460.0,1770718060.079,3600079.3,57.83439683333333,12.307289666666668,57.83439823550591,12.307301634399998,4.25,2.5,2.5,1.2849570340675984,6,6,Reverse,84.7,6.375,1
1770714461.0,1770718061.085,3600085.2,57.83439083333333,12.307282666666667,57.834394534419616,12.307292150533332,4.25,2.5,2.5,1.5042288044334557,6,6,Reverse,84.6,6.375,1
1770714462.0,1770718062.09,3600089.5,57.834397833333334,12.307275833333332,57.83439618387648,12.307283991933332,4.25,2.5,2.5,1.395491946816709,6,6,Reverse,84.5,6.375,1
1770714463.0,1770718063.085,3600084.6,57.834396,12.307292333333331,57.83439609193824,12.307288162633332,4.25,2.5,2.5,1.1379389346413877,6,6,Reverse,84.3,6.375,1
1770714464.0,1770718064.089,3600088.9,57.83439,12.307305166666668,57.834393045969115,12.30729666465,4.25,2.5,2.5,1.1049640469776856,6,6,Reverse,84.2,6.375,1
1770714465.0,1770718065.086,3600085.6,57.83438366666666,12.307315333333333,57.83438835631789,12.307305998991666,2.8000000000000003,2.5,2.5,1.2277423282118844,7,7,Reverse,84.2,4.2,1
1770714466.0,1770718066.089,3600089.0,57.834381666666665,12.3073215,57.83438501149228,12.307313749495833,2.8000000000000003,2.5,2.5,1.315391337775471,7,7,Reverse,84.3,4.2,1
1770714467.0,1770718067.094,3600093.7,57.834378833333325,12.307343666666668,57.8343819224128,12.30732870808125,4.375,2.5,2.5,1.4620313199838175,6,6,Reverse,84.5,6.5625,1
1770714468.0,1770718068.08,3600079.9,57.83438416666666,12.307339500000001,57.83438304453973,12.307334104040626,2.8000000000000003,2.5,2.5,1.3705955661852633,7,7,Reverse,84.4,4.2,1
1770714469.0,1770718069.086,3600086.4,57.834384833333324,12.307334666666668,57.834383938936526,12.307334385353647,2.8000000000000003,2.5,2.5,1.254444920877061,7,7,Reverse,84.2,4.2,1
1770714470.0,1770718070.086,3600085.9,57.83438116666666,12.307330666666667,57.83438255280159,12.307332526010157,2.8000000000000003,2.5,2.5,1.2916616202699365,7,7,Reverse,84.0,4.2,1
1770714471.0,1770718071.091,3600091.5,57.83438666666666,12.307321833333333,57.83438460973413,12.307327179671745,2.8000000000000003,2.5,2.5,1.1147983916049922,7,7,Reverse,83.5,4.2,1
1770714472.0,1770718072.083,3600083.1,57.83438416666666,12.307320333333333,57.83438438820039,12.307323756502539,2.8000000000000003,2.5,2.5,1.0792626576859092,7,7,Reverse,83.2,4.2,1
1770714473.0,1770718073.079,3600078.8,57.834376999999996,12.307318500000001,57.8343806941002,12.307321128251271,2.8000000000000003,2.5,2.5,1.2715209609756217,7,7,Reverse,82.9,4.2,1
1770714474.0,1770718074.089,3600088.7,57.834375666666666,12.307318000000002,57.83437818038343,12.307319564125637,2.8000000000000003,2.5,2.5,1.3878094356211117,7,7,Reverse,82.7,4.2,1
1770714475.0,1770718075.092,3600092.1,57.834383499999994,12.307302,57.83438084019171,12.307310782062817,2.8000000000000003,2.5,2.5,1.3527155856577693,7,7,Reverse,82.4,4.2,1
1770714476.0,1770718076.08,3600080.3,57.834387166666666,12.307303166666667,57.834384003429186,12.307306974364742,2.8000000000000003,2.5,2.5,1.214337681381508,7,7,Reverse,82.1,4.2,1
1770714477.0,1770718077.092,3600092.5,57.834388999999994,12.307312000000001,57.83438650171459,12.307309487182373,2.8000000000000003,2.5,2.5,0.9297017488025202,7,7,Reverse,81.9,4.2,1
1770714478.0,1770718078.093,3600093.4,57.83439133333333,12.307323666666665,57.83438891752396,12.307316576924519,2.8000000000000003,2.5,2.5,0.986860967030222,7,7,Reverse,81.4,4.2,1
1770714479.0,1770718079.08,3600079.9,57.834387666666665,12.307346166666665,57.83438829209531,12.307331371795591,2.8000000000000003,2.5,2.5,1.3116996858951537,7,7,Reverse,81.2,4.2,1
1770714480.0,1770718080.094,3600093.5,57.834388000000004,12.307353333333333,57.83438814604766,12.307342352564463,2.8000000000000003,2.5,2.5,1.4968274036512157,7,7,Reverse,80.7,4.2,1
1770714481.0,1770718081.098,3600098.0,57.834384666666665,12.307343,57.83438640635716,12.30734267628223,2.8000000000000003,2.5,2.5,1.4653730469885446,7,7,Reverse,80.4,4.2,1
1770714482.0,1770718082.09,3600090.0,57.83438433333334,12.307338,57.83438536984525,12.307340338141115,2.8000000000000003,2.5,2.5,1.4270677591961496,7,7,Reverse,80.0,4.2,1
1770714483.0,1770718083.087,3600086.7,57.834386166666675,12.3073295,57.83438576825596,12.307334919070557,2.8000000000000003,2.5,2.5,1.3384115957928298,7,7,Reverse,79.5,4.2,1
1770714484.0,1770718084.093,3600093.0,57.834390666666664,12.30731633333333,57.83438821746132,12.307325626201944,2.8000000000000003,2.5,2.5,1.1362670093772635,7,7,Reverse,79.1,4.2,1
1770714485.0,1770718085.088,3600087.9,57.834394833333334,12.307304833333335,57.83439152539732,12.30731522976764,2.8000000000000003,2.5,2.5,1.0053581946454526,7,7,Reverse,78.7,4.2,1
1770714486.0,1770718086.086,3600086.0,57.8343995,12.3073005,57.83439551269866,12.30730786488382,2.8000000000000003,2.5,2.5,0.8561286796175132,7,7,Reverse,78.2,4.2,1
1770714487.0,1770718087.086,3600085.9,57.83440033333333,12.307299,57.834397923016,12.30730343244191,2.8000000000000003,2.5,2.5,0.7652014466159565,7,7,Reverse,77.8,4.2,1
1770714488.0,1770718088.086,3600086.1,57.83440033333333,12.307288666666667,57.83439912817466,12.307296049554289,2.8000000000000003,2.5,2.5,0.9499664010961971,7,7,Reverse,77.5,4.2,1
1770714489.0,1770718089.08,3600080.1,57.83440833333334,12.307293333333332,57.834403730754005,12.30729469144381,2.8000000000000003,2.5,2.5,0.9414236492694185,7,7,Reverse,77.2,4.2,1
1770714490.0,1770718090.098,3600098.2,57.83440333333333,12.307294500000001,57.834403532043666,12.307294595721906,2.8000000000000003,2.5,2.5,0.9040415586462119,7,7,Reverse,76.8,4.2,1
1770714491.0,1770718091.096,3600095.7,57.8344045,12.307293333333332,57.83440401602183,12.307293964527618,2.8000000000000003,2.5,2.5,0.7944381936741054,7,7,Reverse,76.7,4.2,1
1770714492.0,1770718092.087,3600087.4,57.8344085,12.307294000000002,57.834406258010915,12.307293982263811,2.7750000000000004,2.5,2.5,0.6978161153788403,7,7,Reverse,76.7,4.1625000000000005,1
1770714493.0,1770718093.091,3600091.5,57.83441283333333,12.3072995,57.83440954567212,12.307296741131905,2.7750000000000004,2.5,2.5,0.7210688052396927,7,7,Reverse,76.6,4.1625000000000005,1
1770714494.0,1770718094.088,3600087.6,57.83441716666666,12.307307833333335,57.83441335616939,12.30730228723262,2.7750000000000004,2.5,2.5,0.9040279203780651,7,7,Reverse,76.6,4.1625000000000005,1
1770714495.0,1770718095.096,3600095.6,57.834428499999994,12.307314333333332,57.8344209280847,12.307308310282975,2.7750000000000004,2.5,2.5,1.2863983220331656,7,7,Reverse,77.1,4.1625000000000005,1
1770714496.0,1770718096.087,3600087.1,57.83443183333334,12.307318000000002,57.83442638070902,12.30731315514149,2.7750000000000004,2.5,2.5,1.4334634910803192,7,7,Reverse,77.4,4.1625000000000005,1
1770714497.0,1770718097.096,3600095.9,57.83443633333333,12.307327000000003,57.834431357021174,12.307320077570745,3.025,2.5,2.5,1.518876878213652,6,6,Reverse,77.6,4.5375,1
1770714498.0,1770718098.079,3600079.3,57.83444483333333,12.307333000000002,57.83443809517725,12.307326538785373,3.025,2.5,2.5,1.6730760672915101,6,6,Reverse,77.9,4.5375,1
1770714499.0,1770718099.08,3600079.9,57.83445199999999,12.307335666666665,57.83444504758862,12.30733110272602,3.025,2.5,2.5,1.7989597511073796,6,6,Reverse,78.2,4.5375,1
1770714500.0,1770718100.08,3600079.8,57.8344655,12.307342166666668,57.83445527379431,12.307336634696345,3.025,2.5,2.5,2.1868606729152926,6,6,Reverse,78.5,4.5375,1
1770714501.0,1770718101.089,3600089.0,57.834472000000005,12.307332,57.834463636897155,12.307334317348172,3.025,2.5,2.5,2.3298723623056516,6,6,Reverse,78.7,4.5375,1
1770714502.0,1770718102.08,3600080.4,57.834475999999995,12.307331500000002,57.834469818448575,12.307332908674088,2.7750000000000004,2.5,2.5,2.346277706803344,7,7,Reverse,79.0,4.1625000000000005,1
1770714503.0,1770718103.082,3600082.1,57.834483166666665,12.307337666666667,57.83447649255762,12.307335287670377,2.7750000000000004,2.5,2.5,2.4186698381315774,7,7,Reverse,79.2,4.1625000000000005,1
1770714504.0,1770718104.086,3600085.5,57.834479166666675,12.307327333333335,57.83447782961215,12.307331310501857,2.7750000000000004,2.5,2.5,2.1552469411452786,7,7,Reverse,79.4,4.1625000000000005,1
1770714505.0,1770718105.092,3600091.8,57.834489166666664,12.307297166666668,57.834483498139406,12.307314238584262,2.9749999999999996,2.5,2.5,2.3302742701163672,6,6,Reverse,79.3,4.4624999999999995,1
1770714506.0,1770718106.086,3600086.0,57.834492166666664,12.307283500000002,57.834487832403035,12.307298869292133,2.9749999999999996,2.5,2.5,2.4889873549522092,6,6,Reverse,79.3,4.4624999999999995,1
1770714507.0,1770718107.086,3600086.1,57.83449383333333,12.307277166666665,57.834490832868184,12.307288017979399,2.9749999999999996,2.5,2.5,2.505872180622525,6,6,Reverse,79.2,4.4624999999999995,1
1770714508.0,1770718108.084,3600083.7,57.83450500000001,12.307264833333333,57.834497916434096,12.307276425656365,2.9749999999999996,2.5,2.5,2.6318365383791367,6,6,Reverse,79.2,4.4624999999999995,1
1770714509.0,1770718109.088,3600088.0,57.834514000000006,12.307264000000002,57.83450595821705,12.307270212828184,2.9749999999999996,2.5,2.5,2.758805468490889,6,6,Reverse,79.3,4.4624999999999995,1
1770714510.0,1770718110.084,3600083.7,57.834507,12.307273166666668,57.834506479108526,12.307271689747425,2.9749999999999996,2.5,2.5,2.4989119903747135,6,6,Reverse,79.2,4.4624999999999995,1
1770714511.0,1770718111.086,3600086.3,57.83450583333333,12.307262666666668,57.83450615622093,12.307267178207047,2.9749999999999996,2.5,2.5,2.2250466548158543,6,6,Reverse,79.3,4.4624999999999995,1
1770714512.0,1770718112.083,3600083.1,57.834506833333336,12.307261000000002,57.83450649477713,12.307264089103525,2.9749999999999996,2.5,2.5,1.9555902790369917,6,6,Reverse,79.0,4.4624999999999995,1
1770714513.0,1770718113.084,3600084.2,57.83450466666667,12.307246666666666,57.8345055807219,12.307255377885095,4.9,2.5,2.5,1.7942310241542305,5,5,Reverse,78.9,7.3500000000000005,1
1770714514.0,1770718114.07,3600070.3,57.83450800000001,12.3072315,57.834506790360955,12.307243438942548,4.9,2.5,2.5,1.795027467821417,5,5,Reverse,79.0,7.3500000000000005,1
1770714515.0,1770718115.082,3600082.5,57.834506,12.307233666666665,57.834506395180476,12.307238552804607,4.9,2.5,2.5,1.6291613915679697,5,5,Reverse,78.9,7.3500000000000005,1
1770714516.0,1770718116.087,3600086.6,57.83449666666667,12.307227666666666,57.834501530923575,12.307233109735636,4.9,2.5,2.5,1.561218564714009,5,5,Reverse,79.0,7.3500000000000005,1
1770714517.0,1770718117.087,3600087.3,57.834484,12.3072255,57.83449276546179,12.307229304867818,4.9,2.5,2.5,1.645993879899423,5,5,Reverse,78.9,7.3500000000000005,1
1770714518.0,1770718118.086,3600086.0,57.834481999999994,12.307219000000002,57.83448738273089,12.30722415243391,4.9,2.5,2.5,1.6536094098881151,5,5,Reverse,79.1,7.3500000000000005,1
1770714519.0,1770718119.081,3600081.2,57.834486500000004,12.307215166666667,57.83448694136545,12.307219659550288,4.9,2.5,2.5,1.523174637939234,5,5,Reverse,79.0,7.3500000000000005,1
1770714520.0,1770718120.085,3600084.6,57.83448533333333,12.307214500000002,57.83448613734939,12.307217079775146,4.9,2.5,2.5,1.4274053204295158,5,5,Reverse,78.9,7.3500000000000005,1
1770714521.0,1770718121.079,3600078.8,57.83449133333333,12.307215166666667,57.83448873534136,12.307216123220906,4.9,2.5,2.5,1.2457820594320315,5,5,Reverse,78.7,7.3500000000000005,1
1770714522.0,1770718122.08,3600079.8,57.83449766666666,12.307210000000001,57.83449320100401,12.307213061610454,4.9,2.5,2.5,1.1677279494996853,5,5,Reverse,78.8,7.3500000000000005,1
1770714523.0,1770718123.089,3600088.7,57.83449383333333,12.3072195,57.834493517168674,12.307216280805227,4.9,2.5,2.5,0.9284630784318897,5,5,Reverse,78.8,7.3500000000000005,1
1770714524.0,1770718124.084,3600083.5,57.83450316666667,12.307217833333334,57.83449834191767,12.30721705706928,4.9,2.5,2.5,0.8424225812952895,5,5,Reverse,78.6,7.3500000000000005,1
1770714525.0,1770718125.078,3600078.0,57.8345,12.307219833333333,57.834499170958836,12.307218445201308,2.9749999999999996,2.5,2.5,0.7357361766452366,6,6,Reverse,78.9,4.4624999999999995,1
1770714526.0,1770718126.081,3600081.3,57.8344975,12.307239666666666,57.83449833547942,12.307229055933986,2.9749999999999996,2.5,2.5,0.6905215402992126,6,6,Reverse,78.9,4.4624999999999995,1
1770714527.0,1770718127.085,3600085.5,57.83448566666666,12.307245,57.83449200107304,12.307237027966993,2.9749999999999996,2.5,2.5,0.6969421305907111,6,6,Reverse,78.8,4.4624999999999995,1
1770714528.0,1770718128.08,3600080.4,57.8344885,12.307244833333334,57.83449025053652,12.307240930650163,2.9749999999999996,2.5,2.5,0.5087028235230096,6,6,Reverse,78.7,4.4624999999999995,1
1770714529.0,1770718129.084,3600084.2,57.834482333333334,12.30725,57.83448629193492,12.307245465325082,2.9749999999999996,2.5,2.5,0.4766328629849979,6,6,Reverse,78.5,4.4624999999999995,1
1770714530.0,1770718130.089,3600088.6,57.83447383333334,12.307262333333332,57.834480062634135,12.307253899329208,2.9749999999999996,2.5,2.5,0.6633798307197553,6,6,Reverse,78.5,4.4624999999999995,1
1770714531.0,1770718131.083,3600083.3,57.83447683333334,12.307269333333332,57.834478447983734,12.30726161633127,2.9749999999999996,2.5,2.5,0.6221227166496525,6,6,Reverse,78.5,4.4624999999999995,1
1770714532.0,1770718132.09,3600089.5,57.83446833333334,12.307270833333332,57.83447339065854,12.3072662248323,2.9749999999999996,2.5,2.5,0.6357587879463944,6,6,Reverse,78.5,4.4624999999999995,1
1770714533.0,1770718133.085,3600084.7,57.8344655,12.3072735,57.83446944532927,12.30726986241615,2.9749999999999996,2.5,2.5,0.6606487334181971,6,6,Reverse,78.4,4.4624999999999995,1
1770714534.0,1770718134.088,3600087.8,57.834465833333326,12.307274666666668,57.8344676393313,12.30727226454141,2.9749999999999996,2.5,2.5,0.5412894903412854,6,6,Reverse,78.2,4.4624999999999995,1
1770714535.0,1770718135.083,3600082.7,57.83447016666667,12.307286500000002,57.834468902998985,12.307279382270705,2.9749999999999996,2.5,2.5,0.6236936435917344,6,6,Reverse,78.3,4.4624999999999995,1
1770714536.0,1770718136.086,3600085.7,57.83446633333333,12.307293166666666,57.83446761816616,12.307286274468686,2.9749999999999996,2.5,2.5,0.6471950162486009,6,6,Reverse,78.1,4.4624999999999995,1
1770714537.0,1770718137.079,3600079.1,57.834467333333336,12.307306000000002,57.83446747574975,12.307296137234344,2.9749999999999996,2.5,2.5,0.7666261928952783,6,6,Reverse,78.4,4.4624999999999995,1
1770714538.0,1770718138.085,3600084.8,57.83447016666667,12.307303999999998,57.834468821208205,12.307300068617172,2.9749999999999996,2.5,2.5,0.8164085641226281,6,6,Reverse,78.8,4.4624999999999995,1
1770714539.0,1770718139.081,3600080.5,57.834471833333325,12.307295833333335,57.834470327270765,12.307297950975252,2.9749999999999996,2.5,2.5,0.9640938198151235,6,6,Reverse,78.4,4.4624999999999995,1
1770714540.0,1770718140.084,3600084.5,57.834467833333335,12.307297666666667,57.83446908030205,12.30729780882096,2.9749999999999996,2.5,2.5,0.9391188274382121,6,6,Reverse,78.6,4.4624999999999995,1
1770714541.0,1770718141.1,3600099.9,57.834467,12.307307166666666,57.83446804015102,12.307302487743813,2.9749999999999996,2.5,2.5,0.9161986189986981,6,6,Reverse,78.4,4.4624999999999995,1
1770714542.0,1770718142.085,3600084.7,57.83446366666667,12.307316666666669,57.83446585340885,12.30730957720524,2.9749999999999996,2.5,2.5,0.9275780879593201,6,6,Reverse,78.6,4.4624999999999995,1
1770714543.0,1770718143.088,3600088.1,57.83445749999999,12.307324333333334,57.83446167670442,12.307316955269288,2.9749999999999996,2.5,2.5,0.9584541561649437,6,6,Reverse,78.9,4.4624999999999995,1
1770714544.0,1770718144.083,3600083.3,57.83444599999999,12.307333833333333,57.8344538383522,12.30732539430131,3.175,2.5,2.5,1.2233307767196402,5,5,Reverse,79.2,4.762499999999999,1
1770714545.0,1770718145.086,3600085.9,57.83444483333333,12.307328666666669,57.83444933584277,12.30732703048399,3.175,2.5,2.5,1.1599820943740273,5,5,Reverse,79.5,4.762499999999999,1
1770714546.0,1770718146.082,3600082.4,57.8344435,12.307331,57.834446417921384,12.307329015241994,3.175,2.5,2.5,1.0290903894181869,5,5,Reverse,79.7,4.762499999999999,1
1770714547.0,1770718147.088,3600087.8,57.83444216666667,12.307329333333334,57.83444429229402,12.307329174287664,3.175,2.5,2.5,0.8618536712760109,5,5,Reverse,79.6,4.762499999999999,1
1770714548.0,1770718148.082,3600082.4,57.83444299999999,12.307340666666668,57.83444364614701,12.307334920477166,3.175,2.5,2.5,0.8159537542340873,5,5,Reverse,79.7,4.762499999999999,1
1770714549.0,1770718149.081,3600081.4,57.834438666666664,12.307342333333334,57.83444115640684,12.307338626905251,3.175,2.5,2.5,0.8113641867232634,5,5,Reverse,79.9,4.762499999999999,1
1770714550.0,1770718150.084,3600083.6,57.83444233333333,12.307337666666667,57.834441744870084,12.307338146785959,2.9749999999999996,2.5,2.5,0.7599454575750972,6,6,Reverse,79.6,4.4624999999999995,1
1770714551.0,1770718151.08,3600080.3,57.834432666666665,12.307334500000001,57.834437205768374,12.30733632339298,2.9749999999999996,2.5,2.5,0.6513479537168981,6,6,Reverse,79.3,4.4624999999999995,1
1770714552.0,1770718152.091,3600090.7,57.834438,12.307328333333333,57.834437602884186,12.307332328363156,2.9749999999999996,2.5,2.5,0.6065302555010968,6,6,Reverse,79.0,4.4624999999999995,1
1770714553.0,1770718153.092,3600091.6,57.83444516666667,12.307323333333333,57.834441384775424,12.307327830848244,2.9749999999999996,2.5,2.5,0.7792928397168769,6,6,Reverse,78.9,4.4624999999999995,1
1770714554.0,1770718154.082,3600081.6,57.83444666666666,12.307317333333334,57.83444402572104,12.307322582090789,2.9749999999999996,2.5,2.5,0.8786035617407386,6,6,Reverse,78.9,4.4624999999999995,1
1770714555.0,1770718155.086,3600086.2,57.83445,12.307313500000001,57.83444701286052,12.307318041045395,3.2,2.5,2.5,1.0486815706120567,5,5,Reverse,78.5,4.800000000000001,1
1770714556.0,1770718156.088,3600088.3,57.83445266666666,12.307313166666665,57.834449839763586,12.307315603856031,2.9749999999999996,2.5,2.5,1.1501465382017249,6,6,Reverse,78.6,4.4624999999999995,1
1770714557.0,1770718157.081,3600081.2,57.83445483333333,12.307308833333332,57.83445233654846,12.307312218594681,2.9749999999999996,2.5,2.5,1.2471622719461342,6,6,Reverse,78.5,4.4624999999999995,1
1770714558.0,1770718158.085,3600085.0,57.83445316666666,12.307308333333333,57.834452751607564,12.307310275964007,3.15,2.5,2.5,1.192195180620621,5,5,Reverse,78.6,4.725,1
1770714559.0,1770718159.079,3600079.2,57.83445333333334,12.307313333333331,57.83445304247045,12.30731180464867,3.15,2.5,2.5,1.1156111274319438,5,5,Reverse,78.4,4.725,1
1770714560.0,1770718160.079,3600079.3,57.83445783333333,12.307314499999999,57.834455437901894,12.307313152324333,3.15,2.5,2.5,1.201519100932332,5,5,Reverse,78.5,4.725,1
1770714561.0,1770718161.079,3600079.3,57.83445816666667,12.3073175,57.83445680228428,12.307315326162167,3.15,2.5,2.5,1.1615488196079438,5,5,Reverse,78.6,4.725,1
1770714562.0,1770718162.084,3600084.5,57.83445483333333,12.307327333333335,57.83445581780881,12.30732132974775,2.9,2.5,2.5,1.027590296673245,6,6,Reverse,78.7,4.35,1
1770714563.0,1770718163.08,3600079.9,57.83445283333334,12.307332333333333,57.83445432557107,12.307326831540543,2.9,2.5,2.5,0.8832964819478933,6,6,Reverse,79.1,4.35,1
1770714564.0,1770718164.079,3600079.3,57.83444883333333,12.307333833333333,57.8344515794522,12.307330332436937,2.9,2.5,2.5,0.761516562590814,6,6,Reverse,79.4,4.35,1
1770714565.0,1770718165.081,3600081.5,57.83444533333333,12.307343500000002,57.834448456392764,12.30733691621847,2.9,2.5,2.5,0.7414397602038459,6,6,Reverse,79.5,4.35,1
1770714566.0,1770718166.081,3600081.2,57.83443583333333,12.307360166666667,57.83444214486305,12.307348541442568,2.9,2.5,2.5,1.0437824265565139,6,6,Reverse,79.8,4.35,1
1770714567.0,1770718167.085,3600085.2,57.83443366666667,12.307367500000002,57.83443790576486,12.307358020721285,2.9,2.5,2.5,1.1684699583092009,6,6,Reverse,80.1,4.35,1
1770714568.0,1770718168.079,3600079.1,57.834433833333335,12.307375500000001,57.8344358695491,12.307366760360644,2.9,2.5,2.5,1.1219700837416293,6,6,Reverse,80.4,4.35,1
1770714569.0,1770718169.079,3600079.4,57.83443049999999,12.307383666666665,57.83443318477455,12.307375213513653,2.9,2.5,2.5,1.0994458411157033,6,6,Reverse,80.9,4.35,1
1770714570.0,1770718170.082,3600081.8,57.83442883333334,12.307392666666665,57.834431009053944,12.30738394009016,2.9,2.5,2.5,1.0255807610115397,6,6,Reverse,81.1,4.35,1
1770714571.0,1770718171.079,3600079.1,57.83442766666667,12.307397666666668,57.83442933786031,12.307390803378414,2.9,2.5,2.5,0.9011708302290117,6,6,Reverse,81.5,4.35,1
1770714572.0,1770718172.079,3600079.2,57.834421999999996,12.307413166666667,57.83442566893015,12.30740198502254,2.9,2.5,2.5,0.9782604798598739,6,6,Reverse,81.7,4.35,1
1770714573.0,1770718173.079,3600079.3,57.834420833333326,12.307422333333333,57.83442325113174,12.307412159177936,2.9,2.5,2.5,0.9709621395491758,6,6,Reverse,82.1,4.35,1
1770714574.0,1770718174.079,3600079.1,57.83441549999999,12.307434,57.834419375565865,12.307423079588968,3.15,2.5,2.5,1.0779382054264712,5,5,Reverse,82.5,4.725,1
1770714575.0,1770718175.082,3600081.7,57.83441249999999,12.307443833333332,57.83441593778293,12.307433456461151,3.15,2.5,2.5,1.1702451686066033,5,5,Reverse,82.8,4.725,1
1770714576.0,1770718176.099,3600099.2,57.83441133333334,12.307445499999998,57.834413635558136,12.307439478230574,3.15,2.5,2.5,1.108672152975816,5,5,Reverse,83.2,4.725,1
1770714577.0,1770718177.082,3600082.1,57.83441200000001,12.3074445,57.83441281777907,12.307441989115288,3.15,2.5,2.5,0.9304657616535308,5,5,Reverse,83.3,4.725,1
1770714578.0,1770718178.086,3600085.6,57.83440399999999,12.307459666666666,57.83440840888953,12.307450827890976,3.15,2.5,2.5,1.091377184764072,5,5,Reverse,83.5,4.725,1
1770714579.0,1770718179.08,3600080.2,57.83440466666666,12.307458,57.834406537778094,12.30745441394549,3.15,2.5,2.5,1.0380765589529601,5,5,Reverse,83.5,4.725,1
1770714580.0,1770718180.084,3600084.4,57.83440349999999,12.307456833333333,57.83440501888904,12.307455623639411,3.15,2.5,2.5,0.9779482631589389,5,5,Reverse,83.7,4.725,1
1770714581.0,1770718181.089,3600088.8,57.83441183333333,12.307450666666666,57.83440842611119,12.307453145153039,3.325,2.5,2.5,0.8071271860013176,5,5,Reverse,83.9,4.987500000000001,1
1770714582.0,1770718182.083,3600082.9,57.834424999999996,12.307452333333334,57.83441671305559,12.307452739243185,3.025,2.5,2.5,1.0735829243020272,6,6,Reverse,84.3,4.5375,1
1770714583.0,1770718183.09,3600089.7,57.834429500000006,12.3074355,57.8344231065278,12.307444119621593,3.025,2.5,2.5,1.2795943333801636,6,6,Reverse,84.6,4.5375,1
1770714584.0,1770718184.083,3600083.2,57.834423833333325,12.307441333333335,57.83442346993056,12.307442726477465,3.025,2.5,2.5,1.0667450717344715,6,6,Reverse,84.9,4.5375,1
1770714585.0,1770718185.089,3600088.5,57.834421000000006,12.3074405,57.83442223496528,12.307441613238732,3.025,2.5,2.5,0.8928252505240691,6,6,Reverse,85.1,4.5375,1
1770714586.0,1770718186.083,3600082.5,57.834422499999995,12.307432333333335,57.83442236748264,12.307436973286034,3.025,2.5,2.5,0.8381784848764089,6,6,Reverse,85.2,4.5375,1
1770714587.0,1770718187.087,3600086.6,57.834416499999996,12.307425,57.83441943374132,12.307430986643016,3.025,2.5,2.5,1.0121599446407041,6,6,Reverse,85.6,4.5375,1
1770714588.0,1770718188.09,3600090.2,57.83441733333334,12.307419333333334,57.83441838353733,12.307425159988176,3.025,2.5,2.5,1.0629958176470145,6,6,Reverse,85.6,4.5375,1
1770714589.0,1770718189.085,3600085.1,57.83441849999999,12.307409666666668,57.83441844176866,12.307417413327421,3.025,2.5,2.5,1.0561678445554454,6,6,Reverse,85.5,4.5375,1
1770714590.0,1770718190.09,3600090.2,57.834423666666666,12.307410333333333,57.834421054217664,12.307413873330377,3.025,2.5,2.5,0.8702993384723736,6,6,Reverse,85.4,4.5375,1
1770714591.0,1770718191.085,3600085.3,57.83443166666666,12.307401333333333,57.83442636044216,12.307407603331855,3.025,2.5,2.5,0.9457290379714627,6,6,Reverse,85.2,4.5375,1
1770714592.0,1770718192.09,3600090.1,57.83444166666666,12.307407166666668,57.834434013554414,12.307407384999262,3.025,2.5,2.5,1.148706485379023,6,6,Reverse,85.2,4.5375,1
1770714593.0,1770718193.084,3600084.0,57.83444233333333,12.307405999999999,57.83443817344387,12.30740669249963,3.025,2.5,2.5,1.1750699095861532,6,6,Reverse,85.1,4.5375,1
1770714594.0,1770718194.089,3600089.2,57.834438666666664,12.3074135,57.834438420055264,12.307410096249814,2.7750000000000004,2.5,2.5,1.1378821717856393,7,7,Reverse,85.0,4.1625000000000005,1
1770714595.0,1770718195.083,3600082.8,57.83443766666666,12.307407333333334,57.83443804336096,12.307408714791574,2.7750000000000004,2.5,2.5,0.9089606847846039,7,7,Reverse,84.8,4.1625000000000005,1
1770714596.0,1770718196.088,3600088.1,57.83443016666667,12.307404666666665,57.83443410501382,12.30740669072912,2.7750000000000004,2.5,2.5,0.912728013156196,7,7,Reverse,84.7,4.1625000000000005,1
1770714597.0,1770718197.082,3600081.7,57.834428333333335,12.307399666666667,57.834431219173574,12.307403178697893,2.7750000000000004,2.5,2.5,0.9132222692334021,7,7,Reverse,84.8,4.1625000000000005,1
1770714598.0,1770718198.088,3600088.3,57.834429666666665,12.307391500000001,57.83443044292012,12.307397339348947,2.7750000000000004,2.5,2.5,0.865539282458459,7,7,Reverse,84.6,4.1625000000000005,1
1770714599.0,1770718199.093,3600093.2,57.834431166666675,12.307386333333334,57.8344308047934,12.307391836341141,2.7750000000000004,2.5,2.5,0.8037274249004982,7,7,Reverse,84.8,4.1625000000000005,1
1770714600.0,1770718200.087,3600086.8,57.83442616666666,12.307386166666667,57.83442848573003,12.307389001503903,2.7750000000000004,2.5,2.5,0.8143143929742881,7,7,Reverse,84.9,4.1625000000000005,1
1770714601.0,1770718201.091,3600091.0,57.83441333333334,12.307395833333333,57.83442090953168,12.307392417418619,2.7750000000000004,2.5,2.5,1.1882115389173797,7,7,Reverse,84.8,4.1625000000000005,1
1770714602.0,1770718202.086,3600086.0,57.8344075,12.3073955,57.83441420476584,12.307393958709309,2.7750000000000004,2.5,2.5,1.517375594755602,7,7,Reverse,84.9,4.1625000000000005,1
1770714603.0,1770718203.091,3600090.6,57.83440683333333,12.307401333333333,57.834410519049584,12.307397646021322,2.7750000000000004,2.5,2.5,1.6569630142805296,7,7,Reverse,84.6,4.1625000000000005,1
1770714604.0,1770718204.085,3600084.6,57.83440933333333,12.307406166666665,57.83440992619146,12.307401906343992,2.7750000000000004,2.5,2.5,1.5819087160059344,7,7,Reverse,84.8,4.1625000000000005,1
1770714605.0,1770718205.091,3600090.9,57.83440883333333,12.307412500000002,57.83440937976239,12.307407203171998,2.7750000000000004,2.5,2.5,1.5066044343741714,7,7,Reverse,84.8,4.1625000000000005,1
1770714606.0,1770718206.086,3600085.8,57.83439033333334,12.307416333333332,57.83439985654787,12.307411768252665,2.7750000000000004,2.5,2.5,1.8975531132005496,7,7,Reverse,84.6,4.1625000000000005,1
1770714607.0,1770718207.091,3600090.7,57.83438966666666,12.307415833333334,57.834394761607264,12.307413800792999,2.7750000000000004,2.5,2.5,1.9918423003117771,7,7,Reverse,84.4,4.1625000000000005,1
1770714608.0,1770718208.084,3600084.0,57.83439416666667,12.307414833333333,57.83439446413696,12.307414317063166,2.7750000000000004,2.5,2.5,1.8140242951946592,7,7,Reverse,84.5,4.1625000000000005,1
1770714609.0,1770718209.089,3600089.2,57.834399166666664,12.307418333333333,57.83439681540182,12.307416325198249,2.7750000000000004,2.5,2.5,1.6012867357349574,7,7,Reverse,84.6,4.1625000000000005,1
1770714610.0,1770718210.083,3600082.9,57.834393666666664,12.307422,57.83439524103424,12.307419162599125,2.7750000000000004,2.5,2.5,1.5290524675643296,7,7,Reverse,84.3,4.1625000000000005,1
1770714611.0,1770718211.088,3600088.0,57.834391999999994,12.307416833333331,57.83439362051712,12.307417997966228,2.7750000000000004,2.5,2.5,1.4085426385123543,7,7,Reverse,84.2,4.1625000000000005,1
1770714612.0,1770718212.094,3600094.0,57.834394499999995,12.3074195,57.83439406025855,12.307418748983114,2.7750000000000004,2.5,2.5,1.2808731423455988,7,7,Reverse,83.8,4.1625000000000005,1
1770714613.0,1770718213.088,3600088.1,57.834393666666664,12.307420166666668,57.83439386346261,12.307419457824892,2.7750000000000004,2.5,2.5,1.2199150982247846,7,7,Reverse,83.6,4.1625000000000005,1
1770714614.0,1770718214.083,3600082.7,57.834396,12.307421500000002,57.8343949317313,12.307420478912446,2.7750000000000004,2.5,2.5,1.1488316169569341,7,7,Reverse,83.4,4.1625000000000005,1
1770714615.0,1770718215.087,3600086.8,57.83440233333334,12.307414000000001,57.83439863253232,12.307417239456225,2.7750000000000004,2.5,2.5,0.9773955515751016,7,7,Reverse,83.4,4.1625000000000005,1
1770714616.0,1770718216.091,3600090.7,57.83440266666666,12.307409666666668,57.834400649599495,12.307413453061447,2.7750000000000004,2.5,2.5,0.7992590256008965,7,7,Reverse,83.0,4.1625000000000005,1
1770714617.0,1770718217.086,3600085.7,57.83439966666666,12.307412333333332,57.83440015813308,12.30741289319739,2.7750000000000004,2.5,2.5,0.6412876663948146,7,7,Reverse,82.9,4.1625000000000005,1
1770714618.0,1770718218.089,3600089.5,57.83440233333334,12.307411333333334,57.834401245733204,12.30741211326536,2.7750000000000004,2.5,2.5,0.49880978798075887,7,7,Reverse,83.0,4.1625000000000005,1
1770714619.0,1770718219.084,3600083.8,57.83440033333333,12.307406833333335,57.83440078953327,12.307409473299348,2.7750000000000004,2.5,2.5,0.5056469505002672,7,7,Reverse,82.9,4.1625000000000005,1
1770714620.0,1770718220.091,3600090.8,57.83439883333334,12.307398333333333,57.8343998114333,12.307403903316342,2.7750000000000004,2.5,2.5,0.6749485074723816,7,7,Reverse,82.8,4.1625000000000005,1
1770714621.0,1770718221.085,3600084.9,57.83439799999999,12.307395166666668,57.83439890571665,12.307399534991504,2.7750000000000004,2.5,2.5,0.8046601933083579,7,7,Reverse,82.8,4.1625000000000005,1
1770714622.0,1770718222.09,3600089.7,57.83439583333334,12.307387166666668,57.83439736952499,12.307393350829086,2.7750000000000004,2.5,2.5,0.9642386959444076,7,7,Reverse,83.0,4.1625000000000005,1
1770714623.0,1770718223.084,3600083.6,57.834395166666674,12.307384666666668,57.83439626809584,12.307389008747878,2.9749999999999996,2.5,2.5,0.9800393898775184,6,6,Reverse,82.6,4.4624999999999995,1
1770714624.0,1770718224.088,3600088.0,57.83438983333334,12.3073895,57.83439305071459,12.307389254373938,2.9749999999999996,2.5,2.5,0.9353204681651901,6,6,Reverse,82.6,4.4624999999999995,1
1770714625.0,1770718225.083,3600082.5,57.834380833333334,12.307388833333334,57.83438694202396,12.307389043853636,2.9749999999999996,2.5,2.5,1.0819609122209037,6,6,Reverse,82.6,4.4624999999999995,1
1770714626.0,1770718226.087,3600086.9,57.834382000000005,12.307384833333334,57.83438447101198,12.307386938593485,2.9749999999999996,2.5,2.5,1.0337837155108425,6,6,Reverse,82.4,4.4624999999999995,1
1770714627.0,1770718227.083,3600082.6,57.834380333333335,12.307392666666665,57.83438240217266,12.307389802630075,2.9749999999999996,2.5,2.5,1.029630298872132,6,6,Reverse,82.0,4.4624999999999995,1
1770714628.0,1770718228.088,3600087.9,57.834383333333335,12.307394666666669,57.834382867753,12.307392234648372,2.9749999999999996,2.5,2.5,0.9650191986728939,6,6,Reverse,81.9,4.4624999999999995,1
1770714629.0,1770718229.081,3600081.3,57.834388000000004,12.307390666666667,57.8343854338765,12.30739145065752,2.7750000000000004,2.5,2.5,0.7605716698272023,7,7,Reverse,81.5,4.1625000000000005,1
1770714630.0,1770718230.085,3600085.4,57.83438833333333,12.307402166666668,57.834386883604914,12.307396808662094,2.7750000000000004,2.5,2.5,0.7761785223404212,7,7,Reverse,81.5,4.1625000000000005,1
1770714631.0,1770718231.081,3600080.6,57.8343895,12.307399166666668,57.83438819180246,12.30739798766438,2.7750000000000004,2.5,2.5,0.6647634254943521,7,7,Reverse,81.4,4.1625000000000005,1
1770714632.0,1770718232.085,3600084.6,57.83439583333334,12.3073895,57.834392012567896,12.30739374383219,2.7750000000000004,2.5,2.5,0.635527287401534,7,7,Reverse,81.2,4.1625000000000005,1
1770714633.0,1770718233.089,3600089.5,57.83440466666666,12.307386666666666,57.83439833961728,12.307390205249428,2.7750000000000004,2.5,2.5,0.677309111220442,7,7,Reverse,81.1,4.1625000000000005,1
1770714634.0,1770718234.083,3600082.7,57.83440566666666,12.307383333333332,57.83440200314197,12.30738676929138,2.7750000000000004,2.5,2.5,0.6942093517424186,7,7,Reverse,81.3,4.1625000000000005,1
1770714635.0,1770718235.09,3600089.9,57.83440016666667,12.307382333333331,57.83440108490432,12.307384551312357,2.9749999999999996,2.5,2.5,0.6648590128191407,6,6,Reverse,81.4,4.4624999999999995,1
1770714636.0,1770718236.084,3600084.2,57.83440649999999,12.307382333333331,57.83440379245216,12.307383442322843,2.9749999999999996,2.5,2.5,0.5173225916196319,6,6,Reverse,81.3,4.4624999999999995,1
1770714637.0,1770718237.079,3600079.0,57.83440349999999,12.307381333333334,57.83440364622607,12.307382387828088,2.9749999999999996,2.5,2.5,0.49746274705199744,6,6,Reverse,81.2,4.4624999999999995,1
1770714638.0,1770718238.079,3600079.0,57.83441566666667,12.307372500000001,57.834409656446375,12.307377443914046,2.9749999999999996,2.5,2.5,0.5962043353312896,6,6,Reverse,81.0,4.4624999999999995,1
1770714639.0,1770718239.079,3600079.1,57.83442133333333,12.307368,57.83441549488985,12.307372721957023,2.9749999999999996,2.5,2.5,0.7301679617599101,6,6,Reverse,81.0,4.4624999999999995,1
1770714640.0,1770718240.079,3600078.9,57.834416499999996,12.307363166666669,57.83441599744492,12.307367944311846,2.9749999999999996,2.5,2.5,0.7386050276554961,6,6,Reverse,81.1,4.4624999999999995,1
1770714641.0,1770718241.086,3600086.4,57.8344235,12.307356833333332,57.83441974872246,12.307362388822588,2.7750000000000004,2.5,2.5,0.8113193049127474,7,7,Reverse,81.1,4.1625000000000005,1
1770714642.0,1770718242.079,3600079.3,57.834419499999996,12.307355833333334,57.83441962436123,12.307359111077961,2.7750000000000004,2.5,2.5,0.7851840529213323,7,7,Reverse,81.0,4.1625000000000005,1
1770714643.0,1770718243.079,3600079.1,57.83441966666666,12.307346500000001,57.83441964551395,12.307352805538981,2.7750000000000004,2.5,2.5,0.9055435728026161,7,7,Reverse,80.9,4.1625000000000005,1
1770714644.0,1770718244.081,3600081.4,57.834435666666664,12.307341833333332,57.834427656090305,12.307347319436158,2.7750000000000004,2.5,2.5,1.1499233725179305,7,7,Reverse,80.7,4.1625000000000005,1
1770714645.0,1770718245.085,3600085.5,57.834432166666666,12.307336999999999,57.834429911378486,12.307342159718077,2.7750000000000004,2.5,2.5,1.2344358250275493,7,7,Reverse,80.8,4.1625000000000005,1
1770714646.0,1770718246.079,3600079.1,57.834432500000005,12.307337166666665,57.83443120568924,12.307339663192371,2.7750000000000004,2.5,2.5,1.2248949063528884,7,7,Reverse,81.1,4.1625000000000005,1
1770714647.0,1770718247.079,3600078.9,57.834428499999994,12.307340166666666,57.83442985284462,12.30733991492952,2.7750000000000004,2.5,2.5,1.0981347839255209,7,7,Reverse,81.3,4.1625000000000005,1
1770714648.0,1770718248.089,3600089.2,57.83443016666667,12.307346666666668,57.83443000975564,12.307343290798093,2.7750000000000004,2.5,2.5,0.885075879471424,7,7,Reverse,81.3,4.1625000000000005,1
1770714649.0,1770718249.084,3600084.2,57.83442516666667,12.307354333333334,57.834427588211156,12.307348812065714,2.7750000000000004,2.5,2.5,0.9509729666898077,7,7,Reverse,81.2,4.1625000000000005,1
1770714650.0,1770718250.089,3600089.4,57.83442566666666,12.307354166666668,57.83442662743891,12.30735148936619,2.7750000000000004,2.5,2.5,0.9000507949131348,7,7,Reverse,81.0,4.1625000000000005,1
1770714651.0,1770718251.084,3600083.8,57.834425499999995,12.307358500000001,57.834426063719455,12.307354994683097,2.7750000000000004,2.5,2.5,0.8980257839910566,7,7,Reverse,81.0,4.1625000000000005,1
1770714652.0,1770718252.088,3600088.1,57.83442516666667,12.307363333333335,57.83442561519306,12.307359164008215,2.7750000000000004,2.5,2.5,0.9559216586320503,7,7,Reverse,81.0,4.1625000000000005,1
1770714653.0,1770718253.082,3600082.1,57.83442266666666,12.307368666666665,57.83442414092986,12.30736391533744,2.7750000000000004,2.5,2.5,1.0228223452635714,7,7,Reverse,81.0,4.1625000000000005,1
1770714654.0,1770718254.087,3600086.5,57.834425499999995,12.307369166666668,57.834424820464925,12.307366541002054,2.7750000000000004,2.5,2.5,0.9820489787656811,7,7,Reverse,80.9,4.1625000000000005,1
1770714655.0,1770718255.082,3600081.7,57.834426,12.307365333333333,57.83442541023246,12.307365937167694,2.7750000000000004,2.5,2.5,0.8209601156033802,7,7,Reverse,81.1,4.1625000000000005,1
1770714656.0,1770718256.087,3600087.5,57.83442749999999,12.307368833333332,57.83442645511623,12.307367385250513,2.7750000000000004,2.5,2.5,0.8372855246097941,7,7,Reverse,81.2,4.1625000000000005,1
1770714657.0,1770718257.079,3600079.2,57.83444066666666,12.307356666666665,57.83443356089144,12.30736202595859,2.7750000000000004,2.5,2.5,1.0979469544539198,7,7,Reverse,81.1,4.1625000000000005,1
1770714658.0,1770718258.079,3600079.3,57.83444733333334,12.307348999999999,57.83444044711239,12.307355512979294,2.7750000000000004,2.5,2.5,1.379991944001494,7,7,Reverse,81.0,4.1625000000000005,1
1770714659.0,1770718259.091,3600090.8,57.83444133333334,12.307344166666667,57.834440890222865,12.30734983982298,2.7750000000000004,2.5,2.5,1.242687294857711,7,7,Reverse,81.0,4.1625000000000005,1
1770714660.0,1770718260.079,3600078.9,57.834438500000005,12.307349833333335,57.834439695111435,12.307349836578158,2.7750000000000004,2.5,2.5,1.1528116428979371,7,7,Reverse,80.9,4.1625000000000005,1
1770714661.0,1770718261.096,3600095.8,57.83444766666666,12.307336166666667,57.834443680889045,12.307343001622412,2.7750000000000004,2.5,2.5,1.2227630512616208,7,7,Reverse,80.5,4.1625000000000005,1
1770714662.0,1770718262.079,3600078.9,57.83444849999999,12.307320166666667,57.83444609044452,12.30733158414454,2.7750000000000004,2.5,2.5,1.2875351853947357,7,7,Reverse,80.5,4.1625000000000005,1
1770714663.0,1770718263.079,3600079.1,57.834447,12.307312666666666,57.83444654522226,12.307322125405603,2.7750000000000004,2.5,2.5,1.2425351199416421,7,7,Reverse,80.2,4.1625000000000005,1
1770714664.0,1770718264.085,3600084.6,57.83444899999999,12.307310166666666,57.83444777261113,12.307316146036134,2.7750000000000004,2.5,2.5,1.2021957916995565,7,7,Reverse,80.0,4.1625000000000005,1
1770714665.0,1770718265.079,3600078.9,57.83444883333333,12.307306000000002,57.83444830297223,12.307311073018068,2.7750000000000004,2.5,2.5,1.1504062074302417,7,7,Reverse,79.6,4.1625000000000005,1
1770714666.0,1770718266.084,3600084.0,57.83445483333333,12.307297333333334,57.83445156815278,12.3073042031757,2.7750000000000004,2.5,2.5,1.3031211302002035,7,7,Reverse,79.5,4.1625000000000005,1
1770714667.0,1770718267.079,3600079.1,57.834455,12.3072915,57.83445328407639,12.307297851587851,2.7750000000000004,2.5,2.5,1.3539573277954238,7,7,Reverse,79.4,4.1625000000000005,1
1770714668.0,1770718268.079,3600079.0,57.83445166666667,12.307289333333332,57.834452475371535,12.30729359246059,2.7750000000000004,2.5,2.5,1.2163866517732407,7,7,Reverse,79.5,4.1625000000000005,1
1770714669.0,1770718269.079,3600079.0,57.834441,12.307299333333333,57.83444673768577,12.307296462896963,2.7750000000000004,2.5,2.5,1.0952158530741651,7,7,Reverse,79.3,4.1625000000000005,1
1770714670.0,1770718270.091,3600090.8,57.83444933333333,12.307289666666668,57.834448035509546,12.307293064781815,2.7750000000000004,2.5,2.5,1.041702500979505,7,7,Reverse,79.5,4.1625000000000005,1
1770714671.0,1770718271.079,3600079.0,57.83444966666666,12.307291833333332,57.834448851088105,12.307292449057574,3.025,2.5,2.5,0.996057756525201,6,6,Reverse,79.6,4.5375,1
1770714672.0,1770718272.082,3600082.2,57.83444916666667,12.307288000000002,57.834449008877385,12.307290224528787,3.025,2.5,2.5,0.9376273871289601,6,6,Reverse,79.5,4.5375,1
1770714673.0,1770718273.087,3600086.9,57.8344525,12.307291000000001,57.83445075443869,12.307290612264394,3.025,2.5,2.5,0.9742377897342764,6,6,Reverse,79.6,4.5375,1
1770714674.0,1770718274.082,3600081.8,57.83445216666667,12.307280333333331,57.834451460552685,12.307285472798863,3.0,2.5,2.5,0.9677020174739224,6,6,Reverse,79.7,4.5,1
1770714675.0,1770718275.086,3600085.7,57.834445499999994,12.3072995,57.834448480276336,12.307292486399431,3.0,2.5,2.5,0.9973972180959181,6,6,Reverse,79.6,4.5,1
1770714676.0,1770718276.08,3600080.3,57.83444566666667,12.307304666666669,57.8344470734715,12.30729857653305,3.0,2.5,2.5,1.023122101901136,6,6,Reverse,79.8,4.5,1
1770714677.0,1770718277.085,3600085.0,57.834445,12.307309333333334,57.834446036735756,12.307303954933191,3.0,2.5,2.5,1.0168197050766272,6,6,Reverse,80.1,4.5,1
1770714678.0,1770718278.08,3600080.5,57.83444883333333,12.307302333333332,57.83444743503454,12.307303144133263,3.0,2.5,2.5,0.9438685883071829,6,6,Reverse,80.5,4.5,1
1770714679.0,1770718279.086,3600085.5,57.83444733333334,12.307297666666667,57.83444738418394,12.307300405399964,3.0,2.5,2.5,0.8062652708843894,6,6,Reverse,80.9,4.5,1
1770714680.0,1770718280.079,3600079.3,57.83444816666667,12.307287833333332,57.8344477754253,12.307294119366649,3.0,2.5,2.5,0.8767184166976612,6,6,Reverse,81.1,4.5,1
1770714681.0,1770718281.084,3600084.3,57.83444183333333,12.307291166666667,57.83444480437932,12.307292643016657,3.0,2.5,2.5,0.7567381306964472,6,6,Reverse,81.3,4.5,1
1770714682.0,1770718282.089,3600088.7,57.834439,12.307299833333332,57.83444190218966,12.307296238174995,3.0,2.5,2.5,0.6657696413839935,6,6,Reverse,81.5,4.5,1
1770714683.0,1770718283.082,3600082.5,57.83443666666667,12.307297666666667,57.834439284428164,12.307296952420831,3.0,2.5,2.5,0.5319211727059139,6,6,Reverse,81.6,4.5,1
1770714684.0,1770718284.087,3600087.0,57.83443366666667,12.307300833333333,57.83443647554742,12.307298892877082,3.0,2.5,2.5,0.48237702003908883,6,6,Reverse,81.7,4.5,1
1770714685.0,1770718285.081,3600081.3,57.834429,12.307308166666667,57.83443273777371,12.307303529771874,3.0,2.5,2.5,0.5981262410970162,6,6,Reverse,81.9,4.5,1
1770714686.0,1770718286.087,3600087.0,57.83442783333333,12.307310333333332,57.834430285553516,12.307306931552603,3.0,2.5,2.5,0.6110716645596439,6,6,Reverse,82.0,4.5,1
1770714687.0,1770718287.092,3600092.4,57.834429666666665,12.307315999999998,57.834429976110094,12.307311465776301,3.0,2.5,2.5,0.6899653580396011,6,6,Reverse,82.4,4.5,1
1770714688.0,1770718288.087,3600086.8,57.83443183333334,12.307312833333333,57.834430904721714,12.307312149554816,3.0,2.5,2.5,0.6923667439128692,6,6,Reverse,82.8,4.5,1
1770714689.0,1770718289.085,3600084.7,57.834432666666665,12.30731,57.83443178569419,12.307311074777408,3.0,2.5,2.5,0.6368660798580874,6,6,Reverse,82.9,4.5,1
1770714690.0,1770718290.085,3600084.9,57.83443366666667,12.307305333333334,57.83443272618043,12.30730820405537,3.0,2.5,2.5,0.5835010166084369,6,6,Reverse,82.9,4.5,1
1770714691.0,1770718291.079,3600079.3,57.834438166666665,12.307300000000001,57.83443544642355,12.307304102027686,2.7750000000000004,2.5,2.5,0.6403330551907572,7,7,Reverse,83.0,4.1625000000000005,1
1770714692.0,1770718292.083,3600083.4,57.83444216666667,12.307298500000002,57.83443880654511,12.307301301013844,2.7750000000000004,2.5,2.5,0.7474689609585599,7,7,Reverse,83.1,4.1625000000000005,1
1770714693.0,1770718293.09,3600089.9,57.83443933333333,12.307291666666666,57.834439069939215,12.307296483840256,4.475,2.5,2.5,0.6960914242508467,6,6,Reverse,83.1,6.7124999999999995,1
1770714694.0,1770718294.083,3600083.4,57.83444066666666,12.307284166666667,57.83443986830294,12.307290325253462,2.7750000000000004,2.5,2.5,0.7280958759569578,7,7,Reverse,83.0,4.1625000000000005,1
1770714695.0,1770718295.076,3600076.1,57.8344475,12.307277166666665,57.83444368415147,12.307283745960063,2.7750000000000004,2.5,2.5,0.8400634108419447,7,7,Reverse,83.0,4.1625000000000005,1
1770714696.0,1770718296.079,3600079.1,57.83445366666667,12.307269666666665,57.83444867540907,12.307276706313363,2.7750000000000004,2.5,2.5,1.0045541512022462,7,7,Reverse,83.1,4.1625000000000005,1
1770714697.0,1770718297.079,3600079.0,57.834464833333335,12.307256500000001,57.8344567543712,12.307266603156682,2.7750000000000004,2.5,2.5,1.374641368699223,7,7,Reverse,83.5,4.1625000000000005,1
1770714698.0,1770718298.079,3600079.2,57.834464499999996,12.307249000000002,57.8344606271856,12.307257801578343,2.7750000000000004,2.5,2.5,1.6228389745894192,7,7,Reverse,83.8,4.1625000000000005,1
1770714699.0,1770718299.079,3600079.3,57.834467499999995,12.307245333333332,57.8344640635928,12.307251567455838,2.7750000000000004,2.5,2.5,1.7270190758878812,7,7,Reverse,83.9,4.1625000000000005,1
1770714700.0,1770718300.092,3600092.2,57.83446516666666,12.307247166666665,57.834464615129725,12.307249367061251,2.7750000000000004,2.5,2.5,1.603999488716834,7,7,Reverse,84.2,4.1625000000000005,1
1770714701.0,1770718301.079,3600079.2,57.83446066666667,12.307244500000001,57.8344626408982,12.307246933530626,2.7750000000000004,2.5,2.5,1.441724620460784,7,7,Reverse,84.4,4.1625000000000005,1
1770714702.0,1770718302.092,3600091.8,57.83446649999999,12.307244666666667,57.83446457044909,12.307245800098647,2.7750000000000004,2.5,2.5,1.295037802598103,7,7,Reverse,84.5,4.1625000000000005,1
1770714703.0,1770718303.086,3600086.1,57.834466166666665,12.307246999999998,57.83446536855788,12.307246400049323,2.7750000000000004,2.5,2.5,1.1138749032545947,7,7,Reverse,84.4,4.1625000000000005,1
1770714704.0,1770718304.09,3600089.9,57.83445333333334,12.307257666666665,57.834459350945615,12.307252033357994,2.7750000000000004,2.5,2.5,1.1107833462481134,7,7,Reverse,84.2,4.1625000000000005,1
1770714705.0,1770718305.085,3600084.5,57.83445166666667,12.307261500000001,57.834455508806144,12.307256766678996,2.7750000000000004,2.5,2.5,1.1109936967810434,7,7,Reverse,83.8,4.1625000000000005,1
1770714706.0,1770718306.079,3600079.0,57.83445483333333,12.307261500000001,57.834455171069735,12.3072591333395,2.7750000000000004,2.5,2.5,0.9560858476730907,7,7,Reverse,84.2,4.1625000000000005,1
1770714707.0,1770718307.083,3600082.9,57.83445333333334,12.307265500000002,57.83445425220154,12.30726231666975,2.7750000000000004,2.5,2.5,0.8895649831533332,7,7,Reverse,84.3,4.1625000000000005,1
1770714708.0,1770718308.086,3600085.7,57.83445933333334,12.3072645,57.83445679276744,12.307263408334876,2.7750000000000004,2.5,2.5,0.7438217523261956,7,7,Reverse,84.5,4.1625000000000005,1
1770714709.0,1770718309.084,3600083.6,57.83446216666666,12.307270833333332,57.834459479717054,12.307267120834103,2.7750000000000004,2.5,2.5,0.704439904250346,7,7,Reverse,84.6,4.1625000000000005,1
1770714710.0,1770718310.079,3600079.2,57.83446533333334,12.307268833333334,57.8344624065252,12.307267977083718,2.7750000000000004,2.5,2.5,0.5870183372463729,7,7,Reverse,85.1,4.1625000000000005,1
1770714711.0,1770718311.083,3600083.0,57.834471833333325,12.307263833333332,57.83446711992926,12.307265905208526,2.7750000000000004,2.5,2.5,0.6242312327672267,7,7,Reverse,85.4,4.1625000000000005,1
1770714712.0,1770718312.087,3600087.0,57.83447833333333,12.307259500000002,57.8344727266313,12.307262702604264,2.7750000000000004,2.5,2.5,0.7374689862586524,7,7,Reverse,85.8,4.1625000000000005,1
1770714713.0,1770718313.081,3600081.0,57.834486,12.307253500000002,57.834479363315644,12.307258101302132,2.7750000000000004,2.5,2.5,0.9417502029169371,7,7,Reverse,86.0,4.1625000000000005,1
1770714714.0,1770718314.085,3600085.4,57.834487,12.307255833333333,57.83448318165782,12.307256967317732,2.7750000000000004,2.5,2.5,0.9557404764680424,7,7,Reverse,86.2,4.1625000000000005,1
1770714715.0,1770718315.082,3600081.6,57.834495333333344,12.307255333333334,57.834489257495584,12.307256150325534,2.7750000000000004,2.5,2.5,1.0583593525796051,7,7,Reverse,86.6,4.1625000000000005,1
1770714716.0,1770718316.086,3600085.5,57.83449600000001,12.307256833333334,57.834492628747796,12.307256491829433,2.7750000000000004,2.5,2.5,1.0377486011347903,7,7,Reverse,87.0,4.1625000000000005,1
1770714717.0,1770718317.08,3600080.5,57.83449649999999,12.307260833333332,57.8344945643739,12.307258662581383,2.7750000000000004,2.5,2.5,0.9213258736287484,7,7,Reverse,87.4,4.1625000000000005,1
1770714718.0,1770718318.086,3600085.5,57.8345,12.307261666666667,57.834497282186945,12.307260164624026,2.7750000000000004,2.5,2.5,0.8318807857976607,7,7,Reverse,87.7,4.1625000000000005,1
1770714719.0,1770718319.089,3600089.0,57.83450566666667,12.307262333333332,57.83450147442681,12.307261248978678,2.7750000000000004,2.5,2.5,0.7967654868879981,7,7,Reverse,88.1,4.1625000000000005,1
1770714720.0,1770718320.083,3600083.3,57.83451466666667,12.307251,57.83450807054674,12.30725612448934,2.7750000000000004,2.5,2.5,0.9468076023129637,7,7,Reverse,88.6,4.1625000000000005,1
1770714721.0,1770718321.079,3600079.4,57.834518333333335,12.307249333333335,57.83451320194004,12.307252728911337,2.7750000000000004,2.5,2.5,1.0831332576059645,7,7,Reverse,88.7,4.1625000000000005,1
1770714722.0,1770718322.08,3600080.1,57.834519,12.307251333333333,57.83451610097002,12.307252031122335,11.799999999999999,2.5,2.5,1.0407516928348055,5,5,Reverse,88.9,17.7,1
1770714723.0,1770718323.076,3600076.2,57.83451783333333,12.307254499999999,57.83451696715167,12.307253265561167,4.475,2.5,2.5,0.8921627328705648,6,6,Reverse,89.1,6.7124999999999995,1
1770714724.0,1770718324.079,3600079.2,57.83451749999999,12.307256833333334,57.83451723357583,12.307255049447251,4.475,2.5,2.5,0.7844693941212937,6,6,Reverse,89.3,6.7124999999999995,1
1770714725.0,1770718325.079,3600079.0,57.834514999999996,12.307262166666666,57.83451611678792,12.307258608056959,4.475,2.5,2.5,0.6995380723535043,6,6,Reverse,89.5,6.7124999999999995,1
1770714726.0,1770718326.08,3600079.5,57.83452033333333,12.307258166666667,57.83451822506062,12.307258387361813,11.75,2.5,2.5,0.6291019231724614,5,5,Reverse,89.7,17.625,1
1770714727.0,1770718327.07,3600070.1,57.83452049999999,12.3072605,57.83451936253031,12.307259443680906,11.75,2.5,2.5,0.5540629721443887,5,5,Reverse,89.9,17.625,1
1770714728.0,1770718328.079,3600079.2,57.8345245,12.307256833333334,57.83452193126515,12.30725813850712,11.75,2.5,2.5,0.48084005930821455,5,5,Reverse,90.2,17.625,1
1770714729.0,1770718329.085,3600084.9,57.83453433333334,12.307245833333331,57.83452813229925,12.307251985920226,4.475,2.5,2.5,0.5204774093537655,6,6,Reverse,90.5,6.7124999999999995,1
1770714730.0,1770718330.08,3600079.7,57.83454,12.307243999999999,57.83453406614962,12.307247992960113,4.475,2.5,2.5,0.706541248435384,6,6,Reverse,90.8,6.7124999999999995,1
1770714731.0,1770718331.079,3600079.3,57.83454283333334,12.307242666666665,57.83453844974148,12.307245329813389,4.475,2.5,2.5,0.8786583052473795,6,6,Reverse,91.1,6.7124999999999995,1
1770714732.0,1770718332.079,3600079.0,57.83455333333333,12.307232166666665,57.8345458915374,12.307238748240026,4.475,2.5,2.5,1.1431201985587713,6,6,Reverse,91.4,6.7124999999999995,1
1770714733.0,1770718333.082,3600082.2,57.834557833333335,12.307229833333334,57.83455186243537,12.307234290786681,4.475,2.5,2.5,1.3073615779148584,6,6,Reverse,91.8,6.7124999999999995,1
1770714734.0,1770718334.088,3600088.1,57.83454449999999,12.307239833333332,57.834548181217684,12.307237062060006,4.475,2.5,2.5,1.3848238941440019,6,6,Reverse,92.2,6.7124999999999995,1
1770714735.0,1770718335.079,3600078.9,57.83454,12.307239666666666,57.83454409060884,12.307238364363336,2.7750000000000004,2.5,2.5,1.392270140023252,7,7,Reverse,91.7,4.1625000000000005,1
1770714736.0,1770718336.085,3600085.4,57.8345395,12.307242666666665,57.83454179530442,12.307240515515002,4.5,2.5,2.5,1.2694232100138751,6,6,Reverse,91.4,6.75,1
1770714737.0,1770718337.084,3600083.6,57.83454183333333,12.307241166666666,57.834541814318875,12.307240841090833,4.5,2.5,2.5,1.2335607251650476,6,6,Reverse,91.8,6.75,1
1770714738.0,1770718338.091,3600090.7,57.834544333333334,12.307242666666665,57.834543073826104,12.307241753878749,4.5,2.5,2.5,1.2880542274355902,6,6,Reverse,91.9,6.75,1
