timestamp,raw_lat,raw_lon,filt_lat,filt_lon,raw_unc_m,filt_unc_m,altitude_m,alt_unc_m,hdop,speed_kmh,sats_used,sats_in_view,fix_quality,fix_meaning,direction
1770571097.8956685,57.83450950,12.30721717,57.83450725,12.30721550,2.743,3.751,71.10,5.93,1.580,2.06,5,5,1,GPS Fix (SPS),Stopped
1770571098.8860538,57.83450600,12.30723700,57.83450663,12.30722625,2.743,3.149,71.30,5.93,1.580,1.70,5,5,1,GPS Fix (SPS),Forward
1770571099.890774,57.83450517,12.30724500,57.83450590,12.30723563,2.743,2.648,71.60,5.93,1.580,1.41,5,5,1,GPS Fix (SPS),Forward
1770571100.892477,57.83450250,12.30724883,57.83450420,12.30724223,2.743,2.500,71.80,5.93,1.580,0.93,5,5,1,GPS Fix (SPS),Forward
1770571101.890927,57.83450300,12.30724767,57.83450360,12.30724495,2.743,2.500,72.10,5.93,1.580,0.77,5,5,1,GPS Fix (SPS),Stopped
1770571102.9035878,57.83449850,12.30725583,57.83450105,12.30725039,3.610,2.500,72.00,9.34,2.490,0.55,5,5,1,GPS Fix (SPS),Forward
1770571103.8935542,57.83449383,12.30725167,57.83449744,12.30725103,3.610,2.500,72.00,9.34,2.490,0.50,5,5,1,GPS Fix (SPS),Stopped
1770571104.9020057,57.83449100,12.30724850,57.83449422,12.30724976,3.610,2.500,72.00,9.34,2.490,0.74,5,5,1,GPS Fix (SPS),Stopped
1770571105.904409,57.83448717,12.30724467,57.83449069,12.30724722,3.610,2.500,72.10,9.34,2.490,1.06,5,5,1,GPS Fix (SPS),Stopped
1770571106.9034512,57.83448267,12.30726317,57.83448668,12.30725519,3.610,2.500,72.40,9.34,2.490,0.67,5,5,1,GPS Fix (SPS),Forward
1770571107.9054043,57.83446400,12.30726717,57.83447534,12.30726118,3.600,2.500,72.50,9.30,2.480,0.77,5,5,1,GPS Fix (SPS),Forward
1770571108.9087305,57.83445000,12.30727767,57.83446267,12.30726942,2.667,2.500,72.30,5.62,1.500,1.19,6,6,1,GPS Fix (SPS),Forward
1770571109.8991547,57.83442467,12.30729433,57.83444367,12.30728188,2.667,2.500,72.20,5.62,1.500,2.59,6,6,1,GPS Fix (SPS),Forward
1770571110.894299,57.83442333,12.30728767,57.83443350,12.30728477,2.343,2.500,72.10,4.35,1.160,2.16,7,7,1,GPS Fix (SPS),Stopped
1770571111.9013393,57.83441550,12.30727867,57.83442450,12.30728172,2.286,2.500,71.40,4.12,1.100,2.45,8,8,1,GPS Fix (SPS),Stopped
1770571112.9063385,57.83441033,12.30727033,57.83441742,12.30727603,2.286,2.500,70.80,4.12,1.100,2.46,8,8,1,GPS Fix (SPS),Reverse
1770571113.9033751,57.83440167,12.30726950,57.83440954,12.30727276,2.286,2.500,70.00,4.12,1.100,2.44,8,8,1,GPS Fix (SPS),Stopped
1770571114.8902807,57.83438567,12.30727517,57.83439760,12.30727396,2.286,2.500,69.70,4.12,1.100,3.25,8,8,1,GPS Fix (SPS),Stopped
1770571115.9067857,57.83438950,12.30726283,57.83439355,12.30726840,2.286,2.500,69.20,4.12,1.100,2.20,8,8,1,GPS Fix (SPS),Reverse
1770571116.9026778,57.83439183,12.30726233,57.83439269,12.30726537,2.286,2.500,68.80,4.12,1.100,1.27,8,8,1,GPS Fix (SPS),Stopped
1770571117.898579,57.83439883,12.30726083,57.83439576,12.30726310,2.286,2.500,68.40,4.12,1.100,0.50,8,8,1,GPS Fix (SPS),Stopped
1770571118.9047256,57.83439967,12.30726433,57.83439771,12.30726372,2.286,2.500,67.90,4.12,1.100,0.74,8,8,1,GPS Fix (SPS),Stopped
1770571119.8998666,57.83440517,12.30726833,57.83440144,12.30726602,2.286,2.500,67.40,4.12,1.100,1.09,8,8,1,GPS Fix (SPS),Stopped
1770571120.902229,57.83440967,12.30727267,57.83440555,12.30726935,2.305,2.500,67.30,4.20,1.120,1.32,7,7,1,GPS Fix (SPS),Stopped
1770571121.9041188,57.83441417,12.30727917,57.83440986,12.30727426,2.638,2.500,67.10,5.51,1.470,1.73,6,6,1,GPS Fix (SPS),Forward
1770571122.9012868,57.83441583,12.30727083,57.83441285,12.30727254,2.638,2.500,66.90,5.51,1.470,0.48,6,6,1,GPS Fix (SPS),Stopped
1770571123.8997154,57.83442117,12.30727750,57.83441701,12.30727502,2.305,2.500,66.60,4.20,1.120,1.19,7,7,1,GPS Fix (SPS),Stopped
1770571124.9023046,57.83442800,12.30726800,57.83442250,12.30727151,2.305,2.500,66.50,4.20,1.120,1.05,7,7,1,GPS Fix (SPS),Reverse
1770571125.8909917,57.83443733,12.30726700,57.83442992,12.30726926,2.305,2.500,66.10,4.20,1.120,1.62,7,7,1,GPS Fix (SPS),Stopped
1770571126.9059289,57.83445150,12.30726433,57.83444071,12.30726679,2.305,2.500,65.90,4.20,1.120,2.59,7,7,1,GPS Fix (SPS),Stopped
1770571127.8992448,57.83445767,12.30725367,57.83444919,12.30726023,2.305,2.500,65.40,4.20,1.120,2.49,7,7,1,GPS Fix (SPS),Reverse
1770571128.8992758,57.83446333,12.30724867,57.83445626,12.30725445,2.305,2.500,65.00,4.20,1.120,2.38,7,7,1,GPS Fix (SPS),Reverse
1770571129.9030178,57.83447050,12.30724317,57.83446338,12.30724881,2.305,2.500,65.20,4.20,1.120,2.56,7,7,1,GPS Fix (SPS),Reverse
1770571130.8991342,57.83447733,12.30724717,57.83447036,12.30724799,2.305,2.500,65.20,4.20,1.120,2.51,7,7,1,GPS Fix (SPS),Stopped
1770571131.8945112,57.83448300,12.30724933,57.83447668,12.30724866,2.638,2.500,65.60,5.51,1.470,2.39,6,6,1,GPS Fix (SPS),Stopped
1770571132.9004855,57.83448817,12.30725517,57.83448242,12.30725191,2.638,2.500,65.80,5.51,1.470,2.24,7,7,1,GPS Fix (SPS),Stopped
1770571133.8963397,57.83449733,12.30725550,57.83448988,12.30725371,2.638,2.500,66.00,5.51,1.470,2.47,7,7,1,GPS Fix (SPS),Stopped
1770571134.893117,57.83450567,12.30725617,57.83449777,12.30725494,2.638,2.500,66.10,5.51,1.470,2.50,7,7,1,GPS Fix (SPS),Stopped
1770571135.8895528,57.83451233,12.30725583,57.83450505,12.30725539,2.638,2.500,66.30,5.51,1.470,2.37,6,6,1,GPS Fix (SPS),Stopped
1770571136.8910239,57.83452283,12.30725517,57.83451394,12.30725528,2.638,2.500,66.70,5.51,1.470,2.69,6,6,1,GPS Fix (SPS),Stopped
1770571137.890847,57.83452183,12.30725100,57.83451789,12.30725314,2.638,2.500,66.90,5.51,1.470,2.06,6,6,1,GPS Fix (SPS),Stopped
1770571138.891846,57.83451883,12.30724933,57.83451836,12.30725124,2.638,2.500,67.00,5.51,1.470,1.48,6,6,1,GPS Fix (SPS),Stopped
1770571139.8919003,57.83451667,12.30725483,57.83451751,12.30725303,2.638,2.500,67.00,5.51,1.470,1.02,6,6,1,GPS Fix (SPS),Stopped
1770571140.8982878,57.83450800,12.30726167,57.83451276,12.30725735,2.638,2.500,67.20,5.51,1.470,0.34,6,6,1,GPS Fix (SPS),Forward
1770571141.8903754,57.83449483,12.30726933,57.83450380,12.30726334,2.638,2.500,67.40,5.51,1.470,0.86,6,6,1,GPS Fix (SPS),Forward
1770571142.8913233,57.83448300,12.30727467,57.83449340,12.30726900,2.638,2.500,67.80,5.51,1.470,1.41,6,6,1,GPS Fix (SPS),Forward
1770571143.8978014,57.83448350,12.30726800,57.83448845,12.30726850,2.638,2.500,68.10,5.51,1.470,1.05,6,6,1,GPS Fix (SPS),Stopped
1770571144.9060655,57.83447650,12.30726550,57.83448247,12.30726700,2.543,2.500,68.40,5.14,1.370,1.23,7,7,1,GPS Fix (SPS),Stopped
1770571145.8990927,57.83448167,12.30726933,57.83448207,12.30726817,2.543,2.500,68.80,5.14,1.370,0.15,7,7,1,GPS Fix (SPS),Stopped
1770571146.8911278,57.83448083,12.30726950,57.83448145,12.30726883,2.543,2.500,69.00,5.14,1.370,0.26,7,7,1,GPS Fix (SPS),Stopped
1770571147.8992367,57.83448383,12.30726900,57.83448264,12.30726892,2.543,2.500,69.00,5.14,1.370,0.67,7,7,1,GPS Fix (SPS),Stopped
1770571148.8993034,57.83449600,12.30726767,57.83448932,12.30726829,2.543,2.500,69.20,5.14,1.370,1.65,7,7,1,GPS Fix (SPS),Stopped
1770571149.8824923,57.83449200,12.30727800,57.83449066,12.30727315,2.543,2.500,69.20,5.14,1.370,1.35,7,7,1,GPS Fix (SPS),Forward
1770571150.8992064,57.83448967,12.30728167,57.83449016,12.30727741,2.543,2.500,69.50,5.14,1.370,0.99,7,7,1,GPS Fix (SPS),Forward
1770571151.8954158,57.83449017,12.30727867,57.83449017,12.30727804,2.543,2.500,69.70,5.14,1.370,0.72,7,7,1,GPS Fix (SPS),Stopped
1770571152.8904083,57.83448283,12.30727783,57.83448650,12.30727793,2.543,2.500,69.80,5.14,1.370,0.19,7,7,1,GPS Fix (SPS),Stopped
1770571153.8914273,57.83447583,12.30727517,57.83448117,12.30727655,2.543,2.500,69.70,5.14,1.370,0.81,7,7,1,GPS Fix (SPS),Stopped
1770571154.894246,57.83447050,12.30726900,57.83447583,12.30727278,2.543,2.500,69.50,5.14,1.370,1.30,7,7,1,GPS Fix (SPS),Reverse
1770571155.900307,57.83446783,12.30726367,57.83447183,12.30726822,2.543,2.500,69.30,5.14,1.370,1.30,7,7,1,GPS Fix (SPS),Reverse
1770571156.895527,57.83446517,12.30727617,57.83446850,12.30727219,2.543,2.500,69.00,5.14,1.370,1.05,7,7,1,GPS Fix (SPS),Forward
1770571157.8918278,57.83446367,12.30728350,57.83446608,12.30727785,2.543,2.500,69.00,5.14,1.370,1.37,7,7,1,GPS Fix (SPS),Forward
1770571158.8974204,57.83445500,12.30728383,57.83446054,12.30728084,2.543,2.500,68.90,5.14,1.370,1.57,7,7,1,GPS Fix (SPS),Stopped
1770571159.8934216,57.83445433,12.30728433,57.83445744,12.30728259,2.543,2.500,68.90,5.14,1.370,1.44,7,7,1,GPS Fix (SPS),Stopped
1770571160.8995986,57.83445283,12.30729033,57.83445514,12.30728646,2.543,2.500,68.70,5.14,1.370,1.31,7,7,1,GPS Fix (SPS),Forward
1770571161.8970945,57.83444200,12.30728967,57.83444857,12.30728806,2.543,2.500,68.50,5.14,1.370,1.89,7,7,1,GPS Fix (SPS),Stopped
1770571162.8956277,57.83443683,12.30728967,57.83444270,12.30728887,2.543,2.500,68.40,5.14,1.370,1.77,7,7,1,GPS Fix (SPS),Stopped
1770571163.8992548,57.83444733,12.30728250,57.83444502,12.30728568,2.543,2.500,68.50,5.14,1.370,0.57,7,7,1,GPS Fix (SPS),Stopped
1770571164.896432,57.83445533,12.30727767,57.83445018,12.30728167,2.543,2.500,68.20,5.14,1.370,0.90,7,7,1,GPS Fix (SPS),Reverse
1770571165.900226,57.83446700,12.30727350,57.83445859,12.30727759,2.543,2.500,68.40,5.14,1.370,1.61,7,7,1,GPS Fix (SPS),Reverse
1770571166.8957493,57.83447817,12.30727250,57.83446838,12.30727504,2.543,2.500,68.50,5.14,1.370,2.47,7,7,1,GPS Fix (SPS),Stopped
1770571167.8958979,57.83449117,12.30727583,57.83447977,12.30727544,2.543,2.500,68.80,5.14,1.370,3.28,7,7,1,GPS Fix (SPS),Stopped
1770571168.890891,57.83449567,12.30727333,57.83448772,12.30727439,2.543,2.500,68.90,5.14,1.370,3.17,7,7,1,GPS Fix (SPS),Stopped
1770571169.892313,57.83450333,12.30727867,57.83449553,12.30727653,2.543,2.500,69.30,5.14,1.370,3.27,7,7,1,GPS Fix (SPS),Stopped
1770571170.905563,57.83450317,12.30728017,57.83449935,12.30727835,2.543,2.500,69.60,5.14,1.370,2.53,7,7,1,GPS Fix (SPS),Stopped
1770571171.8962307,57.83451400,12.30727533,57.83450667,12.30727684,2.543,2.500,69.90,5.14,1.370,3.00,7,7,1,GPS Fix (SPS),Stopped
1770571172.9033682,57.83451867,12.30728017,57.83451267,12.30727850,2.543,2.500,69.80,5.14,1.370,2.88,7,7,1,GPS Fix (SPS),Stopped
1770571173.8977907,57.83451950,12.30728483,57.83451608,12.30728167,2.543,2.500,70.10,5.14,1.370,2.47,7,7,1,GPS Fix (SPS),Stopped
1770571174.890033,57.83451650,12.30729033,57.83451629,12.30728600,2.543,2.500,70.40,5.14,1.370,1.84,7,7,1,GPS Fix (SPS),Forward
1770571175.8922226,57.83451800,12.30728850,57.83451715,12.30728725,2.543,2.500,70.80,5.14,1.370,1.82,7,7,1,GPS Fix (SPS),Stopped
1770571176.8976774,57.83451067,12.30729617,57.83451391,12.30729171,2.543,2.500,71.10,5.14,1.370,0.89,7,7,1,GPS Fix (SPS),Forward
1770571177.9036288,57.83449550,12.30730133,57.83450470,12.30729652,2.543,2.500,71.40,5.14,1.370,0.60,7,7,1,GPS Fix (SPS),Forward
1770571178.9025671,57.83448733,12.30730717,57.83449602,12.30730184,2.276,2.500,71.70,4.09,1.090,1.16,8,8,1,GPS Fix (SPS),Forward
1770571179.9051795,57.83448833,12.30730717,57.83449218,12.30730451,2.276,2.500,72.20,4.09,1.090,0.61,8,8,1,GPS Fix (SPS),Stopped
1770571180.907117,57.83448850,12.30731467,57.83449034,12.30730959,2.276,2.500,72.50,4.09,1.090,1.07,8,8,1,GPS Fix (SPS),Forward
1770571181.8992548,57.83448667,12.30731700,57.83448850,12.30731329,2.276,2.500,72.60,4.09,1.090,1.15,8,8,1,GPS Fix (SPS),Forward
1770571182.8915536,57.83448333,12.30731150,57.83448592,12.30731240,2.276,2.500,72.80,4.09,1.090,0.66,8,8,1,GPS Fix (SPS),Stopped
1770571183.8993108,57.83448333,12.30730900,57.83448463,12.30731070,2.276,2.500,73.00,4.09,1.090,0.44,8,8,1,GPS Fix (SPS),Stopped
1770571184.8916411,57.83448617,12.30730517,57.83448540,12.30730793,2.276,2.500,73.30,4.09,1.090,0.76,8,8,1,GPS Fix (SPS),Stopped
1770571185.9027498,57.83448717,12.30730450,57.83448628,12.30730622,2.276,2.500,73.50,4.09,1.090,0.59,8,8,1,GPS Fix (SPS),Stopped
1770571186.9010766,57.83448783,12.30730617,57.83448706,12.30730619,2.324,2.500,73.70,4.28,1.140,0.56,7,7,1,GPS Fix (SPS),Stopped
1770571187.8952663,57.83449083,12.30730083,57.83448895,12.30730351,2.324,2.500,73.60,4.28,1.140,0.61,7,7,1,GPS Fix (SPS),Stopped
1770571188.8993533,57.83448867,12.30730833,57.83448881,12.30730592,2.324,2.500,73.60,4.28,1.140,0.49,7,7,1,GPS Fix (SPS),Stopped
1770571189.9011438,57.83448433,12.30731250,57.83448657,12.30730921,2.324,2.500,74.00,4.28,1.140,0.49,7,7,1,GPS Fix (SPS),Stopped
1770571190.8912923,57.83448250,12.30730983,57.83448453,12.30730952,2.324,2.500,74.50,4.28,1.140,0.47,7,7,1,GPS Fix (SPS),Stopped
1770571191.901361,57.83447800,12.30730933,57.83448127,12.30730943,2.324,2.500,74.60,4.28,1.140,0.58,7,7,1,GPS Fix (SPS),Stopped
1770571192.8938687,57.83447567,12.30731983,57.83447847,12.30731463,2.324,2.500,75.00,4.28,1.140,1.00,7,7,1,GPS Fix (SPS),Forward
1770571193.8994238,57.83447967,12.30731683,57.83447907,12.30731573,2.324,2.500,75.30,4.28,1.140,0.34,7,7,1,GPS Fix (SPS),Stopped
1770571194.8994448,57.83447983,12.30732167,57.83447945,12.30731870,2.324,2.500,75.00,4.28,1.140,0.66,7,7,1,GPS Fix (SPS),Stopped
1770571195.8918843,57.83448400,12.30732883,57.83448173,12.30732377,2.324,2.500,75.40,4.28,1.140,1.37,7,7,1,GPS Fix (SPS),Forward
1770571196.899112,57.83448767,12.30733067,57.83448470,12.30732722,2.324,2.500,75.50,4.28,1.140,1.39,7,7,1,GPS Fix (SPS),Forward
1770571197.8974826,57.83448700,12.30733783,57.83448585,12.30733252,2.324,2.500,75.50,4.28,1.140,1.21,7,7,1,GPS Fix (SPS),Forward
1770571198.8992643,57.83449200,12.30733783,57.83448892,12.30733518,2.324,2.500,75.70,4.28,1.140,1.30,7,7,1,GPS Fix (SPS),Stopped
1770571199.891498,57.83449300,12.30734133,57.83449096,12.30733826,2.324,2.500,75.70,4.28,1.140,1.28,7,7,1,GPS Fix (SPS),Stopped
1770571200.9070673,57.83448650,12.30734633,57.83448873,12.30734229,2.324,2.500,75.70,4.28,1.140,1.11,7,7,1,GPS Fix (SPS),Forward
1770571201.8993833,57.83448033,12.30732667,57.83448453,12.30733448,2.324,2.500,75.70,4.28,1.140,0.47,7,7,1,GPS Fix (SPS),Reverse
1770571202.8968928,57.83447000,12.30731800,57.83447727,12.30732624,2.276,2.500,75.30,4.09,1.090,1.01,8,8,1,GPS Fix (SPS),Reverse
1770571203.9053712,57.83446483,12.30731367,57.83447105,12.30731995,2.276,2.500,74.80,4.09,1.090,1.04,8,8,1,GPS Fix (SPS),Reverse
1770571204.8978636,57.83445733,12.30730200,57.83446419,12.30731098,2.276,2.500,74.30,4.09,1.090,1.13,8,8,1,GPS Fix (SPS),Reverse
1770571205.9045002,57.83445150,12.30729500,57.83445785,12.30730299,2.276,2.500,73.90,4.09,1.090,1.10,8,8,1,GPS Fix (SPS),Reverse
1770571206.8994265,57.83444333,12.30727850,57.83445059,12.30729074,2.276,2.500,73.50,4.09,1.090,1.62,8,8,1,GPS Fix (SPS),Reverse
1770571207.897115,57.83443400,12.30727350,57.83444229,12.30728212,2.276,2.500,73.10,4.09,1.090,1.67,8,8,1,GPS Fix (SPS),Reverse
1770571208.893352,57.83442017,12.30725917,57.83443123,12.30727064,2.276,2.500,72.70,4.09,1.090,2.55,8,8,1,GPS Fix (SPS),Reverse
1770571209.8992908,57.83441117,12.30723900,57.83442120,12.30725482,2.333,2.500,72.30,4.31,1.150,2.71,7,7,1,GPS Fix (SPS),Reverse
1770571210.8898497,57.83440367,12.30722850,57.83441243,12.30724166,2.333,2.500,71.70,4.31,1.150,2.48,7,7,1,GPS Fix (SPS),Reverse
1770571211.8993428,57.83439450,12.30722400,57.83440347,12.30723283,2.333,2.500,71.50,4.31,1.150,2.22,7,7,1,GPS Fix (SPS),Reverse
1770571212.8908489,57.83438417,12.30723217,57.83439382,12.30723250,2.333,2.500,71.20,4.31,1.150,1.90,7,7,1,GPS Fix (SPS),Stopped
1770571213.8899746,57.83437550,12.30723850,57.83438466,12.30723550,2.276,2.500,71.30,4.09,1.090,1.97,8,8,1,GPS Fix (SPS),Stopped
1770571214.9013715,57.83437450,12.30723567,57.83437958,12.30723558,2.276,2.500,71.50,4.09,1.090,1.13,8,8,1,GPS Fix (SPS),Stopped
1770571215.891712,57.83437567,12.30724183,57.83437762,12.30723871,2.276,2.500,71.10,4.09,1.090,0.74,8,8,1,GPS Fix (SPS),Stopped
1770571216.9022028,57.83437983,12.30724750,57.83437873,12.30724310,2.324,2.500,71.40,4.28,1.140,0.22,7,7,1,GPS Fix (SPS),Forward
1770571217.8982806,57.83438633,12.30724833,57.83438253,12.30724572,2.324,2.500,71.50,4.28,1.140,0.44,7,7,1,GPS Fix (SPS),Stopped
1770571218.9040399,57.83438850,12.30725333,57.83438552,12.30724953,2.324,2.500,71.70,4.28,1.140,0.45,7,7,1,GPS Fix (SPS),Forward
1770571219.9025714,57.83439033,12.30724917,57.83438792,12.30724935,2.324,2.500,72.00,4.28,1.140,0.66,7,7,1,GPS Fix (SPS),Stopped
1770571220.897827,57.83439550,12.30726667,57.83439171,12.30725801,2.324,2.500,72.10,4.28,1.140,1.60,7,7,1,GPS Fix (SPS),Forward
1770571221.891275,57.83439817,12.30726367,57.83439494,12.30726084,2.324,2.500,72.40,4.28,1.140,0.74,7,7,1,GPS Fix (SPS),Stopped
1770571222.9030178,57.83440317,12.30725917,57.83439905,12.30726000,2.971,2.500,72.60,6.83,1.820,1.00,6,6,1,GPS Fix (SPS),Stopped
1770571223.895565,57.83440867,12.30726967,57.83440386,12.30726483,2.971,2.500,72.70,6.83,1.820,1.44,6,6,1,GPS Fix (SPS),Forward
1770571224.9005535,57.83440300,12.30726983,57.83440343,12.30726733,2.781,2.500,73.00,6.08,1.620,0.46,7,7,1,GPS Fix (SPS),Stopped
1770571225.8917696,57.83439750,12.30727900,57.83440046,12.30727317,2.971,2.500,73.30,6.83,1.820,0.11,6,6,1,GPS Fix (SPS),Forward
1770571226.8948987,57.83439550,12.30728533,57.83439798,12.30727925,2.971,2.500,73.70,6.83,1.820,0.27,6,6,1,GPS Fix (SPS),Forward
1770571227.890545,57.83438817,12.30729283,57.83439307,12.30728604,2.781,2.500,74.10,6.08,1.620,0.81,7,7,1,GPS Fix (SPS),Forward
1770571228.8958116,57.83438183,12.30729883,57.83438745,12.30729244,2.971,2.500,74.30,6.83,1.820,1.09,6,6,1,GPS Fix (SPS),Forward
1770571229.891707,57.83437533,12.30729567,57.83438139,12.30729405,5.152,2.500,74.60,15.41,4.110,1.31,5,5,1,GPS Fix (SPS),Stopped
1770571230.8984103,57.83437000,12.30730533,57.83437570,12.30729969,2.971,2.500,74.80,6.83,1.820,1.37,6,6,1,GPS Fix (SPS),Forward
1770571231.894148,57.83436117,12.30730300,57.83436843,12.30730135,2.971,2.500,75.10,6.83,1.820,1.81,6,6,1,GPS Fix (SPS),Stopped
1770571232.900567,57.83434983,12.30731800,57.83435913,12.30730967,2.781,2.500,75.10,6.08,1.620,2.35,7,7,1,GPS Fix (SPS),Forward
1770571233.8981123,57.83433817,12.30733150,57.83434865,12.30732059,2.781,2.500,75.30,6.08,1.620,2.87,7,7,1,GPS Fix (SPS),Forward
1770571234.891238,57.83432533,12.30733317,57.83433699,12.30732688,2.781,2.500,75.50,6.08,1.620,3.25,7,7,1,GPS Fix (SPS),Forward
1770571235.8950057,57.83430917,12.30733633,57.83432308,12.30733160,3.371,2.500,75.40,8.40,2.240,3.84,6,6,1,GPS Fix (SPS),Forward
1770571236.8920302,57.83430017,12.30733933,57.83431162,12.30733547,3.371,2.500,75.30,8.40,2.240,3.75,6,6,1,GPS Fix (SPS),Forward
1770571237.8990698,57.83429767,12.30733283,57.83430464,12.30733415,3.371,2.500,75.40,8.40,2.240,3.20,6,6,1,GPS Fix (SPS),Stopped
1770571238.890107,57.83429433,12.30732917,57.83429949,12.30733166,2.781,2.500,75.70,6.08,1.620,2.88,7,7,1,GPS Fix (SPS),Stopped
1770571239.9034815,57.83429100,12.30733483,57.83429524,12.30733325,2.781,2.500,76.00,6.08,1.620,2.44,7,7,1,GPS Fix (SPS),Stopped
1770571240.8991506,57.83428883,12.30734250,57.83429204,12.30733787,2.781,2.500,76.20,6.08,1.620,1.96,7,7,1,GPS Fix (SPS),Forward
1770571241.8955674,57.83428767,12.30734683,57.83428985,12.30734235,2.781,2.500,76.30,6.08,1.620,1.50,7,7,1,GPS Fix (SPS),Forward
1770571242.8901575,57.83428333,12.30734517,57.83428659,12.30734376,2.781,2.500,76.40,6.08,1.620,1.37,7,7,1,GPS Fix (SPS),Stopped
1770571243.896353,57.83427500,12.30734017,57.83428080,12.30734196,2.781,2.500,76.30,6.08,1.620,1.56,7,7,1,GPS Fix (SPS),Stopped
1770571244.89229,57.83426400,12.30732683,57.83427240,12.30733440,2.781,2.500,75.90,6.08,1.620,2.32,7,7,1,GPS Fix (SPS),Reverse
1770571245.8977566,57.83425500,12.30732683,57.83426370,12.30733062,2.781,2.500,75.50,6.08,1.620,2.37,7,7,1,GPS Fix (SPS),Reverse
1770571246.8972251,57.83423817,12.30732733,57.83425093,12.30732897,3.371,2.500,75.40,8.40,2.240,3.17,6,6,1,GPS Fix (SPS),Stopped
1770571247.8910892,57.83423233,12.30732283,57.83424163,12.30732590,3.371,2.500,75.30,8.40,2.240,3.05,6,6,1,GPS Fix (SPS),Stopped
1770571248.897535,57.83423433,12.30733233,57.83423798,12.30732912,3.371,2.500,75.30,8.40,2.240,2.03,6,6,1,GPS Fix (SPS),Stopped
1770571249.8904316,57.83423183,12.30733533,57.83423491,12.30733223,3.371,2.500,75.20,8.40,2.240,1.96,6,6,1,GPS Fix (SPS),Stopped
1770571250.8838875,57.83423117,12.30733633,57.83423304,12.30733428,3.371,2.500,75.30,8.40,2.240,1.85,6,6,1,GPS Fix (SPS),Stopped
1770571251.8911676,57.83423617,12.30733900,57.83423460,12.30733664,3.371,2.500,75.40,8.40,2.240,1.20,6,6,1,GPS Fix (SPS),Stopped
1770571252.8991263,57.83423550,12.30733617,57.83423505,12.30733640,3.371,2.500,75.40,8.40,2.240,1.39,6,6,1,GPS Fix (SPS),Stopped
1770571253.8976524,57.83424267,12.30729817,57.83423886,12.30731728,3.362,2.500,75.60,8.36,2.230,1.21,6,6,1,GPS Fix (SPS),Reverse
1770571254.9037347,57.83425150,12.30728533,57.83424518,12.30730131,2.781,2.500,74.40,6.08,1.620,0.29,7,7,1,GPS Fix (SPS),Reverse
1770571255.8825989,57.83426133,12.30727767,57.83425326,12.30728949,2.781,2.500,73.30,6.08,1.620,0.82,7,7,1,GPS Fix (SPS),Reverse
1770571256.8915033,57.83427017,12.30727300,57.83426171,12.30728124,3.438,2.500,73.30,8.66,2.310,1.03,5,5,1,GPS Fix (SPS),Reverse
1770571257.8917184,57.83426917,12.30727250,57.83426544,12.30727687,3.438,2.500,73.20,8.66,2.310,0.55,5,5,1,GPS Fix (SPS),Reverse
1770571258.8961334,57.83427083,12.30726883,57.83426814,12.30727285,3.438,2.500,73.10,8.66,2.310,0.64,5,5,1,GPS Fix (SPS),Reverse
1770571259.8934424,57.83427700,12.30726967,57.83427257,12.30727126,3.438,2.500,73.10,8.66,2.310,0.71,5,5,1,GPS Fix (SPS),Stopped
1770571260.8989682,57.83429117,12.30726100,57.83428187,12.30726613,3.438,2.500,73.00,8.66,2.310,1.65,5,5,1,GPS Fix (SPS),Reverse
1770571261.8948112,57.83428783,12.30727750,57.83428485,12.30727181,3.438,2.500,72.80,8.66,2.310,0.48,5,5,1,GPS Fix (SPS),Forward
1770571262.8905585,57.83428367,12.30728800,57.83428426,12.30727991,2.829,2.500,72.80,6.26,1.670,0.18,6,6,1,GPS Fix (SPS),Forward
1770571263.8974795,57.83429683,12.30729600,57.83429055,12.30728795,2.829,2.500,72.80,6.26,1.670,0.58,6,6,1,GPS Fix (SPS),Forward
1770571264.902731,57.83429567,12.30730083,57.83429311,12.30729439,2.781,2.500,72.70,6.08,1.620,0.34,7,7,1,GPS Fix (SPS),Forward
1770571265.8976676,57.83429733,12.30730367,57.83429522,12.30729903,2.781,2.500,72.70,6.08,1.620,0.51,7,7,1,GPS Fix (SPS),Forward
1770571266.8961298,57.83429700,12.30731083,57.83429611,12.30730493,2.781,2.500,72.70,6.08,1.620,0.89,7,7,1,GPS Fix (SPS),Forward
1770571267.9018679,57.83428950,12.30732000,57.83429280,12.30731247,2.981,2.500,72.70,6.86,1.830,1.75,6,6,1,GPS Fix (SPS),Forward
1770571268.8906868,57.83428917,12.30732183,57.83429099,12.30731715,2.981,2.500,72.80,6.86,1.830,1.75,6,6,1,GPS Fix (SPS),Forward
1770571269.8938813,57.83428767,12.30733050,57.83428933,12.30732382,2.981,2.500,72.90,6.86,1.830,1.84,6,6,1,GPS Fix (SPS),Forward
1770571270.8983717,57.83429367,12.30732467,57.83429150,12.30732425,3.029,2.500,73.00,7.05,1.880,1.10,5,5,1,GPS Fix (SPS),Stopped
1770571271.8941514,57.83430017,12.30733017,57.83429583,12.30732721,3.029,2.500,73.20,7.05,1.880,0.70,5,5,1,GPS Fix (SPS),Stopped
1770571272.89333,57.83431583,12.30733033,57.83430583,12.30732877,3.029,2.500,73.30,7.05,1.880,0.46,5,5,1,GPS Fix (SPS),Stopped
1770571273.896286,57.83434267,12.30734367,57.83432425,12.30733622,2.762,2.500,74.50,6.00,1.600,1.52,5,5,1,GPS Fix (SPS),Forward
1770571274.8943348,57.83435383,12.30734983,57.83433904,12.30734303,2.762,2.500,75.50,6.00,1.600,1.57,5,5,1,GPS Fix (SPS),Forward
1770571275.899954,57.83436817,12.30735867,57.83435360,12.30735085,2.762,2.500,76.00,6.00,1.600,1.82,5,5,1,GPS Fix (SPS),Forward
1770571276.8907666,57.83437383,12.30737433,57.83436372,12.30736259,2.762,2.500,76.80,6.00,1.600,1.73,5,5,1,GPS Fix (SPS),Forward
1770571277.8917415,57.83438417,12.30737167,57.83437394,12.30736713,2.762,2.500,77.70,6.00,1.600,1.16,5,5,1,GPS Fix (SPS),Forward
1770571278.8915205,57.83439700,12.30737017,57.83438547,12.30736865,2.762,2.500,78.10,6.00,1.600,1.52,5,5,1,GPS Fix (SPS),Stopped
1770571279.899214,57.83440017,12.30737350,57.83439282,12.30737107,2.762,2.500,78.70,6.00,1.600,1.07,5,5,1,GPS Fix (SPS),Stopped
1770571280.8920493,57.83440533,12.30737200,57.83439908,12.30737154,2.762,2.500,79.30,6.00,1.600,1.13,5,5,1,GPS Fix (SPS),Stopped
1770571281.8922863,57.83441033,12.30737800,57.83440470,12.30737477,2.762,2.500,79.60,6.00,1.600,1.26,5,5,1,GPS Fix (SPS),Stopped
1770571282.890412,57.83443383,12.30737800,57.83441927,12.30737638,2.762,2.500,80.20,6.00,1.600,3.56,5,5,1,GPS Fix (SPS),Stopped
1770571283.896389,57.83444150,12.30737417,57.83443038,12.30737528,2.762,2.500,81.00,6.00,1.600,3.12,5,5,1,GPS Fix (SPS),Stopped
1770571284.8910422,57.83443900,12.30737750,57.83443469,12.30737639,2.762,2.500,81.70,6.00,1.600,1.71,5,5,1,GPS Fix (SPS),Stopped
1770571285.8903034,57.83444150,12.30737850,57.83443810,12.30737744,3.619,2.500,81.90,9.38,2.500,1.24,4,4,1,GPS Fix (SPS),Stopped
1770571286.8921416,57.83444883,12.30737400,57.83444346,12.30737572,3.619,2.500,82.30,9.38,2.500,1.53,4,4,1,GPS Fix (SPS),Stopped
1770571287.8925297,57.83444333,12.30736467,57.83444340,12.30737019,3.238,2.500,82.80,7.88,2.100,0.86,5,5,1,GPS Fix (SPS),Reverse
1770571288.8876288,57.83444083,12.30739133,57.83444212,12.30738076,3.619,2.500,83.10,9.38,2.500,0.78,4,4,1,GPS Fix (SPS),Forward
1770571289.8911026,57.83443000,12.30742200,57.83443606,12.30740138,2.752,2.500,83.90,5.96,1.590,2.05,5,5,1,GPS Fix (SPS),Forward
1770571290.882888,57.83443817,12.30743800,57.83443711,12.30741969,2.752,2.500,84.30,5.96,1.590,2.14,5,5,1,GPS Fix (SPS),Forward
1770571291.8902473,57.83442650,12.30746150,57.83443181,12.30744060,2.752,2.500,84.60,5.96,1.590,2.14,5,5,1,GPS Fix (SPS),Forward
1770571292.9021301,57.83440983,12.30747550,57.83442082,12.30745805,2.657,2.500,85.00,5.59,1.490,2.83,7,7,1,GPS Fix (SPS),Forward
1770571293.9013793,57.83440167,12.30746500,57.83441124,12.30746152,2.543,2.500,84.70,5.14,1.370,1.99,7,7,1,GPS Fix (SPS),Forward
1770571294.891042,57.83439317,12.30746083,57.83440220,12.30746118,2.543,2.500,84.30,5.14,1.370,1.67,7,7,1,GPS Fix (SPS),Stopped
1770571295.8892436,57.83438633,12.30745133,57.83439427,12.30745626,2.543,2.500,83.90,5.14,1.370,1.11,7,7,1,GPS Fix (SPS),Reverse
1770571296.8961856,57.83438967,12.30745483,57.83439197,12.30745554,3.324,2.500,83.50,8.21,2.190,0.84,6,6,1,GPS Fix (SPS),Stopped
1770571297.8913338,57.83440033,12.30745583,57.83439615,12.30745569,4.800,2.500,83.90,14.03,3.740,0.40,5,5,1,GPS Fix (SPS),Stopped
1770571298.8991535,57.83441000,12.30745433,57.83440308,12.30745501,4.800,2.500,84.10,14.03,3.740,0.71,5,5,1,GPS Fix (SPS),Stopped
1770571299.8953843,57.83437867,12.30746667,57.83439087,12.30746084,4.800,2.500,84.20,14.03,3.740,0.69,5,5,1,GPS Fix (SPS),Forward
1770571300.9003673,57.83438750,12.30746767,57.83438919,12.30746425,3.029,2.500,85.10,7.05,1.880,0.64,5,5,1,GPS Fix (SPS),Forward
1770571301.8967204,57.83440500,12.30746017,57.83439709,12.30746221,2.771,2.500,85.70,6.04,1.610,1.39,7,7,1,GPS Fix (SPS),Stopped
1770571302.892566,57.83441283,12.30745817,57.83440496,12.30746019,3.324,2.500,85.50,8.21,2.190,1.45,6,6,1,GPS Fix (SPS),Stopped
1770571303.8888772,57.83442167,12.30745183,57.83441331,12.30745601,3.495,2.500,85.80,8.89,2.370,1.49,5,5,1,GPS Fix (SPS),Reverse
1770571304.8947353,57.83442450,12.30745600,57.83441891,12.30745601,3.495,2.500,86.00,8.89,2.370,1.27,5,5,1,GPS Fix (SPS),Stopped
1770571305.8911564,57.83441467,12.30745967,57.83441679,12.30745784,3.495,2.500,86.40,8.89,2.370,0.40,5,5,1,GPS Fix (SPS),Stopped
1770571306.887721,57.83440583,12.30746433,57.83441131,12.30746108,3.495,2.500,86.60,8.89,2.370,0.44,5,5,1,GPS Fix (SPS),Stopped
1770571307.903979,57.83434300,12.30748783,57.83437716,12.30747446,3.495,2.500,86.80,8.89,2.370,3.60,5,5,1,GPS Fix (SPS),Forward
1770571308.9104767,57.83432233,12.30749600,57.83434974,12.30748523,2.667,2.500,86.80,5.62,1.500,4.37,6,6,1,GPS Fix (SPS),Forward
1770571309.9065516,57.83431267,12.30750183,57.83433121,12.30749353,2.667,2.500,87.20,5.62,1.500,3.71,6,6,1,GPS Fix (SPS),Forward
1770571310.901696,57.83428500,12.30752033,57.83430810,12.30750693,2.333,2.500,88.10,4.31,1.150,4.52,7,7,1,GPS Fix (SPS),Forward
1770571311.9005518,57.83426883,12.30752717,57.83428847,12.30751705,2.333,2.500,88.90,4.31,1.150,4.44,7,7,1,GPS Fix (SPS),Forward
1770571312.8961818,57.83427050,12.30752717,57.83427948,12.30752211,2.333,2.500,89.40,4.31,1.150,3.23,7,7,1,GPS Fix (SPS),Forward
1770571313.8917603,57.83427033,12.30752917,57.83427491,12.30752564,2.333,2.500,89.90,4.31,1.150,2.51,7,7,1,GPS Fix (SPS),Forward
1770571314.8972526,57.83427200,12.30754350,57.83427345,12.30753457,2.333,2.500,90.40,4.31,1.150,1.14,7,7,1,GPS Fix (SPS),Forward
1770571315.893638,57.83427800,12.30754617,57.83427573,12.30754037,2.276,2.500,92.30,4.09,1.090,0.71,8,8,1,GPS Fix (SPS),Forward
1770571316.899323,57.83427983,12.30755567,57.83427778,12.30754802,2.333,2.500,93.10,4.31,1.150,0.95,7,7,1,GPS Fix (SPS),Forward
1770571317.8953001,57.83428667,12.30755417,57.83428222,12.30755109,2.333,2.500,93.70,4.31,1.150,1.05,7,7,1,GPS Fix (SPS),Stopped
1770571318.892859,57.83429217,12.30755700,57.83428720,12.30755405,2.638,2.500,94.00,5.51,1.470,1.53,6,6,1,GPS Fix (SPS),Stopped
1770571319.8977568,57.83429617,12.30755900,57.83429168,12.30755652,2.638,2.500,94.30,5.51,1.470,1.74,6,6,1,GPS Fix (SPS),Stopped
1770571320.9042518,57.83429283,12.30756033,57.83429226,12.30755843,2.638,2.500,94.60,5.51,1.470,0.87,6,6,1,GPS Fix (SPS),Stopped
1770571321.900735,57.83428217,12.30757617,57.83428721,12.30756730,2.638,2.500,94.70,5.51,1.470,0.67,6,6,1,GPS Fix (SPS),Forward
1770571322.8959708,57.83428433,12.30758500,57.83428577,12.30757615,2.333,2.500,95.30,4.31,1.150,0.30,7,7,1,GPS Fix (SPS),Forward
1770571323.891634,57.83428450,12.30758783,57.83428514,12.30758199,2.448,2.500,96.00,4.76,1.270,0.47,6,6,1,GPS Fix (SPS),Forward
1770571324.886945,57.83428283,12.30759133,57.83428398,12.30758666,2.333,2.500,96.30,4.31,1.150,0.78,7,7,1,GPS Fix (SPS),Forward
1770571325.8951797,57.83428367,12.30760333,57.83428383,12.30759500,2.333,2.500,96.50,4.31,1.150,1.86,7,7,1,GPS Fix (SPS),Forward
1770571326.901527,57.83429183,12.30759700,57.83428783,12.30759600,2.333,2.500,96.40,4.31,1.150,0.58,7,7,1,GPS Fix (SPS),Stopped
1770571327.896592,57.83430083,12.30759100,57.83429433,12.30759350,2.333,2.500,96.40,4.31,1.150,0.83,7,7,1,GPS Fix (SPS),Stopped
1770571328.8925202,57.83430633,12.30758467,57.83430033,12.30758908,2.333,2.500,95.90,4.31,1.150,0.61,7,7,1,GPS Fix (SPS),Reverse
1770571329.8983777,57.83429483,12.30760583,57.83429758,12.30759746,2.333,2.500,95.50,4.31,1.150,0.96,7,7,1,GPS Fix (SPS),Forward
1770571330.8944895,57.83428933,12.30762333,57.83429346,12.30761040,2.276,2.500,97.20,4.09,1.090,1.11,8,8,1,GPS Fix (SPS),Forward
1770571331.8994336,57.83428500,12.30763433,57.83428923,12.30762236,2.276,2.500,98.90,4.09,1.090,0.98,8,8,1,GPS Fix (SPS),Forward
1770571332.8975806,57.83428050,12.30764633,57.83428486,12.30763435,2.276,2.500,100.20,4.09,1.090,1.06,8,8,1,GPS Fix (SPS),Forward
1770571333.8941429,57.83428633,12.30764183,57.83428560,12.30763809,2.276,2.500,101.40,4.09,1.090,1.36,8,8,1,GPS Fix (SPS),Forward
1770571334.8990674,57.83428783,12.30763700,57.83428672,12.30763755,2.333,2.500,100.70,4.31,1.150,1.24,7,7,1,GPS Fix (SPS),Stopped
1770571335.895754,57.83429867,12.30763333,57.83429269,12.30763544,2.333,2.500,100.70,4.31,1.150,0.87,7,7,1,GPS Fix (SPS),Stopped
1770571336.9015868,57.83429933,12.30763400,57.83429601,12.30763472,2.333,2.500,100.20,4.31,1.150,1.60,7,7,1,GPS Fix (SPS),Stopped
1770571337.897279,57.83430517,12.30763500,57.83430059,12.30763486,2.333,2.500,99.70,4.31,1.150,1.75,7,7,1,GPS Fix (SPS),Stopped
1770571338.8953907,57.83430650,12.30762117,57.83430354,12.30762801,2.333,2.500,99.10,4.31,1.150,0.94,7,7,1,GPS Fix (SPS),Reverse
1770571339.9003057,57.83430583,12.30761517,57.83430469,12.30762159,2.333,2.500,98.60,4.31,1.150,1.26,7,7,1,GPS Fix (SPS),Reverse
1770571340.8966174,57.83430217,12.30760867,57.83430343,12.30761513,2.333,2.500,98.10,4.31,1.150,1.88,7,7,1,GPS Fix (SPS),Reverse
1770571341.8926616,57.83430033,12.30759867,57.83430188,12.30760690,2.333,2.500,97.50,4.31,1.150,2.07,7,7,1,GPS Fix (SPS),Reverse
1770571342.898476,57.83429400,12.30760250,57.83429794,12.30760470,2.333,2.500,96.80,4.31,1.150,1.89,8,8,1,GPS Fix (SPS),Stopped
1770571343.893979,57.83428017,12.30762083,57.83428905,12.30761277,2.276,2.500,97.40,4.09,1.090,2.47,8,8,1,GPS Fix (SPS),Forward
1770571344.9013584,57.83428033,12.30762633,57.83428469,12.30761955,2.276,2.500,98.10,4.09,1.090,1.33,8,8,1,GPS Fix (SPS),Forward
1770571345.8969011,57.83428017,12.30762733,57.83428243,12.30762344,2.276,2.500,98.50,4.09,1.090,0.60,8,8,1,GPS Fix (SPS),Forward
1770571346.8940156,57.83428083,12.30763333,57.83428163,12.30762839,2.276,2.500,98.80,4.09,1.090,0.36,8,8,1,GPS Fix (SPS),Forward
1770571347.8994951,57.83428417,12.30764000,57.83428290,12.30763419,2.276,2.500,99.10,4.09,1.090,0.90,8,8,1,GPS Fix (SPS),Forward
1770571348.8952098,57.83428817,12.30764267,57.83428553,12.30763843,2.276,2.500,99.40,4.09,1.090,1.21,8,8,1,GPS Fix (SPS),Forward
1770571349.900362,57.83428150,12.30764000,57.83428352,12.30763922,2.276,2.500,99.60,4.09,1.090,0.29,8,8,1,GPS Fix (SPS),Stopped
1770571350.896259,57.83428050,12.30764217,57.83428201,12.30764069,2.276,2.500,100.00,4.09,1.090,0.34,8,8,1,GPS Fix (SPS),Stopped
1770571351.8906496,57.83429167,12.30763233,57.83428684,12.30763651,2.276,2.500,100.70,4.09,1.090,0.75,8,8,1,GPS Fix (SPS),Reverse
1770571352.8910582,57.83430300,12.30761717,57.83429492,12.30762684,2.333,2.500,100.20,4.31,1.150,1.38,7,7,1,GPS Fix (SPS),Reverse
1770571353.8827097,57.83432050,12.30760383,57.83430771,12.30761534,2.333,2.500,100.00,4.31,1.150,2.60,7,7,1,GPS Fix (SPS),Reverse
1770571354.8918805,57.83432917,12.30759350,57.83431844,12.30760442,2.333,2.500,99.60,4.31,1.150,2.52,7,7,1,GPS Fix (SPS),Reverse
1770571355.8982532,57.83434217,12.30758617,57.83433030,12.30759529,2.333,2.500,99.30,4.31,1.150,2.97,7,7,1,GPS Fix (SPS),Reverse
1770571356.88384,57.83435283,12.30758250,57.83434157,12.30758890,2.333,2.500,99.00,4.31,1.150,2.99,7,7,1,GPS Fix (SPS),Reverse
1770571357.8919137,57.83435650,12.30758883,57.83434903,12.30758886,2.333,2.500,98.70,4.31,1.150,2.61,7,7,1,GPS Fix (SPS),Stopped
1770571358.889711,57.83435483,12.30758250,57.83435193,12.30758568,2.333,2.500,98.80,4.31,1.150,1.25,7,7,1,GPS Fix (SPS),Stopped
1770571359.8991373,57.83437350,12.30757333,57.83436272,12.30757951,2.333,2.500,98.70,4.31,1.150,2.69,7,7,1,GPS Fix (SPS),Reverse
1770571360.8887982,57.83438833,12.30755900,57.83437553,12.30756925,2.810,2.500,98.50,6.19,1.650,3.25,6,6,1,GPS Fix (SPS),Reverse
1770571361.8889863,57.83440050,12.30754833,57.83438801,12.30755879,2.810,2.500,98.10,6.19,1.650,3.57,6,6,1,GPS Fix (SPS),Reverse
1770571362.889874,57.83440850,12.30754033,57.83439826,12.30754956,2.810,2.500,97.80,6.19,1.650,3.44,6,6,1,GPS Fix (SPS),Reverse
1770571363.8827822,57.83441650,12.30753067,57.83440738,12.30754012,2.810,2.500,97.40,6.19,1.650,3.25,6,6,1,GPS Fix (SPS),Reverse
1770571364.8941245,57.83441250,12.30752817,57.83440994,12.30753414,2.333,2.500,97.20,4.31,1.150,2.00,7,7,1,GPS Fix (SPS),Reverse
1770571365.9020846,57.83440800,12.30752767,57.83440897,12.30753090,2.333,2.500,97.10,4.31,1.150,0.86,7,7,1,GPS Fix (SPS),Stopped
1770571366.8905475,57.83440483,12.30752850,57.83440690,12.30752970,2.333,2.500,96.90,4.31,1.150,0.11,7,7,1,GPS Fix (SPS),Stopped
1770571367.89093,57.83440550,12.30752000,57.83440620,12.30752485,2.333,2.500,96.80,4.31,1.150,0.51,7,7,1,GPS Fix (SPS),Reverse
1770571368.8983448,57.83440483,12.30750433,57.83440552,12.30751459,2.333,2.500,96.70,4.31,1.150,1.22,7,7,1,GPS Fix (SPS),Reverse
1770571369.9023669,57.83441350,12.30750517,57.83440951,12.30750988,2.333,2.500,96.40,4.31,1.150,0.75,7,7,1,GPS Fix (SPS),Reverse
1770571370.8829937,57.83441967,12.30750133,57.83441459,12.30750561,2.333,2.500,96.40,4.31,1.150,1.12,7,7,1,GPS Fix (SPS),Reverse
1770571371.8907883,57.83441567,12.30749267,57.83441513,12.30749914,2.333,2.500,96.30,4.31,1.150,0.39,7,7,1,GPS Fix (SPS),Reverse
1770571372.8911257,57.83441833,12.30748583,57.83441673,12.30749248,2.333,2.500,96.10,4.31,1.150,0.36,7,7,1,GPS Fix (SPS),Reverse
1770571373.8993566,57.83441017,12.30748050,57.83441345,12.30748649,2.333,2.500,95.90,4.31,1.150,1.18,7,7,1,GPS Fix (SPS),Reverse
1770571374.902953,57.83440667,12.30747867,57.83441006,12.30748258,2.333,2.500,95.70,4.31,1.150,1.31,7,7,1,GPS Fix (SPS),Reverse
1770571375.886842,57.83441183,12.30747483,57.83441095,12.30747871,2.333,2.500,95.20,4.31,1.150,0.59,7,7,1,GPS Fix (SPS),Reverse
1770571376.8935087,57.83441900,12.30746867,57.83441497,12.30747369,2.333,2.500,94.90,4.31,1.150,0.69,7,7,1,GPS Fix (SPS),Reverse
1770571377.8923368,57.83442150,12.30746150,57.83441824,12.30746759,2.333,2.500,94.20,4.31,1.150,0.59,7,7,1,GPS Fix (SPS),Reverse
1770571378.89806,57.83442700,12.30745667,57.83442262,12.30746213,2.333,2.500,93.50,4.31,1.150,1.08,7,7,1,GPS Fix (SPS),Reverse
1770571379.890061,57.83443350,12.30744933,57.83442806,12.30745573,2.333,2.500,92.70,4.31,1.150,1.24,7,7,1,GPS Fix (SPS),Reverse
1770571380.8998919,57.83443167,12.30744400,57.83442986,12.30744987,2.333,2.500,92.30,4.31,1.150,0.45,7,7,1,GPS Fix (SPS),Reverse
1770571381.8958614,57.83442850,12.30744267,57.83442918,12.30744627,2.333,2.500,91.60,4.31,1.150,0.35,7,7,1,GPS Fix (SPS),Reverse
1770571382.891572,57.83441817,12.30744533,57.83442367,12.30744580,2.333,2.500,91.10,4.31,1.150,1.60,7,7,1,GPS Fix (SPS),Stopped
1770571383.897092,57.83441617,12.30744033,57.83441992,12.30744307,2.333,2.500,90.50,4.31,1.150,1.19,7,7,1,GPS Fix (SPS),Stopped
1770571384.8945684,57.83441767,12.30743533,57.83441879,12.30743920,2.333,2.500,90.20,4.31,1.150,0.51,7,7,1,GPS Fix (SPS),Reverse
1770571385.9010632,57.83443250,12.30742233,57.83442565,12.30743077,2.333,2.500,90.00,4.31,1.150,1.81,7,7,1,GPS Fix (SPS),Reverse
1770571386.8909142,57.83443017,12.30743783,57.83442791,12.30743430,2.333,2.500,89.50,4.31,1.150,2.07,7,7,1,GPS Fix (SPS),Forward
1770571387.9018805,57.83442600,12.30744050,57.83442695,12.30743740,2.333,2.500,89.10,4.31,1.150,1.51,7,7,1,GPS Fix (SPS),Stopped
1770571388.8975017,57.83443000,12.30743650,57.83442848,12.30743695,2.333,2.500,88.60,4.31,1.150,1.43,7,7,1,GPS Fix (SPS),Stopped
1770571389.882502,57.83443450,12.30744517,57.83443149,12.30744106,2.333,2.500,87.80,4.31,1.150,2.36,7,7,1,GPS Fix (SPS),Forward
1770571390.8916585,57.83443200,12.30743850,57.83443174,12.30743978,2.333,2.500,87.60,4.31,1.150,1.05,7,7,1,GPS Fix (SPS),Stopped
1770571391.8974926,57.83443317,12.30743717,57.83443246,12.30743847,2.333,2.500,86.90,4.31,1.150,1.26,7,7,1,GPS Fix (SPS),Stopped
1770571392.9031153,57.83444100,12.30742383,57.83443673,12.30743115,2.333,2.500,86.10,4.31,1.150,1.35,7,7,1,GPS Fix (SPS),Reverse
1770571393.8886535,57.83443883,12.30741717,57.83443778,12.30742416,2.276,2.500,85.30,4.09,1.090,0.75,8,8,1,GPS Fix (SPS),Reverse
1770571394.8946626,57.83444250,12.30740900,57.83444014,12.30741658,2.276,2.500,84.70,4.09,1.090,0.91,8,8,1,GPS Fix (SPS),Reverse
1770571395.899494,57.83445033,12.30740217,57.83444524,12.30740937,2.276,2.500,84.10,4.09,1.090,1.29,8,8,1,GPS Fix (SPS),Reverse
1770571396.8912601,57.83446067,12.30740167,57.83445295,12.30740552,2.771,2.500,83.50,6.04,1.610,1.91,7,7,1,GPS Fix (SPS),Reverse
1770571397.8923416,57.83447517,12.30740300,57.83446406,12.30740426,2.771,2.500,83.00,6.04,1.610,2.85,7,7,1,GPS Fix (SPS),Stopped
1770571398.899246,57.83448400,12.30739533,57.83447403,12.30739980,2.771,2.500,82.50,6.04,1.610,2.61,7,7,1,GPS Fix (SPS),Reverse
1770571399.8956027,57.83448517,12.30739783,57.83447960,12.30739881,2.771,2.500,81.90,6.04,1.610,1.91,7,7,1,GPS Fix (SPS),Stopped
1770571400.900639,57.83448967,12.30740183,57.83448463,12.30740032,2.771,2.500,81.50,6.04,1.610,1.65,7,7,1,GPS Fix (SPS),Stopped
1770571401.890051,57.83449533,12.30739950,57.83448998,12.30739991,2.276,2.500,81.60,4.09,1.090,1.49,8,8,1,GPS Fix (SPS),Stopped
1770571402.885222,57.83450417,12.30738700,57.83449707,12.30739346,2.771,2.500,81.30,6.04,1.610,1.52,7,7,1,GPS Fix (SPS),Reverse
1770571403.8994157,57.83450633,12.30738183,57.83450170,12.30738764,2.771,2.500,81.00,6.04,1.610,0.97,7,7,1,GPS Fix (SPS),Reverse
1770571404.8912723,57.83451500,12.30737717,57.83450835,12.30738241,2.276,2.500,80.60,4.09,1.090,1.30,8,8,1,GPS Fix (SPS),Reverse
1770571405.8922956,57.83453117,12.30737400,57.83451976,12.30737820,2.771,2.500,80.20,6.04,1.610,2.10,7,7,1,GPS Fix (SPS),Reverse
1770571406.8982058,57.83454467,12.30737833,57.83453221,12.30737827,2.771,2.500,80.20,6.04,1.610,2.67,7,7,1,GPS Fix (SPS),Stopped
1770571407.893125,57.83455317,12.30737667,57.83454269,12.30737747,2.771,2.500,79.90,6.04,1.610,2.54,7,7,1,GPS Fix (SPS),Stopped
1770571408.8893132,57.83457450,12.30735917,57.83455859,12.30736832,4.848,2.500,79.50,14.21,3.790,3.34,5,5,1,GPS Fix (SPS),Reverse
1770571409.8847644,57.83458567,12.30734667,57.83457213,12.30735749,4.848,2.500,78.90,14.21,3.790,3.39,5,5,1,GPS Fix (SPS),Reverse
1770571410.8920212,57.83459267,12.30734200,57.83458240,12.30734975,4.848,2.500,78.40,14.21,3.790,3.04,5,5,1,GPS Fix (SPS),Reverse
1770571411.8884332,57.83460017,12.30732833,57.83459128,12.30733904,4.848,2.500,78.10,14.21,3.790,3.03,5,5,1,GPS Fix (SPS),Reverse
1770571412.893446,57.83460917,12.30732333,57.83460022,12.30733119,4.857,2.500,77.60,14.25,3.800,2.83,5,5,1,GPS Fix (SPS),Reverse
1770571413.890604,57.83460817,12.30732033,57.83460420,12.30732576,4.857,2.500,77.30,14.25,3.800,2.14,5,5,1,GPS Fix (SPS),Reverse
1770571414.8978763,57.83460833,12.30731383,57.83460626,12.30731980,3.305,2.500,77.00,8.14,2.170,1.71,6,6,1,GPS Fix (SPS),Reverse
1770571415.891487,57.83460567,12.30731017,57.83460597,12.30731498,3.305,2.500,76.50,8.14,2.170,1.15,6,6,1,GPS Fix (SPS),Reverse
1770571416.8976572,57.83460617,12.30730233,57.83460607,12.30730866,3.305,2.500,76.00,8.14,2.170,1.34,6,6,1,GPS Fix (SPS),Reverse
1770571417.893798,57.83458917,12.30729750,57.83459762,12.30730308,3.305,2.500,75.60,8.14,2.170,1.07,6,6,1,GPS Fix (SPS),Reverse
1770571418.8895059,57.83458400,12.30728450,57.83459081,12.30729379,3.305,2.500,75.20,8.14,2.170,1.29,6,6,1,GPS Fix (SPS),Reverse
1770571419.8957381,57.83458617,12.30726217,57.83458849,12.30727798,3.305,2.500,74.70,8.14,2.170,1.84,6,6,1,GPS Fix (SPS),Reverse
1770571420.890419,57.83459050,12.30725217,57.83458949,12.30726507,3.305,2.500,74.40,8.14,2.170,1.34,6,6,1,GPS Fix (SPS),Reverse
1770571421.8868117,57.83459150,12.30724450,57.83459050,12.30725479,3.305,2.500,74.10,8.14,2.170,1.06,6,6,1,GPS Fix (SPS),Reverse
1770571422.8924775,57.83458950,12.30723600,57.83459000,12.30724539,3.305,2.500,73.90,8.14,2.170,0.98,6,6,1,GPS Fix (SPS),Reverse
1770571423.8900187,57.83458733,12.30724500,57.83458867,12.30724520,3.305,2.500,73.70,8.14,2.170,0.69,6,6,1,GPS Fix (SPS),Stopped
1770571424.8958793,57.83458367,12.30724633,57.83458617,12.30724576,3.305,2.500,73.40,8.14,2.170,0.93,6,6,1,GPS Fix (SPS),Stopped
1770571425.8943408,57.83458233,12.30724833,57.83458425,12.30724705,3.305,2.500,73.00,8.14,2.170,1.09,6,6,1,GPS Fix (SPS),Stopped
1770571426.8976283,57.83459117,12.30723167,57.83458771,12.30723936,3.305,2.500,72.80,8.14,2.170,0.20,6,6,1,GPS Fix (SPS),Reverse
1770571427.892757,57.83458283,12.30723450,57.83458527,12.30723693,3.305,2.500,72.40,8.14,2.170,0.64,6,6,1,GPS Fix (SPS),Stopped
1770571428.8987653,57.83456067,12.30724883,57.83457297,12.30724288,3.305,2.500,72.50,8.14,2.170,1.75,6,6,1,GPS Fix (SPS),Forward
1770571429.8950675,57.83455967,12.30724583,57.83456632,12.30724436,2.771,2.500,72.60,6.04,1.610,1.45,7,7,1,GPS Fix (SPS),Stopped
1770571430.8915794,57.83456017,12.30724533,57.83456324,12.30724485,3.305,2.500,72.30,8.14,2.170,1.38,6,6,1,GPS Fix (SPS),Stopped
1770571431.8977947,57.83456117,12.30724900,57.83456220,12.30724692,3.305,2.500,72.10,8.14,2.170,1.42,6,6,1,GPS Fix (SPS),Stopped
1770571432.893755,57.83456167,12.30724733,57.83456194,12.30724713,3.305,2.500,72.00,8.14,2.170,1.26,6,6,1,GPS Fix (SPS),Stopped
1770571433.8895576,57.83456967,12.30723983,57.83456580,12.30724348,3.305,2.500,71.50,8.14,2.170,0.66,6,6,1,GPS Fix (SPS),Reverse
1770571434.8948095,57.83456783,12.30723767,57.83456682,12.30724057,3.762,2.500,71.10,9.94,2.650,0.73,5,5,1,GPS Fix (SPS),Stopped
1770571435.890486,57.83456517,12.30722850,57.83456599,12.30723454,3.762,2.500,70.60,9.94,2.650,0.77,5,5,1,GPS Fix (SPS),Reverse
1770571436.8963327,57.83455450,12.30723167,57.83456025,12.30723310,3.762,2.500,70.30,9.94,2.650,1.42,5,5,1,GPS Fix (SPS),Stopped
1770571437.884321,57.83455100,12.30722567,57.83455562,12.30722938,3.762,2.500,70.00,9.94,2.650,1.49,5,5,1,GPS Fix (SPS),Reverse
1770571438.889428,57.83454783,12.30722350,57.83455173,12.30722644,3.762,2.500,69.70,9.94,2.650,1.48,5,5,1,GPS Fix (SPS),Stopped
1770571439.8857586,57.83454700,12.30722267,57.83454936,12.30722455,3.762,2.500,69.30,9.94,2.650,1.35,5,5,1,GPS Fix (SPS),Stopped
1770571440.8914416,57.83454450,12.30721267,57.83454693,12.30721861,3.762,2.500,68.70,9.94,2.650,1.65,5,5,1,GPS Fix (SPS),Reverse
1770571441.8968773,57.83453833,12.30721817,57.83454263,12.30721839,3.762,2.500,68.40,9.94,2.650,1.64,5,5,1,GPS Fix (SPS),Stopped
1770571442.892715,57.83453683,12.30721633,57.83453973,12.30721736,3.762,2.500,68.00,9.94,2.650,1.62,5,5,1,GPS Fix (SPS),Stopped
1770571443.8902059,57.83451333,12.30721883,57.83452653,12.30721810,3.762,2.500,67.70,9.94,2.650,1.82,5,5,1,GPS Fix (SPS),Stopped
1770571444.895641,57.83449500,12.30722750,57.83451077,12.30722280,2.762,2.500,67.70,6.00,1.600,1.58,7,7,1,GPS Fix (SPS),Forward
1770571445.8923843,57.83448250,12.30722550,57.83449663,12.30722415,2.762,2.500,67.50,6.00,1.600,1.76,7,7,1,GPS Fix (SPS),Stopped
1770571446.8977418,57.83448150,12.30722133,57.83448907,12.30722274,2.981,2.500,67.40,6.86,1.830,1.29,6,6,1,GPS Fix (SPS),Stopped
1770571447.8936594,57.83447550,12.30721700,57.83448228,12.30721987,2.762,2.500,67.40,6.00,1.600,1.62,7,7,1,GPS Fix (SPS),Stopped
1770571448.899139,57.83446633,12.30722200,57.83447431,12.30722094,2.762,2.500,67.50,6.00,1.600,1.06,7,7,1,GPS Fix (SPS),Stopped
1770571449.895169,57.83446483,12.30721900,57.83446957,12.30721997,2.762,2.500,67.40,6.00,1.600,1.41,7,7,1,GPS Fix (SPS),Stopped
1770571450.892603,57.83445883,12.30722517,57.83446420,12.30722257,2.867,2.500,67.70,6.41,1.710,0.99,6,6,1,GPS Fix (SPS),Stopped
1770571451.8878121,57.83445150,12.30723167,57.83445785,12.30722712,2.867,2.500,67.70,6.41,1.710,0.76,6,6,1,GPS Fix (SPS),Forward
1770571452.8940783,57.83444767,12.30723733,57.83445276,12.30723223,2.867,2.500,67.90,6.41,1.710,0.52,6,6,1,GPS Fix (SPS),Forward
1770571453.890183,57.83443933,12.30725400,57.83444605,12.30724311,2.867,2.500,68.10,6.41,1.710,1.14,6,6,1,GPS Fix (SPS),Forward
1770571454.8850915,57.83443733,12.30725817,57.83444169,12.30725064,2.867,2.500,68.30,6.41,1.710,1.13,6,6,1,GPS Fix (SPS),Forward
1770571455.8910098,57.83443200,12.30726500,57.83443684,12.30725782,2.867,2.500,68.40,6.41,1.710,1.54,6,6,1,GPS Fix (SPS),Forward
1770571456.8886662,57.83442917,12.30727117,57.83443301,12.30726449,2.867,2.500,68.30,6.41,1.710,1.57,6,6,1,GPS Fix (SPS),Forward
1770571457.8946183,57.83442333,12.30727583,57.83442817,12.30727016,2.867,2.500,68.60,6.41,1.710,1.73,6,6,1,GPS Fix (SPS),Forward
1770571458.8904123,57.83442017,12.30727767,57.83442417,12.30727391,2.867,2.500,68.70,6.41,1.710,1.49,6,6,1,GPS Fix (SPS),Forward
1770571459.8957405,57.83441383,12.30729317,57.83441900,12.30728354,2.867,2.500,68.60,6.41,1.710,2.13,6,6,1,GPS Fix (SPS),Forward
1770571460.8909893,57.83440950,12.30729467,57.83441425,12.30728910,2.867,2.500,68.40,6.41,1.710,1.88,6,6,1,GPS Fix (SPS),Forward
1770571461.886955,57.83441167,12.30728900,57.83441296,12.30728905,2.867,2.500,68.30,6.41,1.710,1.35,6,6,1,GPS Fix (SPS),Stopped
1770571462.8827524,57.83440267,12.30729383,57.83440781,12.30729144,2.867,2.500,68.50,6.41,1.710,1.81,6,6,1,GPS Fix (SPS),Stopped
1770571463.8900197,57.83440050,12.30729900,57.83440416,12.30729522,2.867,2.500,68.60,6.41,1.710,1.75,6,6,1,GPS Fix (SPS),Forward
1770571464.8958056,57.83439200,12.30730683,57.83439808,12.30730103,2.867,2.500,68.70,6.41,1.710,2.29,6,6,1,GPS Fix (SPS),Forward
1770571465.8913534,57.83438133,12.30732417,57.83438971,12.30731260,2.867,2.500,68.80,6.41,1.710,3.10,6,6,1,GPS Fix (SPS),Forward
1770571466.8911233,57.83438550,12.30731767,57.83438760,12.30731513,2.867,2.500,69.10,6.41,1.710,2.26,6,6,1,GPS Fix (SPS),Stopped
1770571467.8914068,57.83438867,12.30731633,57.83438813,12.30731573,2.867,2.500,69.10,6.41,1.710,1.70,6,6,1,GPS Fix (SPS),Stopped
1770571468.8981986,57.83438783,12.30731517,57.83438798,12.30731545,2.867,2.500,69.40,6.41,1.710,1.64,6,6,1,GPS Fix (SPS),Stopped
1770571469.8945003,57.83438150,12.30731683,57.83438474,12.30731614,2.867,2.500,69.50,6.41,1.710,2.22,6,6,1,GPS Fix (SPS),Stopped
1770571470.8911,57.83438600,12.30731867,57.83438537,12.30731740,2.867,2.500,69.60,6.41,1.710,1.45,6,6,1,GPS Fix (SPS),Stopped
1770571471.8991842,57.83439833,12.30731367,57.83439185,12.30731554,2.867,2.500,69.40,6.41,1.710,0.55,6,6,1,GPS Fix (SPS),Stopped
1770571472.8901036,57.83441200,12.30730667,57.83440193,12.30731110,2.762,2.500,69.40,6.00,1.600,0.27,7,7,1,GPS Fix (SPS),Reverse
1770571473.8888772,57.83441633,12.30731367,57.83440913,12.30731238,2.762,2.500,69.50,6.00,1.600,0.94,7,7,1,GPS Fix (SPS),Stopped
1770571474.8835864,57.83441483,12.30731850,57.83441198,12.30731544,2.867,2.500,69.30,6.41,1.710,0.85,6,6,1,GPS Fix (SPS),Stopped
1770571475.9015646,57.83442083,12.30730367,57.83441641,12.30730955,2.867,2.500,69.00,6.41,1.710,0.54,6,6,1,GPS Fix (SPS),Reverse
1770571476.899134,57.83441033,12.30730683,57.83441337,12.30730819,2.762,2.500,69.20,6.00,1.600,1.36,7,7,1,GPS Fix (SPS),Stopped
1770571477.8948293,57.83442500,12.30729167,57.83441919,12.30729993,2.762,2.500,69.20,6.00,1.600,1.94,7,7,1,GPS Fix (SPS),Reverse
1770571478.8991356,57.83443267,12.30729367,57.83442593,12.30729680,2.276,2.500,70.40,4.09,1.090,1.90,8,8,1,GPS Fix (SPS),Stopped
1770571479.8993955,57.83444150,12.30728483,57.83443371,12.30729082,2.276,2.500,71.50,4.09,1.090,1.86,8,8,1,GPS Fix (SPS),Reverse
1770571480.8897512,57.83444567,12.30728050,57.83443969,12.30728566,2.314,2.500,72.30,4.24,1.130,1.74,7,7,1,GPS Fix (SPS),Reverse
1770571481.9021962,57.83444533,12.30728150,57.83444251,12.30728358,2.314,2.500,72.80,4.24,1.130,1.64,7,7,1,GPS Fix (SPS),Stopped
1770571482.8960884,57.83444533,12.30729383,57.83444392,12.30728871,2.314,2.500,73.20,4.24,1.130,1.56,7,7,1,GPS Fix (SPS),Forward
1770571483.9043934,57.83444333,12.30731300,57.83444363,12.30730085,2.314,2.500,73.60,4.24,1.130,2.26,7,7,1,GPS Fix (SPS),Forward
1770571484.8972924,57.83444117,12.30733233,57.83444240,12.30731659,2.276,2.500,73.90,4.09,1.090,2.93,8,8,1,GPS Fix (SPS),Forward
1770571485.9070182,57.83444333,12.30733583,57.83444287,12.30732621,2.276,2.500,73.90,4.09,1.090,2.45,8,8,1,GPS Fix (SPS),Forward
1770571486.8989947,57.83444150,12.30733333,57.83444218,12.30732977,2.276,2.500,73.90,4.09,1.090,1.92,8,8,1,GPS Fix (SPS),Forward
1770571487.8966234,57.83443917,12.30733350,57.83444067,12.30733164,2.276,2.500,73.70,4.09,1.090,1.69,8,8,1,GPS Fix (SPS),Stopped
1770571488.901801,57.83444150,12.30732717,57.83444109,12.30732940,2.276,2.500,73.40,4.09,1.090,0.83,8,8,1,GPS Fix (SPS),Stopped
1770571489.9005017,57.83444067,12.30732367,57.83444088,12.30732653,2.276,2.500,73.00,4.09,1.090,0.72,8,8,1,GPS Fix (SPS),Stopped
1770571490.8983178,57.83444967,12.30731300,57.83444527,12.30731977,2.276,2.500,72.70,4.09,1.090,0.43,8,8,1,GPS Fix (SPS),Reverse
1770571491.891158,57.83445417,12.30731383,57.83444972,12.30731680,2.276,2.500,72.50,4.09,1.090,0.77,8,8,1,GPS Fix (SPS),Stopped
1770571492.8899477,57.83445033,12.30731417,57.83445003,12.30731548,2.276,2.500,72.60,4.09,1.090,0.14,8,8,1,GPS Fix (SPS),Stopped
1770571493.8907902,57.83444683,12.30731300,57.83444843,12.30731424,2.276,2.500,72.60,4.09,1.090,0.37,8,8,1,GPS Fix (SPS),Stopped
1770571494.8975255,57.83444483,12.30730617,57.83444663,12.30731020,2.276,2.500,72.60,4.09,1.090,0.82,8,8,1,GPS Fix (SPS),Reverse
1770571495.8966987,57.83444983,12.30729600,57.83444823,12.30730310,2.276,2.500,72.70,4.09,1.090,0.88,8,8,1,GPS Fix (SPS),Reverse
1770571496.9015937,57.83445350,12.30729050,57.83445087,12.30729680,2.276,2.500,73.10,4.09,1.090,1.02,8,8,1,GPS Fix (SPS),Reverse
1770571497.8979685,57.83445267,12.30728283,57.83445177,12.30728982,2.276,2.500,73.50,4.09,1.090,0.99,8,8,1,GPS Fix (SPS),Reverse
1770571498.899159,57.83445633,12.30727817,57.83445405,12.30728399,2.276,2.500,73.70,4.09,1.090,0.87,8,8,1,GPS Fix (SPS),Reverse
1770571499.89937,57.83445733,12.30727050,57.83445569,12.30727725,2.276,2.500,74.20,4.09,1.090,0.96,8,8,1,GPS Fix (SPS),Reverse
1770571500.9004347,57.83446067,12.30726167,57.83445818,12.30726946,2.276,2.500,74.50,4.09,1.090,1.16,8,8,1,GPS Fix (SPS),Reverse
1770571501.9016726,57.83446350,12.30725567,57.83446084,12.30726256,2.276,2.500,75.00,4.09,1.090,1.12,8,8,1,GPS Fix (SPS),Reverse
1770571502.8993196,57.83447183,12.30724933,57.83446634,12.30725595,2.276,2.500,75.50,4.09,1.090,1.50,8,8,1,GPS Fix (SPS),Reverse
1770571503.8965516,57.83447500,12.30725400,57.83447067,12.30725497,2.276,2.500,76.00,4.09,1.090,1.23,8,8,1,GPS Fix (SPS),Stopped
1770571504.901165,57.83447100,12.30726600,57.83447083,12.30726049,2.390,2.500,76.20,4.54,1.210,0.28,7,7,1,GPS Fix (SPS),Forward
1770571505.8900788,57.83446833,12.30727167,57.83446958,12.30726608,2.390,2.500,76.50,4.54,1.210,0.25,7,7,1,GPS Fix (SPS),Forward
1770571506.8909173,57.83446550,12.30727750,57.83446754,12.30727179,2.390,2.500,76.60,4.54,1.210,0.54,7,7,1,GPS Fix (SPS),Forward
1770571507.8980126,57.83447050,12.30728917,57.83446902,12.30728048,2.390,2.500,76.70,4.54,1.210,0.77,7,7,1,GPS Fix (SPS),Forward
1770571508.9017048,57.83447750,12.30729233,57.83447326,12.30728641,2.390,2.500,76.90,4.54,1.210,1.11,7,7,1,GPS Fix (SPS),Forward
1770571509.9014223,57.83447833,12.30728167,57.83447580,12.30728404,2.390,2.500,77.00,4.54,1.210,0.74,7,7,1,GPS Fix (SPS),Stopped
1770571510.8976526,57.83447450,12.30728017,57.83447515,12.30728210,2.276,2.500,77.50,4.09,1.090,0.42,8,8,1,GPS Fix (SPS),Stopped
1770571511.891391,57.83447667,12.30726933,57.83447591,12.30727572,2.276,2.500,77.90,4.09,1.090,0.67,8,8,1,GPS Fix (SPS),Reverse
1770571512.8990543,57.83448117,12.30726083,57.83447854,12.30726828,2.276,2.500,78.20,4.09,1.090,1.18,8,8,1,GPS Fix (SPS),Reverse
1770571513.8832202,57.83447917,12.30724900,57.83447885,12.30725864,2.276,2.500,78.70,4.09,1.090,0.86,8,8,1,GPS Fix (SPS),Reverse
1770571514.9014688,57.83447767,12.30723767,57.83447826,12.30724815,2.276,2.500,78.70,4.09,1.090,0.88,8,8,1,GPS Fix (SPS),Reverse
1770571515.8996136,57.83447233,12.30723117,57.83447530,12.30723966,2.276,2.500,78.90,4.09,1.090,0.97,8,8,1,GPS Fix (SPS),Reverse
1770571516.9058125,57.83447383,12.30722250,57.83447456,12.30723108,2.276,2.500,78.90,4.09,1.090,0.97,8,8,1,GPS Fix (SPS),Reverse
1770571517.9033341,57.83446950,12.30722183,57.83447203,12.30722646,2.276,2.500,79.10,4.09,1.090,0.79,8,8,1,GPS Fix (SPS),Reverse
1770571518.8942301,57.83446733,12.30721317,57.83446968,12.30721981,2.276,2.500,79.20,4.09,1.090,0.98,8,8,1,GPS Fix (SPS),Reverse
1770571519.8919096,57.83446467,12.30720350,57.83446717,12.30721166,2.695,2.500,79.20,5.74,1.530,1.20,6,6,1,GPS Fix (SPS),Reverse
1770571520.888513,57.83446100,12.30720450,57.83446409,12.30720808,2.695,2.500,79.20,5.74,1.530,0.77,6,6,1,GPS Fix (SPS),Reverse
1770571521.8952484,57.83446483,12.30720117,57.83446446,12.30720462,2.695,2.500,79.30,5.74,1.530,0.18,6,6,1,GPS Fix (SPS),Reverse
1770571522.8912296,57.83446400,12.30719683,57.83446423,12.30720073,2.695,2.500,79.50,5.74,1.530,0.14,6,6,1,GPS Fix (SPS),Reverse
1770571523.898224,57.83446883,12.30719133,57.83446653,12.30719603,2.695,2.500,79.50,5.74,1.530,0.55,6,6,1,GPS Fix (SPS),Reverse
1770571524.8900356,57.83446867,12.30719433,57.83446760,12.30719518,2.695,2.500,79.70,5.74,1.530,0.53,6,6,1,GPS Fix (SPS),Stopped
1770571525.8993576,57.83445967,12.30720117,57.83446363,12.30719817,2.552,2.500,79.80,5.17,1.380,0.38,7,7,1,GPS Fix (SPS),Stopped
1770571526.8960257,57.83444900,12.30720917,57.83445632,12.30720367,2.552,2.500,79.90,5.17,1.380,1.13,7,7,1,GPS Fix (SPS),Forward
1770571527.9010324,57.83445900,12.30721117,57.83445766,12.30720742,2.276,2.500,80.20,4.09,1.090,0.40,8,8,1,GPS Fix (SPS),Forward
1770571528.8996692,57.83447433,12.30721317,57.83446600,12.30721029,2.276,2.500,80.20,4.09,1.090,1.70,8,8,1,GPS Fix (SPS),Stopped
1770571529.8956583,57.83447933,12.30722900,57.83447266,12.30721965,2.276,2.500,80.10,4.09,1.090,2.57,8,8,1,GPS Fix (SPS),Forward
1770571530.8911252,57.83446933,12.30724617,57.83447100,12.30723291,2.276,2.500,80.10,4.09,1.090,2.40,8,8,1,GPS Fix (SPS),Forward
1770571531.896672,57.83445300,12.30726833,57.83446200,12.30725062,2.476,2.500,80.00,4.88,1.300,2.40,6,6,1,GPS Fix (SPS),Forward
1770571532.8924844,57.83444800,12.30728517,57.83445500,12.30726789,2.476,2.500,80.20,4.88,1.300,2.25,6,6,1,GPS Fix (SPS),Forward
1770571533.8887396,57.83444700,12.30730550,57.83445100,12.30728670,2.476,2.500,80.50,4.88,1.300,2.82,6,6,1,GPS Fix (SPS),Forward
1770571534.8937783,57.83444667,12.30731017,57.83444883,12.30729843,2.476,2.500,81.10,4.88,1.300,2.23,6,6,1,GPS Fix (SPS),Forward
1770571535.8914866,57.83442567,12.30735017,57.83443725,12.30732430,2.476,2.500,81.30,4.88,1.300,3.56,6,6,1,GPS Fix (SPS),Forward
1770571536.8980782,57.83442183,12.30733500,57.83442954,12.30732965,2.476,2.500,81.40,4.88,1.300,2.13,6,6,1,GPS Fix (SPS),Forward
1770571537.8928466,57.83441083,12.30733533,57.83442019,12.30733249,2.390,2.500,81.20,4.54,1.210,2.26,7,7,1,GPS Fix (SPS),Stopped
1770571538.8999486,57.83440550,12.30733083,57.83441284,12.30733166,2.476,2.500,81.30,4.88,1.300,1.82,6,6,1,GPS Fix (SPS),Stopped
1770571539.8951735,57.83439283,12.30733317,57.83440284,12.30733241,2.390,2.500,81.20,4.54,1.210,2.34,7,7,1,GPS Fix (SPS),Stopped
1770571540.9005876,57.83439767,12.30732633,57.83440025,12.30732937,2.390,2.500,81.10,4.54,1.210,0.99,7,7,1,GPS Fix (SPS),Stopped
1770571541.8989606,57.83437683,12.30734267,57.83438854,12.30733602,2.390,2.500,80.90,4.54,1.210,2.89,7,7,1,GPS Fix (SPS),Forward
1770571542.883712,57.83437550,12.30733683,57.83438202,12.30733643,2.390,2.500,80.90,4.54,1.210,2.06,7,7,1,GPS Fix (SPS),Stopped
1770571543.889632,57.83437533,12.30733683,57.83437868,12.30733663,2.390,2.500,80.50,4.54,1.210,1.61,7,7,1,GPS Fix (SPS),Stopped
1770571544.8958013,57.83436233,12.30731400,57.83437051,12.30732532,3.752,2.500,80.30,9.90,2.640,2.89,6,6,1,GPS Fix (SPS),Reverse
1770571545.8918674,57.83436483,12.30731200,57.83436767,12.30731866,3.752,2.500,80.20,9.90,2.640,2.02,6,6,1,GPS Fix (SPS),Reverse
1770571546.882345,57.83434967,12.30731700,57.83435867,12.30731783,3.752,2.500,79.90,9.90,2.640,3.11,6,6,1,GPS Fix (SPS),Stopped
1770571547.8934693,57.83436783,12.30731367,57.83436325,12.30731575,3.752,2.500,79.70,9.90,2.640,0.61,6,6,1,GPS Fix (SPS),Stopped
1770571548.901643,57.83436583,12.30731867,57.83436454,12.30731721,3.752,2.500,79.60,9.90,2.640,0.97,6,6,1,GPS Fix (SPS),Stopped
1770571549.8934062,57.83437550,12.30731717,57.83437002,12.30731719,3.752,2.500,79.50,9.90,2.640,0.77,6,6,1,GPS Fix (SPS),Stopped
1770571550.8931892,57.83437217,12.30731033,57.83437109,12.30731376,2.390,2.500,79.40,4.54,1.210,0.19,7,7,1,GPS Fix (SPS),Reverse
1770571551.8940892,57.83437583,12.30731317,57.83437346,12.30731346,2.390,2.500,79.20,4.54,1.210,0.41,7,7,1,GPS Fix (SPS),Stopped
1770571552.8939722,57.83437183,12.30732233,57.83437265,12.30731790,2.390,2.500,79.00,4.54,1.210,0.93,7,7,1,GPS Fix (SPS),Forward
1770571553.8905923,57.83437617,12.30732017,57.83437441,12.30731903,2.390,2.500,78.80,4.54,1.210,0.82,7,7,1,GPS Fix (SPS),Stopped
1770571554.8973064,57.83438000,12.30732350,57.83437720,12.30732127,2.390,2.500,78.60,4.54,1.210,1.02,7,7,1,GPS Fix (SPS),Stopped
1770571555.8941598,57.83439017,12.30730950,57.83438369,12.30731538,2.390,2.500,78.40,4.54,1.210,1.39,7,7,1,GPS Fix (SPS),Reverse
1770571556.8991435,57.83438933,12.30729233,57.83438651,12.30730386,2.390,2.500,78.20,4.54,1.210,1.01,7,7,1,GPS Fix (SPS),Reverse
1770571557.8915079,57.83438683,12.30728733,57.83438667,12.30729560,2.390,2.500,78.10,4.54,1.210,0.63,7,7,1,GPS Fix (SPS),Reverse
1770571558.8990672,57.83438867,12.30728267,57.83438767,12.30728913,2.390,2.500,78.00,4.54,1.210,0.59,7,7,1,GPS Fix (SPS),Reverse
1770571559.8966563,57.83438833,12.30727400,57.83438800,12.30728157,2.390,2.500,77.80,4.54,1.210,0.72,7,7,1,GPS Fix (SPS),Reverse
1770571560.903716,57.83439167,12.30725333,57.83438983,12.30726745,2.390,2.500,77.70,4.54,1.210,1.38,7,7,1,GPS Fix (SPS),Reverse
1770571561.9005804,57.83439633,12.30725000,57.83439308,12.30725872,2.276,2.500,77.40,4.09,1.090,1.20,8,8,1,GPS Fix (SPS),Reverse
1770571562.8975163,57.83439583,12.30723417,57.83439446,12.30724645,2.276,2.500,76.80,4.09,1.090,1.41,8,8,1,GPS Fix (SPS),Reverse
1770571563.9032452,57.83440833,12.30723117,57.83440140,12.30723881,2.276,2.500,76.60,4.09,1.090,2.05,8,8,1,GPS Fix (SPS),Reverse
1770571564.8993244,57.83441317,12.30722900,57.83440728,12.30723390,2.276,2.500,75.90,4.09,1.090,1.97,8,8,1,GPS Fix (SPS),Reverse
1770571565.8946798,57.83441767,12.30722650,57.83441247,12.30723020,2.276,2.500,75.30,4.09,1.090,1.79,8,8,1,GPS Fix (SPS),Reverse
1770571566.900246,57.83442033,12.30721717,57.83441640,12.30722368,2.276,2.500,74.90,4.09,1.090,1.67,8,8,1,GPS Fix (SPS),Reverse
1770571567.8978884,57.83442417,12.30720550,57.83442029,12.30721459,2.276,2.500,74.70,4.09,1.090,1.85,8,8,1,GPS Fix (SPS),Reverse
1770571568.8943417,57.83442367,12.30719867,57.83442198,12.30720663,2.276,2.500,74.40,4.09,1.090,1.54,8,8,1,GPS Fix (SPS),Reverse
1770571569.9003584,57.83443183,12.30719933,57.83442690,12.30720298,2.276,2.500,74.60,4.09,1.090,1.54,8,8,1,GPS Fix (SPS),Reverse
1770571570.8962722,57.83443967,12.30721400,57.83443329,12.30720849,2.276,2.500,74.50,4.09,1.090,1.91,8,8,1,GPS Fix (SPS),Forward
1770571571.8924863,57.83444033,12.30721517,57.83443681,12.30721183,2.276,2.500,74.30,4.09,1.090,1.21,8,8,1,GPS Fix (SPS),Stopped
1770571572.8977458,57.83444567,12.30720717,57.83444124,12.30720950,2.276,2.500,74.40,4.09,1.090,1.17,8,8,1,GPS Fix (SPS),Stopped
1770571573.8953052,57.83444633,12.30719450,57.83444379,12.30720200,2.314,2.500,74.30,4.24,1.130,1.16,7,7,1,GPS Fix (SPS),Reverse
1770571574.891184,57.83443417,12.30718550,57.83443898,12.30719375,2.314,2.500,74.10,4.24,1.130,1.69,7,7,1,GPS Fix (SPS),Reverse
1770571575.8828585,57.83443717,12.30718567,57.83443807,12.30718971,2.314,2.500,74.20,4.24,1.130,1.01,7,7,1,GPS Fix (SPS),Reverse
1770571576.8960757,57.83443783,12.30717950,57.83443795,12.30718460,2.276,2.500,74.20,4.09,1.090,1.08,8,8,1,GPS Fix (SPS),Reverse
1770571577.8991911,57.83443700,12.30719150,57.83443748,12.30718805,2.276,2.500,74.10,4.09,1.090,0.84,8,8,1,GPS Fix (SPS),Forward
1770571578.8935175,57.83443817,12.30719533,57.83443782,12.30719169,2.276,2.500,74.10,4.09,1.090,0.79,8,8,1,GPS Fix (SPS),Forward
1770571579.904865,57.83444067,12.30720033,57.83443924,12.30719601,2.276,2.500,74.10,4.09,1.090,0.70,8,8,1,GPS Fix (SPS),Forward
1770571580.9009414,57.83443900,12.30720750,57.83443912,12.30720176,2.276,2.500,74.20,4.09,1.090,1.06,8,8,1,GPS Fix (SPS),Forward
1770571581.8951392,57.83445033,12.30719083,57.83444473,12.30719629,2.276,2.500,74.30,4.09,1.090,0.61,8,8,1,GPS Fix (SPS),Reverse
1770571582.8856347,57.83444833,12.30716967,57.83444653,12.30718298,2.276,2.500,74.20,4.09,1.090,1.81,8,8,1,GPS Fix (SPS),Reverse
1770571583.891737,57.83444333,12.30716500,57.83444493,12.30717399,2.276,2.500,74.50,4.09,1.090,1.82,8,8,1,GPS Fix (SPS),Reverse
1770571584.8919506,57.83443567,12.30716583,57.83444030,12.30716991,2.276,2.500,74.60,4.09,1.090,1.84,8,8,1,GPS Fix (SPS),Reverse
1770571585.8990402,57.83443217,12.30717433,57.83443623,12.30717212,2.390,2.500,74.40,4.54,1.210,1.34,7,7,1,GPS Fix (SPS),Stopped
1770571586.8914955,57.83442433,12.30719383,57.83443028,12.30718298,2.390,2.500,74.20,4.54,1.210,1.60,7,7,1,GPS Fix (SPS),Forward
1770571587.8925102,57.83442017,12.30720433,57.83442522,12.30719366,2.390,2.500,74.00,4.54,1.210,1.68,7,7,1,GPS Fix (SPS),Forward
1770571588.8976,57.83441683,12.30719550,57.83442103,12.30719458,2.390,2.500,73.80,4.54,1.210,1.30,7,7,1,GPS Fix (SPS),Stopped
1770571589.8935466,57.83440200,12.30721783,57.83441151,12.30720621,2.390,2.500,73.50,4.54,1.210,2.36,7,7,1,GPS Fix (SPS),Forward
1770571590.8990643,57.83439933,12.30721600,57.83440542,12.30721110,2.390,2.500,73.40,4.54,1.210,1.78,7,7,1,GPS Fix (SPS),Forward
1770571591.8966584,57.83439700,12.30721283,57.83440121,12.30721197,2.390,2.500,73.20,4.54,1.210,1.59,7,7,1,GPS Fix (SPS),Stopped
1770571592.9023438,57.83439983,12.30721750,57.83440052,12.30721473,2.314,2.500,73.20,4.24,1.130,0.91,7,7,1,GPS Fix (SPS),Stopped
1770571593.8994725,57.83439600,12.30721633,57.83439826,12.30721553,2.276,2.500,73.30,4.09,1.090,1.06,8,8,1,GPS Fix (SPS),Stopped
1770571594.9000287,57.83439300,12.30722167,57.83439563,12.30721860,2.276,2.500,73.00,4.09,1.090,1.12,8,8,1,GPS Fix (SPS),Stopped
1770571595.900721,57.83439133,12.30721483,57.83439348,12.30721672,2.276,2.500,72.80,4.09,1.090,1.16,8,8,1,GPS Fix (SPS),Stopped
1770571596.889455,57.83439100,12.30721683,57.83439224,12.30721678,2.276,2.500,72.60,4.09,1.090,0.87,8,8,1,GPS Fix (SPS),Stopped
1770571597.8990269,57.83439033,12.30721200,57.83439129,12.30721439,2.276,2.500,72.60,4.09,1.090,0.83,8,8,1,GPS Fix (SPS),Stopped
1770571598.8915472,57.83439267,12.30719917,57.83439198,12.30720678,2.276,2.500,72.60,4.09,1.090,0.97,8,8,1,GPS Fix (SPS),Reverse
1770571599.9107463,57.83439283,12.30720250,57.83439241,12.30720464,2.276,2.500,72.50,4.09,1.090,0.46,8,8,1,GPS Fix (SPS),Stopped
1770571600.8923907,57.83439400,12.30720467,57.83439320,12.30720465,2.276,2.500,72.50,4.09,1.090,0.13,8,8,1,GPS Fix (SPS),Stopped
1770571601.901411,57.83439033,12.30720283,57.83439177,12.30720374,2.314,2.500,72.50,4.24,1.130,0.55,7,7,1,GPS Fix (SPS),Stopped
1770571602.8901207,57.83438367,12.30720300,57.83438772,12.30720337,2.314,2.500,72.50,4.24,1.130,1.13,7,7,1,GPS Fix (SPS),Stopped
1770571603.9001758,57.83438983,12.30719383,57.83438878,12.30719860,2.314,2.500,72.50,4.24,1.130,0.74,7,7,1,GPS Fix (SPS),Reverse
1770571604.8958035,57.83439817,12.30719033,57.83439347,12.30719447,2.276,2.500,72.10,4.09,1.090,0.44,8,8,1,GPS Fix (SPS),Reverse
1770571605.9004629,57.83440700,12.30718700,57.83440024,12.30719073,2.276,2.500,71.80,4.09,1.090,0.98,8,8,1,GPS Fix (SPS),Reverse
1770571606.8992867,57.83441383,12.30720050,57.83440703,12.30719562,2.276,2.500,71.60,4.09,1.090,1.64,8,8,1,GPS Fix (SPS),Forward
1770571607.8953035,57.83441683,12.30718333,57.83441193,12.30718948,2.276,2.500,71.40,4.09,1.090,1.19,8,8,1,GPS Fix (SPS),Reverse
1770571608.9014673,57.83441667,12.30719050,57.83441430,12.30718999,2.276,2.500,71.00,4.09,1.090,0.69,8,8,1,GPS Fix (SPS),Stopped
1770571609.905504,57.83441917,12.30719717,57.83441673,12.30719358,2.276,2.500,71.10,4.09,1.090,0.67,8,8,1,GPS Fix (SPS),Forward
1770571610.9035478,57.83441900,12.30721550,57.83441787,12.30720454,2.276,2.500,71.20,4.09,1.090,1.22,8,8,1,GPS Fix (SPS),Forward
1770571611.899161,57.83441300,12.30723100,57.83441543,12.30721777,2.276,2.500,71.40,4.09,1.090,1.31,8,8,1,GPS Fix (SPS),Forward
1770571612.894734,57.83440983,12.30723300,57.83441263,12.30722538,2.314,2.500,71.90,4.24,1.130,0.70,7,7,1,GPS Fix (SPS),Forward
1770571613.9031007,57.83440700,12.30722583,57.83440982,12.30722561,2.314,2.500,72.40,4.24,1.130,0.32,7,7,1,GPS Fix (SPS),Stopped
1770571614.8989625,57.83440083,12.30721667,57.83440533,12.30722114,2.276,2.500,72.70,4.09,1.090,1.54,8,8,1,GPS Fix (SPS),Reverse
1770571615.894875,57.83439433,12.30722033,57.83439983,12.30722074,2.562,2.500,72.90,5.21,1.390,1.74,7,7,1,GPS Fix (SPS),Stopped
1770571616.9006145,57.83438933,12.30720133,57.83439458,12.30721103,2.562,2.500,73.30,5.21,1.390,2.72,7,7,1,GPS Fix (SPS),Reverse
1770571617.89622,57.83439183,12.30719850,57.83439321,12.30720477,2.562,2.500,73.50,5.21,1.390,2.15,7,7,1,GPS Fix (SPS),Reverse
1770571618.8951437,57.83438783,12.30720300,57.83439052,12.30720388,2.562,2.500,73.70,5.21,1.390,2.13,7,7,1,GPS Fix (SPS),Stopped
1770571619.9004333,57.83438783,12.30719517,57.83438918,12.30719953,2.562,2.500,74.10,5.21,1.390,2.35,7,7,1,GPS Fix (SPS),Reverse
1770571620.8912628,57.83438417,12.30721150,57.83438667,12.30720551,2.562,2.500,74.40,5.21,1.390,1.31,7,7,1,GPS Fix (SPS),Forward
1770571621.9022002,57.83437883,12.30722533,57.83438275,12.30721542,2.562,2.500,74.70,5.21,1.390,1.62,7,7,1,GPS Fix (SPS),Forward
1770571622.8893857,57.83437167,12.30722417,57.83437721,12.30721979,2.562,2.500,75.00,5.21,1.390,1.86,7,7,1,GPS Fix (SPS),Forward
1770571623.8933842,57.83435850,12.30724100,57.83436785,12.30723040,2.676,2.500,75.10,5.66,1.510,2.80,6,6,1,GPS Fix (SPS),Forward
1770571624.8893812,57.83435350,12.30724833,57.83436068,12.30723937,2.676,2.500,75.60,5.66,1.510,2.76,6,6,1,GPS Fix (SPS),Forward
1770571625.8855913,57.83434800,12.30725883,57.83435434,12.30724910,2.810,2.500,75.80,6.19,1.650,3.16,5,5,1,GPS Fix (SPS),Forward
1770571626.8933618,57.83434383,12.30727450,57.83434909,12.30726180,2.810,2.500,76.10,6.19,1.650,3.56,5,5,1,GPS Fix (SPS),Forward
1770571627.8892667,57.83434617,12.30728067,57.83434763,12.30727123,2.810,2.500,76.40,6.19,1.650,2.81,5,5,1,GPS Fix (SPS),Forward
1770571628.8914816,57.83434533,12.30729017,57.83434648,12.30728070,2.810,2.500,76.70,6.19,1.650,2.61,5,5,1,GPS Fix (SPS),Forward
1770571629.8873682,57.83435833,12.30728883,57.83435241,12.30728477,2.819,2.500,77.00,6.22,1.660,1.68,5,5,1,GPS Fix (SPS),Forward
1770571630.8964157,57.83436750,12.30728500,57.83435995,12.30728488,2.714,2.500,77.20,5.81,1.550,1.15,6,6,1,GPS Fix (SPS),Stopped
1770571631.8908257,57.83438117,12.30728367,57.83437056,12.30728427,2.714,2.500,77.30,5.81,1.550,1.15,6,6,1,GPS Fix (SPS),Stopped
1770571632.899633,57.83437950,12.30728533,57.83437503,12.30728480,2.562,2.500,77.60,5.21,1.390,0.68,7,7,1,GPS Fix (SPS),Stopped
1770571633.895209,57.83438317,12.30729100,57.83437910,12.30728790,2.562,2.500,77.40,5.21,1.390,1.01,7,7,1,GPS Fix (SPS),Stopped
1770571634.8916218,57.83439883,12.30729200,57.83438897,12.30728995,2.562,2.500,77.50,5.21,1.390,1.68,7,7,1,GPS Fix (SPS),Stopped
1770571635.9002085,57.83440200,12.30730167,57.83439548,12.30729581,2.562,2.500,77.50,5.21,1.390,1.77,7,7,1,GPS Fix (SPS),Forward
1770571636.8930266,57.83441017,12.30730250,57.83440282,12.30729915,2.562,2.500,77.50,5.21,1.390,1.18,7,7,1,GPS Fix (SPS),Stopped
1770571637.8866467,57.83441650,12.30730533,57.83440966,12.30730224,2.562,2.500,77.60,5.21,1.390,1.00,7,7,1,GPS Fix (SPS),Stopped
1770571638.8930922,57.83441617,12.30730933,57.83441291,12.30730579,2.562,2.500,77.50,5.21,1.390,0.59,7,7,1,GPS Fix (SPS),Forward
1770571639.8930902,57.83441000,12.30730850,57.83441146,12.30730714,2.562,2.500,77.80,5.21,1.390,0.37,7,7,1,GPS Fix (SPS),Stopped
1770571640.8892527,57.83442267,12.30728467,57.83441706,12.30729591,2.562,2.500,77.90,5.21,1.390,1.58,7,7,1,GPS Fix (SPS),Reverse
1770571641.890729,57.83443233,12.30727167,57.83442470,12.30728379,2.562,2.500,77.80,5.21,1.390,2.24,7,7,1,GPS Fix (SPS),Reverse
1770571642.8989587,57.83442267,12.30727850,57.83442368,12.30728114,2.562,2.500,77.80,5.21,1.390,1.33,7,7,1,GPS Fix (SPS),Stopped
1770571643.891525,57.83442217,12.30728283,57.83442292,12.30728199,2.562,2.500,78.20,5.21,1.390,0.54,7,7,1,GPS Fix (SPS),Stopped
1770571644.8924313,57.83442350,12.30729200,57.83442321,12.30728699,2.562,2.500,78.60,5.21,1.390,0.27,7,7,1,GPS Fix (SPS),Forward
1770571645.9007506,57.83442350,12.30730600,57.83442336,12.30729650,2.562,2.500,78.70,5.21,1.390,0.64,7,7,1,GPS Fix (SPS),Forward
1770571646.8990514,57.83442200,12.30731450,57.83442268,12.30730550,2.562,2.500,79.30,5.21,1.390,0.91,7,7,1,GPS Fix (SPS),Forward
1770571647.8927526,57.83443417,12.30731467,57.83442842,12.30731008,2.562,2.500,79.40,5.21,1.390,0.90,7,7,1,GPS Fix (SPS),Forward
1770571648.8914518,57.83445883,12.30730167,57.83444363,12.30730587,2.562,2.500,79.60,5.21,1.390,2.70,7,7,1,GPS Fix (SPS),Reverse
1770571649.8924084,57.83446650,12.30730367,57.83445506,12.30730477,2.562,2.500,79.90,5.21,1.390,2.75,7,7,1,GPS Fix (SPS),Stopped
1770571650.9006276,57.83447100,12.30730000,57.83446303,12.30730239,2.562,2.500,80.20,5.21,1.390,2.31,7,7,1,GPS Fix (SPS),Stopped
1770571651.8947127,57.83445833,12.30729500,57.83446068,12.30729869,2.562,2.500,80.30,5.21,1.390,1.26,7,7,1,GPS Fix (SPS),Reverse
1770571652.8938637,57.83446467,12.30729667,57.83446267,12.30729768,2.562,2.500,80.50,5.21,1.390,1.04,7,7,1,GPS Fix (SPS),Stopped
1770571653.900337,57.83445650,12.30729967,57.83445959,12.30729867,2.562,2.500,81.00,5.21,1.390,0.39,7,7,1,GPS Fix (SPS),Stopped
1770571654.891242,57.83445667,12.30730433,57.83445813,12.30730150,2.562,2.500,81.10,5.21,1.390,0.17,7,7,1,GPS Fix (SPS),Stopped
1770571655.899033,57.83446150,12.30731150,57.83445981,12.30730650,2.562,2.500,81.40,5.21,1.390,0.73,7,7,1,GPS Fix (SPS),Forward
1770571656.9002814,57.83446467,12.30731767,57.83446224,12.30731208,2.562,2.500,81.70,5.21,1.390,1.03,7,7,1,GPS Fix (SPS),Forward
1770571657.892233,57.83446350,12.30732883,57.83446287,12.30732046,2.562,2.500,81.90,5.21,1.390,1.40,7,7,1,GPS Fix (SPS),Forward
1770571658.9008648,57.83446450,12.30734783,57.83446369,12.30733415,2.562,2.500,82.10,5.21,1.390,2.08,7,7,1,GPS Fix (SPS),Forward
1770571659.9067347,57.83445917,12.30735433,57.83446143,12.30734424,2.562,2.500,82.60,5.21,1.390,1.29,7,7,1,GPS Fix (SPS),Forward
1770571660.900287,57.83445600,12.30736200,57.83445871,12.30735312,2.562,2.500,83.10,5.21,1.390,1.20,7,7,1,GPS Fix (SPS),Forward
1770571661.8967597,57.83445633,12.30737083,57.83445752,12.30736198,2.562,2.500,83.50,5.21,1.390,1.39,7,7,1,GPS Fix (SPS),Forward
1770571662.8923426,57.83445533,12.30736650,57.83445643,12.30736424,2.562,2.500,83.80,5.21,1.390,0.85,7,7,1,GPS Fix (SPS),Stopped
1770571663.901031,57.83446933,12.30737183,57.83446288,12.30736804,2.562,2.500,83.90,5.21,1.390,1.86,7,7,1,GPS Fix (SPS),Forward
1770571664.8942418,57.83446533,12.30736750,57.83446411,12.30736777,2.562,2.500,84.20,5.21,1.390,0.67,7,7,1,GPS Fix (SPS),Stopped
1770571665.8909554,57.83446483,12.30737517,57.83446447,12.30737147,2.724,2.500,84.20,5.85,1.560,1.16,6,6,1,GPS Fix (SPS),Forward
1770571666.8924289,57.83444917,12.30737267,57.83445682,12.30737207,2.562,2.500,84.20,5.21,1.390,1.31,7,7,1,GPS Fix (SPS),Stopped
1770571667.8953843,57.83445050,12.30736250,57.83445366,12.30736728,2.562,2.500,84.10,5.21,1.390,0.73,7,7,1,GPS Fix (SPS),Reverse
1770571668.900347,57.83444267,12.30736333,57.83444816,12.30736531,2.562,2.500,84.10,5.21,1.390,1.37,7,7,1,GPS Fix (SPS),Stopped
1770571669.8976936,57.83444200,12.30736467,57.83444508,12.30736499,2.562,2.500,84.30,5.21,1.390,1.16,7,7,1,GPS Fix (SPS),Stopped
1770571670.8928633,57.83443800,12.30737200,57.83444154,12.30736849,2.562,2.500,84.70,5.21,1.390,1.56,7,7,1,GPS Fix (SPS),Forward
1770571671.8995614,57.83444233,12.30737417,57.83444194,12.30737133,2.562,2.500,85.10,5.21,1.390,1.12,7,7,1,GPS Fix (SPS),Stopped
1770571672.8950279,57.83444183,12.30738083,57.83444189,12.30737608,2.562,2.500,85.30,5.21,1.390,1.29,7,7,1,GPS Fix (SPS),Forward
1770571673.8906174,57.83442400,12.30738700,57.83443294,12.30738154,2.562,2.500,85.50,5.21,1.390,2.17,7,7,1,GPS Fix (SPS),Forward
1770571674.8962622,57.83440400,12.30737667,57.83441847,12.30737910,2.724,2.500,85.80,5.85,1.560,3.22,6,6,1,GPS Fix (SPS),Stopped
1770571675.8946428,57.83439600,12.30737167,57.83440724,12.30737539,2.724,2.500,85.90,5.85,1.560,2.73,6,6,1,GPS Fix (SPS),Reverse
1770571676.9014547,57.83438567,12.30736683,57.83439645,12.30737111,2.562,2.500,86.10,5.21,1.390,2.80,7,7,1,GPS Fix (SPS),Reverse
1770571677.8900628,57.83437433,12.30738150,57.83438539,12.30737630,2.562,2.500,86.60,5.21,1.390,3.05,7,7,1,GPS Fix (SPS),Forward
1770571678.892838,57.83436700,12.30737417,57.83437620,12.30737524,2.562,2.500,87.30,5.21,1.390,2.90,7,7,1,GPS Fix (SPS),Stopped
1770571679.90322,57.83435267,12.30738200,57.83436443,12.30737862,2.562,2.500,87.60,5.21,1.390,3.31,7,7,1,GPS Fix (SPS),Forward
1770571680.9044113,57.83434000,12.30738350,57.83435222,12.30738106,2.562,2.500,88.10,5.21,1.390,3.56,7,7,1,GPS Fix (SPS),Stopped
1770571681.9029458,57.83433067,12.30738917,57.83434144,12.30738511,2.562,2.500,88.40,5.21,1.390,3.47,7,7,1,GPS Fix (SPS),Forward
1770571682.8979545,57.83431883,12.30739250,57.83433014,12.30738881,2.562,2.500,88.80,5.21,1.390,3.76,7,7,1,GPS Fix (SPS),Forward
1770571683.8898194,57.83431817,12.30739617,57.83432415,12.30739249,2.562,2.500,89.20,5.21,1.390,2.92,7,7,1,GPS Fix (SPS),Forward
1770571684.8990262,57.83432517,12.30740000,57.83432466,12.30739624,2.562,2.500,89.40,5.21,1.390,1.77,7,7,1,GPS Fix (SPS),Forward
1770571685.895211,57.83433400,12.30740917,57.83432933,12.30740270,2.562,2.500,89.40,5.21,1.390,1.35,7,7,1,GPS Fix (SPS),Forward
1770571686.8921795,57.83433450,12.30741050,57.83433191,12.30740660,2.676,2.500,89.70,5.66,1.510,0.84,6,6,1,GPS Fix (SPS),Forward
1770571687.8965423,57.83433267,12.30741300,57.83433229,12.30740980,2.676,2.500,89.80,5.66,1.510,0.86,6,6,1,GPS Fix (SPS),Stopped
1770571688.8928053,57.83433883,12.30741367,57.83433556,12.30741173,2.676,2.500,89.80,5.66,1.510,0.37,6,6,1,GPS Fix (SPS),Stopped
1770571689.8977993,57.83434283,12.30742167,57.83433920,12.30741670,2.676,2.500,89.90,5.66,1.510,0.91,6,6,1,GPS Fix (SPS),Forward
1770571690.8912067,57.83434467,12.30742567,57.83434193,12.30742118,2.676,2.500,90.10,5.66,1.510,0.91,6,6,1,GPS Fix (SPS),Forward
1770571691.8950565,57.83435817,12.30742833,57.83435005,12.30742476,2.676,2.500,90.30,5.66,1.510,1.31,6,6,1,GPS Fix (SPS),Forward
1770571692.8976905,57.83435233,12.30743783,57.83435119,12.30743130,2.676,2.500,90.50,5.66,1.510,1.05,6,6,1,GPS Fix (SPS),Forward
1770571693.8941095,57.83435000,12.30746233,57.83435060,12.30744681,2.676,2.500,90.60,5.66,1.510,1.91,6,6,1,GPS Fix (SPS),Forward
1770571694.8886683,57.83435150,12.30747217,57.83435105,12.30745949,2.562,2.500,91.50,5.21,1.390,2.13,7,7,1,GPS Fix (SPS),Forward
1770571695.8948054,57.83435633,12.30747517,57.83435369,12.30746733,2.676,2.500,91.50,5.66,1.510,1.98,6,6,1,GPS Fix (SPS),Forward
1770571696.891485,57.83435817,12.30747000,57.83435593,12.30746866,2.676,2.500,91.70,5.66,1.510,1.06,6,6,1,GPS Fix (SPS),Stopped
1770571697.887692,57.83436033,12.30746833,57.83435813,12.30746850,2.676,2.500,91.70,5.66,1.510,0.73,6,6,1,GPS Fix (SPS),Stopped
1770571698.8877826,57.83435750,12.30745717,57.83435782,12.30746283,2.676,2.500,91.60,5.66,1.510,0.23,6,6,1,GPS Fix (SPS),Reverse
1770571699.89243,57.83434367,12.30748633,57.83435074,12.30747458,2.676,2.500,91.40,5.66,1.510,1.07,6,6,1,GPS Fix (SPS),Forward
1770571700.8980088,57.83434683,12.30751400,57.83434879,12.30749429,2.562,2.500,92.80,5.21,1.390,1.45,7,7,1,GPS Fix (SPS),Forward
1770571701.8939154,57.83434233,12.30751300,57.83434556,12.30750365,2.562,2.500,94.50,5.21,1.390,1.22,7,7,1,GPS Fix (SPS),Forward
1770571702.889904,57.83435500,12.30752167,57.83435028,12.30751266,3.324,2.500,94.80,8.21,2.190,1.83,5,5,1,GPS Fix (SPS),Forward
1770571703.8956556,57.83434933,12.30752550,57.83434981,12.30751908,3.324,2.500,94.90,8.21,2.190,1.68,5,5,1,GPS Fix (SPS),Forward
1770571704.9050198,57.83434483,12.30752517,57.83434732,12.30752212,3.314,2.500,95.20,8.18,2.180,1.26,5,5,1,GPS Fix (SPS),Stopped
1770571705.8990963,57.83438383,12.30750267,57.83436558,12.30751239,3.314,2.500,95.40,8.18,2.180,1.48,5,5,1,GPS Fix (SPS),Reverse
1770571706.8950768,57.83441717,12.30749550,57.83439137,12.30750395,2.676,2.500,96.00,5.66,1.510,2.92,6,6,1,GPS Fix (SPS),Reverse
1770571707.8992245,57.83442183,12.30749617,57.83440660,12.30750006,2.676,2.500,96.80,5.66,1.510,2.19,6,6,1,GPS Fix (SPS),Reverse
1770571708.8904145,57.83442767,12.30749850,57.83441713,12.30749928,2.676,2.500,97.50,5.66,1.510,1.74,6,6,1,GPS Fix (SPS),Stopped
1770571709.8915503,57.83442967,12.30749250,57.83442340,12.30749589,2.676,2.500,98.10,5.66,1.510,0.91,6,6,1,GPS Fix (SPS),Reverse
1770571710.8825977,57.83443383,12.30750433,57.83442862,12.30750011,2.676,2.500,98.60,5.66,1.510,1.15,6,6,1,GPS Fix (SPS),Forward
1770571711.8971753,57.83443533,12.30750067,57.83443198,12.30750039,2.676,2.500,99.00,5.66,1.510,0.49,6,6,1,GPS Fix (SPS),Stopped
1770571712.8947794,57.83443517,12.30750800,57.83443357,12.30750419,2.676,2.500,99.40,5.66,1.510,0.99,6,6,1,GPS Fix (SPS),Forward
1770571713.8974092,57.83443317,12.30751567,57.83443337,12.30750993,2.676,2.500,99.70,5.66,1.510,1.44,6,6,1,GPS Fix (SPS),Forward
1770571714.891548,57.83443800,12.30750917,57.83443568,12.30750955,2.676,2.500,100.20,5.66,1.510,0.77,6,6,1,GPS Fix (SPS),Stopped
1770571715.8966417,57.83444317,12.30749317,57.83443943,12.30750136,2.676,2.500,100.40,5.66,1.510,0.74,6,6,1,GPS Fix (SPS),Reverse
1770571716.8930886,57.83444933,12.30749000,57.83444438,12.30749568,2.676,2.500,100.40,5.66,1.510,0.34,6,6,1,GPS Fix (SPS),Reverse
1770571717.8997388,57.83445100,12.30749683,57.83444769,12.30749626,2.676,2.500,100.60,5.66,1.510,0.60,6,6,1,GPS Fix (SPS),Stopped
1770571718.9017887,57.83445267,12.30749950,57.83445018,12.30749788,2.676,2.500,100.70,5.66,1.510,0.82,6,6,1,GPS Fix (SPS),Stopped
1770571719.8899534,57.83445333,12.30749750,57.83445176,12.30749769,2.676,2.500,100.80,5.66,1.510,0.74,6,6,1,GPS Fix (SPS),Stopped
1770571720.890084,57.83445067,12.30750317,57.83445121,12.30750043,2.771,2.500,100.90,6.04,1.610,1.09,5,5,1,GPS Fix (SPS),Stopped
1770571721.8957634,57.83444517,12.30751417,57.83444819,12.30750730,2.771,2.500,101.10,6.04,1.610,1.80,5,5,1,GPS Fix (SPS),Forward
1770571722.8917644,57.83443800,12.30751000,57.83444309,12.30750865,2.771,2.500,101.10,6.04,1.610,1.68,5,5,1,GPS Fix (SPS),Stopped
1770571723.8977249,57.83442700,12.30750383,57.83443505,12.30750624,2.771,2.500,101.10,6.04,1.610,2.01,5,5,1,GPS Fix (SPS),Stopped
1770571724.8906677,57.83441650,12.30749283,57.83442577,12.30749954,2.771,2.500,101.00,6.04,1.610,2.48,5,5,1,GPS Fix (SPS),Reverse
1770571725.8994224,57.83441183,12.30748150,57.83441880,12.30749052,2.771,2.500,100.80,6.04,1.610,2.43,5,5,1,GPS Fix (SPS),Reverse
1770571726.8957932,57.83440350,12.30747633,57.83441115,12.30748343,2.686,2.500,100.50,5.70,1.520,2.54,6,6,1,GPS Fix (SPS),Reverse
1770571727.8908403,57.83439317,12.30747583,57.83440216,12.30747963,2.686,2.500,100.30,5.70,1.520,2.79,6,6,1,GPS Fix (SPS),Reverse
1770571728.8966835,57.83439100,12.30745867,57.83439658,12.30746915,2.686,2.500,100.30,5.70,1.520,2.22,6,6,1,GPS Fix (SPS),Reverse
1770571729.8930228,57.83438633,12.30744467,57.83439146,12.30745691,2.686,2.500,100.00,5.70,1.520,2.14,6,6,1,GPS Fix (SPS),Reverse
1770571730.8887868,57.83437917,12.30743900,57.83438531,12.30744795,2.686,2.500,99.90,5.70,1.520,2.00,6,6,1,GPS Fix (SPS),Reverse
1770571731.8889897,57.83437417,12.30743300,57.83437974,12.30744048,2.686,2.500,99.90,5.70,1.520,1.90,6,6,1,GPS Fix (SPS),Reverse
1770571732.8925042,57.83437167,12.30742067,57.83437570,12.30743057,2.838,2.500,99.70,6.30,1.680,1.86,5,5,1,GPS Fix (SPS),Reverse
1770571733.8884203,57.83437067,12.30740800,57.83437318,12.30741929,2.838,2.500,99.40,6.30,1.680,1.82,5,5,1,GPS Fix (SPS),Reverse
1770571734.8926861,57.83437583,12.30739050,57.83437451,12.30740489,2.838,2.500,99.20,6.30,1.680,1.53,5,5,1,GPS Fix (SPS),Reverse
1770571735.8894093,57.83438633,12.30736883,57.83438042,12.30738686,2.838,2.500,99.20,6.30,1.680,1.76,5,5,1,GPS Fix (SPS),Reverse
1770571736.8882966,57.83440217,12.30734150,57.83439129,12.30736418,2.838,2.500,99.20,6.30,1.680,2.79,5,5,1,GPS Fix (SPS),Reverse
1770571737.892142,57.83440683,12.30733100,57.83439906,12.30734759,2.838,2.500,99.10,6.30,1.680,2.51,5,5,1,GPS Fix (SPS),Reverse
1770571738.8879259,57.83441133,12.30732133,57.83440520,12.30733446,6.000,2.500,99.10,18.75,8.700,2.29,4,4,1,GPS Fix (SPS),Reverse
1770571739.8838596,57.83441500,12.30730733,57.83441010,12.30732090,6.000,2.500,99.00,18.75,8.710,2.41,4,4,1,GPS Fix (SPS),Reverse
1770571740.889833,57.83441950,12.30731683,57.83441480,12.30731887,6.000,2.500,98.90,18.75,8.730,1.31,4,4,1,GPS Fix (SPS),Stopped
1770571741.895226,57.83442267,12.30731633,57.83441873,12.30731760,6.000,2.500,98.80,18.75,8.740,1.18,4,4,1,GPS Fix (SPS),Stopped
1770571742.893881,57.83442517,12.30732833,57.83442195,12.30732297,6.000,2.500,98.50,18.75,8.750,0.64,4,4,1,GPS Fix (SPS),Forward
1770571743.8980305,57.83463933,12.30729450,57.83453064,12.30730873,6.000,2.500,98.50,18.75,8.770,10.01,4,4,1,GPS Fix (SPS),Reverse
1770571744.895356,57.83482183,12.30728117,57.83467624,12.30729495,2.838,2.500,99.80,6.30,1.680,16.87,5,5,1,GPS Fix (SPS),Reverse
1770571745.9035296,57.83498950,12.30727067,57.83483287,12.30728281,2.838,2.500,101.00,6.30,1.680,22.33,5,5,1,GPS Fix (SPS),Reverse
1770571746.8977625,57.83513983,12.30725600,57.83498635,12.30726940,2.838,2.500,102.20,6.30,1.680,26.25,5,5,1,GPS Fix (SPS),Reverse
1770571747.893124,57.83527417,12.30724733,57.83513026,12.30725837,2.838,2.500,103.40,6.30,1.680,29.09,5,5,1,GPS Fix (SPS),Reverse
1770571748.9001384,57.83541133,12.30723150,57.83527080,12.30724493,2.838,2.500,104.40,6.30,1.680,31.77,5,5,1,GPS Fix (SPS),Reverse
1770571753.890926,57.83550783,12.30714383,57.83538931,12.30719438,6.000,2.500,105.30,18.75,56.230,22.88,3,3,1,GPS Fix (SPS),Reverse
1770571754.8975167,57.83537017,12.30715567,57.83537974,12.30717503,3.286,2.500,106.60,8.06,2.150,17.51,4,4,1,GPS Fix (SPS),Reverse
1770571755.8929935,57.83526800,12.30716467,57.83532387,12.30716985,3.286,2.500,108.80,8.06,2.150,13.70,4,4,1,GPS Fix (SPS),Reverse
1770571756.8896618,57.83521433,12.30717217,57.83526910,12.30717101,3.286,2.500,110.40,8.06,2.150,11.54,4,4,1,GPS Fix (SPS),Stopped
1770571757.8830094,57.83513450,12.30721700,57.83520180,12.30719400,3.286,2.500,111.40,8.06,2.150,8.35,4,4,1,GPS Fix (SPS),Forward
1770571758.892721,57.83506783,12.30724867,57.83513482,12.30722133,3.076,2.500,112.80,7.24,1.930,6.15,5,5,1,GPS Fix (SPS),Forward
1770571759.8884954,57.83500900,12.30727717,57.83507191,12.30724925,3.076,2.500,113.80,7.24,1.930,4.10,5,5,1,GPS Fix (SPS),Forward
1770571760.8860948,57.83496583,12.30729033,57.83501887,12.30726979,3.076,2.500,114.50,7.24,1.930,3.09,5,5,1,GPS Fix (SPS),Forward
1770571761.8902974,57.83490450,12.30731583,57.83496169,12.30729281,3.076,2.500,115.00,7.24,1.930,1.07,5,5,1,GPS Fix (SPS),Forward
1770571762.8880017,57.83485017,12.30735167,57.83490593,12.30732224,3.076,2.500,115.50,7.24,1.930,1.30,5,5,1,GPS Fix (SPS),Forward
1770571763.8950844,57.83475717,12.30737417,57.83483155,12.30734820,3.076,2.500,116.10,7.24,1.930,2.38,5,5,1,GPS Fix (SPS),Forward
1770571764.8886826,57.83471783,12.30740050,57.83477469,12.30737435,2.362,2.500,114.90,4.42,1.180,2.03,6,6,1,GPS Fix (SPS),Forward
1770571765.8949258,57.83465283,12.30743267,57.83471376,12.30740351,2.362,2.500,114.70,4.42,1.180,3.49,6,6,1,GPS Fix (SPS),Forward
1770571766.890589,57.83462000,12.30744433,57.83466688,12.30742392,2.362,2.500,114.30,4.42,1.180,3.11,6,6,1,GPS Fix (SPS),Forward
1770571767.8870826,57.83460467,12.30744950,57.83463577,12.30743671,2.362,2.500,114.20,4.42,1.180,2.63,6,6,1,GPS Fix (SPS),Forward
1770571768.8938017,57.83459450,12.30745267,57.83461514,12.30744469,3.076,2.500,114.40,7.24,1.930,2.06,5,5,1,GPS Fix (SPS),Forward
1770571769.8897696,57.83458300,12.30744933,57.83459907,12.30744701,3.076,2.500,114.30,7.24,1.930,1.56,5,5,1,GPS Fix (SPS),Stopped
1770571770.882694,57.83457950,12.30745967,57.83458928,12.30745334,3.076,2.500,114.30,7.24,1.930,2.00,5,5,1,GPS Fix (SPS),Forward
1770571771.889753,57.83457500,12.30746083,57.83458214,12.30745709,6.000,2.500,114.10,18.75,9.190,1.71,4,4,1,GPS Fix (SPS),Forward
1770571772.8879313,57.83456467,12.30747767,57.83457340,12.30746738,2.848,2.500,113.40,6.34,1.690,2.45,5,5,1,GPS Fix (SPS),Forward
1770571773.882983,57.83455983,12.30749017,57.83456662,12.30747877,2.848,2.500,113.00,6.34,1.690,2.94,5,5,1,GPS Fix (SPS),Forward
1770571774.8891695,57.83455667,12.30749750,57.83456164,12.30748814,6.000,2.500,112.90,18.75,9.240,2.91,4,4,1,GPS Fix (SPS),Forward
1770571775.884045,57.83454683,12.30751233,57.83455424,12.30750023,6.000,2.500,112.80,18.75,9.250,3.42,4,4,1,GPS Fix (SPS),Forward
1770571776.890506,57.83453183,12.30752133,57.83454304,12.30751078,6.000,2.500,112.70,18.75,9.270,3.81,4,4,1,GPS Fix (SPS),Forward
1770571777.8899195,57.83450633,12.30753917,57.83452468,12.30752498,6.000,2.500,112.60,18.75,9.290,4.79,4,4,1,GPS Fix (SPS),Forward
1770571778.885553,57.83448367,12.30755867,57.83450418,12.30754182,6.000,2.500,112.70,18.75,9.300,5.36,4,4,1,GPS Fix (SPS),Forward
1770571779.889246,57.83448933,12.30755167,57.83449675,12.30754674,6.000,2.500,112.50,18.75,9.320,4.23,4,4,1,GPS Fix (SPS),Forward
1770571780.8881454,57.83448283,12.30755067,57.83448979,12.30754871,3.476,2.500,112.40,8.81,2.350,3.97,4,4,1,GPS Fix (SPS),Stopped
1770571781.892575,57.83449217,12.30754550,57.83449098,12.30754710,3.476,2.500,112.40,8.81,2.350,3.22,4,4,1,GPS Fix (SPS),Stopped
1770571782.8964617,57.83448183,12.30753750,57.83448641,12.30754230,2.781,2.500,112.00,6.08,1.620,3.43,5,5,1,GPS Fix (SPS),Reverse
1770571783.8955636,57.83444717,12.30754400,57.83446679,12.30754315,2.781,2.500,111.20,6.08,1.620,5.38,5,5,1,GPS Fix (SPS),Stopped
1770571784.9025707,57.83442567,12.30753817,57.83444623,12.30754066,2.781,2.500,110.80,6.08,1.620,6.17,5,5,1,GPS Fix (SPS),Stopped
1770571785.8977606,57.83441533,12.30754667,57.83443078,12.30754366,2.781,2.500,110.00,6.08,1.620,5.97,5,5,1,GPS Fix (SPS),Stopped
1770571786.9068239,57.83440000,12.30756667,57.83441539,12.30755516,2.686,2.500,109.90,5.70,1.520,6.37,6,6,1,GPS Fix (SPS),Forward
1770571787.9023318,57.83436733,12.30758067,57.83439136,12.30756792,2.686,2.500,109.70,5.70,1.520,7.58,6,6,1,GPS Fix (SPS),Forward
1770571788.8948114,57.83435383,12.30758567,57.83437260,12.30757679,2.686,2.500,110.10,5.70,1.520,6.98,6,6,1,GPS Fix (SPS),Forward
1770571789.8908038,57.83434267,12.30758933,57.83435763,12.30758306,2.848,2.500,110.60,6.34,1.690,6.31,5,5,1,GPS Fix (SPS),Forward
1770571790.8994365,57.83433533,12.30760417,57.83434648,12.30759361,2.848,2.500,111.10,6.34,1.690,6.02,5,5,1,GPS Fix (SPS),Forward
1770571791.8947425,57.83432000,12.30761800,57.83433324,12.30760581,2.686,2.500,111.50,5.70,1.520,6.08,6,6,1,GPS Fix (SPS),Forward
1770571792.8901155,57.83430700,12.30761683,57.83432012,12.30761132,4.771,2.500,112.00,13.91,3.710,5.88,5,5,1,GPS Fix (SPS),Forward
1770571793.8909125,57.83428600,12.30759933,57.83430306,12.30760533,4.771,2.500,112.20,13.91,3.710,6.17,5,5,1,GPS Fix (SPS),Reverse
1770571794.8991926,57.83425967,12.30758267,57.83428136,12.30759400,4.771,2.500,112.60,13.91,3.710,6.83,5,5,1,GPS Fix (SPS),Reverse
1770571795.8992677,57.83421400,12.30756667,57.83424768,12.30758033,4.771,2.500,113.00,13.91,3.710,8.57,5,5,1,GPS Fix (SPS),Reverse
1770571796.8823469,57.83417717,12.30754200,57.83421242,12.30756117,4.771,2.500,113.50,13.91,3.710,9.62,5,5,1,GPS Fix (SPS),Reverse
1770571799.889511,57.83412583,12.30749017,57.83416913,12.30752567,6.000,2.500,113.90,18.75,44.630,8.56,3,3,1,GPS Fix (SPS),Reverse
1770571800.895389,57.83410883,12.30749050,57.83413898,12.30750808,5.057,2.500,109.00,15.04,4.010,8.33,4,4,1,GPS Fix (SPS),Reverse
1770571801.9023433,57.83411783,12.30747217,57.83412841,12.30749012,5.057,2.500,108.90,15.04,4.010,7.27,4,4,1,GPS Fix (SPS),Reverse
1770571802.8965492,57.83408567,12.30747117,57.83410704,12.30748065,5.057,2.500,108.80,15.04,4.010,8.03,4,4,1,GPS Fix (SPS),Reverse
1770571803.8939583,57.83409000,12.30744267,57.83409852,12.30746166,5.057,2.500,108.60,15.04,4.010,7.18,4,4,1,GPS Fix (SPS),Reverse
1770571804.8867214,57.83412417,12.30741733,57.83411134,12.30743949,3.924,2.500,108.50,10.57,2.820,5.14,5,5,1,GPS Fix (SPS),Reverse
1770571805.8864045,57.83416617,12.30738317,57.83413875,12.30741133,3.210,2.500,108.30,7.76,2.070,3.85,6,6,1,GPS Fix (SPS),Reverse
1770571806.8823483,57.83423400,12.30733967,57.83418638,12.30737550,4.762,2.500,107.90,13.88,3.700,3.67,5,5,1,GPS Fix (SPS),Reverse
1770571807.8824227,57.83432217,12.30729500,57.83425427,12.30733525,6.000,2.500,107.40,18.75,9.800,5.49,4,4,1,GPS Fix (SPS),Reverse
1770571808.8848732,57.83443483,12.30724467,57.83434455,12.30728996,6.000,2.500,106.80,18.75,9.810,8.62,4,4,1,GPS Fix (SPS),Reverse
1770571809.890649,57.83445667,12.30725200,57.83440061,12.30727098,3.924,2.500,106.10,10.57,2.820,8.13,5,5,1,GPS Fix (SPS),Reverse
1770571815.8845189,57.83454500,12.30726467,57.83447280,12.30726782,6.000,2.500,105.90,18.75,99.990,6.11,0,0,1,GPS Fix (SPS),Stopped
1770571816.86853,57.83456700,12.30725400,57.83451990,12.30726091,6.000,2.500,104.70,18.75,7.470,6.11,3,3,1,GPS Fix (SPS),Reverse
1770571817.8826702,57.83460850,12.30724383,57.83456420,12.30725237,6.000,2.500,104.60,18.75,7.480,6.82,3,3,1,GPS Fix (SPS),Reverse
1770571818.8854597,57.83463567,12.30723217,57.83459993,12.30724227,6.000,2.500,104.60,18.75,7.480,6.79,3,3,1,GPS Fix (SPS),Reverse
1770571819.8841531,57.83464433,12.30722517,57.83462213,12.30723372,6.000,2.500,104.50,18.75,7.480,6.34,3,3,1,GPS Fix (SPS),Reverse
1770571820.8849676,57.83464100,12.30721817,57.83463157,12.30722594,6.000,2.500,104.50,18.75,7.490,5.72,3,3,1,GPS Fix (SPS),Reverse
1770571821.8778062,57.83468367,12.30718750,57.83465762,12.30720672,6.000,2.500,104.50,18.75,7.490,7.13,3,3,1,GPS Fix (SPS),Reverse
1770571822.8855941,57.83470217,12.30719067,57.83467989,12.30719869,6.000,2.500,104.60,18.75,7.490,7.11,3,3,1,GPS Fix (SPS),Reverse
1770571825.8825455,57.83475067,12.30711833,57.83471528,12.30715851,6.000,2.500,104.60,18.75,99.990,6.92,0,0,1,GPS Fix (SPS),Reverse
1770571826.8970513,57.83483683,12.30712467,57.83477606,12.30714159,5.333,2.500,103.70,16.12,4.300,8.62,4,4,1,GPS Fix (SPS),Reverse
1770571827.8921242,57.83484267,12.30711217,57.83480936,12.30712688,5.343,2.500,102.80,16.16,4.310,8.10,4,4,1,GPS Fix (SPS),Reverse
1770571828.885468,57.83484917,12.30717100,57.83482926,12.30714894,6.000,2.500,103.10,18.75,11.200,7.70,3,3,1,GPS Fix (SPS),Forward
1770571829.8961546,57.83487850,12.30717700,57.83485388,12.30716297,6.000,2.500,103.00,18.75,5.030,8.70,4,4,1,GPS Fix (SPS),Forward
1770571830.8913121,57.83488600,12.30715700,57.83486994,12.30715998,6.000,2.500,102.80,18.75,11.160,8.24,3,3,1,GPS Fix (SPS),Stopped
1770571831.890311,57.83488617,12.30718367,57.83487805,12.30717183,6.000,2.500,103.00,18.75,11.150,7.79,3,3,1,GPS Fix (SPS),Forward
1770571832.8938284,57.83489183,12.30719667,57.83488494,12.30718425,6.000,2.500,102.70,18.75,5.020,7.47,4,4,1,GPS Fix (SPS),Forward
1770571833.900027,57.83489483,12.30720533,57.83488989,12.30719479,6.000,2.500,102.40,18.75,5.020,6.86,4,4,1,GPS Fix (SPS),Forward
1770571834.9008508,57.83489833,12.30721433,57.83489411,12.30720456,3.924,2.500,101.70,10.57,2.820,6.36,5,5,1,GPS Fix (SPS),Forward
1770571835.8939772,57.83489400,12.30723200,57.83489406,12.30721828,3.924,2.500,101.10,10.57,2.820,5.75,5,5,1,GPS Fix (SPS),Forward
1770571836.8843899,57.83489950,12.30724000,57.83489678,12.30722914,3.924,2.500,100.60,10.57,2.820,5.49,5,5,1,GPS Fix (SPS),Forward
1770571837.8980074,57.83489983,12.30724517,57.83489831,12.30723715,3.924,2.500,100.10,10.57,2.820,5.13,5,5,1,GPS Fix (SPS),Forward
1770571838.8916557,57.83489767,12.30724883,57.83489799,12.30724299,3.924,2.500,99.70,10.57,2.820,4.82,5,5,1,GPS Fix (SPS),Forward
1770571839.8925366,57.83485433,12.30727933,57.83487616,12.30726116,3.924,2.500,99.40,10.57,2.820,3.57,5,5,1,GPS Fix (SPS),Forward
1770571840.890027,57.83482183,12.30729500,57.83484900,12.30727808,3.200,2.500,99.30,7.72,2.060,2.62,6,6,1,GPS Fix (SPS),Forward
1770571841.8992379,57.83479900,12.30730317,57.83482400,12.30729062,3.200,2.500,99.00,7.72,2.060,1.95,6,6,1,GPS Fix (SPS),Forward
1770571842.890607,57.83468633,12.30734317,57.83475517,12.30731690,3.200,2.500,98.80,7.72,2.060,0.56,6,6,1,GPS Fix (SPS),Forward
1770571843.890773,57.83465583,12.30735717,57.83470550,12.30733703,2.562,2.500,98.00,5.21,1.390,1.11,7,7,1,GPS Fix (SPS),Forward
1770571844.9028962,57.83463050,12.30736750,57.83466800,12.30735227,2.562,2.500,97.50,5.21,1.390,1.07,7,7,1,GPS Fix (SPS),Forward
1770571845.8953428,57.83462283,12.30735767,57.83464542,12.30735497,2.562,2.500,97.20,5.21,1.390,0.45,7,7,1,GPS Fix (SPS),Stopped
1770571846.8846288,57.83461167,12.30734750,57.83462854,12.30735123,2.562,2.500,96.90,5.21,1.390,0.77,7,7,1,GPS Fix (SPS),Reverse
1770571847.894929,57.83460233,12.30733850,57.83461544,12.30734487,2.562,2.500,96.50,5.21,1.390,1.11,7,7,1,GPS Fix (SPS),Reverse
1770571848.9028695,57.83458150,12.30733683,57.83459847,12.30734085,2.562,2.500,96.20,5.21,1.390,0.85,7,7,1,GPS Fix (SPS),Reverse
1770571849.8913105,57.83456533,12.30732783,57.83458190,12.30733434,2.562,2.500,96.00,5.21,1.390,1.42,7,7,1,GPS Fix (SPS),Reverse
1770571850.8965435,57.83456150,12.30731067,57.83457170,12.30732250,2.562,2.500,95.60,5.21,1.390,2.01,7,7,1,GPS Fix (SPS),Reverse
1770571851.9038641,57.83453850,12.30730767,57.83455510,12.30731509,2.562,2.500,95.30,5.21,1.390,2.14,7,7,1,GPS Fix (SPS),Reverse
1770571852.8971481,57.83453367,12.30729500,57.83454438,12.30730504,2.562,2.500,94.90,5.21,1.390,2.05,7,7,1,GPS Fix (SPS),Reverse
1770571853.8947566,57.83453533,12.30729283,57.83453986,12.30729894,2.562,2.500,94.60,5.21,1.390,1.40,7,7,1,GPS Fix (SPS),Reverse
1770571854.8827903,57.83453500,12.30728167,57.83453743,12.30729030,2.562,2.500,94.30,5.21,1.390,1.86,7,7,1,GPS Fix (SPS),Reverse
1770571855.8945765,57.83452650,12.30727917,57.83453196,12.30728473,2.752,2.500,94.00,5.96,1.590,1.38,6,6,1,GPS Fix (SPS),Reverse
1770571856.889685,57.83452200,12.30728317,57.83452698,12.30728395,2.752,2.500,93.70,5.96,1.590,0.90,6,6,1,GPS Fix (SPS),Stopped
1770571857.8862853,57.83450233,12.30729233,57.83451466,12.30728814,2.752,2.500,93.50,5.96,1.590,0.97,6,6,1,GPS Fix (SPS),Forward
1770571858.8845062,57.83449917,12.30728933,57.83450691,12.30728874,2.752,2.500,93.30,5.96,1.590,0.81,6,6,1,GPS Fix (SPS),Stopped
1770571859.8845003,57.83448683,12.30728517,57.83449687,12.30728695,2.752,2.500,92.90,5.96,1.590,1.48,6,6,1,GPS Fix (SPS),Stopped
1770571860.894602,57.83447567,12.30729133,57.83448627,12.30728914,2.752,2.500,92.60,5.96,1.590,1.21,6,6,1,GPS Fix (SPS),Stopped
1770571861.8893023,57.83447217,12.30729083,57.83447922,12.30728999,2.752,2.500,92.40,5.96,1.590,0.71,6,6,1,GPS Fix (SPS),Stopped
1770571862.8884022,57.83447300,12.30729633,57.83447611,12.30729316,2.752,2.500,92.20,5.96,1.590,0.39,6,6,1,GPS Fix (SPS),Stopped
1770571863.8918989,57.83447050,12.30730533,57.83447330,12.30729925,2.752,2.500,91.90,5.96,1.590,0.55,6,6,1,GPS Fix (SPS),Forward
1770571864.8907838,57.83446767,12.30731383,57.83447049,12.30730654,2.867,2.500,91.60,6.41,1.710,0.48,5,5,1,GPS Fix (SPS),Forward
1770571865.8875325,57.83446850,12.30731633,57.83446949,12.30731144,2.867,2.500,91.30,6.41,1.710,0.12,5,5,1,GPS Fix (SPS),Forward
1770571866.8903158,57.83446833,12.30732800,57.83446891,12.30731972,2.867,2.500,91.00,6.41,1.710,0.46,5,5,1,GPS Fix (SPS),Forward
1770571867.8915555,57.83448117,12.30733283,57.83447504,12.30732628,2.867,2.500,90.60,6.41,1.710,1.19,5,5,1,GPS Fix (SPS),Forward
1770571868.892225,57.83449167,12.30734267,57.83448335,12.30733447,2.867,2.500,90.30,6.41,1.710,1.87,5,5,1,GPS Fix (SPS),Forward
1770571869.8884325,57.83449483,12.30734233,57.83448909,12.30733840,2.867,2.500,89.90,6.41,1.710,1.67,5,5,1,GPS Fix (SPS),Forward
1770571870.8955824,57.83449500,12.30735350,57.83449205,12.30734595,2.867,2.500,89.60,6.41,1.710,1.74,5,5,1,GPS Fix (SPS),Forward
1770571871.8904328,57.83450600,12.30735683,57.83449902,12.30735139,2.867,2.500,89.30,6.41,1.710,2.56,5,5,1,GPS Fix (SPS),Forward
1770571872.88483,57.83449433,12.30736650,57.83449668,12.30735895,2.867,2.500,89.00,6.41,1.710,1.41,5,5,1,GPS Fix (SPS),Forward
1770571873.8827095,57.83449583,12.30737333,57.83449626,12.30736614,2.867,2.500,88.70,6.41,1.710,1.54,5,5,1,GPS Fix (SPS),Forward
1770571874.8855774,57.83450733,12.30737000,57.83450179,12.30736807,2.867,2.500,88.40,6.41,1.710,1.96,5,5,1,GPS Fix (SPS),Stopped
1770571875.8850696,57.83451533,12.30736933,57.83450856,12.30736870,2.867,2.500,88.00,6.41,1.710,2.68,5,5,1,GPS Fix (SPS),Stopped
1770571876.8914647,57.83452067,12.30736583,57.83451462,12.30736727,2.752,2.500,87.70,5.96,1.590,3.03,6,6,1,GPS Fix (SPS),Stopped
1770571877.8877194,57.83452100,12.30735900,57.83451781,12.30736313,2.752,2.500,87.40,5.96,1.590,2.70,6,6,1,GPS Fix (SPS),Reverse
1770571878.8825734,57.83452083,12.30735733,57.83451932,12.30736023,2.752,2.500,87.10,5.96,1.590,2.37,6,6,1,GPS Fix (SPS),Stopped
1770571879.8889668,57.83453133,12.30735650,57.83452533,12.30735837,2.752,2.500,86.70,5.96,1.590,2.95,6,6,1,GPS Fix (SPS),Stopped
1770571880.8975477,57.83454950,12.30736250,57.83453741,12.30736043,2.752,2.500,86.30,5.96,1.590,4.36,6,6,1,GPS Fix (SPS),Stopped
1770571881.8925455,57.83456250,12.30736300,57.83454996,12.30736172,2.752,2.500,85.80,5.96,1.590,5.06,6,6,1,GPS Fix (SPS),Stopped
1770571882.8874404,57.83456300,12.30736300,57.83455648,12.30736236,2.752,2.500,85.50,5.96,1.590,4.37,6,6,1,GPS Fix (SPS),Stopped
1770571883.895245,57.83455200,12.30736950,57.83455424,12.30736593,2.752,2.500,85.10,5.96,1.590,3.13,6,6,1,GPS Fix (SPS),Forward
1770571884.8905165,57.83454517,12.30736917,57.83454970,12.30736755,2.571,2.500,85.00,5.25,1.400,2.43,7,7,1,GPS Fix (SPS),Stopped
1770571885.8970215,57.83454767,12.30736750,57.83454868,12.30736752,2.571,2.500,84.80,5.25,1.400,2.55,7,7,1,GPS Fix (SPS),Stopped
1770571886.893802,57.83454033,12.30736700,57.83454451,12.30736726,2.571,2.500,84.60,5.25,1.400,1.63,7,7,1,GPS Fix (SPS),Stopped
1770571887.89284,57.83453583,12.30735800,57.83454017,12.30736263,2.571,2.500,84.40,5.25,1.400,1.41,7,7,1,GPS Fix (SPS),Reverse
1770571888.8953066,57.83454250,12.30734533,57.83454134,12.30735398,2.695,2.500,84.10,5.74,1.530,2.24,6,6,1,GPS Fix (SPS),Reverse
1770571889.8963902,57.83454183,12.30733100,57.83454158,12.30734249,2.695,2.500,83.90,5.74,1.530,2.64,6,6,1,GPS Fix (SPS),Reverse
1770571890.8850617,57.83452817,12.30732000,57.83453488,12.30733125,2.695,2.500,83.50,5.74,1.530,2.64,6,6,1,GPS Fix (SPS),Reverse
1770571891.8934133,57.83452817,12.30731183,57.83453152,12.30732154,2.695,2.500,83.20,5.74,1.530,2.47,6,6,1,GPS Fix (SPS),Reverse
1770571892.8902879,57.83452667,12.30731100,57.83452909,12.30731627,2.695,2.500,83.00,5.74,1.530,1.93,6,6,1,GPS Fix (SPS),Reverse
1770571893.8843925,57.83451483,12.30730667,57.83452196,12.30731147,2.695,2.500,83.10,5.74,1.530,1.95,6,6,1,GPS Fix (SPS),Reverse
1770571894.8907278,57.83452150,12.30730233,57.83452173,12.30730690,2.867,2.500,82.90,6.41,1.710,1.61,5,5,1,GPS Fix (SPS),Reverse
1770571895.8899372,57.83451100,12.30729833,57.83451637,12.30730262,2.867,2.500,82.90,6.41,1.710,1.76,5,5,1,GPS Fix (SPS),Reverse
1770571896.89053,57.83450367,12.30730150,57.83451002,12.30730206,2.867,2.500,82.70,6.41,1.710,1.65,5,5,1,GPS Fix (SPS),Stopped
1770571897.8833325,57.83448100,12.30731750,57.83449551,12.30730978,2.867,2.500,82.70,6.41,1.710,2.40,5,5,1,GPS Fix (SPS),Forward
1770571898.8857548,57.83448783,12.30733383,57.83449167,12.30732181,2.695,2.500,83.00,5.74,1.530,0.75,6,6,1,GPS Fix (SPS),Forward
1770571899.8924289,57.83450317,12.30733000,57.83449742,12.30732590,2.695,2.500,83.60,5.74,1.530,0.39,6,6,1,GPS Fix (SPS),Forward
1770571900.8891916,57.83450467,12.30733767,57.83450104,12.30733178,2.867,2.500,83.50,6.41,1.710,0.62,5,5,1,GPS Fix (SPS),Forward
1770571901.8880787,57.83450333,12.30734100,57.83450219,12.30733639,2.867,2.500,83.40,6.41,1.710,0.53,5,5,1,GPS Fix (SPS),Forward
1770571902.8894684,57.83449517,12.30733033,57.83449868,12.30733336,2.867,2.500,83.20,6.41,1.710,1.03,5,5,1,GPS Fix (SPS),Stopped
1770571903.8866882,57.83448567,12.30732250,57.83449217,12.30732793,2.876,2.500,83.10,6.45,1.720,1.79,5,5,1,GPS Fix (SPS),Reverse
1770571904.8940167,57.83450750,12.30731167,57.83449984,12.30731980,2.876,2.500,82.90,6.45,1.720,0.94,5,5,1,GPS Fix (SPS),Reverse
1770571905.8918374,57.83452450,12.30730400,57.83451217,12.30731190,2.876,2.500,82.90,6.45,1.720,1.49,5,5,1,GPS Fix (SPS),Reverse
1770571906.8872254,57.83452367,12.30730717,57.83451792,12.30730953,2.876,2.500,82.80,6.45,1.720,0.82,5,5,1,GPS Fix (SPS),Stopped
1770571907.8914034,57.83451967,12.30730267,57.83451879,12.30730610,2.876,2.500,82.90,6.45,1.720,0.72,5,5,1,GPS Fix (SPS),Reverse
1770571908.897902,57.83452100,12.30729483,57.83451990,12.30730047,2.876,2.500,82.80,6.45,1.720,0.98,5,5,1,GPS Fix (SPS),Reverse
1770571909.8912833,57.83452550,12.30728317,57.83452270,12.30729182,2.876,2.500,82.60,6.45,1.720,1.42,5,5,1,GPS Fix (SPS),Reverse
1770571910.8885355,57.83451883,12.30727483,57.83452077,12.30728332,2.876,2.500,82.50,6.45,1.720,1.74,5,5,1,GPS Fix (SPS),Reverse
1770571911.8886924,57.83451500,12.30726767,57.83451788,12.30727550,2.876,2.500,82.30,6.45,1.720,1.86,5,5,1,GPS Fix (SPS),Reverse
1770571912.8923974,57.83452233,12.30727017,57.83452011,12.30727283,2.876,2.500,82.30,6.45,1.720,0.66,5,5,1,GPS Fix (SPS),Stopped
1770571913.8928554,57.83452400,12.30726150,57.83452205,12.30726717,2.762,2.500,82.60,6.00,1.600,0.91,6,6,1,GPS Fix (SPS),Reverse
1770571914.8900871,57.83451933,12.30724583,57.83452069,12.30725650,2.762,2.500,82.60,6.00,1.600,1.64,6,6,1,GPS Fix (SPS),Reverse
1770571915.899224,57.83450500,12.30724433,57.83451285,12.30725042,2.762,2.500,82.60,6.00,1.600,1.68,6,6,1,GPS Fix (SPS),Reverse
1770571916.8971975,57.83451317,12.30724433,57.83451301,12.30724737,2.762,2.500,82.50,6.00,1.600,0.67,6,6,1,GPS Fix (SPS),Stopped
1770571917.8916214,57.83451483,12.30723850,57.83451392,12.30724294,2.762,2.500,82.60,6.00,1.600,0.39,6,6,1,GPS Fix (SPS),Reverse
1770571918.8880816,57.83452567,12.30723267,57.83451979,12.30723780,2.571,2.500,81.80,5.25,1.400,0.19,7,7,1,GPS Fix (SPS),Reverse
1770571919.8953993,57.83451833,12.30722517,57.83451906,12.30723148,2.695,2.500,81.20,5.74,1.530,1.71,6,6,1,GPS Fix (SPS),Reverse
1770571920.9000597,57.83453017,12.30720933,57.83452462,12.30722041,2.695,2.500,80.40,5.74,1.530,1.32,6,6,1,GPS Fix (SPS),Reverse
1770571921.896154,57.83454567,12.30719433,57.83453514,12.30720737,2.695,2.500,80.00,5.74,1.530,1.24,6,6,1,GPS Fix (SPS),Reverse
1770571922.8925085,57.83454883,12.30718600,57.83454199,12.30719669,2.267,2.500,79.50,4.05,1.080,1.10,8,8,1,GPS Fix (SPS),Reverse
1770571923.9030862,57.83456500,12.30717883,57.83455349,12.30718776,2.267,2.500,78.90,4.05,1.080,1.75,8,8,1,GPS Fix (SPS),Reverse
1770571924.8981986,57.83456817,12.30717450,57.83456083,12.30718113,2.571,2.500,78.70,5.25,1.400,1.56,7,7,1,GPS Fix (SPS),Reverse
1770571925.8930836,57.83458667,12.30716900,57.83457375,12.30717506,2.571,2.500,78.10,5.25,1.400,2.62,7,7,1,GPS Fix (SPS),Reverse
1770571926.9034507,57.83461833,12.30715733,57.83459604,12.30716620,2.571,2.500,77.90,5.25,1.400,4.50,7,7,1,GPS Fix (SPS),Reverse
1770571927.8843396,57.83463600,12.30715583,57.83461602,12.30716102,2.571,2.500,77.80,5.25,1.400,4.89,7,7,1,GPS Fix (SPS),Reverse
1770571928.8995435,57.83466683,12.30712100,57.83464143,12.30714101,3.181,2.500,77.70,7.65,2.040,6.33,6,6,1,GPS Fix (SPS),Reverse
1770571929.8971503,57.83468200,12.30710883,57.83466171,12.30712492,3.181,2.500,77.20,7.65,2.040,6.12,6,6,1,GPS Fix (SPS),Reverse
1770571930.8990421,57.83469267,12.30710550,57.83467719,12.30711521,3.181,2.500,77.10,7.65,2.040,5.56,6,6,1,GPS Fix (SPS),Reverse
1770571931.8823402,57.83470733,12.30710233,57.83469226,12.30710877,3.181,2.500,77.10,7.65,2.040,5.49,6,6,1,GPS Fix (SPS),Reverse
1770571932.8847487,57.83471750,12.30709200,57.83470488,12.30710039,3.181,2.500,77.00,7.65,2.040,5.11,6,6,1,GPS Fix (SPS),Reverse
1770571933.899282,57.83473917,12.30709083,57.83472202,12.30709561,3.181,2.500,76.90,7.65,2.040,5.53,6,6,1,GPS Fix (SPS),Reverse
1770571934.8915153,57.83476433,12.30707800,57.83474318,12.30708680,2.571,2.500,77.10,5.25,1.400,6.10,7,7,1,GPS Fix (SPS),Reverse
1770571935.884943,57.83478883,12.30704017,57.83476601,12.30706349,2.571,2.500,77.30,5.25,1.400,7.10,7,7,1,GPS Fix (SPS),Reverse
1770571936.900854,57.83480167,12.30702350,57.83478384,12.30704349,3.171,2.500,77.10,7.61,2.030,6.99,6,6,1,GPS Fix (SPS),Reverse
1770571937.8909369,57.83480567,12.30701400,57.83479475,12.30702875,3.171,2.500,76.90,7.61,2.030,6.20,6,6,1,GPS Fix (SPS),Reverse
1770571938.8948138,57.83480300,12.30702067,57.83479888,12.30702471,3.171,2.500,76.90,7.61,2.030,4.97,6,6,1,GPS Fix (SPS),Reverse
1770571939.8849728,57.83479150,12.30705433,57.83479519,12.30703952,3.171,2.500,76.70,7.61,2.030,3.42,6,6,1,GPS Fix (SPS),Forward
1770571940.8832164,57.83477633,12.30707250,57.83478576,12.30705601,3.171,2.500,76.60,7.61,2.030,2.26,6,6,1,GPS Fix (SPS),Forward
1770571941.8935454,57.83476333,12.30708250,57.83477455,12.30706925,3.171,2.500,76.30,7.61,2.030,1.34,6,6,1,GPS Fix (SPS),Forward
1770571942.8872344,57.83474500,12.30710700,57.83475977,12.30708813,3.171,2.500,76.00,7.61,2.030,1.77,6,6,1,GPS Fix (SPS),Forward
1770571943.8929956,57.83472433,12.30713800,57.83474205,12.30711306,3.171,2.500,75.80,7.61,2.030,3.09,6,6,1,GPS Fix (SPS),Forward
1770571944.8909419,57.83471817,12.30714700,57.83473011,12.30713003,3.171,2.500,75.30,7.61,2.030,2.71,6,6,1,GPS Fix (SPS),Forward
1770571945.8877625,57.83470100,12.30715750,57.83471556,12.30714377,3.171,2.500,75.10,7.61,2.030,2.71,6,6,1,GPS Fix (SPS),Forward
1770571946.8908594,57.83469550,12.30715567,57.83470553,12.30714972,3.171,2.500,74.90,7.61,2.030,2.00,6,6,1,GPS Fix (SPS),Forward
1770571947.8917856,57.83468317,12.30715983,57.83469435,12.30715477,3.171,2.500,74.70,7.61,2.030,2.11,6,6,1,GPS Fix (SPS),Forward
1770571948.8816488,57.83467950,12.30716433,57.83468692,12.30715955,3.171,2.500,74.50,7.61,2.030,1.65,6,6,1,GPS Fix (SPS),Forward
1770571949.8892248,57.83466767,12.30716600,57.83467730,12.30716278,3.171,2.500,74.50,7.61,2.030,1.85,6,6,1,GPS Fix (SPS),Stopped
1770571950.8908865,57.83466750,12.30715733,57.83467240,12.30716006,3.171,2.500,74.30,7.61,2.030,1.52,6,6,1,GPS Fix (SPS),Stopped
1770571951.89011,57.83466750,12.30715433,57.83466995,12.30715719,3.171,2.500,74.50,7.61,2.030,1.12,6,6,1,GPS Fix (SPS),Stopped
1770571952.8859313,57.83467517,12.30715317,57.83467256,12.30715518,3.171,2.500,74.70,7.61,2.030,0.22,6,6,1,GPS Fix (SPS),Stopped
1770571953.891559,57.83467567,12.30715700,57.83467411,12.30715609,3.171,2.500,74.90,7.61,2.030,0.35,6,6,1,GPS Fix (SPS),Stopped
1770571954.8864527,57.83466733,12.30714883,57.83467072,12.30715246,3.733,2.500,75.00,9.83,2.620,0.53,5,5,1,GPS Fix (SPS),Reverse
1770571955.8905573,57.83465900,12.30714417,57.83466486,12.30714831,3.733,2.500,75.00,9.83,2.620,0.99,5,5,1,GPS Fix (SPS),Reverse
1770571956.891299,57.83463667,12.30713917,57.83465076,12.30714374,3.733,2.500,75.00,9.83,2.620,1.27,5,5,1,GPS Fix (SPS),Reverse
1770571957.891651,57.83462183,12.30712900,57.83463630,12.30713637,2.667,2.500,74.10,5.62,1.500,1.61,6,6,1,GPS Fix (SPS),Reverse
1770571958.8826582,57.83459400,12.30712350,57.83461515,12.30712994,2.667,2.500,73.20,5.62,1.500,2.21,6,6,1,GPS Fix (SPS),Reverse
1770571959.8993092,57.83460150,12.30712700,57.83460832,12.30712847,2.390,2.500,72.40,4.54,1.210,0.96,7,7,1,GPS Fix (SPS),Stopped
1770571960.8962932,57.83459183,12.30714033,57.83460008,12.30713440,2.267,2.500,71.90,4.05,1.080,0.29,8,8,1,GPS Fix (SPS),Forward
1770571961.882734,57.83457300,12.30714617,57.83458654,12.30714028,2.571,2.500,71.70,5.25,1.400,1.51,7,7,1,GPS Fix (SPS),Forward
1770571962.8992293,57.83455817,12.30714367,57.83457235,12.30714198,2.571,2.500,70.90,5.25,1.400,2.24,7,7,1,GPS Fix (SPS),Stopped
1770571963.8932488,57.83454717,12.30714817,57.83455976,12.30714507,2.571,2.500,70.40,5.25,1.400,2.23,7,7,1,GPS Fix (SPS),Stopped
1770571964.8863595,57.83453017,12.30714700,57.83454496,12.30714604,2.571,2.500,70.20,5.25,1.400,2.92,7,7,1,GPS Fix (SPS),Stopped
1770571965.8925626,57.83453033,12.30714767,57.83453765,12.30714685,2.571,2.500,69.90,5.25,1.400,1.56,7,7,1,GPS Fix (SPS),Stopped
1770571966.8889308,57.83452317,12.30715433,57.83453041,12.30715059,2.571,2.500,69.50,5.25,1.400,1.36,7,7,1,GPS Fix (SPS),Forward
1770571967.884373,57.83451133,12.30715867,57.83452087,12.30715463,2.571,2.500,69.00,5.25,1.400,1.82,7,7,1,GPS Fix (SPS),Forward
1770571968.8848722,57.83450600,12.30716567,57.83451344,12.30716015,2.571,2.500,68.90,5.25,1.400,1.43,7,7,1,GPS Fix (SPS),Forward
1770571969.8999283,57.83449167,12.30717633,57.83450255,12.30716824,2.571,2.500,68.70,5.25,1.400,2.16,7,7,1,GPS Fix (SPS),Forward
1770571970.8909085,57.83449133,12.30718050,57.83449694,12.30717437,2.571,2.500,68.60,5.25,1.400,1.07,7,7,1,GPS Fix (SPS),Forward
1770571971.8829734,57.83448533,12.30717783,57.83449114,12.30717610,2.571,2.500,68.40,5.25,1.400,0.63,7,7,1,GPS Fix (SPS),Stopped
1770571972.8959544,57.83447367,12.30717667,57.83448240,12.30717638,2.571,2.500,68.30,5.25,1.400,1.25,7,7,1,GPS Fix (SPS),Stopped
1770571973.8866074,57.83447300,12.30717750,57.83447770,12.30717694,2.571,2.500,68.30,5.25,1.400,0.64,7,7,1,GPS Fix (SPS),Stopped
1770571974.8849878,57.83446867,12.30717200,57.83447318,12.30717447,2.571,2.500,68.30,5.25,1.400,1.05,7,7,1,GPS Fix (SPS),Stopped
1770571975.892958,57.83447083,12.30717850,57.83447201,12.30717649,2.667,2.500,68.20,5.62,1.500,0.22,6,6,1,GPS Fix (SPS),Stopped
1770571976.8898299,57.83446933,12.30716783,57.83447067,12.30717216,2.667,2.500,68.10,5.62,1.500,1.10,6,6,1,GPS Fix (SPS),Reverse
1770571977.8861692,57.83446717,12.30716583,57.83446892,12.30716900,2.667,2.500,68.20,5.62,1.500,1.06,6,6,1,GPS Fix (SPS),Stopped
1770571978.889253,57.83447183,12.30717483,57.83447038,12.30717191,2.667,2.500,68.20,5.62,1.500,0.75,6,6,1,GPS Fix (SPS),Stopped
1770571979.8942876,57.83447450,12.30717317,57.83447244,12.30717254,2.667,2.500,68.20,5.62,1.500,0.97,6,6,1,GPS Fix (SPS),Stopped
1770571980.889594,57.83447600,12.30719833,57.83447422,12.30718544,2.667,2.500,68.10,5.62,1.500,1.60,6,6,1,GPS Fix (SPS),Forward
1770571981.8850362,57.83446917,12.30719933,57.83447169,12.30719239,2.667,2.500,67.80,5.62,1.500,0.88,6,6,1,GPS Fix (SPS),Forward
1770571982.8928766,57.83448050,12.30720883,57.83447610,12.30720061,2.667,2.500,67.90,5.62,1.500,1.87,6,6,1,GPS Fix (SPS),Forward
1770571983.8885753,57.83448517,12.30721150,57.83448063,12.30720605,2.667,2.500,67.90,5.62,1.500,1.78,6,6,1,GPS Fix (SPS),Forward
1770571984.884041,57.83449000,12.30722333,57.83448532,12.30721469,2.886,2.500,68.00,6.49,1.730,2.24,5,5,1,GPS Fix (SPS),Forward
1770571985.879865,57.83450167,12.30721333,57.83449349,12.30721401,2.886,2.500,67.90,6.49,1.730,2.31,5,5,1,GPS Fix (SPS),Stopped
1770571986.8852735,57.83451067,12.30721950,57.83450208,12.30721676,2.886,2.500,67.70,6.49,1.730,2.54,5,5,1,GPS Fix (SPS),Stopped
1770571987.8904665,57.83452867,12.30722133,57.83451537,12.30721905,2.886,2.500,67.90,6.49,1.730,3.32,5,5,1,GPS Fix (SPS),Stopped
1770571988.8856108,57.83453883,12.30721467,57.83452710,12.30721686,2.886,2.500,67.90,6.49,1.730,3.38,5,5,1,GPS Fix (SPS),Stopped
1770571989.893747,57.83455233,12.30722150,57.83453972,12.30721918,2.886,2.500,68.00,6.49,1.730,4.00,5,5,1,GPS Fix (SPS),Stopped
1770571990.8895442,57.83455983,12.30719650,57.83454978,12.30720784,2.667,2.500,68.10,5.62,1.500,4.03,6,6,1,GPS Fix (SPS),Reverse
1770571991.8954003,57.83456450,12.30716733,57.83455714,12.30718759,2.571,2.500,69.40,5.25,1.400,4.03,7,7,1,GPS Fix (SPS),Reverse
1770571992.8914235,57.83456567,12.30717317,57.83456140,12.30718038,2.571,2.500,70.50,5.25,1.400,3.31,7,7,1,GPS Fix (SPS),Reverse
1770571993.8957162,57.83457300,12.30717433,57.83456720,12.30717735,2.571,2.500,71.10,5.25,1.400,3.60,7,7,1,GPS Fix (SPS),Stopped
1770571994.8926644,57.83456567,12.30715767,57.83456643,12.30716751,2.571,2.500,72.00,5.25,1.400,2.65,7,7,1,GPS Fix (SPS),Reverse
1770571995.897845,57.83456617,12.30713350,57.83456630,12.30715051,2.571,2.500,73.10,5.25,1.400,3.18,7,7,1,GPS Fix (SPS),Reverse
1770571996.8853958,57.83456567,12.30713667,57.83456598,12.30714359,2.571,2.500,74.10,5.25,1.400,2.58,7,7,1,GPS Fix (SPS),Reverse
1770571997.8917642,57.83456750,12.30715333,57.83456674,12.30714846,2.571,2.500,74.80,5.25,1.400,2.32,7,7,1,GPS Fix (SPS),Forward
1770571998.902169,57.83454733,12.30714400,57.83455704,12.30714623,2.571,2.500,75.00,5.25,1.400,1.11,7,7,1,GPS Fix (SPS),Stopped
1770571999.8931568,57.83454133,12.30713683,57.83454919,12.30714153,2.571,2.500,75.40,5.25,1.400,1.43,7,7,1,GPS Fix (SPS),Reverse
1770572000.8897276,57.83453150,12.30715400,57.83454034,12.30714777,2.571,2.500,75.80,5.25,1.400,0.22,7,7,1,GPS Fix (SPS),Forward
1770572001.8941994,57.83453133,12.30714217,57.83453584,12.30714497,2.571,2.500,76.00,5.25,1.400,1.85,7,7,1,GPS Fix (SPS),Stopped
1770572002.8913171,57.83454517,12.30713800,57.83454050,12.30714148,2.267,2.500,75.50,4.05,1.080,1.43,8,8,1,GPS Fix (SPS),Reverse
1770572003.8876276,57.83455233,12.30714317,57.83454642,12.30714232,2.267,2.500,74.70,4.05,1.080,0.87,8,8,1,GPS Fix (SPS),Stopped
1770572004.893192,57.83456167,12.30713700,57.83455404,12.30713966,2.267,2.500,74.00,4.05,1.080,0.89,8,8,1,GPS Fix (SPS),Stopped
1770572005.8901486,57.83455300,12.30714750,57.83455352,12.30714358,2.267,2.500,73.40,4.05,1.080,0.69,8,8,1,GPS Fix (SPS),Forward
1770572006.8952172,57.83453450,12.30716167,57.83454401,12.30715262,2.571,2.500,73.70,5.25,1.400,1.73,7,7,1,GPS Fix (SPS),Forward
1770572007.8922064,57.83452667,12.30718250,57.83453534,12.30716756,2.571,2.500,74.00,5.25,1.400,1.95,7,7,1,GPS Fix (SPS),Forward
1770572008.8980482,57.83452333,12.30719250,57.83452934,12.30718003,2.705,2.500,73.90,5.78,1.540,2.23,6,6,1,GPS Fix (SPS),Forward
1770572009.8931332,57.83452483,12.30718700,57.83452708,12.30718352,2.267,2.500,73.20,4.05,1.080,1.90,8,8,1,GPS Fix (SPS),Forward
1770572010.8827364,57.83451583,12.30719933,57.83452146,12.30719142,2.267,2.500,72.80,4.05,1.080,2.83,8,8,1,GPS Fix (SPS),Forward
1770572011.8954587,57.83451033,12.30720283,57.83451590,12.30719713,2.267,2.500,72.20,4.05,1.080,3.09,8,8,1,GPS Fix (SPS),Forward
1770572012.8906167,57.83450617,12.30721450,57.83451103,12.30720581,2.267,2.500,71.50,4.05,1.080,3.46,8,8,1,GPS Fix (SPS),Forward
1770572013.896563,57.83448833,12.30722533,57.83449968,12.30721557,2.267,2.500,70.70,4.05,1.080,3.80,8,8,1,GPS Fix (SPS),Forward
1770572014.8823674,57.83447433,12.30723500,57.83448701,12.30722529,2.571,2.500,70.70,5.25,1.400,3.82,7,7,1,GPS Fix (SPS),Forward
1770572015.8876348,57.83446017,12.30723117,57.83447359,12.30722823,2.571,2.500,70.60,5.25,1.400,3.57,7,7,1,GPS Fix (SPS),Stopped
1770572016.8857863,57.83445000,12.30721717,57.83446179,12.30722270,2.571,2.500,70.60,5.25,1.400,3.53,7,7,1,GPS Fix (SPS),Reverse
1770572017.8932397,57.83444700,12.30720667,57.83445440,12.30721468,2.705,2.500,70.70,5.78,1.540,2.69,6,6,1,GPS Fix (SPS),Reverse
1770572018.8869185,57.83444283,12.30720283,57.83444862,12.30720876,2.705,2.500,70.60,5.78,1.540,2.32,6,6,1,GPS Fix (SPS),Reverse
1770572019.8900483,57.83444550,12.30720567,57.83444706,12.30720721,2.705,2.500,70.70,5.78,1.540,1.49,6,6,1,GPS Fix (SPS),Stopped
1770572020.889156,57.83444867,12.30723800,57.83444786,12.30722261,2.705,2.500,70.50,5.78,1.540,2.20,6,6,1,GPS Fix (SPS),Forward
1770572021.883443,57.83445383,12.30725100,57.83445085,12.30723680,2.705,2.500,70.20,5.78,1.540,2.19,6,6,1,GPS Fix (SPS),Forward
1770572022.8797722,57.83444767,12.30724433,57.83444926,12.30724057,2.895,2.500,69.90,6.52,1.740,1.01,5,5,1,GPS Fix (SPS),Forward
1770572023.8884645,57.83444367,12.30723700,57.83444646,12.30723878,2.895,2.500,69.60,6.52,1.740,0.60,5,5,1,GPS Fix (SPS),Stopped
1770572024.8823695,57.83443950,12.30724417,57.83444298,12.30724148,2.895,2.500,69.40,6.52,1.740,0.82,5,5,1,GPS Fix (SPS),Stopped
1770572025.8773334,57.83444433,12.30723950,57.83444366,12.30724049,2.895,2.500,69.20,6.52,1.740,0.30,5,5,1,GPS Fix (SPS),Stopped
1770572026.881349,57.83444367,12.30724033,57.83444366,12.30724041,2.895,2.500,69.00,6.52,1.740,0.18,5,5,1,GPS Fix (SPS),Stopped
1770572027.8873603,57.83446083,12.30723417,57.83445225,12.30723729,2.895,2.500,68.80,6.52,1.740,1.12,5,5,1,GPS Fix (SPS),Stopped
1770572028.8942049,57.83447233,12.30722333,57.83446229,12.30723031,2.705,2.500,68.30,5.78,1.540,1.75,6,6,1,GPS Fix (SPS),Reverse
1770572029.8899891,57.83447183,12.30723583,57.83446706,12.30723307,2.705,2.500,68.00,5.78,1.540,1.38,6,6,1,GPS Fix (SPS),Stopped
1770572030.8841734,57.83447717,12.30724333,57.83447211,12.30723820,2.705,2.500,67.80,5.78,1.540,1.50,6,6,1,GPS Fix (SPS),Forward
1770572031.8861747,57.83447783,12.30724167,57.83447497,12.30723993,2.705,2.500,67.80,5.78,1.540,1.40,6,6,1,GPS Fix (SPS),Stopped
1770572032.8880012,57.83447617,12.30723267,57.83447557,12.30723630,2.705,2.500,67.40,5.78,1.540,1.50,6,6,1,GPS Fix (SPS),Reverse
1770572033.8825214,57.83447083,12.30723250,57.83447320,12.30723440,2.705,2.500,67.40,5.78,1.540,1.21,6,6,1,GPS Fix (SPS),Stopped
1770572034.8825128,57.83447433,12.30724033,57.83447377,12.30723737,2.705,2.500,67.40,5.78,1.540,0.95,6,6,1,GPS Fix (SPS),Stopped
1770572035.8824003,57.83447867,12.30723333,57.83447622,12.30723535,2.705,2.500,67.40,5.78,1.540,1.25,6,6,1,GPS Fix (SPS),Stopped
1770572036.8756425,57.83447683,12.30722783,57.83447653,12.30723159,2.705,2.500,67.20,5.78,1.540,1.31,6,6,1,GPS Fix (SPS),Reverse
1770572037.887758,57.83447867,12.30721733,57.83447760,12.30722446,2.705,2.500,67.50,5.78,1.540,1.72,6,6,1,GPS Fix (SPS),Reverse
1770572038.891388,57.83448150,12.30723000,57.83447955,12.30722723,2.705,2.500,67.40,5.78,1.540,0.99,6,6,1,GPS Fix (SPS),Stopped
1770572039.8828807,57.83448483,12.30720650,57.83448219,12.30721687,2.705,2.500,67.60,5.78,1.540,1.91,6,6,1,GPS Fix (SPS),Reverse
1770572040.896289,57.83449550,12.30720817,57.83448885,12.30721252,2.705,2.500,67.70,5.78,1.540,1.89,6,6,1,GPS Fix (SPS),Reverse
1770572041.8823283,57.83451383,12.30725400,57.83450134,12.30723326,2.705,2.500,67.90,5.78,1.540,3.49,6,6,1,GPS Fix (SPS),Forward
1770572042.8861265,57.83454033,12.30727650,57.83452084,12.30725488,2.705,2.500,67.50,5.78,1.540,4.83,6,6,1,GPS Fix (SPS),Forward
1770572043.8826194,57.83455633,12.30728000,57.83453858,12.30726744,2.705,2.500,67.00,5.78,1.540,5.03,6,6,1,GPS Fix (SPS),Forward
1770572044.8888323,57.83456733,12.30727300,57.83455296,12.30727022,5.010,2.500,66.60,14.85,3.960,4.67,5,5,1,GPS Fix (SPS),Stopped
1770572045.885015,57.83457300,12.30727350,57.83456298,12.30727186,5.010,2.500,66.20,14.85,3.960,4.10,5,5,1,GPS Fix (SPS),Stopped
1770572046.8895335,57.83458950,12.30726750,57.83457624,12.30726968,5.010,2.500,65.80,14.85,3.960,4.22,5,5,1,GPS Fix (SPS),Stopped
1770572047.8861935,57.83459767,12.30727583,57.83458695,12.30727276,5.010,2.500,65.50,14.85,3.960,3.86,5,5,1,GPS Fix (SPS),Stopped
1770572048.8892322,57.83460717,12.30727050,57.83459706,12.30727163,5.010,2.500,65.20,14.85,3.960,3.75,5,5,1,GPS Fix (SPS),Stopped
1770572049.8828056,57.83460433,12.30726800,57.83460070,12.30726981,5.010,2.500,65.10,14.85,3.960,3.18,5,5,1,GPS Fix (SPS),Stopped
1770572050.8811235,57.83459783,12.30728750,57.83459926,12.30727866,5.000,2.500,65.00,14.81,3.950,2.40,5,5,1,GPS Fix (SPS),Forward
1770572051.88302,57.83460633,12.30730233,57.83460280,12.30729050,5.000,2.500,65.00,14.81,3.950,2.94,5,5,1,GPS Fix (SPS),Forward
1770572052.8826373,57.83460100,12.30729750,57.83460190,12.30729400,5.000,2.500,64.80,14.81,3.950,2.04,5,5,1,GPS Fix (SPS),Forward
1770572053.890185,57.83459200,12.30728267,57.83459695,12.30728833,5.000,2.500,64.80,14.81,3.950,1.31,5,5,1,GPS Fix (SPS),Reverse
1770572054.8827486,57.83457917,12.30729650,57.83458806,12.30729242,5.000,2.500,64.80,14.81,3.950,0.56,5,5,1,GPS Fix (SPS),Forward
1770572055.8897219,57.83457217,12.30730300,57.83458011,12.30729771,5.000,2.500,64.80,14.81,3.950,0.58,5,5,1,GPS Fix (SPS),Forward
1770572056.8846364,57.83457133,12.30731283,57.83457572,12.30730527,5.000,2.500,64.80,14.81,3.950,0.71,5,5,1,GPS Fix (SPS),Forward
1770572057.8913667,57.83456600,12.30732033,57.83457086,12.30731280,4.990,2.500,64.70,14.78,3.940,1.08,5,5,1,GPS Fix (SPS),Forward
1770572058.890126,57.83457200,12.30732133,57.83457143,12.30731707,4.990,2.500,64.60,14.78,3.940,0.46,5,5,1,GPS Fix (SPS),Forward
1770572059.8846977,57.83456517,12.30733500,57.83456830,12.30732603,4.990,2.500,64.40,14.78,3.940,1.13,5,5,1,GPS Fix (SPS),Forward
1770572060.883168,57.83453900,12.30731733,57.83455365,12.30732168,4.990,2.500,64.30,14.78,3.940,1.32,5,5,1,GPS Fix (SPS),Reverse
1770572061.8836544,57.83452600,12.30732050,57.83453982,12.30732109,2.705,2.500,65.50,5.78,1.540,1.92,6,6,1,GPS Fix (SPS),Stopped
1770572062.8784633,57.83452433,12.30731183,57.83453208,12.30731646,4.533,2.500,66.10,12.97,3.460,1.29,5,5,1,GPS Fix (SPS),Reverse
1770572063.8861988,57.83452033,12.30731183,57.83452621,12.30731415,4.533,2.500,66.20,12.97,3.460,1.41,5,5,1,GPS Fix (SPS),Stopped
1770572064.8819444,57.83452217,12.30730183,57.83452419,12.30730799,4.533,2.500,66.50,12.97,3.460,0.71,5,5,1,GPS Fix (SPS),Reverse
1770572065.8775945,57.83452200,12.30730183,57.83452309,12.30730491,4.533,2.500,66.70,12.97,3.460,0.86,5,5,1,GPS Fix (SPS),Stopped
1770572066.882658,57.83452050,12.30729517,57.83452180,12.30730004,4.533,2.500,67.00,12.97,3.460,0.50,5,5,1,GPS Fix (SPS),Reverse
1770572067.8920896,57.83452050,12.30729817,57.83452115,12.30729910,4.533,2.500,67.20,12.97,3.460,0.61,5,5,1,GPS Fix (SPS),Stopped
1770572068.8853827,57.83451517,12.30730583,57.83451816,12.30730247,4.524,2.500,67.40,12.94,3.450,1.11,5,5,1,GPS Fix (SPS),Stopped
1770572069.868133,57.83450817,12.30729767,57.83451316,12.30730007,4.524,2.500,67.60,12.94,3.450,0.44,5,5,1,GPS Fix (SPS),Stopped
1770572070.8860476,57.83450717,12.30730733,57.83451016,12.30730370,4.524,2.500,67.90,12.94,3.450,1.01,5,5,1,GPS Fix (SPS),Forward
1770572071.892509,57.83451417,12.30729533,57.83451217,12.30729952,4.524,2.500,68.20,12.94,3.450,0.25,5,5,1,GPS Fix (SPS),Reverse
1770572072.8751178,57.83450167,12.30727983,57.83450692,12.30728968,4.524,2.500,68.20,12.94,3.450,0.89,5,5,1,GPS Fix (SPS),Reverse
1770572073.8826509,57.83450667,12.30727333,57.83450679,12.30728150,4.524,2.500,68.40,12.94,3.450,0.69,5,5,1,GPS Fix (SPS),Reverse
1770572074.8830395,57.83449550,12.30726700,57.83450115,12.30727425,2.705,2.500,68.30,5.78,1.540,1.03,6,6,1,GPS Fix (SPS),Reverse
1770572075.882486,57.83448833,12.30727183,57.83449474,12.30727304,2.705,2.500,68.30,5.78,1.540,0.63,6,6,1,GPS Fix (SPS),Stopped
1770572076.8858628,57.83449833,12.30727433,57.83449654,12.30727369,2.705,2.500,68.50,5.78,1.540,0.15,6,6,1,GPS Fix (SPS),Stopped
1770572077.892932,57.83449767,12.30727033,57.83449710,12.30727201,2.705,2.500,68.80,5.78,1.540,0.52,6,6,1,GPS Fix (SPS),Stopped
1770572078.8925095,57.83450167,12.30726467,57.83449938,12.30726834,2.705,2.500,69.00,5.78,1.540,0.82,6,6,1,GPS Fix (SPS),Reverse
1770572079.887747,57.83450067,12.30727183,57.83450003,12.30727009,2.705,2.500,69.40,5.78,1.540,0.39,6,6,1,GPS Fix (SPS),Stopped
1770572080.8906662,57.83450150,12.30726683,57.83450076,12.30726846,2.705,2.500,69.80,5.78,1.540,0.48,6,6,1,GPS Fix (SPS),Stopped
1770572081.8887053,57.83449967,12.30728217,57.83450021,12.30727531,2.705,2.500,69.90,5.78,1.540,0.98,6,6,1,GPS Fix (SPS),Forward
1770572082.8879583,57.83449150,12.30728867,57.83449586,12.30728199,2.714,2.500,69.80,5.81,1.550,1.12,6,6,1,GPS Fix (SPS),Forward
1770572083.8824975,57.83448667,12.30728167,57.83449126,12.30728183,2.714,2.500,69.90,5.81,1.550,0.78,6,6,1,GPS Fix (SPS),Stopped
1770572084.8881583,57.83447333,12.30727500,57.83448230,12.30727841,2.714,2.500,70.30,5.81,1.550,1.40,6,6,1,GPS Fix (SPS),Reverse
1770572085.8842614,57.83446717,12.30727933,57.83447473,12.30727887,2.714,2.500,70.80,5.81,1.550,1.46,6,6,1,GPS Fix (SPS),Stopped
1770572086.8910387,57.83446250,12.30726783,57.83446862,12.30727335,4.514,2.500,71.20,12.90,3.440,1.37,5,5,1,GPS Fix (SPS),Reverse
1770572087.8877265,57.83446133,12.30725850,57.83446497,12.30726593,4.505,2.500,71.40,12.86,3.430,1.47,5,5,1,GPS Fix (SPS),Reverse
1770572088.89072,57.83446383,12.30725917,57.83446440,12.30726255,4.505,2.500,71.80,12.86,3.430,1.14,5,5,1,GPS Fix (SPS),Reverse
1770572089.8916564,57.83445317,12.30727633,57.83445879,12.30726944,4.505,2.500,72.10,12.86,3.430,1.22,5,5,1,GPS Fix (SPS),Forward
1770572090.8922029,57.83444033,12.30728867,57.83444956,12.30727905,2.971,2.500,72.70,6.83,1.820,1.63,6,6,1,GPS Fix (SPS),Forward
1770572091.8847225,57.83443683,12.30730467,57.83444320,12.30729186,2.971,2.500,73.40,6.83,1.820,2.34,6,6,1,GPS Fix (SPS),Forward
1770572092.890277,57.83443817,12.30730733,57.83444068,12.30729960,2.714,2.500,73.70,5.81,1.550,2.11,6,6,1,GPS Fix (SPS),Forward
1770572093.8885965,57.83442450,12.30730817,57.83443259,12.30730388,2.714,2.500,73.90,5.81,1.550,2.12,6,6,1,GPS Fix (SPS),Forward
1770572094.8907387,57.83442017,12.30731350,57.83442638,12.30730869,2.714,2.500,74.00,5.81,1.550,1.93,6,6,1,GPS Fix (SPS),Forward
1770572095.890716,57.83442367,12.30731400,57.83442502,12.30731135,2.714,2.500,74.10,5.81,1.550,1.46,6,6,1,GPS Fix (SPS),Stopped
1770572096.8902607,57.83443350,12.30730967,57.83442926,12.30731051,2.714,2.500,74.10,5.81,1.550,0.95,6,6,1,GPS Fix (SPS),Stopped
1770572097.8936732,57.83442433,12.30731200,57.83442680,12.30731125,2.714,2.500,74.10,5.81,1.550,1.03,6,6,1,GPS Fix (SPS),Stopped
1770572098.8856869,57.83441350,12.30729817,57.83442015,12.30730471,2.314,2.500,74.50,4.24,1.130,0.44,7,7,1,GPS Fix (SPS),Reverse
1770572099.8932388,57.83439867,12.30729267,57.83440941,12.30729869,2.314,2.500,75.00,4.24,1.130,0.84,7,7,1,GPS Fix (SPS),Reverse
1770572100.889997,57.83437733,12.30730250,57.83439337,12.30730059,2.267,2.500,75.40,4.05,1.080,0.66,8,8,1,GPS Fix (SPS),Stopped
1770572101.8958285,57.83436183,12.30730633,57.83437760,12.30730346,2.267,2.500,75.50,4.05,1.080,0.94,8,8,1,GPS Fix (SPS),Stopped
1770572102.8895173,57.83434833,12.30730550,57.83436297,12.30730448,2.267,2.500,75.80,4.05,1.080,1.11,8,8,1,GPS Fix (SPS),Stopped
1770572103.9020398,57.83434583,12.30730117,57.83435440,12.30730282,2.267,2.500,76.20,4.05,1.080,0.54,8,8,1,GPS Fix (SPS),Stopped
1770572104.8913634,57.83434900,12.30729550,57.83435170,12.30729916,2.267,2.500,76.80,4.05,1.080,0.56,8,8,1,GPS Fix (SPS),Reverse
1770572105.8825946,57.83435167,12.30727883,57.83435168,12.30728900,2.267,2.500,77.10,4.05,1.080,1.42,8,8,1,GPS Fix (SPS),Reverse
1770572106.893418,57.83434333,12.30727800,57.83434751,12.30728350,2.267,2.500,77.30,4.05,1.080,1.01,8,8,1,GPS Fix (SPS),Reverse
1770572107.8902035,57.83432933,12.30729833,57.83433842,12.30729092,2.267,2.500,77.60,4.05,1.080,1.28,8,8,1,GPS Fix (SPS),Forward
1770572108.8948014,57.83432150,12.30730383,57.83432996,12.30729737,2.267,2.500,77.80,4.05,1.080,1.82,8,8,1,GPS Fix (SPS),Forward
1770572109.8902261,57.83432367,12.30731283,57.83432681,12.30730510,2.267,2.500,78.30,4.05,1.080,1.55,8,8,1,GPS Fix (SPS),Forward
1770572110.8911781,57.83432833,12.30731383,57.83432757,12.30730947,2.267,2.500,78.50,4.05,1.080,0.97,8,8,1,GPS Fix (SPS),Forward
1770572111.8910224,57.83433283,12.30731450,57.83433020,12.30731198,2.267,2.500,78.90,4.05,1.080,0.79,8,8,1,GPS Fix (SPS),Stopped
1770572112.8845258,57.83433183,12.30730767,57.83433102,12.30730983,2.267,2.500,79.00,4.05,1.080,0.17,8,8,1,GPS Fix (SPS),Stopped
1770572113.894791,57.83432950,12.30731083,57.83433026,12.30731033,2.267,2.500,79.20,4.05,1.080,0.47,8,8,1,GPS Fix (SPS),Stopped
1770572114.8901012,57.83433017,12.30731733,57.83433021,12.30731383,2.267,2.500,79.70,4.05,1.080,0.37,8,8,1,GPS Fix (SPS),Forward
1770572115.895736,57.83433317,12.30731467,57.83433169,12.30731425,2.267,2.500,79.90,4.05,1.080,0.16,8,8,1,GPS Fix (SPS),Stopped
1770572116.891458,57.83433917,12.30732117,57.83433543,12.30731771,2.267,2.500,80.20,4.05,1.080,0.56,8,8,1,GPS Fix (SPS),Forward
1770572117.8825786,57.83434033,12.30731850,57.83433788,12.30731810,2.267,2.500,80.40,4.05,1.080,0.22,8,8,1,GPS Fix (SPS),Stopped
1770572118.8953187,57.83435150,12.30728983,57.83434469,12.30730397,2.543,2.500,80.60,5.14,1.370,2.25,7,7,1,GPS Fix (SPS),Reverse
1770572119.8992283,57.83435700,12.30730083,57.83435085,12.30730240,2.543,2.500,81.20,5.14,1.370,1.47,7,7,1,GPS Fix (SPS),Stopped
1770572120.8956985,57.83436583,12.30730467,57.83435834,12.30730353,2.543,2.500,81.80,5.14,1.370,1.74,7,7,1,GPS Fix (SPS),Stopped
1770572121.8907897,57.83437150,12.30731583,57.83436492,12.30730968,2.543,2.500,82.40,5.14,1.370,1.88,7,7,1,GPS Fix (SPS),Forward
1770572122.8961518,57.83437850,12.30731517,57.83437171,12.30731243,2.543,2.500,82.80,5.14,1.370,2.06,7,7,1,GPS Fix (SPS),Stopped
1770572123.882529,57.83438083,12.30732017,57.83437627,12.30731630,2.267,2.500,83.30,4.05,1.080,1.75,8,8,1,GPS Fix (SPS),Forward
1770572124.890369,57.83438283,12.30732817,57.83437955,12.30732223,2.267,2.500,84.00,4.05,1.080,1.44,8,8,1,GPS Fix (SPS),Forward
1770572125.893007,57.83439000,12.30732967,57.83438478,12.30732595,2.267,2.500,84.30,4.05,1.080,1.76,8,8,1,GPS Fix (SPS),Forward
1770572126.8972495,57.83439400,12.30734217,57.83438939,12.30733406,2.267,2.500,84.30,4.05,1.080,1.96,8,8,1,GPS Fix (SPS),Forward
1770572127.8909032,57.83439683,12.30733550,57.83439311,12.30733478,2.267,2.500,84.20,4.05,1.080,1.35,8,8,1,GPS Fix (SPS),Stopped
1770572128.9012694,57.83439917,12.30733900,57.83439614,12.30733689,2.267,2.500,84.20,4.05,1.080,1.15,8,8,1,GPS Fix (SPS),Stopped
1770572129.893374,57.83440133,12.30734017,57.83439874,12.30733853,2.267,2.500,84.40,4.05,1.080,1.10,8,8,1,GPS Fix (SPS),Stopped
1770572130.8912528,57.83440317,12.30734383,57.83440095,12.30734118,2.267,2.500,84.30,4.05,1.080,1.19,8,8,1,GPS Fix (SPS),Stopped
1770572131.8970182,57.83440150,12.30734250,57.83440123,12.30734184,2.267,2.500,84.30,4.05,1.080,0.59,8,8,1,GPS Fix (SPS),Stopped
1770572132.8935947,57.83440017,12.30734033,57.83440070,12.30734109,2.267,2.500,84.50,4.05,1.080,0.23,8,8,1,GPS Fix (SPS),Stopped
1770572133.887471,57.83439950,12.30732333,57.83440010,12.30733221,2.267,2.500,84.40,4.05,1.080,1.35,8,8,1,GPS Fix (SPS),Reverse
1770572134.8866172,57.83439433,12.30733550,57.83439722,12.30733386,2.267,2.500,84.20,4.05,1.080,0.48,8,8,1,GPS Fix (SPS),Stopped
1770572135.8878706,57.83439017,12.30734800,57.83439369,12.30734093,2.267,2.500,84.10,4.05,1.080,0.86,8,8,1,GPS Fix (SPS),Forward
1770572136.8950188,57.83438783,12.30736650,57.83439076,12.30735371,2.267,2.500,84.10,4.05,1.080,1.67,8,8,1,GPS Fix (SPS),Forward
1770572137.8895879,57.83438633,12.30737133,57.83438855,12.30736252,2.267,2.500,84.10,4.05,1.080,1.34,8,8,1,GPS Fix (SPS),Forward
1770572138.8845017,57.83439000,12.30736367,57.83438927,12.30736310,2.267,2.500,84.00,4.05,1.080,0.37,8,8,1,GPS Fix (SPS),Stopped
1770572139.8901932,57.83440300,12.30735067,57.83439614,12.30735688,2.267,2.500,83.60,4.05,1.080,1.30,8,8,1,GPS Fix (SPS),Reverse
1770572140.8945034,57.83441767,12.30735917,57.83440690,12.30735802,2.267,2.500,83.20,4.05,1.080,2.79,8,8,1,GPS Fix (SPS),Stopped
1770572141.8907492,57.83442683,12.30734767,57.83441687,12.30735285,2.267,2.500,82.70,4.05,1.080,2.73,8,8,1,GPS Fix (SPS),Reverse
1770572142.8860686,57.83442750,12.30733800,57.83442218,12.30734542,2.267,2.500,82.30,4.05,1.080,1.89,8,8,1,GPS Fix (SPS),Reverse
1770572143.891271,57.83443383,12.30733183,57.83442801,12.30733863,2.267,2.500,82.00,4.05,1.080,2.06,8,8,1,GPS Fix (SPS),Reverse
1770572144.8880248,57.83444183,12.30732517,57.83443492,12.30733190,2.267,2.500,81.70,4.05,1.080,2.36,8,8,1,GPS Fix (SPS),Reverse
1770572145.8936949,57.83444517,12.30730750,57.83444004,12.30731970,2.267,2.500,81.30,4.05,1.080,2.42,8,8,1,GPS Fix (SPS),Reverse
1770572146.8936634,57.83445633,12.30730583,57.83444819,12.30731277,2.581,2.500,81.20,5.29,1.410,2.64,7,7,1,GPS Fix (SPS),Reverse
1770572147.893616,57.83445767,12.30729117,57.83445293,12.30730197,2.581,2.500,80.90,5.29,1.410,2.64,7,7,1,GPS Fix (SPS),Reverse
1770572148.8885927,57.83446233,12.30727583,57.83445763,12.30728890,2.581,2.500,80.90,5.29,1.410,2.83,7,7,1,GPS Fix (SPS),Reverse
1770572149.8837764,57.83446200,12.30726650,57.83445982,12.30727770,2.581,2.500,80.60,5.29,1.410,2.46,7,7,1,GPS Fix (SPS),Reverse
1770572150.8890698,57.83446917,12.30725850,57.83446449,12.30726810,2.581,2.500,80.60,5.29,1.410,2.42,7,7,1,GPS Fix (SPS),Reverse
1770572151.8897007,57.83447483,12.30724083,57.83446966,12.30725447,2.581,2.500,80.40,5.29,1.410,2.84,7,7,1,GPS Fix (SPS),Reverse
1770572152.8809073,57.83447700,12.30723200,57.83447333,12.30724323,2.800,2.500,80.30,6.15,1.640,2.82,6,6,1,GPS Fix (SPS),Reverse
1770572153.886006,57.83447967,12.30722050,57.83447650,12.30723187,2.800,2.500,79.80,6.15,1.640,2.89,6,6,1,GPS Fix (SPS),Reverse
1770572154.8808503,57.83448267,12.30721400,57.83447958,12.30722293,2.800,2.500,79.60,6.15,1.640,2.83,6,6,1,GPS Fix (SPS),Reverse
1770572155.8858204,57.83447833,12.30723217,57.83447896,12.30722755,2.800,2.500,79.40,6.15,1.640,1.65,6,6,1,GPS Fix (SPS),Forward
1770572156.8805704,57.83446833,12.30724050,57.83447365,12.30723402,2.800,2.500,79.30,6.15,1.640,0.84,6,6,1,GPS Fix (SPS),Forward
1770572157.8869245,57.83445767,12.30724617,57.83446566,12.30724010,2.800,2.500,79.30,6.15,1.640,0.72,6,6,1,GPS Fix (SPS),Forward
1770572158.8829677,57.83446933,12.30723350,57.83446749,12.30723680,2.800,2.500,79.50,6.15,1.640,1.16,6,6,1,GPS Fix (SPS),Stopped
1770572159.8876379,57.83447317,12.30724850,57.83447033,12.30724265,2.800,2.500,79.50,6.15,1.640,1.08,6,6,1,GPS Fix (SPS),Forward
1770572160.8936498,57.83447950,12.30723183,57.83447492,12.30723724,2.800,2.500,79.30,6.15,1.640,1.43,6,6,1,GPS Fix (SPS),Reverse
1770572161.8787704,57.83448967,12.30722467,57.83448229,12.30723095,2.800,2.500,79.50,6.15,1.640,2.08,6,6,1,GPS Fix (SPS),Reverse
1770572162.8845022,57.83447667,12.30723050,57.83447948,12.30723073,2.800,2.500,79.40,6.15,1.640,1.18,6,6,1,GPS Fix (SPS),Stopped
1770572163.8784313,57.83448150,12.30722650,57.83448049,12.30722861,2.800,2.500,79.50,6.15,1.640,1.26,6,6,1,GPS Fix (SPS),Stopped
1770572164.8849034,57.83449033,12.30722800,57.83448541,12.30722831,2.800,2.500,79.60,6.15,1.640,1.64,6,6,1,GPS Fix (SPS),Stopped
1770572165.8802583,57.83448950,12.30723150,57.83448746,12.30722990,2.800,2.500,79.40,6.15,1.640,1.41,6,6,1,GPS Fix (SPS),Stopped
1770572166.8848743,57.83449167,12.30723017,57.83448956,12.30723004,2.800,2.500,79.30,6.15,1.640,1.42,6,6,1,GPS Fix (SPS),Stopped
1770572167.8802037,57.83448667,12.30722400,57.83448811,12.30722702,2.800,2.500,79.10,6.15,1.640,1.36,6,6,1,GPS Fix (SPS),Stopped
1770572168.8853576,57.83448167,12.30722650,57.83448489,12.30722676,2.800,2.500,78.80,6.15,1.640,0.91,6,6,1,GPS Fix (SPS),Stopped
1770572169.8902335,57.83448500,12.30721450,57.83448495,12.30722063,2.810,2.500,78.90,6.19,1.650,1.45,6,6,1,GPS Fix (SPS),Reverse
1770572170.885615,57.83448483,12.30722200,57.83448489,12.30722131,2.810,2.500,78.60,6.19,1.650,0.76,6,6,1,GPS Fix (SPS),Stopped
1770572171.8809361,57.83448050,12.30723550,57.83448269,12.30722841,2.810,2.500,78.60,6.19,1.650,0.51,6,6,1,GPS Fix (SPS),Forward
1770572172.8871758,57.83447183,12.30723983,57.83447726,12.30723412,2.810,2.500,78.40,6.19,1.650,0.26,6,6,1,GPS Fix (SPS),Forward
1770572173.882379,57.83447133,12.30723367,57.83447430,12.30723389,2.810,2.500,78.50,6.19,1.650,0.67,6,6,1,GPS Fix (SPS),Stopped
1770572174.876796,57.83447250,12.30721033,57.83447340,12.30722211,2.810,2.500,78.40,6.19,1.650,2.15,6,6,1,GPS Fix (SPS),Reverse
1770572175.882483,57.83447383,12.30720850,57.83447362,12.30721531,2.810,2.500,78.20,6.19,1.650,1.69,6,6,1,GPS Fix (SPS),Reverse
1770572176.8866937,57.83446433,12.30723583,57.83446897,12.30722557,2.810,2.500,78.00,6.19,1.650,0.36,6,6,1,GPS Fix (SPS),Forward
1770572177.8830264,57.83447133,12.30722483,57.83447015,12.30722520,2.810,2.500,78.20,6.19,1.650,0.80,6,6,1,GPS Fix (SPS),Stopped
1770572178.889259,57.83446217,12.30724567,57.83446616,12.30723543,2.810,2.500,77.90,6.19,1.650,0.66,6,6,1,GPS Fix (SPS),Forward
1770572179.8847737,57.83445350,12.30726767,57.83445983,12.30725155,2.810,2.500,77.80,6.19,1.650,1.75,6,6,1,GPS Fix (SPS),Forward
1770572180.8788192,57.83444783,12.30727083,57.83445383,12.30726119,2.810,2.500,77.70,6.19,1.650,1.46,5,5,1,GPS Fix (SPS),Forward
1770572181.8721933,57.83444083,12.30726283,57.83444733,12.30726201,2.810,2.500,77.60,6.19,1.650,1.54,5,5,1,GPS Fix (SPS),Stopped
1770572182.8792062,57.83443000,12.30725900,57.83443867,12.30726051,2.810,2.500,77.30,6.19,1.650,2.22,5,5,1,GPS Fix (SPS),Stopped
1770572183.8830705,57.83442800,12.30726050,57.83443333,12.30726050,2.810,2.500,77.40,6.19,1.650,1.90,5,5,1,GPS Fix (SPS),Stopped
1770572184.890638,57.83441800,12.30729450,57.83442567,12.30727750,2.810,2.500,77.10,6.19,1.650,2.29,6,6,1,GPS Fix (SPS),Forward
1770572185.8863,57.83441417,12.30730350,57.83441992,12.30729050,2.810,2.500,76.80,6.19,1.650,2.01,6,6,1,GPS Fix (SPS),Forward
1770572186.8823504,57.83440667,12.30729883,57.83441329,12.30729467,2.810,2.500,76.70,6.19,1.650,1.83,6,6,1,GPS Fix (SPS),Forward
1770572187.8823373,57.83440800,12.30730250,57.83441065,12.30729858,2.810,2.500,76.60,6.19,1.650,1.38,6,6,1,GPS Fix (SPS),Forward
1770572188.8784413,57.83439983,12.30731967,57.83440524,12.30730913,2.810,2.500,76.00,6.19,1.650,1.97,6,6,1,GPS Fix (SPS),Forward
1770572189.8860722,57.83440067,12.30732500,57.83440295,12.30731706,2.810,2.500,75.60,6.19,1.650,1.47,6,6,1,GPS Fix (SPS),Forward
1770572190.891628,57.83439567,12.30733317,57.83439931,12.30732511,2.810,2.500,75.00,6.19,1.650,1.91,6,6,1,GPS Fix (SPS),Forward
1770572191.889441,57.83441433,12.30732817,57.83440682,12.30732664,2.810,2.500,74.60,6.19,1.650,1.34,6,6,1,GPS Fix (SPS),Stopped
1770572192.886977,57.83442217,12.30732733,57.83441449,12.30732699,2.324,2.500,73.80,4.28,1.140,0.99,7,7,1,GPS Fix (SPS),Stopped
1770572193.8857133,57.83442650,12.30733767,57.83442050,12.30733233,2.324,2.500,73.20,4.28,1.140,1.23,7,7,1,GPS Fix (SPS),Forward
1770572194.8825564,57.83442683,12.30734550,57.83442367,12.30733891,2.324,2.500,73.00,4.28,1.140,1.18,7,7,1,GPS Fix (SPS),Forward
1770572195.8888118,57.83442767,12.30734833,57.83442567,12.30734362,2.324,2.500,72.70,4.28,1.140,0.80,7,7,1,GPS Fix (SPS),Forward
1770572196.8869874,57.83442833,12.30735967,57.83442700,12.30735165,2.324,2.500,72.50,4.28,1.140,0.88,7,7,1,GPS Fix (SPS),Forward
1770572197.8905263,57.83442633,12.30736050,57.83442667,12.30735607,2.581,2.500,72.60,5.29,1.410,0.43,6,6,1,GPS Fix (SPS),Forward
1770572198.8934946,57.83442283,12.30737483,57.83442475,12.30736545,2.581,2.500,72.50,5.29,1.410,0.91,6,6,1,GPS Fix (SPS),Forward
1770572199.8930254,57.83441933,12.30737300,57.83442204,12.30736923,2.581,2.500,72.50,5.29,1.410,0.79,6,6,1,GPS Fix (SPS),Forward
1770572200.886116,57.83441617,12.30737283,57.83441910,12.30737103,2.581,2.500,72.50,5.29,1.410,0.86,6,6,1,GPS Fix (SPS),Stopped
1770572201.8903477,57.83441683,12.30735883,57.83441797,12.30736493,2.543,2.500,72.70,5.14,1.370,0.97,7,7,1,GPS Fix (SPS),Reverse
1770572202.8824723,57.83441450,12.30736850,57.83441623,12.30736672,2.267,2.500,73.00,4.05,1.080,0.71,8,8,1,GPS Fix (SPS),Stopped
1770572203.884607,57.83442017,12.30734933,57.83441820,12.30735802,2.267,2.500,73.00,4.05,1.080,1.62,8,8,1,GPS Fix (SPS),Reverse
1770572204.886529,57.83442067,12.30737183,57.83441943,12.30736493,2.267,2.500,72.90,4.05,1.080,0.81,8,8,1,GPS Fix (SPS),Forward
1770572205.891035,57.83442017,12.30737633,57.83441980,12.30737063,2.324,2.500,72.90,4.28,1.140,0.70,7,7,1,GPS Fix (SPS),Forward
1770572206.8887722,57.83442650,12.30734667,57.83442315,12.30735865,2.324,2.500,73.00,4.28,1.140,2.12,7,7,1,GPS Fix (SPS),Reverse
1770572207.8935509,57.83442267,12.30737050,57.83442291,12.30736457,2.324,2.500,72.90,4.28,1.140,0.76,7,7,1,GPS Fix (SPS),Forward
1770572208.8886309,57.83442433,12.30737817,57.83442362,12.30737137,2.324,2.500,72.60,4.28,1.140,0.96,7,7,1,GPS Fix (SPS),Forward
1770572209.883982,57.83442900,12.30737950,57.83442631,12.30737544,2.333,2.500,72.50,4.31,1.150,1.30,6,6,1,GPS Fix (SPS),Forward
1770572210.8747325,57.83443417,12.30736417,57.83443024,12.30736980,2.333,2.500,72.40,4.31,1.150,1.37,6,6,1,GPS Fix (SPS),Reverse
1770572211.8851764,57.83443950,12.30736350,57.83443487,12.30736665,2.333,2.500,72.40,4.31,1.150,1.60,6,6,1,GPS Fix (SPS),Stopped
1770572212.890729,57.83444617,12.30735400,57.83444052,12.30736033,2.333,2.500,72.20,4.31,1.150,1.96,6,6,1,GPS Fix (SPS),Reverse
1770572213.8782587,57.83445517,12.30734617,57.83444784,12.30735325,2.333,2.500,72.10,4.31,1.150,2.27,6,6,1,GPS Fix (SPS),Reverse
1770572214.8836179,57.83446150,12.30736133,57.83445467,12.30735729,2.676,2.500,71.90,5.66,1.510,2.28,4,4,1,GPS Fix (SPS),Forward
1770572215.8858092,57.83446850,12.30734617,57.83446159,12.30735173,2.676,2.500,71.90,5.66,1.510,2.28,4,4,1,GPS Fix (SPS),Reverse
1770572216.8923368,57.83447150,12.30732950,57.83446654,12.30734061,2.295,2.500,72.40,4.16,1.110,2.25,7,7,1,GPS Fix (SPS),Reverse
1770572217.8887956,57.83446683,12.30732900,57.83446669,12.30733481,2.295,2.500,72.90,4.16,1.110,1.47,7,7,1,GPS Fix (SPS),Reverse
1770572218.8978777,57.83446967,12.30730933,57.83446818,12.30732207,2.295,2.500,73.30,4.16,1.110,2.00,7,7,1,GPS Fix (SPS),Reverse
1770572219.8892474,57.83446550,12.30731183,57.83446684,12.30731695,2.295,2.500,73.80,4.16,1.110,1.26,7,7,1,GPS Fix (SPS),Reverse
1770572220.8851326,57.83444917,12.30733483,57.83445800,12.30732589,2.295,2.500,74.30,4.16,1.110,1.05,7,7,1,GPS Fix (SPS),Forward
1770572221.872097,57.83443617,12.30732617,57.83444708,12.30732603,2.505,2.500,74.50,4.99,1.330,2.46,5,5,1,GPS Fix (SPS),Stopped
1770572222.8826385,57.83442150,12.30733450,57.83443429,12.30733026,2.505,2.500,74.60,4.99,1.330,3.12,5,5,1,GPS Fix (SPS),Forward
1770572223.8808289,57.83441250,12.30733783,57.83442340,12.30733405,2.505,2.500,74.50,4.99,1.330,3.21,5,5,1,GPS Fix (SPS),Forward
1770572224.8832977,57.83440633,12.30732800,57.83441486,12.30733102,4.714,2.500,74.50,13.69,3.650,3.28,4,4,1,GPS Fix (SPS),Stopped
1770572225.8675978,57.83440100,12.30732283,57.83440793,12.30732693,4.705,2.500,74.50,13.65,3.640,3.08,4,4,1,GPS Fix (SPS),Reverse
1770572226.884569,57.83439683,12.30730350,57.83440238,12.30731521,4.705,2.500,74.50,13.65,3.640,3.30,4,4,1,GPS Fix (SPS),Reverse
1770572227.8743668,57.83439250,12.30730050,57.83439744,12.30730786,4.705,2.500,74.40,13.65,3.640,2.87,4,4,1,GPS Fix (SPS),Reverse
1770572228.887626,57.83438933,12.30731033,57.83439339,12.30730910,4.705,2.500,74.50,13.65,3.640,1.95,4,4,1,GPS Fix (SPS),Stopped
1770572229.8845305,57.83438367,12.30731117,57.83438853,12.30731013,4.695,2.500,74.50,13.61,3.630,1.85,4,4,1,GPS Fix (SPS),Stopped
1770572230.8838573,57.83437917,12.30731150,57.83438385,12.30731082,2.505,2.500,74.40,4.99,1.330,1.62,5,5,1,GPS Fix (SPS),Stopped
1770572231.8790634,57.83437700,12.30731833,57.83438042,12.30731457,2.505,2.500,74.30,4.99,1.330,1.09,5,5,1,GPS Fix (SPS),Forward
1770572232.8839934,57.83438483,12.30730767,57.83438263,12.30731112,2.505,2.500,74.20,4.99,1.330,0.62,5,5,1,GPS Fix (SPS),Reverse
1770572233.8827367,57.83438567,12.30732117,57.83438415,12.30731614,2.505,2.500,74.20,4.99,1.330,0.32,5,5,1,GPS Fix (SPS),Forward
1770572234.886062,57.83438767,12.30732967,57.83438591,12.30732291,4.686,2.500,74.10,13.57,3.620,0.69,4,4,1,GPS Fix (SPS),Forward
1770572235.8810456,57.83438750,12.30732400,57.83438670,12.30732345,3.667,2.500,74.40,9.56,2.550,0.54,5,5,1,GPS Fix (SPS),Stopped
1770572236.8767111,57.83438467,12.30733117,57.83438569,12.30732731,3.667,2.500,74.70,9.56,2.550,0.42,5,5,1,GPS Fix (SPS),Forward
1770572237.8843753,57.83438717,12.30731817,57.83438643,12.30732274,4.686,2.500,74.70,13.57,3.620,1.28,4,4,1,GPS Fix (SPS),Reverse
1770572238.8759215,57.83438750,12.30730633,57.83438696,12.30731454,4.676,2.500,74.70,13.54,3.610,1.97,4,4,1,GPS Fix (SPS),Reverse
1770572239.880869,57.83438333,12.30732317,57.83438515,12.30731885,4.676,2.500,74.70,13.54,3.610,0.87,4,4,1,GPS Fix (SPS),Forward
1770572240.8763423,57.83438150,12.30731317,57.83438332,12.30731601,4.676,2.500,74.70,13.54,3.610,1.49,4,4,1,GPS Fix (SPS),Stopped
1770572241.8831189,57.83437883,12.30731317,57.83438108,12.30731459,4.676,2.500,74.50,13.54,3.610,1.33,4,4,1,GPS Fix (SPS),Stopped
1770572242.8775249,57.83437583,12.30731467,57.83437846,12.30731463,3.162,2.500,74.90,7.58,2.020,1.14,3,3,1,GPS Fix (SPS),Stopped
1770572243.8728201,57.83438567,12.30731483,57.83438206,12.30731473,3.162,2.500,74.80,7.58,2.020,0.54,3,3,1,GPS Fix (SPS),Stopped
1770572244.8879416,57.83439417,12.30730067,57.83438811,12.30730770,3.162,2.500,74.90,7.58,2.020,1.35,3,3,1,GPS Fix (SPS),Reverse
1770572245.8827405,57.83439450,12.30730450,57.83439131,12.30730610,3.162,2.500,74.80,7.58,2.020,0.93,3,3,1,GPS Fix (SPS),Stopped
1770572246.8872488,57.83439167,12.30729500,57.83439149,12.30730055,3.162,2.500,74.70,7.58,2.020,1.31,3,3,1,GPS Fix (SPS),Reverse
1770572247.8839152,57.83438717,12.30729467,57.83438933,12.30729761,3.162,2.500,74.70,7.58,2.020,1.07,3,3,1,GPS Fix (SPS),Stopped
1770572248.8896449,57.83438000,12.30730633,57.83438466,12.30730197,3.657,2.500,75.00,9.53,2.540,0.21,5,5,1,GPS Fix (SPS),Forward
1770572249.884039,57.83436217,12.30729667,57.83437342,12.30729932,3.657,2.500,75.30,9.53,2.540,1.63,5,5,1,GPS Fix (SPS),Stopped
1770572250.8794427,57.83437483,12.30728433,57.83437412,12.30729183,3.610,2.500,75.40,9.34,2.490,0.81,6,6,1,GPS Fix (SPS),Reverse
1770572251.8851402,57.83438333,12.30728650,57.83437873,12.30728916,3.610,2.500,75.50,9.34,2.490,0.86,6,6,1,GPS Fix (SPS),Stopped
1770572252.8801425,57.83438817,12.30728450,57.83438345,12.30728683,3.610,2.500,75.60,9.34,2.490,1.21,6,6,1,GPS Fix (SPS),Stopped
1770572253.8865144,57.83438367,12.30730183,57.83438356,12.30729433,3.657,2.500,75.80,9.53,2.540,0.74,5,5,1,GPS Fix (SPS),Forward
1770572254.8810556,57.83439050,12.30728650,57.83438703,12.30729042,3.667,2.500,75.80,9.56,2.550,0.49,4,4,1,GPS Fix (SPS),Reverse
1770572255.88781,57.83439350,12.30729333,57.83439026,12.30729187,3.667,2.500,75.90,9.56,2.550,0.41,4,4,1,GPS Fix (SPS),Stopped
1770572256.8838558,57.83439667,12.30729000,57.83439347,12.30729094,3.667,2.500,75.90,9.56,2.550,0.30,4,4,1,GPS Fix (SPS),Stopped
1770572257.8872344,57.83441033,12.30728317,57.83440190,12.30728705,3.667,2.500,76.00,9.56,2.550,0.41,4,4,1,GPS Fix (SPS),Reverse
1770572258.881179,57.83443017,12.30728583,57.83441603,12.30728644,2.667,2.500,76.50,5.62,1.500,1.36,6,6,1,GPS Fix (SPS),Stopped
1770572259.8869,57.83443317,12.30729650,57.83442460,12.30729147,2.667,2.500,76.70,5.62,1.500,1.49,6,6,1,GPS Fix (SPS),Forward
1770572260.8823566,57.83444100,12.30728000,57.83443280,12.30728574,2.457,2.500,77.00,4.80,1.280,1.79,6,6,1,GPS Fix (SPS),Reverse
1770572261.8884091,57.83443467,12.30730800,57.83443373,12.30729687,2.457,2.500,77.10,4.80,1.280,1.44,6,6,1,GPS Fix (SPS),Forward
1770572262.8858871,57.83443050,12.30732667,57.83443212,12.30731177,2.457,2.500,77.20,4.80,1.280,1.60,6,6,1,GPS Fix (SPS),Forward
1770572263.8813791,57.83442450,12.30732867,57.83442831,12.30732022,2.457,2.500,77.40,4.80,1.280,1.25,6,6,1,GPS Fix (SPS),Forward
1770572264.8903415,57.83442733,12.30732217,57.83442782,12.30732119,2.457,2.500,77.50,4.80,1.280,0.49,6,6,1,GPS Fix (SPS),Stopped
1770572265.8789942,57.83442583,12.30731883,57.83442683,12.30732001,2.457,2.500,77.60,4.80,1.280,0.03,6,6,1,GPS Fix (SPS),Stopped
1770572266.8841488,57.83443000,12.30732167,57.83442841,12.30732084,2.457,2.500,77.70,4.80,1.280,0.50,6,6,1,GPS Fix (SPS),Stopped
1770572267.8890927,57.83443567,12.30731750,57.83443204,12.30731917,2.457,2.500,77.90,4.80,1.280,0.80,6,6,1,GPS Fix (SPS),Stopped
1770572268.8837433,57.83443833,12.30729433,57.83443519,12.30730675,2.457,2.500,78.00,4.80,1.280,0.89,6,6,1,GPS Fix (SPS),Reverse
1770572269.8916848,57.83443400,12.30727500,57.83443459,12.30729088,2.457,2.500,78.20,4.80,1.280,1.68,6,6,1,GPS Fix (SPS),Reverse
1770572270.8885627,57.83443550,12.30725933,57.83443505,12.30727510,2.457,2.500,78.30,4.80,1.280,2.06,6,6,1,GPS Fix (SPS),Reverse
1770572271.8830726,57.83443300,12.30724917,57.83443402,12.30726214,2.457,2.500,78.30,4.80,1.280,2.06,6,6,1,GPS Fix (SPS),Reverse
1770572272.887328,57.83443033,12.30724183,57.83443218,12.30725198,2.457,2.500,78.40,4.80,1.280,1.88,6,6,1,GPS Fix (SPS),Reverse
1770572273.8811886,57.83442450,12.30725817,57.83442834,12.30725508,2.457,2.500,78.40,4.80,1.280,1.04,6,6,1,GPS Fix (SPS),Stopped
1770572274.8869936,57.83442867,12.30726283,57.83442850,12.30725895,2.457,2.500,78.40,4.80,1.280,0.33,6,6,1,GPS Fix (SPS),Forward
1770572275.880967,57.83443067,12.30727733,57.83442958,12.30726814,2.457,2.500,78.40,4.80,1.280,1.06,6,6,1,GPS Fix (SPS),Forward
1770572276.8882358,57.83442917,12.30726933,57.83442938,12.30726874,2.457,2.500,78.30,4.80,1.280,0.35,6,6,1,GPS Fix (SPS),Stopped
1770572277.8867598,57.83443050,12.30724950,57.83442994,12.30725912,2.457,2.500,78.20,4.80,1.280,0.66,6,6,1,GPS Fix (SPS),Reverse
1770572278.8924503,57.83443450,12.30724617,57.83443222,12.30725264,2.457,2.500,78.10,4.80,1.280,0.81,6,6,1,GPS Fix (SPS),Reverse
1770572279.8835592,57.83444250,12.30724250,57.83443736,12.30724757,2.457,2.500,78.10,4.80,1.280,1.76,6,6,1,GPS Fix (SPS),Reverse
1770572280.888823,57.83444367,12.30724600,57.83444051,12.30724679,2.457,2.500,78.10,4.80,1.280,1.53,6,6,1,GPS Fix (SPS),Stopped
1770572281.8845603,57.83444300,12.30722933,57.83444176,12.30723806,2.457,2.500,78.10,4.80,1.280,1.24,6,6,1,GPS Fix (SPS),Reverse
1770572282.8904238,57.83443800,12.30724217,57.83443988,12.30724011,2.457,2.500,78.20,4.80,1.280,0.22,6,6,1,GPS Fix (SPS),Stopped
1770572283.8825285,57.83443533,12.30723750,57.83443761,12.30723881,2.457,2.500,78.30,4.80,1.280,0.45,6,6,1,GPS Fix (SPS),Stopped
1770572284.8809173,57.83443517,12.30723617,57.83443639,12.30723749,2.457,2.500,78.30,4.80,1.280,0.48,6,6,1,GPS Fix (SPS),Stopped
1770572285.8925412,57.83442933,12.30724000,57.83443286,12.30723874,2.457,2.500,78.30,4.80,1.280,0.57,6,6,1,GPS Fix (SPS),Stopped
1770572286.8916073,57.83442233,12.30724000,57.83442760,12.30723937,2.457,2.500,78.30,4.80,1.280,1.22,6,6,1,GPS Fix (SPS),Stopped
1770572287.8918173,57.83441567,12.30725517,57.83442163,12.30724727,2.390,2.500,78.30,4.54,1.210,1.35,7,7,1,GPS Fix (SPS),Forward
1770572288.8916643,57.83441400,12.30727317,57.83441782,12.30726022,2.390,2.500,78.20,4.54,1.210,1.17,7,7,1,GPS Fix (SPS),Forward
1770572289.8825722,57.83440283,12.30728650,57.83441032,12.30727336,2.390,2.500,78.10,4.54,1.210,1.99,7,7,1,GPS Fix (SPS),Forward
1770572290.8868399,57.83440083,12.30729950,57.83440558,12.30728643,2.390,2.500,77.90,4.54,1.210,1.83,7,7,1,GPS Fix (SPS),Forward
1770572291.8898191,57.83439167,12.30731783,57.83439862,12.30730213,2.390,2.500,77.80,4.54,1.210,2.54,7,7,1,GPS Fix (SPS),Forward
1770572292.882428,57.83439950,12.30733550,57.83439906,12.30731882,2.390,2.500,77.70,4.54,1.210,2.50,7,7,1,GPS Fix (SPS),Forward
1770572293.8830605,57.83440050,12.30734883,57.83439978,12.30733382,2.390,2.500,77.60,4.54,1.210,2.48,7,7,1,GPS Fix (SPS),Forward
1770572294.8879278,57.83440200,12.30734017,57.83440089,12.30733700,2.390,2.500,77.50,4.54,1.210,1.16,7,7,1,GPS Fix (SPS),Stopped
1770572295.890713,57.83440700,12.30734717,57.83440395,12.30734208,2.390,2.500,77.30,4.54,1.210,1.51,7,7,1,GPS Fix (SPS),Forward
1770572296.8888137,57.83440733,12.30735483,57.83440564,12.30734846,3.648,2.500,77.20,9.49,2.530,1.44,5,5,1,GPS Fix (SPS),Forward
1770572297.8889513,57.83440800,12.30736917,57.83440682,12.30735881,3.648,2.500,77.00,9.49,2.530,1.79,5,5,1,GPS Fix (SPS),Forward
1770572298.887271,57.83440617,12.30737317,57.83440649,12.30736599,3.638,2.500,76.90,9.45,2.520,1.37,5,5,1,GPS Fix (SPS),Forward
1770572299.8932123,57.83439933,12.30737850,57.83440291,12.30737224,3.638,2.500,76.80,9.45,2.520,1.14,5,5,1,GPS Fix (SPS),Forward
1770572300.8845892,57.83438967,12.30737783,57.83439629,12.30737504,2.467,2.500,76.60,4.84,1.290,1.42,6,6,1,GPS Fix (SPS),Stopped
1770572301.8834255,57.83438583,12.30737750,57.83439106,12.30737627,2.467,2.500,76.50,4.84,1.290,1.42,6,6,1,GPS Fix (SPS),Stopped
1770572302.8846908,57.83438383,12.30735483,57.83438745,12.30736555,2.467,2.500,76.30,4.84,1.290,1.87,6,6,1,GPS Fix (SPS),Reverse
1770572303.8851686,57.83438500,12.30736000,57.83438622,12.30736278,2.467,2.500,76.10,4.84,1.290,0.90,6,6,1,GPS Fix (SPS),Stopped
1770572304.8843226,57.83438350,12.30736650,57.83438486,12.30736464,2.467,2.500,76.00,4.84,1.290,0.76,6,6,1,GPS Fix (SPS),Stopped
1770572305.8834875,57.83438283,12.30737050,57.83438385,12.30736757,2.467,2.500,75.90,4.84,1.290,0.76,6,6,1,GPS Fix (SPS),Stopped
1770572306.8842788,57.83438683,12.30736600,57.83438534,12.30736678,2.467,2.500,75.80,4.84,1.290,0.24,6,6,1,GPS Fix (SPS),Stopped
1770572307.886374,57.83438750,12.30737033,57.83438642,12.30736856,2.467,2.500,75.60,4.84,1.290,0.37,6,6,1,GPS Fix (SPS),Stopped
1770572308.8798668,57.83438500,12.30737067,57.83438571,12.30736961,2.467,2.500,75.40,4.84,1.290,0.69,6,6,1,GPS Fix (SPS),Stopped
1770572309.8858476,57.83438717,12.30737400,57.83438644,12.30737181,2.467,2.500,75.40,4.84,1.290,0.55,6,6,1,GPS Fix (SPS),Stopped
1770572310.8846028,57.83438100,12.30739700,57.83438372,12.30738440,2.467,2.500,75.20,4.84,1.290,1.87,6,6,1,GPS Fix (SPS),Forward
1770572311.8900957,57.83437967,12.30740600,57.83438169,12.30739520,2.467,2.500,75.10,4.84,1.290,2.08,6,6,1,GPS Fix (SPS),Forward
1770572312.8773487,57.83437500,12.30740983,57.83437835,12.30740252,2.390,2.500,74.80,4.54,1.210,2.16,7,7,1,GPS Fix (SPS),Forward
1770572313.8873534,57.83437567,12.30742800,57.83437701,12.30741526,2.467,2.500,74.60,4.84,1.290,2.54,6,6,1,GPS Fix (SPS),Forward
1770572314.8842778,57.83437767,12.30742483,57.83437734,12.30742005,2.467,2.500,74.30,4.84,1.290,1.68,6,6,1,GPS Fix (SPS),Forward
1770572315.8899894,57.83437117,12.30743200,57.83437425,12.30742602,2.467,2.500,74.10,4.84,1.290,2.15,6,6,1,GPS Fix (SPS),Forward
1770572316.882388,57.83436450,12.30744267,57.83436938,12.30743434,2.467,2.500,73.90,4.84,1.290,2.74,6,6,1,GPS Fix (SPS),Forward
1770572317.8895996,57.83436083,12.30743017,57.83436510,12.30743226,2.467,2.500,73.70,4.84,1.290,2.24,6,6,1,GPS Fix (SPS),Stopped
1770572318.8839426,57.83435317,12.30743617,57.83435914,12.30743421,2.467,2.500,73.60,4.84,1.290,2.57,6,6,1,GPS Fix (SPS),Stopped
1770572319.8774,57.83435300,12.30743117,57.83435607,12.30743269,2.467,2.500,73.40,4.84,1.290,1.80,6,6,1,GPS Fix (SPS),Stopped
1770572320.8843808,57.83435133,12.30742183,57.83435370,12.30742726,2.467,2.500,73.00,4.84,1.290,1.62,6,6,1,GPS Fix (SPS),Reverse
1770572321.8773763,57.83435217,12.30740833,57.83435293,12.30741780,2.714,2.500,72.80,5.81,1.550,1.28,5,5,1,GPS Fix (SPS),Reverse
1770572322.884112,57.83435417,12.30739650,57.83435355,12.30740715,2.714,2.500,72.50,5.81,1.550,1.05,5,5,1,GPS Fix (SPS),Reverse
1770572323.8850155,57.83435317,12.30739700,57.83435336,12.30740207,2.714,2.500,72.30,5.81,1.550,0.79,5,5,1,GPS Fix (SPS),Reverse
1770572324.884289,57.83434833,12.30738633,57.83435085,12.30739420,2.467,2.500,72.00,4.84,1.290,1.40,6,6,1,GPS Fix (SPS),Reverse
1770572325.8840604,57.83434917,12.30738417,57.83435001,12.30738919,2.495,2.500,71.80,4.95,1.320,0.92,5,5,1,GPS Fix (SPS),Reverse
1770572326.88466,57.83435550,12.30737033,57.83435275,12.30737976,3.629,2.500,71.60,9.41,2.510,0.71,5,5,1,GPS Fix (SPS),Reverse
1770572327.882303,57.83435783,12.30737867,57.83435529,12.30737921,3.629,2.500,71.50,9.41,2.510,0.31,5,5,1,GPS Fix (SPS),Stopped
1770572328.885422,57.83436417,12.30737267,57.83435973,12.30737594,3.629,2.500,71.40,9.41,2.510,0.75,5,5,1,GPS Fix (SPS),Stopped
1770572329.8834167,57.83436900,12.30736450,57.83436436,12.30737022,3.629,2.500,71.20,9.41,2.510,0.85,5,5,1,GPS Fix (SPS),Reverse
1770572330.877038,57.83436233,12.30737550,57.83436335,12.30737286,3.629,2.500,71.10,9.41,2.510,0.71,5,5,1,GPS Fix (SPS),Stopped
1770572331.8848784,57.83436533,12.30736433,57.83436434,12.30736860,3.629,2.500,70.90,9.41,2.510,0.09,5,5,1,GPS Fix (SPS),Reverse
1770572332.8854659,57.83436467,12.30735783,57.83436450,12.30736321,2.495,2.500,70.60,4.95,1.320,0.27,5,5,1,GPS Fix (SPS),Reverse
1770572333.8857236,57.83436267,12.30733567,57.83436359,12.30734944,2.495,2.500,70.30,4.95,1.320,1.30,5,5,1,GPS Fix (SPS),Reverse
1770572334.891335,57.83435583,12.30734467,57.83435971,12.30734705,2.467,2.500,70.10,4.84,1.290,1.04,6,6,1,GPS Fix (SPS),Stopped
1770572335.8874035,57.83435533,12.30733800,57.83435752,12.30734253,2.467,2.500,69.60,4.84,1.290,0.75,6,6,1,GPS Fix (SPS),Reverse
1770572336.890475,57.83435033,12.30732700,57.83435393,12.30733476,2.467,2.500,69.00,4.84,1.290,1.30,6,6,1,GPS Fix (SPS),Reverse
1770572337.884025,57.83435283,12.30731683,57.83435338,12.30732580,2.390,2.500,68.40,4.54,1.210,0.66,7,7,1,GPS Fix (SPS),Reverse
1770572338.8844607,57.83435250,12.30731183,57.83435294,12.30731882,2.390,2.500,67.80,4.54,1.210,0.54,7,7,1,GPS Fix (SPS),Reverse
1770572339.8841388,57.83435100,12.30729633,57.83435197,12.30730757,2.390,2.500,67.20,4.54,1.210,1.31,7,7,1,GPS Fix (SPS),Reverse
1770572340.8830407,57.83434667,12.30730383,57.83434932,12.30730570,2.390,2.500,66.80,4.54,1.210,1.15,7,7,1,GPS Fix (SPS),Stopped
1770572341.88391,57.83434550,12.30730383,57.83434741,12.30730477,2.390,2.500,66.40,4.54,1.210,0.94,7,7,1,GPS Fix (SPS),Stopped
1770572342.8834052,57.83434750,12.30730550,57.83434745,12.30730513,2.390,2.500,66.20,4.54,1.210,0.27,7,7,1,GPS Fix (SPS),Stopped
1770572343.8847394,57.83435267,12.30731817,57.83435006,12.30731165,2.467,2.500,66.00,4.84,1.290,0.91,6,6,1,GPS Fix (SPS),Forward
1770572344.883758,57.83435550,12.30731533,57.83435278,12.30731349,2.390,2.500,65.90,4.54,1.210,0.61,7,7,1,GPS Fix (SPS),Stopped
1770572345.8897088,57.83435900,12.30731567,57.83435589,12.30731458,2.390,2.500,66.10,4.54,1.210,0.71,7,7,1,GPS Fix (SPS),Stopped
1770572346.8852377,57.83435383,12.30732100,57.83435486,12.30731779,2.390,2.500,66.10,4.54,1.210,0.56,7,7,1,GPS Fix (SPS),Stopped
1770572347.8903224,57.83435133,12.30732133,57.83435310,12.30731956,2.390,2.500,66.30,4.54,1.210,0.69,7,7,1,GPS Fix (SPS),Stopped
1770572348.8837953,57.83434933,12.30732000,57.83435122,12.30731978,2.390,2.500,66.20,4.54,1.210,0.91,7,7,1,GPS Fix (SPS),Stopped
1770572349.8923175,57.83435617,12.30732017,57.83435369,12.30731997,2.390,2.500,66.10,4.54,1.210,0.57,7,7,1,GPS Fix (SPS),Stopped
1770572350.8836963,57.83435567,12.30732033,57.83435468,12.30732015,2.390,2.500,65.90,4.54,1.210,0.48,7,7,1,GPS Fix (SPS),Stopped
1770572351.8841305,57.83435850,12.30733900,57.83435659,12.30732958,2.390,2.500,66.00,4.54,1.210,1.90,7,7,1,GPS Fix (SPS),Forward
1770572352.8843813,57.83436700,12.30734700,57.83436179,12.30733829,2.390,2.500,65.80,4.54,1.210,2.44,7,7,1,GPS Fix (SPS),Forward
1770572353.8941388,57.83437300,12.30734633,57.83436740,12.30734231,2.390,2.500,66.00,4.54,1.210,2.14,7,7,1,GPS Fix (SPS),Forward
1770572354.8841426,57.83437567,12.30733633,57.83437153,12.30733932,2.390,2.500,66.20,4.54,1.210,1.20,7,7,1,GPS Fix (SPS),Stopped
1770572355.8837812,57.83437833,12.30733133,57.83437493,12.30733533,2.390,2.500,66.60,4.54,1.210,0.96,7,7,1,GPS Fix (SPS),Reverse
1770572356.8845558,57.83438567,12.30731517,57.83438030,12.30732525,2.390,2.500,67.10,4.54,1.210,1.34,7,7,1,GPS Fix (SPS),Reverse
1770572357.8843157,57.83438867,12.30731867,57.83438448,12.30732196,2.390,2.500,67.40,4.54,1.210,0.94,7,7,1,GPS Fix (SPS),Stopped
1770572358.8850493,57.83439200,12.30732350,57.83438824,12.30732273,2.390,2.500,68.00,4.54,1.210,1.16,7,7,1,GPS Fix (SPS),Stopped
1770572359.8864198,57.83439400,12.30732067,57.83439112,12.30732170,2.390,2.500,68.20,4.54,1.210,0.83,7,7,1,GPS Fix (SPS),Stopped
1770572360.8905592,57.83439567,12.30732150,57.83439339,12.30732160,2.390,2.500,68.60,4.54,1.210,0.77,7,7,1,GPS Fix (SPS),Stopped
1770572361.8865926,57.83440050,12.30730650,57.83439695,12.30731405,2.390,2.500,69.10,4.54,1.210,0.89,7,7,1,GPS Fix (SPS),Reverse
1770572362.8771331,57.83439833,12.30731700,57.83439764,12.30731552,2.390,2.500,69.30,4.54,1.210,0.53,7,7,1,GPS Fix (SPS),Stopped
1770572363.8846567,57.83439150,12.30731867,57.83439457,12.30731710,2.390,2.500,69.70,4.54,1.210,0.70,7,7,1,GPS Fix (SPS),Stopped
1770572364.8921876,57.83439183,12.30732000,57.83439320,12.30731855,2.390,2.500,70.00,4.54,1.210,0.49,7,7,1,GPS Fix (SPS),Stopped
1770572365.8857508,57.83439067,12.30731833,57.83439193,12.30731844,2.390,2.500,70.30,4.54,1.210,0.61,7,7,1,GPS Fix (SPS),Stopped
1770572366.889588,57.83439267,12.30732000,57.83439230,12.30731922,2.390,2.500,70.90,4.54,1.210,0.55,7,7,1,GPS Fix (SPS),Stopped
1770572367.8854744,57.83439633,12.30731683,57.83439432,12.30731803,2.390,2.500,71.50,4.54,1.210,0.25,7,7,1,GPS Fix (SPS),Stopped
1770572368.8840864,57.83440283,12.30732517,57.83439858,12.30732160,2.390,2.500,72.00,4.54,1.210,1.35,7,7,1,GPS Fix (SPS),Forward
1770572369.887937,57.83439867,12.30732750,57.83439862,12.30732455,2.390,2.500,72.20,4.54,1.210,0.67,7,7,1,GPS Fix (SPS),Stopped
1770572370.8830798,57.83440033,12.30731533,57.83439948,12.30731994,2.390,2.500,72.70,4.54,1.210,0.30,7,7,1,GPS Fix (SPS),Reverse
1770572371.8848424,57.83440317,12.30729617,57.83440132,12.30730805,2.390,2.500,73.00,4.54,1.210,1.29,7,7,1,GPS Fix (SPS),Reverse
1770572372.8838923,57.83440800,12.30728217,57.83440466,12.30729511,2.390,2.500,73.30,4.54,1.210,1.78,7,7,1,GPS Fix (SPS),Reverse
1770572373.8840106,57.83441167,12.30726767,57.83440816,12.30728139,2.390,2.500,73.70,4.54,1.210,2.08,7,7,1,GPS Fix (SPS),Reverse
1770572374.883382,57.83441367,12.30724017,57.83441092,12.30726078,2.390,2.500,74.00,4.54,1.210,3.15,7,7,1,GPS Fix (SPS),Reverse
1770572375.8924704,57.83441167,12.30723100,57.83441129,12.30724589,2.390,2.500,74.30,4.54,1.210,2.82,7,7,1,GPS Fix (SPS),Reverse
1770572376.8855066,57.83441033,12.30720883,57.83441081,12.30722736,2.390,2.500,74.50,4.54,1.210,3.44,7,7,1,GPS Fix (SPS),Reverse
1770572377.876902,57.83440833,12.30720800,57.83440957,12.30721768,2.390,2.500,74.70,4.54,1.210,2.46,7,7,1,GPS Fix (SPS),Reverse
1770572378.8855484,57.83440867,12.30718083,57.83440912,12.30719926,2.390,2.500,75.00,4.54,1.210,3.28,7,7,1,GPS Fix (SPS),Reverse
1770572379.8835795,57.83440933,12.30716900,57.83440923,12.30718413,2.390,2.500,75.00,4.54,1.210,3.02,7,7,1,GPS Fix (SPS),Reverse
1770572380.8774397,57.83440550,12.30716367,57.83440736,12.30717390,2.495,2.500,75.20,4.95,1.320,2.65,6,6,1,GPS Fix (SPS),Reverse
1770572381.884708,57.83440517,12.30716783,57.83440626,12.30717087,2.495,2.500,75.30,4.95,1.320,1.71,6,6,1,GPS Fix (SPS),Stopped
