gps_epoch_s,pc_epoch_s,time_offset_ms,raw_lat,raw_lon,filt_lat,filt_lon,raw_unc_m,filt_unc_x_m,filt_unc_y_m,speed_kmh,sats_used,sats_in_view,direction,altitude_m,alt_unc_m,fix_quality
1770714889.0,1770718489.079,3600078.9,57.834370500000006,12.307368499999999,57.834370166666666,12.30736975,2.75,3.75099986670221,3.75099986670221,0.39863690063706225,7,7,Reverse,87.6,4.125,1
1770714890.0,1770718490.087,3600086.5,57.83437333333333,12.307366333333334,57.83437175,12.307368041666667,2.75,3.149444395445012,3.149444395445012,0.4671209317179694,7,7,Reverse,87.8,4.125,1
1770714891.0,1770718491.079,3600079.3,57.83437949999999,12.307366000000002,57.83437562499999,12.307367020833334,2.75,2.648263582047678,2.648263582047678,0.5722485164116395,7,7,Reverse,87.9,4.125,1
1770714892.0,1770718492.086,3600086.2,57.834382999999995,12.307366333333334,57.8343793125,12.307366677083333,2.75,2.5,2.5,0.6180071178567568,7,7,Reverse,87.6,4.125,1
1770714893.0,1770718493.079,3600079.3,57.834379166666665,12.307369000000001,57.83437923958333,12.307367838541667,2.75,2.5,2.5,0.6121931989770178,7,7,Reverse,87.4,4.125,1
1770714894.0,1770718494.082,3600081.7,57.83438283333333,12.307371,57.83438103645833,12.307369419270834,2.75,2.5,2.5,0.4600851022926411,7,7,Reverse,87.5,4.125,1
1770714895.0,1770718495.079,3600079.3,57.83437966666667,12.307373500000002,57.8343803515625,12.307371459635418,2.75,2.5,2.5,0.5243156400638763,7,7,Reverse,87.4,4.125,1
1770714896.0,1770718496.084,3600083.6,57.834384,12.307376166666666,57.83438217578125,12.307373813151042,2.75,2.5,2.5,0.5207497875446613,7,7,Reverse,87.2,4.125,1
1770714897.0,1770718497.088,3600088.4,57.83438233333333,12.307373,57.83438225455729,12.307373406575522,2.75,2.5,2.5,0.6504182240508388,7,7,Reverse,87.3,4.125,1
1770714898.0,1770718498.093,3600092.7,57.834382999999995,12.307371833333331,57.83438262727864,12.307372619954426,2.75,2.5,2.5,0.6422172946043778,7,7,Reverse,87.1,4.125,1
1770714899.0,1770718499.088,3600087.8,57.834388833333335,12.3073775,57.83438573030599,12.307375059977213,2.75,2.5,2.5,0.5557343168640808,7,7,Reverse,87.1,4.125,1
1770714900.0,1770718500.079,3600078.9,57.834388000000004,12.307375000000002,57.83438686515299,12.307375029988608,2.75,2.5,2.5,0.4615592156183147,7,7,Reverse,87.0,4.125,1
1770714901.0,1770718501.088,3600087.7,57.834390166666665,12.3073785,57.83438851590983,12.307376764994304,2.75,2.5,2.5,0.386987739187323,7,7,Reverse,87.1,4.125,1
1770714902.0,1770718502.079,3600079.0,57.83439683333333,12.307383,57.83439267462158,12.307379882497152,2.75,2.5,2.5,0.4836407612009424,7,7,Reverse,87.1,4.125,1
1770714903.0,1770718503.086,3600085.6,57.83439283333334,12.307380833333331,57.83439275397746,12.30738035791524,2.75,2.5,2.5,0.42377822589728376,7,7,Reverse,87.0,4.125,1
1770714904.0,1770718504.091,3600091.1,57.83439283333334,12.307376666666668,57.8343927936554,12.307378512290954,2.75,2.5,2.5,0.33235045239664945,7,7,Reverse,87.2,4.125,1
1770714905.0,1770718505.079,3600079.2,57.83439866666666,12.307379666666668,57.83439573016103,12.307379089478811,2.75,2.5,2.5,0.3163631226401713,7,7,Reverse,87.2,4.125,1
1770714906.0,1770718506.083,3600083.1,57.834393166666665,12.307375500000001,57.834394448413846,12.307377294739407,2.75,2.5,2.5,0.42615161051256334,7,7,Reverse,87.2,4.125,1
1770714907.0,1770718507.086,3600086.5,57.834395166666674,12.307375000000002,57.834394807540264,12.307376147369704,2.75,2.5,2.5,0.3441577732086605,7,7,Reverse,87.4,4.125,1
1770714908.0,1770718508.09,3600089.9,57.83439266666666,12.307370833333334,57.83439373710346,12.30737349035152,2.75,2.5,2.5,0.4457617534680375,7,7,Reverse,87.7,4.125,1
1770714909.0,1770718509.082,3600082.1,57.834385000000005,12.307363833333334,57.83438936855173,12.307368661842427,2.75,2.5,2.5,0.846385282883172,7,7,Reverse,87.9,4.125,1
1770714910.0,1770718510.089,3600089.2,57.834381666666665,12.307363666666667,57.8343855176092,12.307366164254546,2.75,2.5,2.5,1.0969620301665055,7,7,Reverse,88.2,4.125,1
1770714911.0,1770718511.086,3600085.6,57.834382166666664,12.307363500000001,57.83438384213793,12.307364832127274,2.75,2.5,2.5,1.082807531927431,7,7,Reverse,88.4,4.125,1
1770714912.0,1770718512.088,3600087.7,57.83438249999999,12.307364333333332,57.83438317106896,12.307364582730303,2.75,2.5,2.5,1.0141005660406897,7,7,Reverse,88.6,4.125,1
1770714913.0,1770718513.08,3600080.0,57.834382000000005,12.307363666666667,57.834382585534485,12.307364124698486,2.75,2.5,2.5,0.919697123101828,7,7,Reverse,88.8,4.125,1
1770714914.0,1770718514.088,3600087.8,57.83438116666666,12.307359166666666,57.83438187610057,12.307361645682576,2.75,2.5,2.5,0.8928903633572637,7,7,Reverse,88.7,4.125,1
1770714915.0,1770718515.079,3600079.1,57.834381,12.307359833333331,57.834381438050286,12.307360739507953,2.75,2.5,2.5,0.7816935551099088,7,7,Reverse,88.9,4.125,1
1770714916.0,1770718516.081,3600081.3,57.83438233333333,12.3073605,57.834381885691805,12.307360619753977,2.75,2.5,2.5,0.6336166854544288,7,7,Reverse,89.2,4.125,1
1770714917.0,1770718517.084,3600083.9,57.83438383333334,12.3073605,57.83438285951257,12.307360559876988,2.75,2.5,2.5,0.5248029933861285,7,7,Reverse,89.3,4.125,1
1770714918.0,1770718518.096,3600095.8,57.834384,12.307362333333334,57.834383429756286,12.30736144660516,2.75,2.5,2.5,0.4299357226736603,7,7,Reverse,89.3,4.125,1
1770714919.0,1770718519.088,3600088.3,57.83438683333334,12.307363000000002,57.83438513154481,12.307362223302581,2.75,2.5,2.5,0.4183190907867364,7,7,Reverse,89.4,4.125,1
1770714920.0,1770718520.085,3600085.0,57.834386166666675,12.3073605,57.83438564910575,12.30736136165129,2.75,2.5,2.5,0.3490654364518602,7,7,Reverse,89.5,4.125,1
1770714921.0,1770718521.09,3600090.3,57.83438566666667,12.307361166666665,57.83438565788621,12.307361264158978,2.75,2.5,2.5,0.359175460165061,7,7,Reverse,89.5,4.125,1
1770714922.0,1770718522.083,3600083.3,57.83438433333334,12.307356833333332,57.834384995609774,12.307359048746155,2.75,2.5,2.5,0.366073029763587,7,7,Reverse,89.7,4.125,1
1770714923.0,1770718523.088,3600087.8,57.83438533333333,12.307355833333334,57.83438516447155,12.307357441039745,2.75,2.5,2.5,0.33763895523513193,7,7,Reverse,89.9,4.125,1
1770714924.0,1770718524.081,3600081.0,57.83438533333333,12.307361666666669,57.83438524890244,12.307359553853207,2.75,2.5,2.5,0.4004896190896143,7,7,Reverse,89.8,4.125,1
1770714925.0,1770718525.088,3600088.3,57.834385833333336,12.3073565,57.83438554111789,12.307358026926602,2.75,2.5,2.5,0.3172592016345884,7,7,Reverse,89.7,4.125,1
1770714926.0,1770718526.08,3600080.4,57.834387500000005,12.307352666666668,57.834386520558944,12.307355346796635,2.75,2.5,2.5,0.44606833815844754,7,7,Reverse,89.5,4.125,1
1770714927.0,1770718527.085,3600084.6,57.83438833333333,12.307346833333334,57.83438742694614,12.307351090064985,2.6,2.5,2.5,0.7329262731536701,8,8,Reverse,89.5,3.9000000000000004,1
1770714928.0,1770718528.08,3600080.3,57.834390166666665,12.307345333333334,57.8343887968064,12.307348211699159,2.6,2.5,2.5,0.748064054010388,8,8,Reverse,89.1,3.9000000000000004,1
1770714929.0,1770718529.086,3600086.0,57.834386166666675,12.307336000000001,57.83438748173654,12.30734210584958,2.75,2.5,2.5,0.9162642863622066,7,7,Reverse,88.9,4.125,1
1770714930.0,1770718530.09,3600089.5,57.83438383333334,12.307332666666666,57.83438565753494,12.307337386258123,2.75,2.5,2.5,1.0009357160713088,7,7,Reverse,88.8,4.125,1
1770714931.0,1770718531.085,3600084.8,57.83438666666666,12.307332166666667,57.8343861621008,12.307334776462396,2.75,2.5,2.5,0.8497432794410044,7,7,Reverse,88.6,4.125,1
1770714932.0,1770718532.089,3600088.9,57.834384666666665,12.307326833333331,57.83438541438373,12.307330804897862,2.75,2.5,2.5,0.7801937155202129,7,7,Reverse,88.3,4.125,1
1770714933.0,1770718533.083,3600083.4,57.83438133333334,12.307325166666665,57.834383373858536,12.307327985782264,2.75,2.5,2.5,0.7066607464498564,7,7,Reverse,88.1,4.125,1
1770714934.0,1770718534.087,3600086.9,57.834378666666666,12.307318166666668,57.834381020262605,12.307323076224467,2.75,2.5,2.5,0.704611414411718,7,7,Reverse,88.1,4.125,1
1770714935.0,1770718535.081,3600081.1,57.83437633333333,12.3073215,57.83437867679797,12.307322288112234,2.75,2.5,2.5,0.6936142884602481,7,7,Reverse,87.7,4.125,1
1770714936.0,1770718536.087,3600087.5,57.83436700000001,12.307333333333334,57.834372838398984,12.307327810722784,2.75,2.5,2.5,1.0089019366511316,7,7,Reverse,87.9,4.125,1
1770714937.0,1770718537.079,3600079.2,57.83436616666666,12.307322166666665,57.83436950253282,12.307324988694724,2.75,2.5,2.5,1.027203536984229,7,7,Reverse,88.0,4.125,1
1770714938.0,1770718538.087,3600086.6,57.83436183333333,12.3073215,57.83436566793308,12.307323244347362,2.9,2.5,2.5,1.0773855890809256,6,6,Reverse,87.9,4.35,1
1770714939.0,1770718539.081,3600081.0,57.83435733333334,12.307314833333331,57.83436150063321,12.307319038840348,2.9,2.5,2.5,1.1930661053005447,6,6,Reverse,88.1,4.35,1
1770714940.0,1770718540.087,3600086.8,57.834358,12.307326,57.83435975031661,12.307322519420174,2.9,2.5,2.5,1.151822590466575,6,6,Reverse,88.1,4.35,1
1770714941.0,1770718541.079,3600079.3,57.8343505,12.3073205,57.834355125158304,12.307321509710086,2.9,2.5,2.5,1.297963229105557,6,6,Reverse,88.2,4.35,1
1770714942.0,1770718542.084,3600084.4,57.83434999999999,12.307330333333335,57.83435256257915,12.307325921521711,2.9,2.5,2.5,1.2706752856143313,6,6,Reverse,88.5,4.35,1
1770714943.0,1770718543.08,3600080.2,57.834354,12.307332666666666,57.83435328128957,12.307329294094188,2.75,2.5,2.5,1.0138608029177532,7,7,Reverse,89.1,4.125,1
1770714944.0,1770718544.088,3600087.8,57.83435533333333,12.307339333333335,57.83435430731145,12.307334313713762,2.75,2.5,2.5,0.8453326332699704,7,7,Reverse,89.4,4.125,1
1770714945.0,1770718545.082,3600082.2,57.83435916666667,12.307351500000001,57.83435673698906,12.307342906856881,2.75,2.5,2.5,0.8995295318256844,7,7,Reverse,89.5,4.125,1
1770714946.0,1770718546.083,3600083.1,57.83435666666666,12.307357166666668,57.83435670182786,12.307350036761774,2.75,2.5,2.5,0.9802630707744373,7,7,Reverse,89.7,4.125,1
1770714947.0,1770718547.088,3600087.7,57.83436483333333,12.307365333333333,57.8343607675806,12.307357685047554,2.75,2.5,2.5,1.1776926131067527,7,7,Reverse,89.9,4.125,1
1770714948.0,1770718548.08,3600079.9,57.83437266666667,12.307367,57.83436671712363,12.307362342523776,2.75,2.5,2.5,1.3429094197511457,7,7,Reverse,89.9,4.125,1
1770714949.0,1770718549.086,3600086.3,57.83437266666667,12.307367666666668,57.83436969189515,12.307365004595223,2.75,2.5,2.5,1.29168499467845,7,7,Reverse,89.8,4.125,1
1770714950.0,1770718550.083,3600083.4,57.83437300000001,12.307371,57.83437134594758,12.307368002297611,2.75,2.5,2.5,1.1748889231732398,7,7,Reverse,89.7,4.125,1
1770714951.0,1770718551.086,3600086.1,57.834373500000005,12.307371333333332,57.83437242297379,12.307369667815472,2.6,2.5,2.5,1.0333869588677584,8,8,Reverse,89.6,3.9000000000000004,1
1770714952.0,1770718552.091,3600091.4,57.83437716666667,12.3073695,57.83437479482023,12.307369583907736,2.6,2.5,2.5,0.8881672332473034,8,8,Reverse,89.6,3.9000000000000004,1
1770714953.0,1770718553.086,3600085.8,57.834374499999996,12.307376,57.834374647410115,12.307372791953867,2.6,2.5,2.5,0.8623163630093803,8,8,Reverse,89.4,3.9000000000000004,1
1770714954.0,1770718554.091,3600091.1,57.83437966666667,12.307383166666666,57.83437715703839,12.307377979310267,2.6,2.5,2.5,0.8967810207663521,8,8,Reverse,89.4,3.9000000000000004,1
1770714955.0,1770718555.084,3600084.3,57.83437983333333,12.307379500000001,57.83437849518586,12.307378739655134,2.6,2.5,2.5,0.7871887391815025,8,8,Reverse,89.3,3.9000000000000004,1
1770714956.0,1770718556.079,3600079.4,57.834388499999996,12.307379333333332,57.83438349759293,12.307379036494233,3.175,2.5,2.5,0.7966385578303877,6,6,Reverse,89.2,4.762499999999999,1
1770714957.0,1770718557.083,3600083.3,57.834390500000005,12.307378166666668,57.83438699879647,12.307378601580451,2.8499999999999996,2.5,2.5,0.710165124053512,7,7,Reverse,89.3,4.2749999999999995,1
1770714958.0,1770718558.079,3600078.9,57.834388833333335,12.307378666666667,57.8343879160649,12.307378634123559,2.8499999999999996,2.5,2.5,0.550208263746751,7,7,Reverse,89.4,4.2749999999999995,1
1770714959.0,1770718559.083,3600083.3,57.83439166666667,12.307374166666667,57.83438979136579,12.307376400395112,2.8499999999999996,2.5,2.5,0.4662037772900827,7,7,Reverse,89.4,4.2749999999999995,1
1770714960.0,1770718560.077,3600077.3,57.83439666666666,12.307360666666666,57.83439322901622,12.307368533530889,2.8499999999999996,2.5,2.5,0.6359433506459572,7,7,Reverse,89.3,4.2749999999999995,1
1770714961.0,1770718561.092,3600092.0,57.83439266666666,12.3073625,57.834392947841444,12.307365516765445,2.8499999999999996,2.5,2.5,0.7134628671014088,7,7,Reverse,89.1,4.2749999999999995,1
1770714962.0,1770718562.08,3600080.3,57.83439,12.307356333333333,57.83439147392072,12.30736092504939,2.8499999999999996,2.5,2.5,0.9049273841138568,7,7,Reverse,89.2,4.2749999999999995,1
1770714963.0,1770718563.08,3600080.0,57.834382999999995,12.307361666666669,57.83438723696036,12.307361295858028,2.8499999999999996,2.5,2.5,1.0955246332368562,7,7,Reverse,89.0,4.2749999999999995,1
1770714964.0,1770718564.085,3600084.9,57.834380333333335,12.307353833333332,57.83438378514685,12.30735756459568,2.8499999999999996,2.5,2.5,1.303960091747763,7,7,Reverse,88.8,4.2749999999999995,1
1770714965.0,1770718565.082,3600081.8,57.83438683333334,12.3073325,57.83438530924009,12.30734503229784,2.8499999999999996,2.5,2.5,1.4999923193163778,7,7,Reverse,88.5,4.2749999999999995,1
1770714966.0,1770718566.086,3600085.5,57.83438416666666,12.307315166666667,57.83438473795338,12.307330099482254,2.8499999999999996,2.5,2.5,1.865882993685041,7,7,Reverse,88.1,4.2749999999999995,1
1770714967.0,1770718567.08,3600080.2,57.834381666666665,12.307312833333333,57.83438320231002,12.307321466407792,2.8499999999999996,2.5,2.5,1.966543241192592,7,7,Reverse,88.0,4.2749999999999995,1
1770714968.0,1770718568.084,3600083.8,57.83438666666666,12.307304500000003,57.83438493448834,12.307312983203898,2.8499999999999996,2.5,2.5,1.9221960925537662,7,7,Reverse,87.6,4.2749999999999995,1
1770714969.0,1770718569.079,3600078.9,57.834391999999994,12.307301500000001,57.83438846724417,12.307307241601949,2.8499999999999996,2.5,2.5,1.7765386315765253,7,7,Reverse,87.4,4.2749999999999995,1
1770714970.0,1770718570.083,3600083.0,57.834394,12.307290333333333,57.834391233622085,12.30729878746764,2.8499999999999996,2.5,2.5,1.7376883790528788,7,7,Reverse,87.1,4.2749999999999995,1
1770714971.0,1770718571.077,3600077.3,57.834400499999994,12.307279166666667,57.834395866811036,12.307288977067154,2.8499999999999996,2.5,2.5,1.7791276566486545,7,7,Reverse,86.9,4.2749999999999995,1
1770714972.0,1770718572.084,3600083.6,57.83440183333334,12.307266499999999,57.83439885007219,12.307277738533577,2.8499999999999996,2.5,2.5,1.8440206844656775,7,7,Reverse,86.7,4.2749999999999995,1
1770714973.0,1770718573.076,3600076.4,57.83440266666666,12.307262166666666,57.834400758369426,12.307269952600121,2.8499999999999996,2.5,2.5,1.7816761822810718,7,7,Reverse,86.2,4.2749999999999995,1
1770714974.0,1770718574.082,3600081.6,57.83440016666667,12.307268666666667,57.83440046251805,12.307269309633394,2.8499999999999996,2.5,2.5,1.5107946823203409,7,7,Reverse,85.9,4.2749999999999995,1
1770714975.0,1770718575.086,3600085.9,57.83440949999999,12.307264833333333,57.83440498125902,12.307267071483365,2.8499999999999996,2.5,2.5,1.3429839552919811,7,7,Reverse,85.8,4.2749999999999995,1
1770714976.0,1770718576.08,3600079.7,57.83441416666666,12.307255333333334,57.83440957396284,12.307261202408348,2.8499999999999996,2.5,2.5,1.2844879333822918,7,7,Reverse,85.6,4.2749999999999995,1
1770714977.0,1770718577.085,3600085.2,57.834420833333326,12.307261833333333,57.834415203648085,12.307261517870842,2.8499999999999996,2.5,2.5,1.2971626933544524,7,7,Reverse,85.3,4.2749999999999995,1
1770714978.0,1770718578.079,3600079.2,57.83442166666667,12.307257833333331,57.834418435157374,12.307259675602086,2.8499999999999996,2.5,2.5,1.2042172170380783,7,7,Reverse,84.9,4.2749999999999995,1
1770714979.0,1770718579.084,3600083.8,57.834421166666665,12.307259166666665,57.83441980091202,12.307259421134376,2.8499999999999996,2.5,2.5,0.9217740086177517,7,7,Reverse,84.9,4.2749999999999995,1
1770714980.0,1770718580.079,3600079.0,57.83441883333333,12.307265166666665,57.83441931712267,12.30726229390052,2.8499999999999996,2.5,2.5,0.8048817451821862,7,7,Reverse,84.6,4.2749999999999995,1
1770714981.0,1770718581.084,3600084.2,57.83441933333334,12.307260000000001,57.834419325228005,12.30726114695026,2.8499999999999996,2.5,2.5,0.6955494816034228,7,7,Reverse,84.7,4.2749999999999995,1
1770714982.0,1770718582.078,3600078.0,57.8344235,12.307267166666668,57.834421412614006,12.307264156808465,2.8499999999999996,2.5,2.5,0.66345546332345,7,7,Reverse,84.5,4.2749999999999995,1
1770714983.0,1770718583.083,3600083.0,57.83442133333333,12.307264333333334,57.834421372973665,12.307264245070899,2.8499999999999996,2.5,2.5,0.6332053846218479,7,7,Reverse,84.3,4.2749999999999995,1
1770714984.0,1770718584.087,3600086.7,57.83441849999999,12.307265,57.83441993648683,12.307264622535449,2.8499999999999996,2.5,2.5,0.7391335575733067,7,7,Reverse,84.2,4.2749999999999995,1
1770714985.0,1770718585.081,3600081.3,57.83441483333333,12.3072635,57.834417384910076,12.307264061267725,2.8499999999999996,2.5,2.5,0.9363699197966928,7,7,Reverse,83.9,4.2749999999999995,1
1770714986.0,1770718586.085,3600085.2,57.834414,12.307266833333331,57.83441569245504,12.307265447300528,2.8499999999999996,2.5,2.5,0.9938519486724535,7,7,Reverse,83.9,4.2749999999999995,1
1770714987.0,1770718587.081,3600081.1,57.83442433333333,12.307245499999999,57.834420012894185,12.307255473650264,2.8499999999999996,2.5,2.5,0.8581474892464487,7,7,Reverse,83.6,4.2749999999999995,1
1770714988.0,1770718588.086,3600085.7,57.83443766666666,12.307217666666668,57.83442883978042,12.307236570158466,2.6,2.5,2.5,1.2360190869081351,8,8,Reverse,83.0,3.9000000000000004,1
1770714989.0,1770718589.081,3600081.0,57.834444166666664,12.307188333333333,57.83443650322354,12.3072124517459,2.6,2.5,2.5,1.7397277506973443,8,8,Reverse,82.6,3.9000000000000004,1
1770714990.0,1770718590.084,3600084.2,57.834445,12.307168999999998,57.83444075161177,12.307190725872948,2.6,2.5,2.5,2.09035086926977,8,8,Reverse,82.0,3.9000000000000004,1
1770714991.0,1770718591.09,3600089.6,57.83445266666666,12.307169833333335,57.834446709139215,12.307180279603141,2.6,2.5,2.5,2.1874600079153987,8,8,Reverse,81.5,3.9000000000000004,1
1770714992.0,1770718592.094,3600093.7,57.83445583333334,12.307159833333333,57.834451271236276,12.307170056468237,2.8499999999999996,2.5,2.5,2.321976437035412,8,8,Reverse,81.0,4.2749999999999995,1
1770714993.0,1770718593.093,3600092.5,57.83446983333333,12.307136500000002,57.8344605522848,12.30715327823412,2.8499999999999996,2.5,2.5,2.766931208631373,8,8,Reverse,80.9,4.2749999999999995,1
1770714994.0,1770718594.085,3600084.5,57.83447966666666,12.307135999999998,57.83447010947573,12.307144639117059,2.725,2.5,2.5,2.9789707452378233,7,7,Reverse,80.4,4.0875,1
1770714995.0,1770718595.077,3600077.5,57.834482333333334,12.307131333333333,57.834476221404536,12.307137986225197,3.4000000000000004,2.5,2.5,2.941918969142555,7,7,Reverse,80.2,5.1000000000000005,1
1770714996.0,1770718596.083,3600083.3,57.834490833333334,12.307124666666668,57.83448352736893,12.307131326445932,3.4000000000000004,2.5,2.5,2.9339284187467216,7,7,Reverse,80.0,5.1000000000000005,1
1770714997.0,1770718597.076,3600076.1,57.834489,12.307122,57.83448626368447,12.307126663222967,3.4000000000000004,2.5,2.5,2.741746223192692,7,7,Reverse,79.7,5.1000000000000005,1
1770714998.0,1770718598.082,3600081.5,57.83449883333333,12.3071085,57.8344925485089,12.307117581611482,3.4000000000000004,2.5,2.5,2.7466736889267773,7,7,Reverse,79.7,5.1000000000000005,1
1770714999.0,1770718599.085,3600085.4,57.834503,12.307089499999998,57.834497774254444,12.307103540805741,3.4000000000000004,2.5,2.5,2.885771046957572,7,7,Reverse,79.5,5.1000000000000005,1
1770715000.0,1770718600.079,3600079.4,57.83451166666667,12.307061,57.83450472046056,12.30708227040287,2.6,2.5,2.5,3.302300068025356,8,8,Reverse,79.1,3.9000000000000004,1
1770715001.0,1770718601.084,3600084.5,57.83451166666667,12.3070665,57.834508193563614,12.307074385201435,2.6,2.5,2.5,3.3293839175553694,8,8,Reverse,78.9,3.9000000000000004,1
1770715002.0,1770718602.091,3600090.7,57.83451466666667,12.307101333333332,57.83451143011514,12.307087859267384,2.6,2.5,2.5,3.225891358740433,8,8,Reverse,78.7,3.9000000000000004,1
1770715003.0,1770718603.085,3600084.6,57.83451,12.307110833333335,57.834510715057576,12.307099346300358,2.6,2.5,2.5,2.850626379328364,8,8,Reverse,78.4,3.9000000000000004,1
1770715004.0,1770718604.089,3600088.7,57.834510833333326,12.307128166666667,57.83451077419545,12.307113756483513,2.75,2.5,2.5,2.6529308100175175,7,7,Reverse,78.8,4.125,1
1770715005.0,1770718605.083,3600083.3,57.83450416666666,12.307135666666666,57.834507470431056,12.307124711575089,2.6,2.5,2.5,2.277716771850429,8,8,Reverse,79.1,3.9000000000000004,1
1770715006.0,1770718606.087,3600087.5,57.83449733333334,12.307132166666667,57.8345024018822,12.307128439120879,2.75,2.5,2.5,1.791282200486957,7,7,Reverse,78.9,4.125,1
1770715007.0,1770718607.082,3600082.0,57.83448416666667,12.307145166666665,57.83449328427443,12.30713680289377,2.75,2.5,2.5,1.6550837242505119,7,7,Reverse,78.5,4.125,1
1770715008.0,1770718608.086,3600086.0,57.8345,12.307160166666666,57.83449664213722,12.30714848478022,2.75,2.5,2.5,1.826554695376186,7,7,Reverse,78.6,4.125,1
1770715009.0,1770718609.083,3600083.1,57.83449333333333,12.307165666666666,57.83449498773527,12.307157075723442,2.75,2.5,2.5,1.710750151534255,7,7,Reverse,78.1,4.125,1
1770715010.0,1770718610.077,3600077.4,57.834478833333336,12.307173166666667,57.8344869105343,12.307165121195055,3.0,2.5,2.5,1.5983201413153787,6,6,Reverse,78.1,4.5,1
1770715011.0,1770718611.082,3600081.7,57.834486166666665,12.307174999999999,57.83448653860049,12.307170060597526,3.0,2.5,2.5,1.4361158090466675,6,6,Reverse,77.9,4.5,1
1770715012.0,1770718612.085,3600085.1,57.834487,12.307189166666667,57.83448676930024,12.307179613632098,3.0,2.5,2.5,1.4429420076376127,6,6,Reverse,77.8,4.5,1
1770715013.0,1770718613.08,3600080.0,57.834486500000004,12.307184166666666,57.834486634650126,12.307181890149382,3.0,2.5,2.5,1.1910787281501378,6,6,Reverse,77.8,4.5,1
1770715014.0,1770718614.084,3600083.9,57.83448716666667,12.307177999999999,57.8344869006584,12.30717994507469,3.0,2.5,2.5,1.033790886563593,6,6,Reverse,78.0,4.5,1
1770715015.0,1770718615.078,3600077.7,57.83449133333333,12.307168833333332,57.83448911699586,12.307174389204011,2.75,2.5,2.5,1.0224324421681197,7,7,Reverse,77.9,4.125,1
1770715016.0,1770718616.084,3600083.9,57.834484999999994,12.307165833333332,57.83448705849793,12.307170111268672,2.75,2.5,2.5,0.9699570708755836,7,7,Reverse,77.6,4.125,1
1770715017.0,1770718617.079,3600079.2,57.834487499999994,12.3071685,57.83448727924896,12.307169305634336,2.75,2.5,2.5,0.9543470080989943,7,7,Reverse,77.4,4.125,1
1770715018.0,1770718618.082,3600082.3,57.83448633333334,12.307175500000001,57.83448680629115,12.307172402817168,2.75,2.5,2.5,0.9151128200586279,7,7,Reverse,77.4,4.125,1
1770715019.0,1770718619.077,3600076.8,57.83448983333333,12.307197833333332,57.83448831981224,12.30718511807525,2.75,2.5,2.5,1.0757178844049986,7,7,Reverse,77.5,4.125,1
1770715020.0,1770718620.082,3600082.0,57.834480166666665,12.307203499999998,57.83448424323945,12.307194309037625,2.75,2.5,2.5,0.9243185933846174,7,7,Reverse,77.4,4.125,1
1770715021.0,1770718621.096,3600095.9,57.834471666666666,12.307215833333332,57.83447795495306,12.307205071185479,2.75,2.5,2.5,0.8176263498457641,7,7,Reverse,77.3,4.125,1
1770715022.0,1770718622.08,3600080.0,57.83447983333334,12.307231333333334,57.8344788941432,12.307218202259406,2.75,2.5,2.5,0.9537772425750501,7,7,Reverse,77.1,4.125,1
1770715023.0,1770718623.085,3600084.8,57.83448116666667,12.307239666666666,57.83448003040493,12.307228934463035,2.6,2.5,2.5,1.0451930538069338,8,8,Reverse,77.3,3.9000000000000004,1
1770715024.0,1770718624.081,3600080.6,57.83447266666667,12.307254,57.8344763485358,12.307241467231519,2.6,2.5,2.5,1.0162477836002817,8,8,Reverse,77.3,3.9000000000000004,1
1770715025.0,1770718625.085,3600084.7,57.834469000000006,12.307274333333332,57.83447267426791,12.307257900282425,2.6,2.5,2.5,1.1506720450117471,8,8,Reverse,77.4,3.9000000000000004,1
1770715026.0,1770718626.09,3600089.8,57.834472000000005,12.307285166666668,57.83447233713395,12.307271533474546,2.6,2.5,2.5,1.304413637123469,8,8,Reverse,77.5,3.9000000000000004,1
1770715027.0,1770718627.084,3600084.5,57.83446516666666,12.307300000000001,57.83446875190031,12.307285766737275,2.6,2.5,2.5,1.427333533859278,8,8,Reverse,77.7,3.9000000000000004,1
1770715028.0,1770718628.089,3600088.8,57.834461499999996,12.307284333333333,57.83446512595015,12.307285050035304,2.6,2.5,2.5,1.2069443550199093,8,8,Reverse,78.0,3.9000000000000004,1
1770715029.0,1770718629.084,3600083.7,57.83446133333334,12.307284666666666,57.83446322964174,12.307284858350984,2.6,2.5,2.5,0.9070606405486645,8,8,Reverse,78.1,3.9000000000000004,1
1770715030.0,1770718630.088,3600088.3,57.83445166666667,12.307293666666665,57.83445744815421,12.307289262508824,2.6,2.5,2.5,0.910445889519664,8,8,Reverse,78.2,3.9000000000000004,1
1770715031.0,1770718631.084,3600083.5,57.8344435,12.3073055,57.8344504740771,12.307297381254413,2.6,2.5,2.5,1.1443979005658906,8,8,Reverse,78.5,3.9000000000000004,1
1770715032.0,1770718632.088,3600087.7,57.834433499999996,12.307312166666668,57.83444198703855,12.30730477396054,2.6,2.5,2.5,1.417099244139671,8,8,Reverse,78.6,3.9000000000000004,1
1770715033.0,1770718633.082,3600082.4,57.83442566666666,12.307315166666667,57.8344338268526,12.307309970313604,2.6,2.5,2.5,1.6509945242516415,8,8,Reverse,78.6,3.9000000000000004,1
1770715034.0,1770718634.087,3600086.9,57.83441766666667,12.307307500000002,57.834425746759635,12.307308735156802,2.725,2.5,2.5,1.7976624759953626,7,7,Reverse,78.6,4.0875,1
1770715035.0,1770718635.082,3600081.7,57.83440366666667,12.307305833333333,57.834414706713154,12.307307284245068,2.6,2.5,2.5,2.0976062791611256,8,8,Reverse,78.9,3.9000000000000004,1
1770715036.0,1770718636.086,3600085.5,57.83439833333333,12.3073005,57.834406520023244,12.307303892122533,2.6,2.5,2.5,2.236824109658377,8,8,Reverse,79.3,3.9000000000000004,1
1770715037.0,1770718637.09,3600090.4,57.83440083333333,12.307294333333335,57.834403676678285,12.307299112727934,2.6,2.5,2.5,2.060641128605358,8,8,Reverse,79.6,3.9000000000000004,1
1770715038.0,1770718638.086,3600085.8,57.8343995,12.307290833333331,57.83440158833915,12.307294973030633,2.6,2.5,2.5,1.8343415000627308,8,8,Reverse,79.7,3.9000000000000004,1
1770715039.0,1770718639.091,3600090.9,57.83440016666667,12.307286833333334,57.83440087750291,12.307290903181984,2.6,2.5,2.5,1.5907620732021022,8,8,Reverse,80.0,3.9000000000000004,1
1770715040.0,1770718640.084,3600084.0,57.83440433333333,12.307278,57.83440260541812,12.307284451590991,2.6,2.5,2.5,1.5396159811538017,8,8,Reverse,80.5,3.9000000000000004,1
1770715041.0,1770718641.079,3600079.2,57.83440600000001,12.307277833333334,57.83440430270906,12.307281142462163,2.6,2.5,2.5,1.522038623924272,8,8,Reverse,80.7,3.9000000000000004,1
1770715042.0,1770718642.084,3600083.9,57.83441433333334,12.307278499999999,57.8344093180212,12.30727982123108,2.6,2.5,2.5,1.729202344631031,8,8,Reverse,81.2,3.9000000000000004,1
1770715043.0,1770718643.088,3600087.7,57.83441233333333,12.307287166666667,57.83441082567727,12.307283493948875,2.725,2.5,2.5,1.68682591299548,7,7,Reverse,81.7,4.0875,1
1770715044.0,1770718644.085,3600084.5,57.83441549999999,12.307285666666667,57.83441316283863,12.30728458030777,2.6,2.5,2.5,1.6944323725083978,8,8,Reverse,82.0,3.9000000000000004,1
1770715045.0,1770718645.087,3600086.6,57.8344135,12.307284000000001,57.83441333141931,12.307284290153886,2.6,2.5,2.5,1.639112743999991,8,8,Reverse,82.4,3.9000000000000004,1
1770715046.0,1770718646.083,3600083.5,57.83441366666666,12.307278166666666,57.83441349904299,12.307281228410275,2.6,2.5,2.5,1.661606691120381,8,8,Reverse,83.2,3.9000000000000004,1
1770715047.0,1770718647.088,3600087.9,57.83441849999999,12.307257333333332,57.83441599952149,12.307269280871804,2.725,2.5,2.5,2.028713214025776,7,7,Reverse,83.4,4.0875,1
1770715048.0,1770718648.082,3600081.5,57.83441966666666,12.307243333333334,57.83441783309408,12.30725630710257,2.725,2.5,2.5,2.371329423276957,7,7,Reverse,83.7,4.0875,1
1770715049.0,1770718649.086,3600085.9,57.834421999999996,12.307244833333334,57.834419916547034,12.30725057021795,2.725,2.5,2.5,2.4248889410062953,7,7,Reverse,83.6,4.0875,1
1770715050.0,1770718650.08,3600080.1,57.83442216666667,12.307261500000001,57.83442104160685,12.307256035108976,2.725,2.5,2.5,2.059559485659383,7,7,Reverse,83.7,4.0875,1
1770715051.0,1770718651.085,3600084.7,57.83442316666666,12.307269666666665,57.834422104136756,12.30726285088782,3.175,2.5,2.5,1.696386447428443,6,6,Reverse,83.8,4.762499999999999,1
1770715052.0,1770718652.09,3600089.6,57.83442066666667,12.307269166666666,57.83442138540171,12.307266008777244,2.725,2.5,2.5,1.3521046602161704,7,7,Reverse,84.0,4.0875,1
1770715053.0,1770718653.086,3600086.5,57.83442066666667,12.307269,57.83442102603419,12.307267504388621,2.6,2.5,2.5,1.0921078707348424,8,8,Reverse,84.1,3.9000000000000004,1
1770715054.0,1770718654.09,3600090.5,57.83441933333334,12.307276166666668,57.83442017968376,12.307271835527645,2.6,2.5,2.5,0.8897785574329845,8,8,Reverse,84.1,3.9000000000000004,1
1770715055.0,1770718655.085,3600085.1,57.83441883333333,12.30727,57.834419506508546,12.307270917763823,2.6,2.5,2.5,0.8215445121035871,8,8,Reverse,84.2,3.9000000000000004,1
1770715056.0,1770718656.089,3600088.9,57.83441800000001,12.307272333333334,57.834418753254276,12.307271625548578,2.6,2.5,2.5,0.7298830138918364,8,8,Reverse,84.0,3.9000000000000004,1
1770715057.0,1770718657.083,3600083.0,57.83442333333334,12.307273333333335,57.83442104329381,12.307272479440956,2.6,2.5,2.5,0.6058539737668414,8,8,Reverse,84.0,3.9000000000000004,1
1770715058.0,1770718658.089,3600089.0,57.834424000000006,12.307273833333333,57.83442252164691,12.307273156387145,2.6,2.5,2.5,0.452054353760419,8,8,Reverse,84.0,3.9000000000000004,1
1770715059.0,1770718659.079,3600079.1,57.83442566666666,12.307278166666666,57.83442409415679,12.307275661526905,2.6,2.5,2.5,0.43797710913162513,8,8,Reverse,84.1,3.9000000000000004,1
1770715060.0,1770718660.089,3600089.0,57.834419833333335,12.307287,57.83442196374506,12.307281330763454,2.6,2.5,2.5,0.581151797502418,8,8,Reverse,84.0,3.9000000000000004,1
1770715061.0,1770718661.084,3600083.6,57.83442133333333,12.307281333333332,57.8344216485392,12.307281332048392,2.6,2.5,2.5,0.4806737818366265,8,8,Reverse,83.8,3.9000000000000004,1
1770715062.0,1770718662.088,3600088.2,57.8344265,12.307276666666667,57.8344240742696,12.30727899935753,2.6,2.5,2.5,0.48374886896983293,8,8,Reverse,83.9,3.9000000000000004,1
1770715063.0,1770718663.079,3600078.9,57.83442216666667,12.307281833333331,57.83442312046813,12.30728041634543,2.6,2.5,2.5,0.4249910986251883,8,8,Reverse,83.8,3.9000000000000004,1
1770715064.0,1770718664.086,3600085.9,57.83441766666667,12.307290166666666,57.8344203935674,12.307285291506048,2.6,2.5,2.5,0.4600687173299111,8,8,Reverse,83.7,3.9000000000000004,1
1770715065.0,1770718665.091,3600091.2,57.83441500000001,12.307291166666667,57.8344176967837,12.307288229086359,2.6,2.5,2.5,0.5525623827725907,8,8,Reverse,83.7,3.9000000000000004,1
1770715066.0,1770718666.097,3600097.1,57.83441533333333,12.307286833333334,57.83441651505852,12.307287531209846,2.6,2.5,2.5,0.5535042780416685,8,8,Reverse,83.8,3.9000000000000004,1
1770715067.0,1770718667.081,3600081.3,57.83441200000001,12.307281666666665,57.83441425752926,12.307284598938255,2.8499999999999996,2.5,2.5,0.700287413442273,7,7,Reverse,83.7,4.2749999999999995,1
1770715068.0,1770718668.079,3600079.2,57.83441566666667,12.307273333333335,57.834414962097966,12.307278966135796,2.8499999999999996,2.5,2.5,0.8337194915252911,7,7,Reverse,83.9,4.2749999999999995,1
1770715069.0,1770718669.078,3600077.6,57.83441583333333,12.307273166666668,57.83441539771565,12.307276066401231,2.8499999999999996,2.5,2.5,0.9190911784107721,7,7,Reverse,83.9,4.2749999999999995,1
1770715070.0,1770718670.079,3600079.1,57.834413833333336,12.307275333333333,57.834414615524494,12.307275699867283,2.8499999999999996,2.5,2.5,0.9726855572962622,7,7,Reverse,83.9,4.2749999999999995,1
1770715071.0,1770718671.084,3600083.8,57.83441266666667,12.307281,57.83441364109558,12.307278349933641,2.6,2.5,2.5,0.854125977782063,8,8,Reverse,84.0,3.9000000000000004,1
1770715072.0,1770718672.085,3600084.6,57.83440883333333,12.307284000000001,57.834411237214454,12.307281174966821,2.8499999999999996,2.5,2.5,0.7709695629258209,7,7,Reverse,83.9,4.2749999999999995,1
1770715073.0,1770718673.089,3600089.5,57.83440533333334,12.307285666666667,57.8344082852739,12.307283420816743,2.8499999999999996,2.5,2.5,0.7775584920027516,7,7,Reverse,84.0,4.2749999999999995,1
1770715074.0,1770718674.083,3600083.1,57.83440383333333,12.307282666666667,57.83440605930362,12.307283043741705,2.6,2.5,2.5,0.8390240500242044,8,8,Reverse,84.1,3.9000000000000004,1
1770715075.0,1770718675.09,3600089.6,57.83440366666667,12.307291833333332,57.83440486298514,12.30728743853752,2.6,2.5,2.5,0.6537062038069201,8,8,Reverse,84.0,3.9000000000000004,1
1770715076.0,1770718676.085,3600084.8,57.83439799999999,12.307294333333335,57.834401431492566,12.307290885935426,2.6,2.5,2.5,0.683541874692001,8,8,Reverse,83.8,3.9000000000000004,1
1770715077.0,1770718677.079,3600079.5,57.83439683333333,12.307291333333334,57.83439913241295,12.30729110963438,2.6,2.5,2.5,0.7492781101166497,8,8,Reverse,83.9,3.9000000000000004,1
1770715078.0,1770718678.083,3600083.4,57.83439583333334,12.307290833333331,57.83439748287314,12.307290971483855,2.6,2.5,2.5,0.7775400850423767,8,8,Reverse,83.9,3.9000000000000004,1
1770715079.0,1770718679.088,3600087.7,57.83439766666667,12.30729,57.83439757476991,12.307290485741929,2.8499999999999996,2.5,2.5,0.7361194124803271,7,7,Reverse,84.1,4.2749999999999995,1
1770715080.0,1770718680.082,3600081.7,57.83440166666666,12.3072975,57.83439962071828,12.307293992870964,2.8499999999999996,2.5,2.5,0.6160025199603316,7,7,Reverse,84.0,4.2749999999999995,1
1770715081.0,1770718681.086,3600085.9,57.8344045,12.307309333333334,57.83440206035914,12.30730166310215,2.8499999999999996,2.5,2.5,0.7018332347356422,7,7,Reverse,83.8,4.2749999999999995,1
1770715082.0,1770718682.082,3600082.5,57.83440983333333,12.307321333333334,57.83440594684624,12.307311498217741,3.2,2.5,2.5,0.9407329170058335,6,6,Reverse,83.8,4.800000000000001,1
1770715083.0,1770718683.076,3600076.1,57.83441466666667,12.307338499999998,57.83441030675645,12.30732499910887,3.2,2.5,2.5,1.326649815596546,6,6,Reverse,83.9,4.800000000000001,1
1770715084.0,1770718684.081,3600081.4,57.834416833333336,12.307344,57.834413570044894,12.307334499554436,3.2,2.5,2.5,1.477920165096781,6,6,Reverse,83.7,4.800000000000001,1
1770715085.0,1770718685.085,3600085.5,57.834422333333336,12.307350833333333,57.83441795168911,12.307342666443883,3.2,2.5,2.5,1.647709610876423,6,6,Reverse,83.8,4.800000000000001,1
1770715086.0,1770718686.079,3600079.1,57.834422833333335,12.307365333333333,57.83442039251123,12.307353999888608,3.2,2.5,2.5,1.8187975984678804,6,6,Reverse,83.7,4.800000000000001,1
1770715087.0,1770718687.084,3600084.4,57.83442216666667,12.307367166666666,57.834421279588945,12.307360583277637,3.2,2.5,2.5,1.708543658878988,6,6,Reverse,83.8,4.800000000000001,1
1770715088.0,1770718688.078,3600078.4,57.834423,12.3073665,57.834422139794476,12.30736354163882,3.2,2.5,2.5,1.4474442551460802,6,6,Reverse,83.7,4.800000000000001,1
1770715089.0,1770718689.085,3600085.1,57.83442633333334,12.307369000000001,57.834424236563905,12.30736627081941,3.2,2.5,2.5,1.2915888234013237,6,6,Reverse,83.8,4.800000000000001,1
1770715090.0,1770718690.085,3600084.8,57.83443166666666,12.307370666666667,57.83442795161528,12.30736846874304,3.2,2.5,2.5,1.2904054607200919,6,6,Reverse,83.9,4.800000000000001,1
1770715091.0,1770718691.085,3600084.6,57.834428499999994,12.307380833333331,57.83442822580764,12.307374651038185,3.2,2.5,2.5,1.1579331596327782,6,6,Reverse,84.1,4.800000000000001,1
1770715092.0,1770718692.079,3600079.2,57.83443033333333,12.307392333333333,57.834429279570486,12.307383492185759,3.2,2.5,2.5,1.186418758879939,6,6,Reverse,84.4,4.800000000000001,1
1770715093.0,1770718693.088,3600088.2,57.83443016666667,12.307386666666666,57.834429723118575,12.307385079426213,3.2,2.5,2.5,0.9791402854658772,6,6,Reverse,84.6,4.800000000000001,1
1770715094.0,1770718694.088,3600087.7,57.834433833333335,12.307374833333332,57.834431778225955,12.307379956379773,3.2,2.5,2.5,0.9378601173961953,6,6,Reverse,84.9,4.800000000000001,1
1770715095.0,1770718695.092,3600091.6,57.83443316666667,12.307368333333333,57.834432472446316,12.307374144856553,2.6,2.5,2.5,0.8174975978686455,8,8,Reverse,84.0,3.9000000000000004,1
1770715096.0,1770718696.084,3600084.4,57.83443366666667,12.307364833333335,57.83443306955649,12.307369489094944,2.6,2.5,2.5,0.7061770777387262,8,8,Reverse,82.7,3.9000000000000004,1
1770715097.0,1770718697.09,3600089.8,57.834443166666674,12.307342666666667,57.834438118111585,12.307356077880804,2.6,2.5,2.5,0.938482166614199,8,8,Reverse,82.0,3.9000000000000004,1
1770715098.0,1770718698.092,3600091.6,57.83444783333333,12.307341166666667,57.83444297572245,12.307348622273736,2.6,2.5,2.5,1.1449185937875896,8,8,Reverse,81.2,3.9000000000000004,1
1770715099.0,1770718699.09,3600089.6,57.83445700000001,12.307337500000001,57.834449987861234,12.30734306113687,2.6,2.5,2.5,1.4513760087807495,8,8,Reverse,80.7,3.9000000000000004,1
1770715100.0,1770718700.085,3600085.2,57.83444916666667,12.307345000000002,57.83444957726395,12.307344030568435,2.6,2.5,2.5,1.210926488199494,8,8,Reverse,80.1,3.9000000000000004,1
1770715101.0,1770718701.089,3600088.9,57.834445499999994,12.307357833333333,57.83444753863197,12.307350931950884,2.6,2.5,2.5,1.0737807577016933,8,8,Reverse,79.7,3.9000000000000004,1
1770715102.0,1770718702.091,3600090.6,57.8344475,12.307357666666666,57.83444751931599,12.307354299308775,2.6,2.5,2.5,0.9462746058312363,8,8,Reverse,79.6,3.9000000000000004,1
1770715103.0,1770718703.078,3600078.2,57.834455,12.307348333333334,57.834451259657996,12.307351316321054,2.6,2.5,2.5,1.0066736058053558,8,8,Reverse,79.3,3.9000000000000004,1
1770715104.0,1770718704.083,3600083.3,57.83445449999999,12.3073625,57.834452879828994,12.307356908160527,3.525,2.5,2.5,1.1220216751104752,7,7,Reverse,78.9,5.2875,1
1770715105.0,1770718705.09,3600090.4,57.83445783333333,12.307354333333334,57.83445535658116,12.30735562074693,3.525,2.5,2.5,1.1650127382569173,7,7,Reverse,78.8,5.2875,1
1770715106.0,1770718706.086,3600085.8,57.83445533333334,12.307352166666666,57.83445534495725,12.307353893706798,3.525,2.5,2.5,1.0113669230608129,7,7,Reverse,78.7,5.2875,1
1770715107.0,1770718707.091,3600091.0,57.83444899999999,12.307345166666668,57.83445217247862,12.307349530186734,3.525,2.5,2.5,0.9687698854863417,7,7,Reverse,78.7,5.2875,1
1770715108.0,1770718708.083,3600083.1,57.834458,12.307333000000002,57.83445508623931,12.307341265093367,3.525,2.5,2.5,1.0264525337287542,7,7,Reverse,78.6,5.2875,1
1770715109.0,1770718709.082,3600081.9,57.83446533333334,12.307328333333333,57.83446020978633,12.30733479921335,3.525,2.5,2.5,1.262292642914848,7,7,Reverse,78.2,5.2875,1
1770715110.0,1770718710.079,3600079.2,57.83446566666667,12.307333666666667,57.834462938226494,12.307334232940008,2.6,2.5,2.5,1.397546319802522,8,8,Reverse,77.9,3.9000000000000004,1
1770715111.0,1770718711.084,3600083.8,57.83446683333333,12.307317000000001,57.834464885779916,12.307325616470004,3.525,2.5,2.5,1.495669619198339,7,7,Reverse,77.4,5.2875,1
1770715112.0,1770718712.079,3600079.2,57.83446816666666,12.307302333333332,57.83446652622329,12.30731397490167,3.525,2.5,2.5,1.5491800290281557,7,7,Reverse,76.9,5.2875,1
1770715113.0,1770718713.086,3600085.8,57.83446816666666,12.307303166666667,57.834467346444974,12.307308570784167,2.6,2.5,2.5,1.5163500175274538,8,8,Reverse,76.2,3.9000000000000004,1
1770715114.0,1770718714.081,3600081.0,57.83447116666666,12.307300166666668,57.83446925655581,12.307304368725418,3.525,2.5,2.5,1.5254714698153784,7,7,Reverse,75.9,5.2875,1
1770715115.0,1770718715.085,3600084.9,57.83447116666666,12.307304666666669,57.83447021161124,12.307304517696043,3.525,2.5,2.5,1.4864356029014736,7,7,Reverse,75.6,5.2875,1
1770715116.0,1770718716.081,3600081.0,57.8344765,12.3072975,57.83447335580562,12.307301008848022,3.525,2.5,2.5,1.572412685566484,7,7,Reverse,75.3,5.2875,1
1770715117.0,1770718717.083,3600083.3,57.83446949999999,12.307296000000001,57.834471427902805,12.307298504424011,3.525,2.5,2.5,1.3857935981079712,7,7,Reverse,74.8,5.2875,1
1770715118.0,1770718718.08,3600080.0,57.834470833333334,12.307294000000002,57.83447113061807,12.307296252212007,3.525,2.5,2.5,1.2664003408532127,7,7,Reverse,74.7,5.2875,1
1770715119.0,1770718719.09,3600090.0,57.83447066666666,12.307285166666668,57.834470898642365,12.307290709439338,3.525,2.5,2.5,1.2070619240139233,7,7,Reverse,74.3,5.2875,1
1770715120.0,1770718720.075,3600075.1,57.83446349999999,12.307289333333332,57.834467199321175,12.307290021386335,3.525,2.5,2.5,1.090602318420239,7,7,Reverse,74.0,5.2875,1
1770715121.0,1770718721.079,3600079.1,57.834461,12.307287666666666,57.834464099660586,12.3072888440265,3.525,2.5,2.5,0.9920055382690907,7,7,Reverse,73.9,5.2875,1
1770715122.0,1770718722.077,3600077.0,57.83445483333333,12.307298333333332,57.83445946649696,12.307293588679917,3.525,2.5,2.5,0.8752925055938837,7,7,Reverse,73.8,5.2875,1
1770715123.0,1770718723.081,3600080.7,57.83445383333333,12.307290333333333,57.83445664991515,12.307291961006625,3.525,2.5,2.5,0.8370903915637183,7,7,Reverse,73.9,5.2875,1
1770715124.0,1770718724.093,3600092.8,57.83446066666667,12.307285666666667,57.834458658290906,12.307288813836646,3.525,2.5,2.5,0.9140136110707833,7,7,Reverse,73.7,5.2875,1
1770715125.0,1770718725.082,3600082.4,57.83446083333333,12.3072845,57.83445974581212,12.307286656918322,3.525,2.5,2.5,1.01005432468331,7,7,Reverse,73.5,5.2875,1
1770715126.0,1770718726.088,3600087.8,57.834467499999995,12.307283,57.83446362290606,12.307284828459162,3.525,2.5,2.5,1.2220461426696427,7,7,Reverse,73.5,5.2875,1
1770715127.0,1770718727.08,3600080.3,57.83447066666666,12.307269333333332,57.83446714478636,12.307277080896247,3.525,2.5,2.5,1.4912668654845207,7,7,Reverse,73.7,5.2875,1
1770715128.0,1770718728.085,3600085.1,57.83447133333334,12.307266666666665,57.83446923905985,12.307271873781456,3.525,2.5,2.5,1.5580539656420422,7,7,Reverse,73.5,5.2875,1
1770715129.0,1770718729.079,3600078.9,57.834472166666664,12.307252666666667,57.83447070286326,12.307262270224061,3.525,2.5,2.5,1.6241254997003831,7,7,Reverse,73.1,5.2875,1
1770715130.0,1770718730.084,3600083.6,57.834474666666665,12.307248499999998,57.83447268476496,12.307255385112029,3.525,2.5,2.5,1.5489945441089525,7,7,Reverse,73.0,5.2875,1
1770715131.0,1770718731.076,3600076.3,57.834470333333336,12.3072525,57.83447150904915,12.307253942556015,3.525,2.5,2.5,1.1981402033280022,7,7,Reverse,72.8,5.2875,1
1770715132.0,1770718732.082,3600082.0,57.834471833333325,12.307258000000001,57.83447167119124,12.307255971278009,4.375,2.5,2.5,1.026238094071174,6,6,Reverse,72.6,6.5625,1
1770715133.0,1770718733.078,3600077.7,57.834471833333325,12.307253,57.83447175226228,12.307254485639003,4.375,2.5,2.5,0.8449960828057499,6,6,Reverse,72.4,6.5625,1
1770715134.0,1770718734.083,3600083.2,57.83447133333334,12.307254333333333,57.83447154279781,12.307254409486168,4.375,2.5,2.5,0.708708758645929,6,6,Reverse,72.2,6.5625,1
1770715135.0,1770718735.076,3600075.8,57.83446516666666,12.307241333333332,57.83446835473224,12.30724787140975,4.375,2.5,2.5,0.8861241282278749,6,6,Reverse,72.1,6.5625,1
1770715136.0,1770718736.083,3600083.1,57.83446233333334,12.307240333333334,57.834465344032786,12.307244102371543,4.375,2.5,2.5,0.9023588892188475,6,6,Reverse,71.9,6.5625,1
1770715137.0,1770718737.085,3600085.3,57.834464,12.3072355,57.834464672016395,12.307239801185771,4.375,2.5,2.5,0.8480487741911584,6,6,Reverse,71.8,6.5625,1
1770715138.0,1770718738.081,3600081.1,57.83445866666666,12.307240833333333,57.83446166934153,12.307240317259552,4.375,2.5,2.5,0.8423946855046942,6,6,Reverse,71.7,6.5625,1
1770715139.0,1770718739.082,3600081.8,57.83445733333333,12.307243666666666,57.83445950133743,12.30724199196311,3.55,2.5,2.5,0.7468161582199817,7,7,Reverse,72.0,5.324999999999999,1
1770715140.0,1770718740.089,3600088.8,57.83445216666667,12.307243999999999,57.83445583400205,12.307242995981554,3.55,2.5,2.5,0.7786282319488271,7,7,Reverse,72.1,5.324999999999999,1
1770715141.0,1770718741.096,3600095.6,57.83445316666666,12.3072405,57.83445450033436,12.307241747990778,3.55,2.5,2.5,0.8130840400756895,7,7,Reverse,72.4,5.324999999999999,1
1770715142.0,1770718742.08,3600079.5,57.8344525,12.307243666666666,57.83445350016718,12.307242707328722,3.55,2.5,2.5,0.7310133733199441,7,7,Reverse,72.5,5.324999999999999,1
1770715143.0,1770718743.084,3600083.6,57.83444833333333,12.307252000000002,57.83445091675025,12.307247353664362,3.55,2.5,2.5,0.574405864661774,7,7,Reverse,72.3,5.324999999999999,1
1770715144.0,1770718744.079,3600078.9,57.83444866666667,12.307249333333335,57.83444979170846,12.307248343498848,3.55,2.5,2.5,0.49959294656118847,7,7,Reverse,72.3,5.324999999999999,1
1770715145.0,1770718745.085,3600084.7,57.83445333333334,12.307239000000001,57.834451562520904,12.307243671749424,3.55,2.5,2.5,0.6965354512211606,7,7,Reverse,72.2,5.324999999999999,1
1770715146.0,1770718746.089,3600088.8,57.83444733333334,12.307240666666667,57.83444944792712,12.307242169208045,3.55,2.5,2.5,0.6020717312076416,7,7,Reverse,72.2,5.324999999999999,1
1770715147.0,1770718747.085,3600084.6,57.834444500000004,12.307243833333333,57.83444697396356,12.30724300127069,3.55,2.5,2.5,0.5162803825853118,7,7,Reverse,71.9,5.324999999999999,1
1770715148.0,1770718748.09,3600089.6,57.834442499999994,12.307241833333334,57.83444473698178,12.307242417302012,3.55,2.5,2.5,0.4668450443013299,7,7,Reverse,71.9,5.324999999999999,1
1770715149.0,1770718749.083,3600083.3,57.83444233333333,12.307241833333334,57.834443535157554,12.307242125317673,3.55,2.5,2.5,0.33942527058717514,7,7,Reverse,71.8,5.324999999999999,1
1770715150.0,1770718750.064,3600063.6,57.834442833333334,12.3072305,57.834443184245444,12.307236312658835,3.55,2.5,2.5,0.3585422727859202,7,7,Reverse,71.9,5.324999999999999,1
1770715151.0,1770718751.079,3600079.2,57.834437166666675,12.30723683333333,57.83444017545606,12.307236572996084,4.375,2.5,2.5,0.42044147585586583,6,6,Reverse,71.8,6.5625,1
1770715152.0,1770718752.085,3600084.7,57.834435166666665,12.3072345,57.83443767106136,12.307235536498041,4.375,2.5,2.5,0.4757006056129804,6,6,Reverse,71.8,6.5625,1
1770715153.0,1770718753.079,3600078.9,57.83443483333334,12.307235166666665,57.83443625219735,12.307235351582353,4.375,2.5,2.5,0.43670020758311123,6,6,Reverse,72.0,6.5625,1
1770715154.0,1770718754.088,3600087.7,57.834436499999995,12.307225,57.83443637609867,12.307230175791178,4.375,2.5,2.5,0.5104173229483687,6,6,Reverse,72.2,6.5625,1
1770715155.0,1770718755.079,3600079.1,57.83443166666666,12.307232333333332,57.83443402138267,12.307231254562254,4.375,2.5,2.5,0.49683398354093994,6,6,Reverse,72.2,6.5625,1
1770715156.0,1770718756.079,3600079.3,57.834431166666675,12.307239666666666,57.83443259402467,12.30723546061446,4.375,2.5,2.5,0.4431888510280743,6,6,Reverse,72.0,6.5625,1
1770715157.0,1770718757.076,3600075.7,57.834432666666665,12.307233,57.83443263034567,12.30723423030723,4.375,2.5,2.5,0.4369922844500555,6,6,Reverse,72.1,6.5625,1
1770715158.0,1770718758.085,3600084.7,57.83442866666666,12.307229833333334,57.834430648506164,12.307232031820282,4.375,2.5,2.5,0.49863391209898683,6,6,Reverse,72.2,6.5625,1
1770715159.0,1770718759.081,3600080.8,57.834428499999994,12.30722,57.83442957425308,12.30722601591014,4.375,2.5,2.5,0.6435857509355712,6,6,Reverse,72.3,6.5625,1
1770715160.0,1770718760.081,3600081.1,57.83444233333333,12.307236333333332,57.834435953793204,12.307231174621736,4.375,2.5,2.5,1.0195529036393887,6,6,Reverse,72.5,6.5625,1
1770715161.0,1770718761.086,3600086.1,57.834442,12.307275,57.83443897689661,12.307253087310869,3.55,2.5,2.5,1.1374236539100482,7,7,Reverse,73.0,5.324999999999999,1
1770715162.0,1770718762.079,3600079.1,57.834441166666664,12.307284333333333,57.834440071781636,12.3072687103221,3.55,2.5,2.5,1.071642609399267,7,7,Reverse,73.6,5.324999999999999,1
1770715163.0,1770718763.089,3600088.7,57.83444166666666,12.307287833333332,57.834440869224146,12.307278271827716,3.55,2.5,2.5,0.9793141005816295,7,7,Reverse,74.3,5.324999999999999,1
1770715164.0,1770718764.092,3600091.8,57.83444383333334,12.307277333333332,57.834442351278746,12.307277802580524,2.625,2.5,2.5,0.794873908506903,8,8,Reverse,74.7,3.9375,1
1770715165.0,1770718765.085,3600084.9,57.83445083333333,12.307256500000001,57.83444659230604,12.307267151290263,2.625,2.5,2.5,0.8813282718670427,8,8,Reverse,74.9,3.9375,1
1770715166.0,1770718766.08,3600080.2,57.834460166666666,12.307242833333332,57.83445337948635,12.307254992311798,2.625,2.5,2.5,1.1585749702670238,8,8,Reverse,74.9,3.9375,1
1770715167.0,1770718767.084,3600083.8,57.83446349999999,12.307230666666666,57.83445843974317,12.307242829489232,2.625,2.5,2.5,1.4751038064163828,8,8,Reverse,75.1,3.9375,1
1770715168.0,1770718768.088,3600088.3,57.834467499999995,12.307216500000001,57.83446296987158,12.307229664744616,2.625,2.5,2.5,1.7163112246689636,8,8,Reverse,75.4,3.9375,1
1770715169.0,1770718769.079,3600079.1,57.834480166666665,12.307188333333333,57.83447156826912,12.307208999038973,2.625,2.5,2.5,2.293095711203393,8,8,Reverse,75.2,3.9375,1
1770715170.0,1770718770.09,3600089.6,57.83448466666667,12.307178166666665,57.834478117467896,12.30719358285282,2.625,2.5,2.5,2.6094281503844297,8,8,Reverse,75.3,3.9375,1
1770715171.0,1770718771.084,3600084.2,57.83449616666667,12.307155166666666,57.83448714206728,12.307174374759743,2.625,2.5,2.5,2.991996836598099,8,8,Reverse,75.2,3.9375,1
1770715172.0,1770718772.079,3600078.5,57.83449699999999,12.307147833333334,57.83449207103364,12.307161104046537,2.625,2.5,2.5,3.013342843557601,8,8,Reverse,75.2,3.9375,1
1770715173.0,1770718773.079,3600079.0,57.83449766666666,12.307134,57.83449486885015,12.307147552023268,2.625,2.5,2.5,2.954947372608038,8,8,Reverse,75.0,3.9375,1
1770715174.0,1770718774.078,3600077.8,57.83449016666667,12.3071375,57.834492517758406,12.307142526011635,2.625,2.5,2.5,2.736053242493806,8,8,Reverse,74.9,3.9375,1
1770715175.0,1770718775.082,3600081.5,57.83448466666667,12.3071265,57.83448859221254,12.307134513005817,3.55,2.5,2.5,2.7370799692931347,7,7,Reverse,74.9,5.324999999999999,1
1770715176.0,1770718776.086,3600086.0,57.834478499999996,12.307125833333336,57.83448354610627,12.307130173169577,3.55,2.5,2.5,2.675648207775816,7,7,Reverse,75.0,5.324999999999999,1
1770715177.0,1770718777.083,3600083.0,57.834476333333335,12.307125333333333,57.8344799397198,12.307127753251455,3.55,2.5,2.5,2.5382766328171686,7,7,Reverse,75.0,5.324999999999999,1
1770715178.0,1770718778.079,3600079.0,57.834480500000005,12.307086833333335,57.834480219859906,12.307107293292395,3.55,2.5,2.5,2.617055698605462,7,7,Reverse,75.0,5.324999999999999,1
1770715179.0,1770718779.083,3600083.2,57.83448333333334,12.307059166666667,57.83448177659662,12.307083229979531,2.625,2.5,2.5,2.6223368999431567,8,8,Reverse,74.3,3.9375,1
1770715180.0,1770718780.085,3600084.6,57.834482166666675,12.307050166666667,57.83448197163165,12.307066698323098,2.625,2.5,2.5,2.470200214735153,8,8,Reverse,73.7,3.9375,1
1770715181.0,1770718781.09,3600089.9,57.83448733333333,12.307039999999999,57.83448465248249,12.30705334916155,2.625,2.5,2.5,2.2369719153640206,8,8,Reverse,73.4,3.9375,1
1770715182.0,1770718782.084,3600083.6,57.8344795,12.307036666666667,57.834482076241244,12.307045007914107,2.625,2.5,2.5,2.0760249817581355,8,8,Reverse,73.2,3.9375,1
1770715183.0,1770718783.089,3600088.6,57.83447833333333,12.307043833333333,57.83448020478729,12.30704442062372,2.625,2.5,2.5,1.7122627335037477,8,8,Reverse,73.2,3.9375,1
1770715184.0,1770718784.088,3600088.0,57.83448033333334,12.307042833333332,57.834480269060315,12.307043626978526,2.625,2.5,2.5,1.324018595579057,8,8,Reverse,72.7,3.9375,1
1770715185.0,1770718785.079,3600079.2,57.8344825,12.307044499999998,57.83448138453016,12.307044063489263,2.8499999999999996,2.5,2.5,1.0490321580707649,7,7,Reverse,72.8,4.2749999999999995,1
1770715186.0,1770718786.084,3600084.2,57.834478499999996,12.307047166666667,57.83447994226508,12.307045615077964,2.8499999999999996,2.5,2.5,0.8945161157858201,7,7,Reverse,72.6,4.2749999999999995,1
1770715187.0,1770718787.089,3600088.6,57.834473333333335,12.307061500000001,57.834476637799206,12.307053557538984,2.8499999999999996,2.5,2.5,0.8724314346481733,7,7,Reverse,72.7,4.2749999999999995,1
1770715188.0,1770718788.082,3600082.3,57.83447116666666,12.307070833333334,57.83447390223293,12.307062195436158,2.8499999999999996,2.5,2.5,0.8968461355966737,7,7,Reverse,72.9,4.2749999999999995,1
1770715189.0,1770718789.077,3600077.2,57.834473499999994,12.307071666666666,57.834473701116465,12.307066931051413,2.8499999999999996,2.5,2.5,0.7953359029146186,7,7,Reverse,73.2,4.2749999999999995,1
1770715190.0,1770718790.08,3600080.2,57.83447549999999,12.307078666666666,57.834474600558224,12.30707279885904,2.8499999999999996,2.5,2.5,0.7738339061639825,7,7,Reverse,73.2,4.2749999999999995,1
1770715191.0,1770718791.087,3600086.5,57.83447733333334,12.307087666666666,57.83447596694578,12.307080232762852,2.8499999999999996,2.5,2.5,0.8339472481678842,7,7,Reverse,73.2,4.2749999999999995,1
1770715192.0,1770718792.083,3600082.7,57.8344765,12.307097333333335,57.83447623347289,12.307088783048094,2.8499999999999996,2.5,2.5,0.9493423790252202,7,7,Reverse,73.4,4.2749999999999995,1
1770715193.0,1770718793.087,3600087.5,57.83447683333334,12.307102833333333,57.83447653340312,12.307095808190713,2.8499999999999996,2.5,2.5,1.0059245046926322,7,7,Reverse,73.4,4.2749999999999995,1
1770715194.0,1770718794.083,3600082.9,57.8344825,12.307100333333334,57.834479516701556,12.307098070762024,2.8499999999999996,2.5,2.5,0.8687665432991373,7,7,Reverse,73.4,4.2749999999999995,1
1770715195.0,1770718795.085,3600085.3,57.8344795,12.307106500000002,57.83447950835078,12.307102285381013,2.8499999999999996,2.5,2.5,0.8884091595522507,7,7,Reverse,73.6,4.2749999999999995,1
1770715196.0,1770718796.082,3600082.0,57.83448133333333,12.307105833333333,57.834480420842056,12.307104059357172,2.8499999999999996,2.5,2.5,0.794507635533439,7,7,Reverse,73.6,4.2749999999999995,1
1770715197.0,1770718797.083,3600083.5,57.834482333333334,12.3071055,57.83448137708769,12.307104779678587,2.8499999999999996,2.5,2.5,0.6950687976679819,7,7,Reverse,73.4,4.2749999999999995,1
1770715198.0,1770718798.088,3600088.4,57.83448,12.307110666666665,57.83448068854385,12.307107723172626,2.8499999999999996,2.5,2.5,0.6916665757202887,7,7,Reverse,73.5,4.2749999999999995,1
1770715199.0,1770718799.085,3600084.9,57.834479333333334,12.307114666666667,57.83448001093859,12.307111194919646,2.8499999999999996,2.5,2.5,0.6775857444727094,7,7,Reverse,73.6,4.2749999999999995,1
1770715200.0,1770718800.079,3600079.0,57.83447549999999,12.307114000000002,57.83447775546929,12.307112597459824,2.8499999999999996,2.5,2.5,0.8026242494803816,7,7,Reverse,73.5,4.2749999999999995,1
1770715201.0,1770718801.094,3600093.7,57.834477,12.307126000000002,57.83447737773464,12.307119298729914,2.8499999999999996,2.5,2.5,0.8428649758892072,7,7,Reverse,73.7,4.2749999999999995,1
1770715202.0,1770718802.078,3600077.6,57.834476166666676,12.307131499999999,57.83447677220066,12.307125399364956,2.8499999999999996,2.5,2.5,0.800208199821466,7,7,Reverse,73.9,4.2749999999999995,1
1770715203.0,1770718803.082,3600082.4,57.83447966666666,12.307122499999998,57.83447821943366,12.307123949682477,2.8499999999999996,2.5,2.5,0.6395482159551724,7,7,Reverse,74.0,4.2749999999999995,1
1770715204.0,1770718804.088,3600087.6,57.83448266666666,12.307115333333336,57.83448044305016,12.307119641507906,2.8499999999999996,2.5,2.5,0.6316685628105864,7,7,Reverse,73.9,4.2749999999999995,1
1770715205.0,1770718805.081,3600081.1,57.834484,12.307122666666665,57.83448222152508,12.307121154087286,2.8499999999999996,2.5,2.5,0.5555939968764311,7,7,Reverse,73.8,4.2749999999999995,1
1770715206.0,1770718806.078,3600078.5,57.834481999999994,12.307135,57.834482110762536,12.307128077043643,2.8499999999999996,2.5,2.5,0.49650407180055783,7,7,Reverse,73.8,4.2749999999999995,1
1770715207.0,1770718807.072,3600072.0,57.83447283333333,12.307143333333332,57.834477472047936,12.307135705188488,2.8499999999999996,2.5,2.5,0.7310102929917874,7,7,Reverse,74.2,4.2749999999999995,1
1770715208.0,1770718808.077,3600076.7,57.8344715,12.307145666666667,57.834474486023964,12.307140685927576,4.3,2.5,2.5,0.8797481159850019,6,6,Reverse,74.1,6.449999999999999,1
1770715209.0,1770718809.082,3600081.8,57.83447266666667,12.307145666666667,57.83447357634532,12.307143176297123,4.3,2.5,2.5,0.9156983323747397,6,6,Reverse,74.2,6.449999999999999,1
1770715210.0,1770718810.076,3600075.9,57.834470333333336,12.307152499999999,57.83447195483933,12.30714783814856,4.3,2.5,2.5,0.9607341519482983,6,6,Reverse,74.3,6.449999999999999,1
1770715211.0,1770718811.079,3600079.2,57.834472166666664,12.307161833333332,57.834472060752994,12.307154835740945,6.375,2.5,2.5,1.013770995471131,5,5,Reverse,74.5,9.5625,1
1770715212.0,1770718812.075,3600075.0,57.83447066666666,12.307173,57.83447136370983,12.307163917870474,3.9000000000000004,2.5,2.5,1.0619437990062905,6,6,Reverse,74.6,5.8500000000000005,1
1770715213.0,1770718813.078,3600078.0,57.8344795,12.307158,57.83447543185491,12.307160958935237,4.575,2.5,2.5,0.8927229871639404,5,5,Reverse,74.8,6.862500000000001,1
1770715214.0,1770718814.075,3600074.5,57.83447366666666,12.307175666666668,57.83447454926079,12.307168312800952,4.575,2.5,2.5,0.8670372525259483,5,5,Reverse,74.6,6.862500000000001,1
1770715215.0,1770718815.078,3600077.7,57.83447133333334,12.307183166666668,57.834472941297065,12.30717573973381,5.5,2.5,2.5,0.882010942403488,4,4,Reverse,74.7,8.25,1
1770715216.0,1770718816.083,3600083.1,57.8344715,12.307197833333332,57.83447222064853,12.30718678653357,5.5,2.5,2.5,0.9018559847833879,4,4,Reverse,74.8,8.25,1
1770715217.0,1770718817.077,3600077.2,57.83446083333333,12.307219666666667,57.83446652699093,12.30720322660012,5.2,2.5,2.5,1.142689621207062,6,6,Reverse,74.8,7.800000000000001,1
1770715218.0,1770718818.072,3600071.7,57.834458,12.307225333333333,57.83446226349547,12.307214279966725,5.2,2.5,2.5,1.3015767565576155,6,6,Reverse,74.7,7.800000000000001,1
1770715219.0,1770718819.076,3600075.9,57.83445583333334,12.307239666666666,57.8344590484144,12.307226973316697,5.2,2.5,2.5,1.4639404939440794,6,6,Reverse,74.8,7.800000000000001,1
1770715220.0,1770718820.08,3600080.0,57.83445416666667,12.307249333333335,57.83445660754053,12.307238153325015,5.2,2.5,2.5,1.519727676384066,5,5,Reverse,74.9,7.800000000000001,1
1770715221.0,1770718821.086,3600086.0,57.83445100000001,12.307262166666666,57.83445380377027,12.30725015999584,4.375,2.5,2.5,1.651449781876994,6,6,Reverse,74.8,6.5625,1
1770715222.0,1770718822.081,3600081.1,57.83445483333333,12.307248166666666,57.8344543185518,12.307249163331253,4.375,2.5,2.5,1.5122602708944857,6,6,Reverse,74.8,6.5625,1
1770715223.0,1770718823.085,3600085.0,57.83445683333333,12.307237833333334,57.83445557594256,12.307243498332294,3.05,2.5,2.5,1.4041251665904946,7,7,Reverse,74.6,4.574999999999999,1
1770715224.0,1770718824.079,3600079.1,57.83447416666666,12.307221666666665,57.83446487130461,12.307232582499479,3.05,2.5,2.5,1.4918204341294952,7,7,Reverse,74.5,4.574999999999999,1
1770715225.0,1770718825.084,3600084.1,57.834474666666665,12.307233833333331,57.83446976898564,12.307233207916406,3.05,2.5,2.5,1.5506164373199858,7,7,Reverse,74.7,4.574999999999999,1
1770715226.0,1770718826.089,3600089.0,57.834470499999995,12.307223333333331,57.83447013449282,12.307228270624869,3.05,2.5,2.5,1.2670035114540439,7,7,Reverse,74.8,4.574999999999999,1
1770715227.0,1770718827.083,3600083.0,57.834464833333335,12.3072275,57.83446748391307,12.307227885312434,3.05,2.5,2.5,1.0909612621272988,7,7,Reverse,74.8,4.574999999999999,1
1770715228.0,1770718828.09,3600090.0,57.834466166666665,12.307236333333332,57.83446682528987,12.307232109322882,3.05,2.5,2.5,1.1107581068412051,7,7,Reverse,75.0,4.574999999999999,1
1770715229.0,1770718829.083,3600083.3,57.834461833333336,12.307244500000001,57.8344643293116,12.307238304661443,3.05,2.5,2.5,1.2173684265785427,7,7,Reverse,75.0,4.574999999999999,1
1770715230.0,1770718830.078,3600078.2,57.83445283333334,12.30724883333333,57.83445858132247,12.307243568997386,3.05,2.5,2.5,1.3661347172392126,7,7,Reverse,75.0,4.574999999999999,1
1770715231.0,1770718831.082,3600082.1,57.83444916666667,12.307246999999998,57.83445387399457,12.307245284498693,3.05,2.5,2.5,1.3742778550211043,7,7,Reverse,75.1,4.574999999999999,1
1770715232.0,1770718832.086,3600086.0,57.83445,12.307259833333335,57.83445193699728,12.307252558916014,3.05,2.5,2.5,1.2717545270908444,7,7,Reverse,75.2,4.574999999999999,1
1770715233.0,1770718833.081,3600080.6,57.834444,12.307273000000002,57.834447968498644,12.307262779458007,3.05,2.5,2.5,1.3852942019835188,7,7,Reverse,75.4,4.574999999999999,1
1770715234.0,1770718834.086,3600085.7,57.83444383333334,12.307280666666667,57.83444590091599,12.307271723062337,3.05,2.5,2.5,1.5227759601461226,7,7,Reverse,75.4,4.574999999999999,1
1770715235.0,1770718835.08,3600079.9,57.834433499999996,12.307289333333332,57.83443970045799,12.307280528197834,3.05,2.5,2.5,1.7545824209780887,7,7,Reverse,75.4,4.574999999999999,1
1770715236.0,1770718836.076,3600076.4,57.83443666666667,12.307283166666666,57.834438183562334,12.30728184743225,3.05,2.5,2.5,1.6366570004521193,7,7,Reverse,75.4,4.574999999999999,1
1770715237.0,1770718837.08,3600080.3,57.834435500000005,12.307284333333333,57.83443684178117,12.307283090382793,3.075,2.5,2.5,1.5221193414442058,6,6,Reverse,75.3,4.612500000000001,1
1770715238.0,1770718838.085,3600084.7,57.834435166666665,12.307281,57.83443600422392,12.307282045191396,3.075,2.5,2.5,1.366164251494174,6,6,Reverse,75.0,4.612500000000001,1
1770715239.0,1770718839.079,3600079.3,57.834435666666664,12.307277,57.83443583544529,12.307279522595698,3.075,2.5,2.5,1.1424448281853763,6,6,Reverse,74.7,4.612500000000001,1
1770715240.0,1770718840.084,3600083.7,57.834435500000005,12.307271166666665,57.834435667722644,12.307275344631181,3.075,2.5,2.5,0.9764877449138427,6,6,Reverse,74.5,4.612500000000001,1
1770715241.0,1770718841.078,3600077.5,57.834431166666675,12.307277833333334,57.83443341719466,12.307276588982257,3.075,2.5,2.5,0.8689160803277092,6,6,Reverse,74.3,4.612500000000001,1
1770715242.0,1770718842.082,3600081.8,57.83443533333334,12.307265666666668,57.834434375264,12.307271127824462,3.075,2.5,2.5,0.7998448444852152,6,6,Reverse,74.0,4.612500000000001,1
1770715243.0,1770718843.078,3600078.1,57.834432500000005,12.307254499999999,57.834433437632,12.307262813912232,3.075,2.5,2.5,0.8511488268250175,6,6,Reverse,73.9,4.612500000000001,1
1770715244.0,1770718844.083,3600082.8,57.8344265,12.307255333333334,57.834429968816,12.307259073622783,3.075,2.5,2.5,0.8951189035091631,6,6,Reverse,73.6,4.612500000000001,1
1770715245.0,1770718845.086,3600086.3,57.834420833333326,12.307234833333332,57.83442540107466,12.307246953478057,4.375,2.5,2.5,1.268189384670206,6,6,Reverse,73.7,6.5625,1
1770715246.0,1770718846.082,3600081.6,57.834418166666666,12.307220666666668,57.83442178387067,12.307233810072363,4.375,2.5,2.5,1.6268779578640875,6,6,Reverse,73.9,6.5625,1
1770715247.0,1770718847.075,3600075.4,57.83441666666666,12.307223666666667,57.83441922526866,12.307228738369515,4.375,2.5,2.5,1.6022621895477942,6,6,Reverse,74.1,6.5625,1
1770715248.0,1770718848.08,3600080.0,57.834420833333326,12.307218833333332,57.83442002930099,12.307223785851424,4.375,2.5,2.5,1.5036903919793203,6,6,Reverse,74.3,6.5625,1
1770715249.0,1770718849.083,3600083.4,57.83441733333334,12.3072195,57.83441868131717,12.307221642925711,4.375,2.5,2.5,1.3712957781396706,6,6,Reverse,74.2,6.5625,1
1770715250.0,1770718850.08,3600080.4,57.83441433333334,12.307201166666667,57.83441650732526,12.30721140479619,4.375,2.5,2.5,1.4738985572763394,6,6,Reverse,74.2,6.5625,1
1770715251.0,1770718851.085,3600085.1,57.83441766666667,12.307183166666668,57.83441708699596,12.307197285731428,4.375,2.5,2.5,1.7277260107303714,6,6,Reverse,74.5,6.5625,1
1770715252.0,1770718852.079,3600079.3,57.834421166666665,12.307224499999998,57.834419126831314,12.307210892865713,4.375,2.5,2.5,1.5162651602456425,6,6,Reverse,74.4,6.5625,1
1770715253.0,1770718853.084,3600083.8,57.834424999999996,12.307269499999999,57.83442206341565,12.307240196432856,3.05,2.5,2.5,1.8122958167243413,7,7,Reverse,74.8,4.574999999999999,1
1770715254.0,1770718854.088,3600087.7,57.834421999999996,12.307322833333334,57.834422031707824,12.307281514883096,3.05,2.5,2.5,2.4809780611892354,7,7,Reverse,74.9,4.574999999999999,1
1770715255.0,1770718855.082,3600082.2,57.83442149999999,12.307324666666666,57.83442176585391,12.30730309077488,3.05,2.5,2.5,2.791161218296891,7,7,Reverse,75.3,4.574999999999999,1
1770715256.0,1770718856.086,3600085.8,57.834430833333336,12.307318000000002,57.83442629959362,12.307310545387441,4.375,2.5,2.5,2.853309632839528,6,6,Reverse,75.3,6.5625,1
1770715257.0,1770718857.081,3600080.9,57.834427166666664,12.307314833333331,57.834426733130144,12.307312689360387,4.375,2.5,2.5,2.6265826455029933,6,6,Reverse,75.4,6.5625,1
1770715258.0,1770718858.077,3600077.2,57.834423666666666,12.307304666666669,57.834425199898405,12.307308678013527,4.375,2.5,2.5,2.267525834616934,6,6,Reverse,75.5,6.5625,1
1770715259.0,1770718859.082,3600081.6,57.83443166666666,12.307294500000001,57.83442843328253,12.307301589006764,4.375,2.5,2.5,1.8418324865728608,6,6,Reverse,75.5,6.5625,1
1770715260.0,1770718860.086,3600086.2,57.8344235,12.307280166666665,57.83442596664126,12.307290877836715,4.375,2.5,2.5,1.6199590741182583,6,6,Reverse,75.4,6.5625,1
1770715261.0,1770718861.091,3600090.8,57.83441483333333,12.307265833333334,57.834420399987295,12.307278355585025,4.375,2.5,2.5,1.659479487691159,6,6,Reverse,75.4,6.5625,1
1770715262.0,1770718862.082,3600081.9,57.83440816666666,12.307261000000002,57.83441428332698,12.307269677792513,3.05,2.5,2.5,1.7073649272814966,7,7,Reverse,75.8,4.574999999999999,1
1770715263.0,1770718863.079,3600079.0,57.83440883333333,12.307266499999999,57.83441155833015,12.307268088896256,3.05,2.5,2.5,1.562720076283299,7,7,Reverse,75.9,4.574999999999999,1
1770715264.0,1770718864.079,3600079.3,57.83440866666667,12.307270999999998,57.83441011249841,12.307269544448127,5.2,2.5,2.5,1.4982873229441085,6,6,Reverse,76.3,7.800000000000001,1
1770715265.0,1770718865.08,3600080.0,57.83441666666666,12.307280333333331,57.83441338958254,12.307274938890728,5.2,2.5,2.5,1.456009097230328,6,6,Reverse,76.6,7.800000000000001,1
1770715266.0,1770718866.079,3600078.9,57.83441533333333,12.307291333333334,57.83441436145794,12.307283136112032,5.2,2.5,2.5,1.5752671230984188,6,6,Reverse,76.7,7.800000000000001,1
1770715267.0,1770718867.079,3600078.8,57.83442183333333,12.307292833333333,57.834418097395634,12.307287984722683,5.2,2.5,2.5,1.5552164430281756,6,6,Reverse,76.9,7.800000000000001,1
1770715268.0,1770718868.084,3600084.2,57.83442733333333,12.307288000000002,57.83442271536448,12.307287992361342,5.2,2.5,2.5,1.3598857843290664,6,6,Reverse,77.1,7.800000000000001,1
1770715269.0,1770718869.078,3600078.0,57.83443033333333,12.307294500000001,57.834426524348906,12.307291246180672,5.2,2.5,2.5,1.2619717833756938,6,6,Reverse,77.4,7.800000000000001,1
1770715270.0,1770718870.079,3600079.0,57.834428333333335,12.307295833333335,57.83442742884112,12.307293539757003,5.2,2.5,2.5,1.083916401665538,6,6,Reverse,77.6,7.800000000000001,1
1770715271.0,1770718871.068,3600068.1,57.834428333333335,12.307303833333332,57.83442788108723,12.307298686545167,5.2,2.5,2.5,0.9631268750213511,6,6,Reverse,77.7,7.800000000000001,1
1770715272.0,1770718872.084,3600083.8,57.83442216666667,12.307308333333333,57.834425023876946,12.307303509939251,5.2,2.5,2.5,0.9293363655251445,6,6,Reverse,77.8,7.800000000000001,1
1770715273.0,1770718873.077,3600077.1,57.83442033333334,12.307300333333334,57.834422678605144,12.307301921636292,5.2,2.5,2.5,0.784778429122224,6,6,Reverse,77.7,7.800000000000001,1
1770715274.0,1770718874.082,3600081.6,57.834423666666666,12.307300999999999,57.83442317263591,12.307301460818145,5.2,2.5,2.5,0.6394366599761289,6,6,Reverse,77.6,7.800000000000001,1
1770715275.0,1770718875.079,3600079.0,57.83441216666667,12.307285666666667,57.83441766965129,12.307293563742407,5.2,2.5,2.5,0.8390505895676454,6,6,Reverse,77.4,7.800000000000001,1
1770715276.0,1770718876.081,3600080.7,57.83441583333333,12.307287833333332,57.834416751492306,12.30729069853787,5.2,2.5,2.5,0.8383720027639588,6,6,Reverse,77.2,7.800000000000001,1
1770715277.0,1770718877.085,3600084.7,57.83441316666667,12.307280166666665,57.83441495907949,12.307285432602267,5.2,2.5,2.5,0.8809011354742865,6,6,Reverse,77.1,7.800000000000001,1
1770715278.0,1770718878.075,3600075.4,57.83441,12.307281,57.83441247953974,12.307283216301133,5.2,2.5,2.5,0.8620423540080787,6,6,Reverse,77.0,7.800000000000001,1
1770715279.0,1770718879.079,3600079.0,57.83440916666667,12.307274166666666,57.834410823103205,12.3072786914839,5.2,2.5,2.5,0.8476344464880009,6,6,Reverse,76.8,7.800000000000001,1
1770715280.0,1770718880.079,3600079.2,57.83440949999999,12.307285166666668,57.8344101615516,12.307281929075284,5.2,2.5,2.5,0.9134280997321989,6,6,Reverse,76.7,7.800000000000001,1
1770715281.0,1770718881.083,3600083.1,57.83441316666667,12.307288666666667,57.83441166410913,12.307285297870974,5.2,2.5,2.5,0.8872085455265333,6,6,Reverse,76.4,7.800000000000001,1
1770715282.0,1770718882.088,3600088.3,57.83441116666666,12.307285833333333,57.8344114153879,12.307285565602154,5.2,2.5,2.5,0.7400075118187768,6,6,Reverse,76.1,7.800000000000001,1
1770715283.0,1770718883.082,3600082.0,57.83441549999999,12.307288000000002,57.83441345769395,12.307286782801079,5.2,2.5,2.5,0.6381710000034749,6,6,Reverse,75.9,7.800000000000001,1
1770715284.0,1770718884.088,3600087.7,57.83441716666666,12.307278833333331,57.834415312180305,12.307282808067205,5.2,2.5,2.5,0.473824699998863,6,6,Reverse,75.6,7.800000000000001,1
1770715285.0,1770718885.079,3600079.2,57.83440583333333,12.307284333333333,57.834410572756816,12.30728357070027,3.05,2.5,2.5,0.5863611898532277,7,7,Reverse,75.5,4.574999999999999,1
1770715286.0,1770718886.086,3600086.2,57.83439799999999,12.307282666666667,57.8344042863784,12.307283118683468,3.05,2.5,2.5,0.7824673085434135,7,7,Reverse,75.6,4.574999999999999,1
1770715287.0,1770718887.08,3600079.7,57.834394,12.307294833333334,57.8343991431892,12.307288976008401,3.05,2.5,2.5,1.0110282244111843,7,7,Reverse,75.6,4.574999999999999,1
1770715288.0,1770718888.089,3600088.7,57.834391999999994,12.307296000000001,57.8343955715946,12.307292488004201,3.05,2.5,2.5,1.1422184902744825,7,7,Reverse,75.8,4.574999999999999,1
1770715289.0,1770718889.081,3600081.4,57.834394,12.3073095,57.8343947857973,12.3073009940021,5.2,2.5,2.5,1.439702532868696,6,6,Reverse,75.8,7.800000000000001,1
1770715290.0,1770718890.081,3600080.8,57.83439799999999,12.307313166666665,57.83439639289865,12.307307080334382,5.2,2.5,2.5,1.5426111506062086,6,6,Reverse,75.9,7.800000000000001,1
1770715291.0,1770718891.08,3600080.3,57.8343985,12.307309833333333,57.83439744644932,12.307308456833859,5.2,2.5,2.5,1.5013291084452018,6,6,Reverse,76.0,7.800000000000001,1
1770715292.0,1770718892.084,3600084.5,57.83440333333333,12.307319500000002,57.83440038989133,12.30731397841693,5.2,2.5,2.5,1.5596850706639007,6,6,Reverse,76.2,7.800000000000001,1
1770715293.0,1770718893.088,3600088.1,57.83439883333334,12.307337333333331,57.834399611612334,12.30732565587513,3.05,2.5,2.5,1.8303304503332347,7,7,Reverse,76.1,4.574999999999999,1
1770715294.0,1770718894.085,3600084.6,57.83440816666666,12.307331,57.834403889139494,12.307328327937565,3.05,2.5,2.5,1.7287530330947258,7,7,Reverse,76.0,4.574999999999999,1
1770715295.0,1770718895.09,3600089.9,57.83441466666667,12.307341833333332,57.834409277903085,12.307335080635449,3.05,2.5,2.5,1.769483233286988,7,7,Reverse,76.0,4.574999999999999,1
1770715296.0,1770718896.084,3600083.5,57.83441916666667,12.307347,57.83441422228488,12.307341040317723,3.05,2.5,2.5,1.7917896169132401,7,7,Reverse,76.0,4.574999999999999,1
1770715297.0,1770718897.089,3600088.9,57.834419833333335,12.3073445,57.8344170278091,12.307342770158861,3.05,2.5,2.5,1.7223178345493144,7,7,Reverse,75.8,4.574999999999999,1
1770715298.0,1770718898.079,3600079.0,57.834416833333336,12.307338499999998,57.83441693057122,12.30734063507943,3.05,2.5,2.5,1.580350028733172,7,7,Reverse,75.9,4.574999999999999,1
1770715299.0,1770718899.088,3600087.6,57.83441233333333,12.307333000000002,57.83441463195228,12.307336817539715,3.05,2.5,2.5,1.5319848307143928,7,7,Reverse,75.9,4.574999999999999,1
1770715300.0,1770718900.082,3600082.1,57.83441033333334,12.307328,57.834412482642804,12.307332408769858,3.05,2.5,2.5,1.5068516855528502,7,7,Reverse,75.8,4.574999999999999,1
1770715301.0,1770718901.088,3600088.3,57.83441500000001,12.307315333333333,57.834413741321406,12.307323871051596,3.05,2.5,2.5,1.47104411225333,7,7,Reverse,75.7,4.574999999999999,1
1770715302.0,1770718902.082,3600081.8,57.83440916666667,12.307308333333333,57.834411453994036,12.307316102192464,3.05,2.5,2.5,1.6062519882997142,7,7,Reverse,75.7,4.574999999999999,1
1770715303.0,1770718903.09,3600089.6,57.83440399999999,12.3072965,57.834407726997014,12.307306301096233,3.05,2.5,2.5,1.8590346229178878,7,7,Reverse,75.8,4.574999999999999,1
1770715304.0,1770718904.106,3600105.8,57.834400499999994,12.307286166666666,57.83440411349851,12.307296233881448,3.05,2.5,2.5,2.1132209563964213,7,7,Reverse,76.1,4.574999999999999,1
1770715305.0,1770718907.007,3602006.9,57.834390666666664,12.307285333333335,57.834397390082586,12.307290783607392,3.05,2.5,2.5,2.2982117342803368,7,7,Reverse,76.5,4.574999999999999,1
1770715306.0,1770718908.351,3602351.0,57.834390666666664,12.3072885,57.834394028374625,12.307289641803695,3.05,2.5,2.5,2.1669366420458656,7,7,Reverse,76.9,4.574999999999999,1
1770715307.0,1770718908.984,3601983.9,57.83438233333333,12.307283333333332,57.83438818085398,12.307286487568515,3.05,2.5,2.5,2.1362241004144633,7,7,Reverse,77.4,4.574999999999999,1
1770715308.0,1770718909.375,3601374.9,57.834381666666665,12.307281833333331,57.83438492376032,12.307284160450923,3.05,2.5,2.5,2.0201800255480675,7,7,Reverse,77.7,4.574999999999999,1
1770715309.0,1770718909.568,3600567.7,57.8343865,12.307284666666666,57.83438571188016,12.307284413558794,3.05,2.5,2.5,1.8119987746264483,7,7,Reverse,78.5,4.574999999999999,1
1770715310.0,1770718910.09,3600089.5,57.834387666666665,12.307284666666666,57.834386689273416,12.30728454011273,3.05,2.5,2.5,1.6460972003017844,7,7,Reverse,79.0,4.574999999999999,1
1770715311.0,1770718911.085,3600084.5,57.834388000000004,12.307299,57.83438734463671,12.307291770056365,3.05,2.5,2.5,1.3129985578689691,7,7,Reverse,79.4,4.574999999999999,1
1770715312.0,1770718912.079,3600079.1,57.83439266666666,12.307300166666668,57.834390005651684,12.307295968361517,3.05,2.5,2.5,1.1341110700585713,7,7,Reverse,79.6,4.574999999999999,1
1770715313.0,1770718913.083,3600082.6,57.83439566666666,12.307299833333332,57.83439283615917,12.307297900847423,3.05,2.5,2.5,1.100257338887666,7,7,Reverse,80.0,4.574999999999999,1
1770715314.0,1770718914.088,3600087.7,57.8344075,12.307301500000001,57.83440016807958,12.307299700423712,3.05,2.5,2.5,1.3042990792234437,7,7,Reverse,79.9,4.574999999999999,1
1770715315.0,1770718915.079,3600078.8,57.83440983333333,12.307307500000002,57.83440500070646,12.307303600211858,3.05,2.5,2.5,1.3866207278358182,7,7,Reverse,80.2,4.574999999999999,1
1770715316.0,1770718916.079,3600079.1,57.83440633333333,12.307312000000001,57.834405667019894,12.30730780010593,3.05,2.5,2.5,1.2727070453286753,7,7,Reverse,80.4,4.574999999999999,1
1770715317.0,1770718917.085,3600084.8,57.83440083333333,12.307315999999998,57.834403250176614,12.307311900052964,3.05,2.5,2.5,1.0187119294828069,7,7,Reverse,80.4,4.574999999999999,1
1770715318.0,1770718918.088,3600087.6,57.83439116666667,12.307324833333332,57.83439720842164,12.307318366693147,3.05,2.5,2.5,1.006286459045933,7,7,Reverse,80.4,4.574999999999999,1
1770715319.0,1770718919.082,3600082.0,57.83439433333333,12.307328500000002,57.834395770877485,12.307323433346575,3.05,2.5,2.5,0.7717668721519348,7,7,Reverse,80.5,4.574999999999999,1
1770715320.0,1770718920.086,3600086.4,57.83439766666667,12.307331166666666,57.834396718772076,12.307327300006621,3.05,2.5,2.5,0.712150583772988,7,7,Reverse,80.6,4.574999999999999,1
1770715321.0,1770718921.091,3600091.1,57.83439583333334,12.307323666666665,57.83439627605271,12.307325483336642,3.05,2.5,2.5,0.7339002437376945,7,7,Reverse,80.9,4.574999999999999,1
1770715322.0,1770718922.084,3600084.4,57.83439966666666,12.307326499999999,57.834397971359685,12.307325991668321,3.05,2.5,2.5,0.750001701454578,7,7,Reverse,80.8,4.574999999999999,1
1770715323.0,1770718923.082,3600081.6,57.83440066666667,12.307335833333331,57.83439931901317,12.307330912500825,3.05,2.5,2.5,0.6818211737516071,7,7,Reverse,80.9,4.574999999999999,1
1770715324.0,1770718924.086,3600086.3,57.83440416666667,12.307329166666667,57.83440174283992,12.307330039583746,3.05,2.5,2.5,0.7549368073415329,7,7,Reverse,80.7,4.574999999999999,1
1770715325.0,1770718925.098,3600097.9,57.83440683333333,12.307332166666667,57.83440428808663,12.307331103125208,3.05,2.5,2.5,0.777282002380587,7,7,Reverse,80.8,4.574999999999999,1
1770715326.0,1770718926.087,3600086.8,57.83440466666666,12.307336999999999,57.834404477376644,12.307334051562602,3.05,2.5,2.5,0.6359001156672842,7,7,Reverse,81.1,4.574999999999999,1
1770715327.0,1770718927.084,3600083.6,57.83440699999999,12.307331666666668,57.83440573868832,12.307332859114636,3.05,2.5,2.5,0.6113921147729765,7,7,Reverse,81.4,4.574999999999999,1
1770715328.0,1770718928.086,3600086.2,57.83440733333334,12.307337833333333,57.834406536010825,12.307335346223985,3.05,2.5,2.5,0.586127446562972,7,7,Reverse,81.3,4.574999999999999,1
1770715329.0,1770718929.078,3600077.9,57.83440683333333,12.307343666666668,57.83440668467208,12.307339506445325,3.05,2.5,2.5,0.6474943972421686,7,7,Reverse,81.2,4.574999999999999,1
1770715330.0,1770718930.084,3600084.5,57.83440566666666,12.307341833333332,57.83440617566937,12.30734066988933,3.05,2.5,2.5,0.6147523502514827,7,7,Reverse,81.3,4.574999999999999,1
1770715331.0,1770718931.079,3600079.3,57.83440166666666,12.307343166666666,57.83440392116801,12.307341918277997,3.05,2.5,2.5,0.6880825041466732,7,7,Reverse,81.4,4.574999999999999,1
1770715332.0,1770718932.084,3600083.6,57.83440133333333,12.307346833333334,57.834402627250675,12.307344375805666,3.05,2.5,2.5,0.7071707930416424,7,7,Reverse,81.2,4.574999999999999,1
1770715333.0,1770718933.088,3600087.7,57.83440416666667,12.307350166666668,57.83440339695867,12.307347271236166,3.05,2.5,2.5,0.6648328850534363,7,7,Reverse,81.4,4.574999999999999,1
1770715334.0,1770718934.083,3600082.7,57.83440266666666,12.307351500000001,57.83440303181267,12.307349385618084,3.05,2.5,2.5,0.5838804541799986,7,7,Reverse,81.6,4.574999999999999,1
1770715335.0,1770718935.088,3600087.6,57.83440600000001,12.307353,57.834404515906336,12.307351192809042,3.05,2.5,2.5,0.5266668551701449,7,7,Reverse,81.6,4.574999999999999,1
1770715336.0,1770718936.081,3600081.3,57.8343995,12.307351000000002,57.83440200795317,12.307351096404522,3.05,2.5,2.5,0.5104703310879395,7,7,Reverse,81.9,4.574999999999999,1
1770715337.0,1770718937.081,3600081.1,57.834393666666664,12.3073415,57.834397837309915,12.307346298202262,3.05,2.5,2.5,0.7171580288146284,7,7,Reverse,82.2,4.574999999999999,1
1770715338.0,1770718938.083,3600082.9,57.834383499999994,12.307354166666668,57.834390668654954,12.307350232434464,3.05,2.5,2.5,1.0160627386410714,7,7,Reverse,82.5,4.574999999999999,1
1770715339.0,1770718939.092,3600091.5,57.83439083333333,12.3073445,57.834390750994146,12.307347366217233,3.05,2.5,2.5,0.9507530208694773,7,7,Reverse,82.9,4.574999999999999,1
1770715340.0,1770718940.083,3600082.8,57.83439033333334,12.307338499999998,57.83439054216374,12.307342933108615,3.05,2.5,2.5,0.9528244354076779,7,7,Reverse,83.0,4.574999999999999,1
1770715341.0,1770718941.084,3600083.6,57.834393500000004,12.307329333333334,57.834392021081875,12.307336133220975,3.05,2.5,2.5,0.9825066077802628,7,7,Reverse,82.8,4.574999999999999,1
1770715342.0,1770718942.08,3600080.1,57.83439983333333,12.307330333333335,57.8343959272076,12.307333233277154,3.05,2.5,2.5,0.9294919386842215,7,7,Reverse,82.8,4.574999999999999,1
1770715343.0,1770718943.085,3600085.2,57.8344085,12.307329333333334,57.8344022136038,12.307331283305244,3.05,2.5,2.5,0.9731022204043993,7,7,Reverse,83.0,4.574999999999999,1
1770715344.0,1770718944.079,3600079.0,57.83440349999999,12.307334333333332,57.834402856801894,12.307332808319288,3.05,2.5,2.5,0.8103772258750964,7,7,Reverse,82.8,4.574999999999999,1
1770715345.0,1770718945.075,3600074.9,57.83440566666666,12.307316666666669,57.83440426173428,12.307324737492978,3.05,2.5,2.5,0.9404315711413249,7,7,Reverse,82.4,4.574999999999999,1
1770715346.0,1770718946.079,3600079.3,57.83440683333333,12.307312166666668,57.834405547533805,12.307318452079823,3.05,2.5,2.5,0.9965267555745484,7,7,Reverse,81.9,4.574999999999999,1
1770715347.0,1770718947.085,3600084.7,57.834411,12.307307666666668,57.834408273766904,12.307313059373246,3.05,2.5,2.5,0.9807741951910715,7,7,Reverse,81.6,4.574999999999999,1
1770715348.0,1770718948.079,3600079.0,57.83441183333333,12.307296000000001,57.834410053550116,12.307304529686624,3.05,2.5,2.5,1.0912270397465313,7,7,Reverse,81.3,4.574999999999999,1
1770715349.0,1770718949.083,3600082.8,57.834419833333335,12.307294500000001,57.83441494344173,12.307299514843312,3.05,2.5,2.5,1.0953215799387894,7,7,Reverse,81.0,4.574999999999999,1
1770715350.0,1770718950.088,3600087.7,57.83442,12.307299,57.83441747172086,12.307299257421656,3.05,2.5,2.5,1.015007643886389,7,7,Reverse,80.8,4.574999999999999,1
1770715351.0,1770718951.081,3600081.3,57.834416499999996,12.307305333333334,57.83441698586043,12.307302295377495,3.05,2.5,2.5,0.9025288668041092,7,7,Reverse,80.6,4.574999999999999,1
1770715352.0,1770718952.078,3600077.6,57.83441283333333,12.307302499999999,57.83441490959688,12.307302397688748,3.05,2.5,2.5,0.7174592087376125,7,7,Reverse,80.5,4.574999999999999,1
1770715353.0,1770718953.082,3600082.2,57.834417833333326,12.307305333333334,57.8344163714651,12.30730386551104,3.05,2.5,2.5,0.6887759305088724,7,7,Reverse,80.2,4.574999999999999,1
1770715354.0,1770718954.077,3600077.0,57.83441266666667,12.307315166666667,57.83441451906589,12.307309516088853,3.05,2.5,2.5,0.7459364954544193,7,7,Reverse,79.9,4.574999999999999,1
1770715355.0,1770718955.081,3600081.4,57.83441083333334,12.307334666666668,57.83441267619961,12.307322091377761,3.05,2.5,2.5,1.148139103643592,7,7,Reverse,79.8,4.574999999999999,1
1770715356.0,1770718956.086,3600086.2,57.83441133333334,12.307347666666665,57.83441200476648,12.307334879022212,3.05,2.5,2.5,1.5226553787837693,7,7,Reverse,79.5,4.574999999999999,1
1770715357.0,1770718957.08,3600080.0,57.83441116666666,12.307342333333334,57.83441158571657,12.307338606177774,5.2,2.5,2.5,1.4773959695053276,6,6,Reverse,79.5,7.800000000000001,1
1770715358.0,1770718958.075,3600074.5,57.83440949999999,12.307336166666667,57.83441054285828,12.30733738642222,5.2749999999999995,2.5,2.5,1.3020078915753095,5,5,Reverse,79.6,7.9125,1
1770715359.0,1770718959.081,3600081.1,57.83441249999999,12.307343500000002,57.83441152142914,12.30734044321111,5.2749999999999995,2.5,2.5,1.1602261670013307,5,5,Reverse,79.6,7.9125,1
1770715360.0,1770718960.075,3600074.7,57.834416499999996,12.307349500000003,57.83441401071457,12.307344971605557,5.2749999999999995,2.5,2.5,1.1118653097808695,5,5,Reverse,79.5,7.9125,1
1770715361.0,1770718961.079,3600079.3,57.83442183333333,12.307333000000002,57.834417922023945,12.30733898580278,5.2749999999999995,2.5,2.5,1.019440953184782,5,5,Reverse,79.4,7.9125,1
1770715362.0,1770718962.083,3600083.1,57.83442633333334,12.307320166666667,57.83442212767864,12.307329576234723,5.2749999999999995,2.5,2.5,1.0875346820283716,5,5,Reverse,79.3,7.9125,1
1770715363.0,1770718963.078,3600078.1,57.834422333333336,12.307319,57.83442223050599,12.30732428811736,5.175,2.5,2.5,1.0051957295406573,6,6,Reverse,78.9,7.762499999999999,1
1770715364.0,1770718964.083,3600082.6,57.834430000000005,12.307299833333332,57.834426115252995,12.307312060725346,5.175,2.5,2.5,1.2961722108151599,6,6,Reverse,78.7,7.762499999999999,1
1770715365.0,1770718965.077,3600076.8,57.83444483333333,12.307291000000001,57.834435474293166,12.307301530362674,5.175,2.5,2.5,1.6221284977652979,6,6,Reverse,78.6,7.762499999999999,1
1770715366.0,1770718966.081,3600081.0,57.834456,12.307285000000002,57.83444573714658,12.307293265181338,5.175,2.5,2.5,1.9095624104293873,6,6,Reverse,78.4,7.762499999999999,1
1770715367.0,1770718967.077,3600077.2,57.83446566666667,12.307289833333334,57.83445570190663,12.307291549257336,5.175,2.5,2.5,2.0672435749922666,6,6,Reverse,78.0,7.762499999999999,1
1770715368.0,1770718968.082,3600081.7,57.83445783333333,12.307285833333333,57.834456767619976,12.307288691295335,5.175,2.5,2.5,1.880849701471596,6,6,Reverse,77.6,7.762499999999999,1
1770715369.0,1770718969.075,3600075.4,57.834458,12.307274833333334,57.83445738380999,12.307281762314334,5.175,2.5,2.5,1.7069880521062246,6,6,Reverse,77.3,7.762499999999999,1
1770715370.0,1770718970.08,3600080.5,57.83446333333333,12.307281499999998,57.83446035857166,12.307281631157167,5.175,2.5,2.5,1.5304191886544762,6,6,Reverse,77.2,7.762499999999999,1
1770715371.0,1770718971.085,3600084.6,57.83446116666667,12.307269166666666,57.834460762619166,12.307275398911916,5.175,2.5,2.5,1.4459297817295327,6,6,Reverse,77.2,7.762499999999999,1
1770715372.0,1770718972.079,3600079.1,57.83446766666666,12.307264833333333,57.834464214642914,12.307270116122625,5.175,2.5,2.5,1.4372947567950483,6,6,Reverse,77.1,7.762499999999999,1
1770715373.0,1770718973.083,3600083.4,57.834477500000006,12.3072605,57.834470857321456,12.307265308061313,5.175,2.5,2.5,1.5416898908124679,6,6,Reverse,76.9,7.762499999999999,1
1770715374.0,1770718974.08,3600079.5,57.83446216666666,12.307262666666668,57.83446651199406,12.30726398736399,5.175,2.5,2.5,1.3840155044205995,6,6,Reverse,76.7,7.762499999999999,1
1770715375.0,1770718975.084,3600083.8,57.83446566666667,12.307263166666667,57.83446608933036,12.307263577015329,3.025,2.5,2.5,1.2725455315995062,7,7,Reverse,76.8,4.5375,1
1770715376.0,1770718976.088,3600088.3,57.83445783333333,12.307258999999998,57.83446196133185,12.307261288507663,3.025,2.5,2.5,1.1808996286796196,7,7,Reverse,76.8,4.5375,1
1770715377.0,1770718977.082,3600082.4,57.8344585,12.307264833333333,57.834460230665925,12.307263060920498,3.025,2.5,2.5,0.9628907645154359,7,7,Reverse,76.8,4.5375,1
1770715378.0,1770718978.077,3600076.8,57.83446216666666,12.307270666666666,57.83446119866629,12.307266863793583,3.025,2.5,2.5,0.8605869549084688,7,7,Reverse,77.0,4.5375,1
1770715379.0,1770718979.081,3600081.4,57.83446216666666,12.307277500000001,57.83446168266648,12.307272181896792,3.025,2.5,2.5,0.8461011028635023,7,7,Reverse,77.2,4.5375,1
1770715380.0,1770718980.086,3600086.3,57.83447249999999,12.307261000000002,57.83446709133323,12.307266590948396,3.025,2.5,2.5,1.2048012221110262,7,7,Reverse,77.4,4.5375,1
1770715381.0,1770718981.092,3600092.2,57.834473166666676,12.307265333333332,57.83447012899995,12.307265962140864,3.025,2.5,2.5,1.2609652343466446,7,7,Reverse,77.3,4.5375,1
1770715382.0,1770718982.077,3600076.6,57.834464499999996,12.307276666666667,57.834467314499975,12.307271314403765,3.025,2.5,2.5,1.1736017930785707,7,7,Reverse,77.6,4.5375,1
1770715383.0,1770718983.081,3600081.1,57.83445816666667,12.307286666666668,57.83446274058333,12.307278990535217,3.025,2.5,2.5,1.101110144583093,7,7,Reverse,77.8,4.5375,1
1770715384.0,1770718984.086,3600085.5,57.83444966666666,12.307305166666668,57.83445620362499,12.307292078600943,3.025,2.5,2.5,1.1945818032778763,7,7,Reverse,78.0,4.5375,1
1770715385.0,1770718985.08,3600080.3,57.83443633333333,12.307333000000002,57.83444626847916,12.307312539300472,3.025,2.5,2.5,1.6222762663140706,7,7,Reverse,78.3,4.5375,1
1770715386.0,1770718986.084,3600084.0,57.834435666666664,12.307333999999999,57.83444096757291,12.307323269650235,3.025,2.5,2.5,1.717789421079278,7,7,Reverse,78.9,4.5375,1
1770715387.0,1770718987.078,3600078.2,57.834436499999995,12.307353166666667,57.834438733786456,12.307338218158451,3.025,2.5,2.5,1.9056082787723052,7,7,Reverse,79.2,4.5375,1
1770715388.0,1770718988.083,3600082.6,57.834433000000004,12.307355333333332,57.83443586689323,12.307346775745891,3.175,2.5,2.5,1.8674341742557443,6,6,Reverse,79.3,4.762499999999999,1
1770715389.0,1770718989.079,3600079.2,57.834427999999996,12.307346333333332,57.83443193344661,12.307346554539611,3.025,2.5,2.5,1.7067069443099392,7,7,Reverse,79.3,4.5375,1
1770715390.0,1770718990.084,3600083.9,57.834422333333336,12.307351166666669,57.83442713338997,12.30734886060314,3.025,2.5,2.5,1.6502851312656721,7,7,Reverse,79.0,4.5375,1
1770715391.0,1770718991.079,3600078.9,57.834416833333336,12.307357833333333,57.83442198336166,12.307353346968236,3.025,2.5,2.5,1.59160023699151,7,7,Reverse,79.0,4.5375,1
1770715392.0,1770718992.084,3600083.5,57.83441533333333,12.307366333333334,57.834418658347495,12.307359840150786,3.025,2.5,2.5,1.51700288173306,7,7,Reverse,79.3,4.5375,1
1770715393.0,1770718993.088,3600088.0,57.83441066666666,12.307373333333333,57.83441466250708,12.30736658674206,3.025,2.5,2.5,1.5437193624675294,7,7,Reverse,79.5,4.5375,1
1770715394.0,1770718994.082,3600081.7,57.83440183333334,12.307366000000002,57.83440824792021,12.30736629337103,3.025,2.5,2.5,1.548666778117573,7,7,Reverse,79.5,4.5375,1
1770715395.0,1770718995.087,3600086.5,57.83440349999999,12.307354666666667,57.8344058739601,12.307360480018849,3.025,2.5,2.5,1.4102373701601074,7,7,Reverse,79.5,4.5375,1
1770715396.0,1770718996.082,3600082.3,57.83440916666667,12.307352333333332,57.834407520313384,12.30735640667609,3.025,2.5,2.5,1.1556201348073976,7,7,Reverse,79.3,4.5375,1
1770715397.0,1770718997.077,3600077.3,57.83439866666666,12.307351333333335,57.83440309349002,12.307353870004713,3.025,2.5,2.5,1.2340013541295085,7,7,Reverse,79.1,4.5375,1
1770715398.0,1770718998.308,3600308.1,57.83440233333334,12.3073575,57.83440271341168,12.307355685002356,3.175,2.5,2.5,1.1319171559711356,6,6,Reverse,79.2,4.762499999999999,1
1770715399.0,1770718999.079,3600079.0,57.83440733333334,12.307358833333334,57.83440502337251,12.307357259167844,3.025,2.5,2.5,1.0182604443824848,7,7,Reverse,78.8,4.5375,1
1770715400.0,1770719000.079,3600079.1,57.834397,12.307383166666666,57.83440101168625,12.307370212917256,3.025,2.5,2.5,1.3464748525023844,7,7,Reverse,78.5,4.5375,1
1770715401.0,1770719001.084,3600084.2,57.834402,12.307389166666667,57.834401505843125,12.307379689791961,3.025,2.5,2.5,1.5447558718928431,7,7,Reverse,78.5,4.5375,1
1770715402.0,1770719002.079,3600078.9,57.834402,12.307388500000002,57.834401752921565,12.307384094895982,3.025,2.5,2.5,1.5394504091876187,7,7,Reverse,78.5,4.5375,1
1770715403.0,1770719003.075,3600075.2,57.83441016666667,12.307386166666667,57.83440595979412,12.307385130781324,3.025,2.5,2.5,1.4234078880226781,7,7,Reverse,78.5,4.5375,1
1770715404.0,1770719004.079,3600079.0,57.83440316666667,12.307387666666667,57.83440456323039,12.307386398723995,4.375,2.5,2.5,1.383885277423504,6,6,Reverse,78.3,6.5625,1
1770715405.0,1770719005.068,3600068.1,57.83441616666667,12.307388,57.83441036494853,12.307387199361997,4.375,2.5,2.5,1.3472406316630612,6,6,Reverse,78.4,6.5625,1
1770715406.0,1770719006.079,3600078.9,57.83441333333334,12.307404166666666,57.834411849140935,12.307395683014333,4.375,2.5,2.5,1.3499299005111294,6,6,Reverse,78.5,6.5625,1
1770715407.0,1770719007.074,3600074.1,57.83441416666666,12.307406666666669,57.8344130079038,12.3074011748405,3.025,2.5,2.5,1.2083334116502018,7,7,Reverse,78.5,4.5375,1
1770715408.0,1770719008.079,3600079.0,57.83440699999999,12.307424333333332,57.834410003951895,12.307412754086917,3.025,2.5,2.5,1.264828828046082,7,7,Reverse,78.7,4.5375,1
1770715409.0,1770719009.079,3600079.1,57.83441183333333,12.30743,57.83441091864261,12.307421377043458,3.025,2.5,2.5,1.270728528675585,7,7,Reverse,78.7,4.5375,1
1770715410.0,1770719010.076,3600076.1,57.83441133333334,12.307446166666667,57.83441112598798,12.307433771855063,3.025,2.5,2.5,1.4996569257921166,7,7,Reverse,79.1,4.5375,1
1770715411.0,1770719011.082,3600082.2,57.834416,12.307441166666669,57.83441356299399,12.307437469260865,3.025,2.5,2.5,1.453618113653042,7,7,Reverse,79.3,4.5375,1
1770715412.0,1770719012.077,3600077.1,57.83440733333334,12.307445,57.83441044816366,12.307441234630433,3.025,2.5,2.5,1.4565580634876094,7,7,Reverse,79.4,4.5375,1
1770715413.0,1770719013.081,3600081.3,57.834397,12.307456666666667,57.83440372408183,12.30744895064855,3.025,2.5,2.5,1.6834758718226193,7,7,Reverse,79.7,4.5375,1
1770715414.0,1770719014.077,3600077.3,57.83440699999999,12.3074405,57.83440536204091,12.307444725324276,3.025,2.5,2.5,1.4065515301827436,7,7,Reverse,79.7,4.5375,1
1770715415.0,1770719015.079,3600079.1,57.834405,12.307441166666669,57.83440518102046,12.307442945995472,3.025,2.5,2.5,1.2101682673093852,7,7,Reverse,79.6,4.5375,1
1770715416.0,1770719016.076,3600075.5,57.83440516666666,12.307434166666667,57.83440517384356,12.30743855633107,3.025,2.5,2.5,1.0764992680852237,7,7,Reverse,79.5,4.5375,1
1770715417.0,1770719017.079,3600078.8,57.8343985,12.307425499999999,57.83440183692178,12.307432028165534,3.025,2.5,2.5,1.2332693953313987,7,7,Reverse,79.3,4.5375,1
1770715418.0,1770719018.074,3600073.5,57.834393166666665,12.307418833333335,57.83439750179422,12.307425430749435,3.025,2.5,2.5,1.4742277705830371,7,7,Reverse,79.2,4.5375,1
1770715419.0,1770719019.08,3600079.9,57.83439566666666,12.307418500000002,57.83439658423044,12.307421965374719,3.025,2.5,2.5,1.4076211100444684,7,7,Reverse,78.9,4.5375,1
1770715420.0,1770719020.085,3600084.5,57.834396,12.307415166666665,57.83439629211522,12.307418566020692,3.025,2.5,2.5,1.245745830835777,7,7,Reverse,78.9,4.5375,1
1770715421.0,1770719021.079,3600079.1,57.83440166666666,12.307409333333332,57.83439897939094,12.307413949677011,3.025,2.5,2.5,0.9881981112947226,7,7,Reverse,79.0,4.5375,1
1770715422.0,1770719022.084,3600083.8,57.83440266666666,12.307409500000002,57.8344008230288,12.307411724838508,3.025,2.5,2.5,0.775925485015748,7,7,Reverse,78.9,4.5375,1
1770715423.0,1770719023.086,3600086.2,57.834416,12.307400833333334,57.834408411514396,12.30740627908592,3.175,2.5,2.5,0.8965810954606821,6,6,Reverse,79.0,4.762499999999999,1
1770715424.0,1770719024.082,3600081.6,57.83442133333333,12.307413166666667,57.834414872423864,12.307409722876294,3.025,2.5,2.5,1.062342394204768,7,7,Reverse,78.9,4.5375,1
1770715425.0,1770719025.077,3600077.2,57.83443016666667,12.3074135,57.83442251954527,12.307411611438146,3.025,2.5,2.5,1.2804988146859693,7,7,Reverse,79.2,4.5375,1
1770715426.0,1770719026.08,3600080.5,57.834431333333335,12.307414166666668,57.8344269264393,12.307412889052406,3.025,2.5,2.5,1.2431104494032958,7,7,Reverse,79.0,4.5375,1
1770715427.0,1770719027.077,3600077.2,57.834432166666666,12.307414333333334,57.83442954655298,12.307413611192871,3.025,2.5,2.5,1.1185422719205258,7,7,Reverse,78.9,4.5375,1
1770715428.0,1770719028.079,3600079.1,57.8344375,12.307409666666668,57.834433523276495,12.30741163892977,3.05,2.5,2.5,1.0273286039304652,6,6,Reverse,78.7,4.574999999999999,1
1770715429.0,1770719029.064,3600064.3,57.83444033333333,12.307404,57.83443692830491,12.307407819464885,3.05,2.5,2.5,0.8876022817523918,6,6,Reverse,78.5,4.574999999999999,1
1770715430.0,1770719030.08,3600080.0,57.834435666666664,12.307396000000002,57.83443629748579,12.307401909732443,3.05,2.5,2.5,0.8301538384891758,6,6,Reverse,78.2,4.574999999999999,1
1770715431.0,1770719031.079,3600079.3,57.83442783333333,12.307402000000002,57.83443206540956,12.307401954866222,3.05,2.5,2.5,0.873628283886616,6,6,Reverse,78.1,4.574999999999999,1
1770715432.0,1770719032.079,3600079.1,57.834432500000005,12.307396166666669,57.83443228270478,12.307399060766446,3.05,2.5,2.5,0.7538803683018962,6,6,Reverse,77.8,4.574999999999999,1
1770715433.0,1770719033.079,3600078.9,57.834434333333334,12.307399666666667,57.83443330801906,12.307399363716556,3.05,2.5,2.5,0.6108674504970399,6,6,Reverse,77.9,4.574999999999999,1
1770715434.0,1770719034.083,3600083.3,57.83443366666667,12.307397500000002,57.834433487342864,12.30739843185828,3.025,2.5,2.5,0.49150676566874724,7,7,Reverse,78.2,4.5375,1
1770715435.0,1770719035.083,3600083.4,57.834445499999994,12.307396000000002,57.83443949367143,12.307397215929141,3.025,2.5,2.5,0.6472683428878634,7,7,Reverse,78.1,4.5375,1
1770715436.0,1770719036.078,3600077.9,57.83446000000001,12.307395000000001,57.834449746835716,12.307396107964571,3.025,2.5,2.5,1.0116467266661535,7,7,Reverse,77.8,4.5375,1
1770715437.0,1770719037.082,3600082.4,57.83446433333334,12.3074,57.83445704008453,12.307398053982284,3.025,2.5,2.5,1.2127745800648473,7,7,Reverse,77.2,4.5375,1
1770715438.0,1770719038.076,3600076.3,57.834465,12.307409333333332,57.83446102004226,12.30740369365781,3.025,2.5,2.5,1.369896858611726,7,7,Reverse,77.1,4.5375,1
1770715439.0,1770719039.079,3600078.9,57.83446466666666,12.307416,57.834462843354466,12.307409846828904,3.025,2.5,2.5,1.4488992456759022,7,7,Reverse,76.8,4.5375,1
1770715440.0,1770719040.086,3600086.3,57.834463166666666,12.307432666666667,57.83446300501056,12.307421256747785,3.025,2.5,2.5,1.7279639288784547,7,7,Reverse,76.3,4.5375,1
1770715441.0,1770719041.092,3600092.0,57.83446683333333,12.307428833333331,57.83446491917195,12.307425045040558,3.025,2.5,2.5,1.6773219740111627,7,7,Reverse,75.7,4.5375,1
1770715442.0,1770719042.086,3600085.7,57.834478999999995,12.307423166666668,57.83447195958597,12.307424105853613,3.025,2.5,2.5,1.5795888772282394,7,7,Reverse,75.0,4.5375,1
1770715443.0,1770719043.08,3600080.3,57.8344795,12.307427333333331,57.834475729792985,12.307425719593473,3.025,2.5,2.5,1.4435021613050973,7,7,Reverse,74.4,4.5375,1
1770715444.0,1770719044.081,3600080.9,57.83448633333334,12.307421333333332,57.834481031563165,12.307423526463403,3.025,2.5,2.5,1.2866506768112513,7,7,Reverse,73.6,4.5375,1
1770715445.0,1770719045.079,3600079.1,57.83449333333333,12.307412333333332,57.83448718244824,12.307417929898367,3.025,2.5,2.5,1.3239400114727076,7,7,Reverse,73.0,4.5375,1
1770715446.0,1770719046.083,3600083.3,57.83449733333334,12.307418,57.834492257890794,12.307417964949183,3.025,2.5,2.5,1.3977661814679878,7,7,Reverse,72.1,4.5375,1
1770715447.0,1770719047.079,3600079.0,57.83450566666667,12.307420833333333,57.83449896227873,12.307419399141258,3.025,2.5,2.5,1.6120856500551173,7,7,Reverse,71.8,4.5375,1
1770715448.0,1770719048.081,3600081.1,57.83450433333334,12.307420000000002,57.834501647806036,12.30741969957063,3.025,2.5,2.5,1.5397299868622603,7,7,Reverse,71.4,4.5375,1
1770715449.0,1770719049.079,3600078.9,57.834503,12.307410833333332,57.83450232390302,12.307415266451981,3.025,2.5,2.5,1.3868522648214472,7,7,Reverse,71.3,4.5375,1
1770715450.0,1770719050.082,3600082.1,57.834506499999996,12.307409333333332,57.83450441195151,12.307412299892658,3.05,2.5,2.5,1.2617540622518133,6,6,Reverse,70.9,4.574999999999999,1
1770715451.0,1770719051.077,3600077.5,57.83450616666667,12.3073955,57.83450528930909,12.307403899946328,3.05,2.5,2.5,1.2330155719200784,6,6,Reverse,70.7,4.574999999999999,1
1770715452.0,1770719052.079,3600079.1,57.83450200000001,12.307386000000001,57.834503644654546,12.307394949973165,3.05,2.5,2.5,1.2377166094854946,6,6,Reverse,70.5,4.574999999999999,1
1770715453.0,1770719053.075,3600074.8,57.83449733333334,12.3073875,57.834500488993946,12.307391224986583,3.05,2.5,2.5,1.0814546683228785,6,6,Reverse,70.6,4.574999999999999,1
1770715454.0,1770719054.079,3600079.0,57.83449483333334,12.307381999999999,57.83449766116364,12.307386612493291,3.05,2.5,2.5,1.0089207371039435,6,6,Reverse,70.4,4.574999999999999,1
1770715455.0,1770719055.079,3600079.2,57.834495,12.307391833333334,57.83449633058182,12.307389222913311,3.025,2.5,2.5,0.8908648632840779,7,7,Reverse,70.0,4.5375,1
1770715456.0,1770719056.08,3600080.3,57.83449600000001,12.307393166666667,57.834496165290915,12.30739119478999,3.025,2.5,2.5,0.8242916136365426,7,7,Reverse,69.8,4.5375,1
1770715457.0,1770719057.085,3600084.9,57.83449116666667,12.307391500000001,57.83449366597879,12.307391347394995,3.175,2.5,2.5,0.7560651647168506,6,6,Reverse,69.7,4.762499999999999,1
1770715458.0,1770719058.079,3600079.3,57.83448766666667,12.307380833333331,57.83449066632273,12.307386090364163,3.175,2.5,2.5,0.7293469915420594,6,6,Reverse,69.6,4.762499999999999,1
1770715459.0,1770719059.084,3600084.0,57.834493,12.307364500000002,57.834491833161366,12.307375295182084,3.175,2.5,2.5,0.9834697360453859,6,6,Reverse,69.8,4.762499999999999,1
1770715460.0,1770719060.078,3600077.7,57.83449233333334,12.3073545,57.834492083247355,12.307364897591041,3.175,2.5,2.5,1.1886410958349383,6,6,Reverse,70.0,4.762499999999999,1
1770715461.0,1770719061.082,3600082.3,57.83449016666667,12.307340666666668,57.83449112495701,12.307352782128856,3.175,2.5,2.5,1.42467898868595,6,6,Reverse,70.1,4.762499999999999,1
1770715462.0,1770719062.08,3600080.2,57.83449066666667,12.3073335,57.83449089581184,12.307343141064427,3.175,2.5,2.5,1.5199407917704773,6,6,Reverse,70.1,4.762499999999999,1
1770715463.0,1770719063.079,3600079.0,57.83449133333333,12.307325500000001,57.834491114572586,12.307334320532215,3.175,2.5,2.5,1.5333835461099576,6,6,Reverse,70.2,4.762499999999999,1
1770715464.0,1770719064.076,3600076.1,57.83448566666666,12.307336166666667,57.83448839061962,12.307335243599441,3.175,2.5,2.5,1.1875013799798384,6,6,Reverse,70.0,4.762499999999999,1
1770715465.0,1770719065.076,3600075.8,57.83447966666666,12.307339333333335,57.83448402864314,12.307337288466387,3.175,2.5,2.5,1.0697502016421983,6,6,Reverse,70.4,4.762499999999999,1
1770715466.0,1770719066.076,3600075.8,57.834476333333335,12.307335833333331,57.83448018098824,12.30733656089986,3.175,2.5,2.5,0.9901518615522704,6,6,Reverse,70.4,4.762499999999999,1
1770715467.0,1770719067.08,3600080.3,57.834477500000006,12.307329000000001,57.83447884049412,12.307332780449931,3.175,2.5,2.5,0.7852567396949407,6,6,Reverse,70.3,4.762499999999999,1
1770715468.0,1770719068.076,3600076.5,57.834473333333335,12.307335,57.83447608691373,12.307333890224966,3.175,2.5,2.5,0.6575358763863951,6,6,Reverse,70.3,4.762499999999999,1
1770715469.0,1770719069.08,3600080.2,57.834474500000006,12.307324999999999,57.83447529345687,12.307329445112481,3.175,2.5,2.5,0.5986319264460287,6,6,Reverse,70.2,4.762499999999999,1
1770715470.0,1770719070.075,3600075.3,57.83447366666666,12.307323666666665,57.834474480061765,12.307326555889574,3.175,2.5,2.5,0.5110207353608593,6,6,Reverse,70.4,4.762499999999999,1
1770715471.0,1770719071.08,3600079.7,57.83448583333334,12.307300166666668,57.83448015669755,12.307313361278121,3.175,2.5,2.5,0.7786451134882905,6,6,Reverse,70.6,4.762499999999999,1
1770715472.0,1770719072.062,3600062.3,57.834490499999994,12.307287833333332,57.83448532834877,12.307300597305726,5.25,2.5,2.5,1.1071267960643538,5,5,Reverse,70.7,7.875,1
1770715473.0,1770719073.078,3600078.2,57.83449600000001,12.307278499999999,57.83449066417439,12.307289548652863,5.25,2.5,2.5,1.4433883474089448,5,5,Reverse,70.8,7.875,1
1770715474.0,1770719074.072,3600072.0,57.83448683333333,12.307271166666665,57.83448874875386,12.307280357659764,5.25,2.5,2.5,1.4988867241874526,5,5,Reverse,70.9,7.875,1
1770715475.0,1770719075.076,3600075.9,57.8344885,12.3072725,57.83448862437693,12.307276428829882,5.25,2.5,2.5,1.2973471317345886,5,5,Reverse,71.1,7.875,1
1770715476.0,1770719076.065,3600064.6,57.83448733333333,12.307263666666666,57.83448797885513,12.307270047748274,5.25,2.5,2.5,1.2037481350126733,5,5,Reverse,70.8,7.875,1
1770715477.0,1770719077.077,3600076.9,57.83449416666667,12.307260333333334,57.8344910727609,12.307265190540804,5.25,2.5,2.5,1.1712854244292301,5,5,Reverse,70.7,7.875,1
1770715478.0,1770719078.081,3600081.1,57.83450466666667,12.307260833333332,57.834497869713786,12.307263011937067,3.175,2.5,2.5,1.2838733740170774,6,6,Reverse,70.4,4.762499999999999,1
1770715479.0,1770719079.075,3600074.7,57.834493499999994,12.307255666666666,57.83449568485689,12.307259339301867,3.175,2.5,2.5,1.155451194624311,6,6,Reverse,70.3,4.762499999999999,1
1770715480.0,1770719080.08,3600080.2,57.83450249999999,12.307249833333334,57.83449909242844,12.307254586317601,3.025,2.5,2.5,1.2907426799694603,7,7,Reverse,70.5,4.5375,1
1770715481.0,1770719081.084,3600084.2,57.834512,12.307256500000001,57.83450554621422,12.307255543158801,3.025,2.5,2.5,1.574030013585501,7,7,Reverse,70.3,4.5375,1
1770715482.0,1770719082.079,3600079.0,57.83450416666666,12.307246333333334,57.83450485644044,12.307250938246067,3.025,2.5,2.5,1.5331998122943256,7,7,Reverse,70.5,4.5375,1
1770715483.0,1770719083.073,3600072.7,57.83449699999999,12.307253,57.834500928220216,12.307251969123033,3.025,2.5,2.5,1.237698691694952,7,7,Reverse,70.6,4.5375,1
1770715484.0,1770719084.079,3600078.9,57.834495333333344,12.307254833333332,57.83449813077678,12.307253401228182,3.025,2.5,2.5,1.02308132053387,7,7,Reverse,70.7,4.5375,1
1770715485.0,1770719085.084,3600084.1,57.83449916666667,12.307257499999999,57.83449864872173,12.30725545061409,3.025,2.5,2.5,0.9712572735997543,7,7,Reverse,70.7,4.5375,1
1770715486.0,1770719086.078,3600078.0,57.83450066666666,12.307258333333333,57.834499657694195,12.307256891973712,3.025,2.5,2.5,0.9639447931336117,7,7,Reverse,70.6,4.5375,1
1770715487.0,1770719087.084,3600084.3,57.8345,12.307257333333332,57.83449982884709,12.307257112653522,3.025,2.5,2.5,0.9377630695071586,7,7,Reverse,70.5,4.5375,1
1770715488.0,1770719088.077,3600077.3,57.83450466666667,12.307251666666666,57.83450224775688,12.307254389660095,3.025,2.5,2.5,0.9503483395935212,7,7,Reverse,70.9,4.5375,1
1770715489.0,1770719089.072,3600071.6,57.834506,12.307244500000001,57.83450412387844,12.307249444830047,3.025,2.5,2.5,0.9979306640342867,7,7,Reverse,70.8,4.5375,1
1770715490.0,1770719090.083,3600083.3,57.83450766666667,12.307248,57.83450589527256,12.307248722415023,5.175,2.5,2.5,1.0241769506341343,6,6,Reverse,70.8,7.762499999999999,1
1770715491.0,1770719091.082,3600082.4,57.834509,12.307250166666666,57.83450744763628,12.307249444540846,3.025,2.5,2.5,1.0113055111028488,7,7,Reverse,71.0,4.5375,1
1770715492.0,1770719092.086,3600086.4,57.83450533333333,12.307249333333335,57.834506390484805,12.30724938893709,3.025,2.5,2.5,0.9026703449560438,7,7,Reverse,71.0,4.5375,1
1770715493.0,1770719093.08,3600080.3,57.834514166666665,12.307252166666668,57.834510278575735,12.30725077780188,3.025,2.5,2.5,1.1144274765938555,7,7,Reverse,71.2,4.5375,1
1770715494.0,1770719094.075,3600075.2,57.83451466666667,12.3072555,57.8345124726212,12.30725313890094,3.025,2.5,2.5,1.347195791780563,7,7,Reverse,71.2,4.5375,1
1770715495.0,1770719095.08,3600079.7,57.83451216666667,12.307265666666668,57.834512319643935,12.307259402783803,3.025,2.5,2.5,1.4078714863025945,7,7,Reverse,71.5,4.5375,1
1770715496.0,1770719096.081,3600080.7,57.83450966666666,12.307277833333334,57.8345109931553,12.307268618058568,3.025,2.5,2.5,1.4410948990862698,7,7,Reverse,71.2,4.5375,1
1770715497.0,1770719097.079,3600079.2,57.83450416666666,12.307277833333334,57.834507579910984,12.307273225695951,3.025,2.5,2.5,1.2726672698454586,7,7,Reverse,71.1,4.5375,1
1770715498.0,1770719098.086,3600085.9,57.83449616666667,12.307285000000002,57.83450187328882,12.307279112847977,3.025,2.5,2.5,1.048385087141779,7,7,Reverse,71.5,4.5375,1
1770715499.0,1770719099.079,3600079.1,57.834484833333335,12.307294833333334,57.83449335331108,12.307286973090655,3.025,2.5,2.5,0.9857989006369847,7,7,Reverse,71.8,4.5375,1
1770715500.0,1770719100.081,3600080.8,57.834474,12.3072995,57.83448367665554,12.307293236545327,3.025,2.5,2.5,1.0954089346071267,7,7,Reverse,72.2,4.5375,1
1770715501.0,1770719101.089,3600088.6,57.83446516666666,12.307304666666669,57.8344744216611,12.307298951605999,3.025,2.5,2.5,1.2171115038869817,7,7,Reverse,72.7,4.5375,1
1770715502.0,1770719102.083,3600082.8,57.834456,12.307313666666667,57.83446521083055,12.307306309136333,3.025,2.5,2.5,1.4712057128128437,7,7,Reverse,73.2,4.5375,1
1770715503.0,1770719103.078,3600077.5,57.83445533333334,12.307313166666665,57.83446027208195,12.307309737901498,3.025,2.5,2.5,1.4056594652241723,7,7,Reverse,73.3,4.5375,1
1770715504.0,1770719104.082,3600081.7,57.83445366666667,12.307311333333333,57.83445696937431,12.307310535617416,3.025,2.5,2.5,1.2458521776262015,7,7,Reverse,73.6,4.5375,1
1770715505.0,1770719105.078,3600077.8,57.83444716666666,12.307316833333335,57.83445206802048,12.307313684475375,3.025,2.5,2.5,1.2367110938200958,7,7,Reverse,74.0,4.5375,1
1770715506.0,1770719106.083,3600082.6,57.83443966666667,12.307326333333332,57.834445867343575,12.307320008904354,3.025,2.5,2.5,1.387027304905136,7,7,Reverse,74.1,4.5375,1
1770715507.0,1770719107.076,3600076.0,57.834444166666664,12.307322500000001,57.83444501700512,12.307321254452178,3.025,2.5,2.5,1.1321418178564537,7,7,Reverse,74.3,4.5375,1
1770715508.0,1770719108.082,3600081.9,57.83444666666666,12.307328833333335,57.83444584183589,12.307325043892757,3.025,2.5,2.5,1.0129887651259613,7,7,Reverse,74.7,4.5375,1
1770715509.0,1770719109.076,3600075.7,57.83444033333333,12.307330666666667,57.83444308758461,12.307327855279711,3.025,2.5,2.5,0.8912315215906543,7,7,Reverse,74.8,4.5375,1
1770715510.0,1770719110.079,3600079.1,57.834435166666665,12.307324333333334,57.83443912712564,12.307326094306523,3.025,2.5,2.5,0.9504777612861165,7,7,Reverse,75.0,4.5375,1
1770715511.0,1770719111.062,3600062.4,57.834435666666664,12.307322833333334,57.83443739689615,12.307324463819928,3.025,2.5,2.5,0.8865464189269094,7,7,Reverse,75.1,4.5375,1
1770715512.0,1770719112.079,3600079.1,57.83444083333334,12.3073205,57.83443911511475,12.307322481909964,3.025,2.5,2.5,0.6875995618171957,7,7,Reverse,75.2,4.5375,1
1770715513.0,1770719113.062,3600062.4,57.83443883333333,12.307325500000001,57.834438974224035,12.307323990954982,3.025,2.5,2.5,0.6247250456648961,7,7,Reverse,75.4,4.5375,1
1770715514.0,1770719114.079,3600079.0,57.834444500000004,12.307328500000002,57.83444173711202,12.307326245477492,3.025,2.5,2.5,0.6417034313480726,7,7,Reverse,75.6,4.5375,1
1770715515.0,1770719115.084,3600084.3,57.83443766666666,12.307330333333335,57.83443970188934,12.307328289405413,3.025,2.5,2.5,0.7593050391485746,7,7,Reverse,75.5,4.5375,1
1770715516.0,1770719116.079,3600079.0,57.834440166666674,12.307323166666666,57.83443993427801,12.30732572803604,3.025,2.5,2.5,0.6642662119190321,7,7,Reverse,75.6,4.5375,1
1770715517.0,1770719117.084,3600084.1,57.83443616666667,12.307323333333333,57.834438050472336,12.307324530684687,3.025,2.5,2.5,0.6855001051897126,7,7,Reverse,75.5,4.5375,1
1770715518.0,1770719118.077,3600077.0,57.834431166666675,12.307324999999999,57.83443460856951,12.307324765342342,3.025,2.5,2.5,0.7916905776515604,7,7,Reverse,75.6,4.5375,1
1770715519.0,1770719119.081,3600081.5,57.8344315,12.307326333333332,57.83443305428475,12.307325549337838,3.025,2.5,2.5,0.734724507870863,7,7,Reverse,75.8,4.5375,1
1770715520.0,1770719120.078,3600077.8,57.834435500000005,12.307321833333333,57.83443427714238,12.307323691335585,3.15,2.5,2.5,0.6308589830303807,6,6,Reverse,76.0,4.725,1
1770715521.0,1770719121.083,3600083.1,57.834432500000005,12.307318166666668,57.83443338857119,12.307320929001127,3.15,2.5,2.5,0.6425493759184701,6,6,Reverse,76.2,4.725,1
1770715522.0,1770719122.077,3600076.7,57.834431166666675,12.307323333333333,57.83443227761894,12.30732213116723,3.15,2.5,2.5,0.5641348598351675,6,6,Reverse,76.4,4.725,1
1770715523.0,1770719123.071,3600071.4,57.834432166666666,12.307323499999999,57.8344322221428,12.307322815583614,3.15,2.5,2.5,0.4268619234191151,6,6,Reverse,76.5,4.725,1
1770715524.0,1770719124.075,3600075.4,57.83443183333334,12.307326,57.83443202773807,12.307324407791807,3.15,2.5,2.5,0.33388684368106586,6,6,Reverse,76.7,4.725,1
1770715525.0,1770719125.08,3600080.3,57.8344345,12.307325333333331,57.83443326386904,12.307324870562569,3.15,2.5,2.5,0.2926007992573517,6,6,Reverse,76.9,4.725,1
1770715526.0,1770719126.067,3600067.2,57.83443766666666,12.307325833333334,57.834435465267845,12.307325351947952,3.15,2.5,2.5,0.3379245718461005,6,6,Reverse,77.1,4.725,1
1770715527.0,1770719127.081,3600080.7,57.834440166666674,12.307326666666665,57.83443781596726,12.307326009307308,3.15,2.5,2.5,0.4181595989712632,6,6,Reverse,77.3,4.725,1
1770715528.0,1770719128.075,3600075.0,57.834442,12.307326333333332,57.83443990798363,12.30732617132032,3.15,2.5,2.5,0.5089414230510036,6,6,Reverse,77.4,4.725,1
1770715529.0,1770719129.079,3600078.9,57.83444899999999,12.307331500000002,57.834444453991814,12.307328835660162,3.15,2.5,2.5,0.7994951440671301,6,6,Reverse,77.6,4.725,1
1770715530.0,1770719130.083,3600083.0,57.83445199999999,12.307328,57.8344482269959,12.30732841783008,3.15,2.5,2.5,1.0044702099819944,6,6,Reverse,77.8,4.725,1
1770715531.0,1770719131.077,3600077.4,57.83445433333333,12.3073245,57.834451280164615,12.30732645891504,3.15,2.5,2.5,1.1638198708614156,6,6,Reverse,77.8,4.725,1
1770715532.0,1770719132.082,3600082.3,57.83444366666666,12.307327333333335,57.834447473415636,12.307326896124188,3.15,2.5,2.5,0.9608785749302282,6,6,Reverse,77.8,4.725,1
1770715533.0,1770719133.076,3600076.5,57.834429,12.307322166666665,57.83443823670782,12.307324531395427,3.15,2.5,2.5,1.244549854115718,6,6,Reverse,77.5,4.725,1
1770715534.0,1770719134.082,3600081.8,57.83442033333334,12.307336333333334,57.83442928502058,12.30733043236438,3.15,2.5,2.5,1.4758094534578154,6,6,Reverse,77.7,4.725,1
1770715535.0,1770719135.077,3600076.9,57.8344175,12.307348166666667,57.83442339251029,12.307339299515524,3.15,2.5,2.5,1.5985856045900646,6,6,Reverse,77.7,4.725,1
1770715536.0,1770719136.082,3600081.9,57.8344175,12.307339500000001,57.834420446255145,12.307339399757762,3.15,2.5,2.5,1.3966535666637039,6,6,Reverse,78.1,4.725,1
1770715537.0,1770719137.076,3600075.5,57.83441249999999,12.307349833333335,57.83441647312757,12.30734461654555,3.15,2.5,2.5,1.3180581730556895,6,6,Reverse,78.5,4.725,1
1770715538.0,1770719138.08,3600080.3,57.83441483333333,12.307355333333332,57.83441565323045,12.30734997493944,3.15,2.5,2.5,1.210702987752518,6,6,Reverse,78.7,4.725,1
1770715539.0,1770719139.081,3600081.2,57.83440683333333,12.307344666666665,57.83441124328189,12.307347320803053,3.15,2.5,2.5,1.304903606280539,6,6,Reverse,78.6,4.725,1
1770715540.0,1770719140.079,3600079.5,57.83440733333334,12.307339833333334,57.83440928830761,12.307343577068194,3.025,2.5,2.5,1.2184042351228495,7,7,Reverse,78.2,4.5375,1
